ISO-10303-21;
HEADER;
FILE_DESCRIPTION (( 'STEP AP214' ),
    '1' );
FILE_NAME ('BulkheadV2.STEP',
    '2026-07-02T15:01:33',
    ( '' ),
    ( '' ),
    'SwSTEP 2.0',
    'SolidWorks 2023',
    '' );
FILE_SCHEMA (( 'AUTOMOTIVE_DESIGN' ));
ENDSEC;

DATA;
#1 = LINE ( 'NONE', #680, #86 ) ;
#2 = EDGE_CURVE ( 'NONE', #1000, #902, #756, .T. ) ;
#3 = CARTESIAN_POINT ( 'NONE',  ( -14.97887853606512110, 0.8098636558908917094, -10.12921581234671287 ) ) ;
#4 = DIRECTION ( 'NONE',  ( 1.000000000000000000, -0.000000000000000000, -0.000000000000000000 ) ) ;
#5 = AXIS2_PLACEMENT_3D ( 'NONE', #409, #318, #399 ) ;
#6 = CARTESIAN_POINT ( 'NONE',  ( -0.3280850848413719434, -21.99813839183710940, -10.01623253098149924 ) ) ;
#7 = CARTESIAN_POINT ( 'NONE',  ( -15.00000000000000178, -2.105391304433167785E-16, -9.999999999999996447 ) ) ;
#8 = CARTESIAN_POINT ( 'NONE',  ( 1.987459127975875539, 21.91023532593751710, -14.02545071680073185 ) ) ;
#9 = CARTESIAN_POINT ( 'NONE',  ( 1.524557690870518734, 21.94753113817557377, -10.51197688033515476 ) ) ;
#10 = CARTESIAN_POINT ( 'NONE',  ( 2.420165369323179938, -21.86650002740146803, -11.85241454316042109 ) ) ;
#11 = LINE ( 'NONE', #274, #685 ) ;
#12 = CARTESIAN_POINT ( 'NONE',  ( -1.651520914051026745, 14.90925587235635597, -10.61613815620780699 ) ) ;
#13 = CARTESIAN_POINT ( 'NONE',  ( -0.1633980867406694126, 22.00001381476454654, -15.00012156996100821 ) ) ;
#14 = CARTESIAN_POINT ( 'NONE',  ( -2.483628131968244723, -14.79299318947817987, -12.82921330347309485 ) ) ;
#15 = EDGE_CURVE ( 'NONE', #140, #732, #890, .T. ) ;
#16 = FACE_OUTER_BOUND ( 'NONE', #923, .T. ) ;
#17 = CARTESIAN_POINT ( 'NONE',  ( -14.90908182598873388, -1.653090545286887814, -10.61750459857650242 ) ) ;
#18 = VECTOR ( 'NONE', #744, 1000.000000000000000 ) ;
#19 = CARTESIAN_POINT ( 'NONE',  ( -0.8045422925576695139, 21.98580620995379320, -14.87266860046927164 ) ) ;
#20 = B_SPLINE_CURVE_WITH_KNOTS ( 'NONE', 3,
 ( #559, #904, #123, #733, #818, #132, #544, #482, #117, #886, #1092, #975, #41, #33, #21, #387, #309, #108, #806, #371, #379, #196, #552, #459, #898, #803, #367, #467, #548, #892, #462, #718 ),
 .UNSPECIFIED., .F., .F.,
 ( 4, 2, 2, 2, 2, 2, 2, 2, 2, 2, 2, 2, 2, 2, 2, 4 ),
 ( 1.788112030672749005E-18, 0.0004893622947243720994, 0.0009787245894487424640, 0.001468086884173112937, 0.001957449178897483193, 0.002936173768346225441, 0.003425536063070596347, 0.003914898357794966387, 0.004404260652519336426, 0.004893622947243707333, 0.005382985241968077372, 0.005872347536692448279, 0.006361709831416817451, 0.006851072126141187491, 0.007340434420865556663, 0.007829796715589925835 ),
 .UNSPECIFIED. ) ;
#21 = CARTESIAN_POINT ( 'NONE',  ( -0.1643238805015267423, 14.99998968022153178, -14.99993808132487416 ) ) ;
#22 = ORIENTED_EDGE ( 'NONE', *, *, #624, .T. ) ;
#23 = ADVANCED_FACE ( 'NONE', ( #28 ), #800, .F. ) ;
#24 = CARTESIAN_POINT ( 'NONE',  ( -14.81146652047162071, -2.371591099940534075, -11.69249976961625492 ) ) ;
#25 = ORIENTED_EDGE ( 'NONE', *, *, #127, .F. ) ;
#26 = CARTESIAN_POINT ( 'NONE',  ( -2.500000000000076827, 22.00100000000006517, -12.49999999999999645 ) ) ;
#27 = ORIENTED_EDGE ( 'NONE', *, *, #469, .T. ) ;
#28 = FACE_OUTER_BOUND ( 'NONE', #739, .T. ) ;
#29 = CARTESIAN_POINT ( 'NONE',  ( 14.98868157663629574, 0.6560034371432841294, -10.06571399227707353 ) ) ;
#30 = CARTESIAN_POINT ( 'NONE',  ( -15.00000000000000178, 1.836970310527797932E-15, -14.99999999999999822 ) ) ;
#31 = CARTESIAN_POINT ( 'NONE',  ( -21.99104157084233790, -0.6481809616286811071, -14.92010801061421255 ) ) ;
#32 = ORIENTED_EDGE ( 'NONE', *, *, #75, .F. ) ;
#33 = CARTESIAN_POINT ( 'NONE',  ( -0.3267433040060221949, 14.99731072916964258, -14.98401583730830033 ) ) ;
#34 = ORIENTED_EDGE ( 'NONE', *, *, #586, .F. ) ;
#35 = CARTESIAN_POINT ( 'NONE',  ( -14.88165381290263234, -1.884176081336284003, -14.15135657781930689 ) ) ;
#36 = CARTESIAN_POINT ( 'NONE',  ( 2.304482428076657270E-13, -22.00100000000022860, -12.49999999999999645 ) ) ;
#37 = DIRECTION ( 'NONE',  ( -0.000000000000000000, -0.000000000000000000, 1.000000000000000000 ) ) ;
#38 = CARTESIAN_POINT ( 'NONE',  ( -21.87177195636274618, -2.372669404848942065, -11.69546029795824360 ) ) ;
#39 = PRODUCT_DEFINITION ( 'UNKNOWN', '', #50, #984 ) ;
#40 = ORIENTED_EDGE ( 'NONE', *, *, #586, .T. ) ;
#41 = CARTESIAN_POINT ( 'NONE',  ( -0.6496219739414582639, 14.98679690877780857, -14.91972873638424879 ) ) ;
#42 = ORIENTED_EDGE ( 'NONE', *, *, #125, .F. ) ;
#43 = CARTESIAN_POINT ( 'NONE',  ( 14.94818098475535884, -1.253188194454248894, -14.66937479303630454 ) ) ;
#44 = CARTESIAN_POINT ( 'NONE',  ( 14.83085966943328415, 2.247135086939057835, -13.60776945835719864 ) ) ;
#45 = CYLINDRICAL_SURFACE ( 'NONE', #5, 22.00000000000000000 ) ;
#46 = VERTEX_POINT ( 'NONE', #1059 ) ;
#47 = AXIS2_PLACEMENT_3D ( 'NONE', #1079, #335, #296 ) ;
#48 = ORIENTED_EDGE ( 'NONE', *, *, #112, .T. ) ;
#49 = CARTESIAN_POINT ( 'NONE',  ( 21.87177914987252692, 2.372603946710043044, -11.69525845557046573 ) ) ;
#50 = PRODUCT_DEFINITION_FORMATION_WITH_SPECIFIED_SOURCE ( 'ANY', '', #753, .NOT_KNOWN. ) ;
#51 = CARTESIAN_POINT ( 'NONE',  ( -14.80357585234894202, -2.419750678152276180, -13.14928326423678051 ) ) ;
#52 = AXIS2_PLACEMENT_3D ( 'NONE', #649, #216, #835 ) ;
#53 = FACE_OUTER_BOUND ( 'NONE', #385, .T. ) ;
#54 = ORIENTED_EDGE ( 'NONE', *, *, #112, .F. ) ;
#55 = ADVANCED_FACE ( 'NONE', ( #267 ), #187, .F. ) ;
#56 = CARTESIAN_POINT ( 'NONE',  ( 21.99104819409528133, 0.6475864700198636914, -14.92016513112322684 ) ) ;
#57 = DIRECTION ( 'NONE',  ( 1.000000000000000000, 0.000000000000000000, 0.000000000000000000 ) ) ;
#58 = CYLINDRICAL_SURFACE ( 'NONE', #785, 2.500000000000000444 ) ;
#59 = CARTESIAN_POINT ( 'NONE',  ( -1.254289495429381285, -14.94808394957610354, -14.66869437817645050 ) ) ;
#60 = EDGE_CURVE ( 'NONE', #380, #689, #430, .T. ) ;
#61 = CLOSED_SHELL ( 'NONE', ( #847, #223, #643, #23, #645, #812, #1090, #179, #883, #239, #450, #896, #501, #1052, #714, #253, #694, #259, #55, #568, #403 ) ) ;
#62 = CARTESIAN_POINT ( 'NONE',  ( 0.6462656219364076859, -14.98692689015469881, -10.07947164278905205 ) ) ;
#63 = CARTESIAN_POINT ( 'NONE',  ( -2.372126299420753259, -21.87182982029375822, -13.30593262608005034 ) ) ;
#64 = DIRECTION ( 'NONE',  ( 0.000000000000000000, -0.000000000000000000, 1.000000000000000000 ) ) ;
#65 = CARTESIAN_POINT ( 'NONE',  ( 1.987557621561893528, 21.91022319570532417, -10.97483743461819117 ) ) ;
#66 = CARTESIAN_POINT ( 'NONE',  ( 21.89283878017968377, -2.170689033807220891, -13.75091140039082482 ) ) ;
#67 = B_SPLINE_CURVE_WITH_KNOTS ( 'NONE', 3,
 ( #716, #871, #891, #445, #361, #1060, #805, #8, #706, #617, #357, #961, #541, #276, #789, #457, #184, #13, #461, #876, #19, #884, #1066, #99, #1055, #105, #801, #269, #365, #621, #626, #175 ),
 .UNSPECIFIED., .F., .F.,
 ( 4, 2, 2, 2, 2, 2, 2, 2, 2, 2, 2, 2, 2, 2, 2, 4 ),
 ( 0.007822451914024711184, 0.008311239195108932262, 0.008800026476193153341, 0.009288813757277372685, 0.009777601038361593763, 0.01026638831944581484, 0.01075517560053003419, 0.01124396288161425526, 0.01173275016269847634, 0.01222153744378269742, 0.01271032472486691850, 0.01319911200595113784, 0.01368789928703535892, 0.01417668656811958000, 0.01466547384920379934, 0.01564304841137224497 ),
 .UNSPECIFIED. ) ;
#68 = CARTESIAN_POINT ( 'NONE',  ( 1.996790617751462493, -14.86830707298653032, -10.96095668253486366 ) ) ;
#69 = CARTESIAN_POINT ( 'NONE',  ( 0.3260021051735573216, -21.99816555771703008, -14.98400451185150395 ) ) ;
#70 = CARTESIAN_POINT ( 'NONE',  ( 2.500000000000051514, -14.79019945774903277, -12.49999999999999822 ) ) ;
#71 = CARTESIAN_POINT ( 'NONE',  ( 14.80359574073695939, 2.419628181687409896, -11.85041473303137671 ) ) ;
#72 = DIRECTION ( 'NONE',  ( -0.000000000000000000, -0.000000000000000000, 1.000000000000000000 ) ) ;
#73 = CARTESIAN_POINT ( 'NONE',  ( 2.483735776871174750, -14.79297562946810451, -12.17111670648086985 ) ) ;
#74 = CARTESIAN_POINT ( 'NONE',  ( 1.881830865452859936, -21.91967355718284693, -14.15386095054183002 ) ) ;
#75 = EDGE_CURVE ( 'NONE', #967, #440, #280, .T. ) ;
#76 = CARTESIAN_POINT ( 'NONE',  ( 2.169387573297872240, -14.84257894580841430, -13.75316561812736005 ) ) ;
#77 = AXIS2_PLACEMENT_3D ( 'NONE', #313, #836, #1013 ) ;
#78 = CARTESIAN_POINT ( 'NONE',  ( -22.00100000000000122, 3.061616997868383141E-16, -9.999999999999996447 ) ) ;
#79 = CARTESIAN_POINT ( 'NONE',  ( 21.91967056424063287, -1.881866739017646228, -10.84617740851829559 ) ) ;
#80 = CARTESIAN_POINT ( 'NONE',  ( 1.251333443343993990, -14.94833821257027573, -10.32954296118126258 ) ) ;
#81 = ORIENTED_EDGE ( 'NONE', *, *, #1029, .F. ) ;
#82 = DIRECTION ( 'NONE',  ( 1.000000000000000000, 0.000000000000000000, 0.000000000000000000 ) ) ;
#83 = CARTESIAN_POINT ( 'NONE',  ( -0.3284235286432328760, -14.99726322906827569, -14.98372709982229800 ) ) ;
#84 = DIRECTION ( 'NONE',  ( -0.000000000000000000, -0.000000000000000000, 1.000000000000000000 ) ) ;
#85 = SURFACE_STYLE_USAGE ( .BOTH. , #246 ) ;
#86 = VECTOR ( 'NONE', #870, 1000.000000000000000 ) ;
#87 = EDGE_LOOP ( 'NONE', ( #1102, #659 ) ) ;
#88 = CARTESIAN_POINT ( 'NONE',  ( 2.433457143917098442, -21.86536246516537929, -13.15899332099816732 ) ) ;
#89 = CARTESIAN_POINT ( 'NONE',  ( -1.107757681900305435, 21.97260880692589069, -10.25291693686578043 ) ) ;
#90 = EDGE_CURVE ( 'NONE', #200, #993, #370, .T. ) ;
#91 = CARTESIAN_POINT ( 'NONE',  ( 0.000000000000000000, 0.000000000000000000, 0.000000000000000000 ) ) ;
#92 = CARTESIAN_POINT ( 'NONE',  ( 21.88500143459483738, -2.247371981587481748, -13.60732263285964372 ) ) ;
#93 = ORIENTED_EDGE ( 'NONE', *, *, #485, .F. ) ;
#94 = CARTESIAN_POINT ( 'NONE',  ( -15.00000000000000178, -2.105391304433167785E-16, -9.999999999999996447 ) ) ;
#95 = CARTESIAN_POINT ( 'NONE',  ( -22.00100000000000122, 0.000000000000000000, -12.49999999999999645 ) ) ;
#96 = CARTESIAN_POINT ( 'NONE',  ( 0.6492391138677187090, -21.99101071270167651, -10.08017137676006136 ) ) ;
#97 = CARTESIAN_POINT ( 'NONE',  ( -1.107789760373743215, 14.95980435021915333, -10.25287457333517693 ) ) ;
#98 = VERTEX_POINT ( 'NONE', #996 ) ;
#99 = CARTESIAN_POINT ( 'NONE',  ( -1.522678120594928464, 21.94766476388393528, -14.48950289486494825 ) ) ;
#100 = CARTESIAN_POINT ( 'NONE',  ( 0.8047438471607155641, 21.98579906554365593, -10.12739676727838933 ) ) ;
#101 = VECTOR ( 'NONE', #959, 1000.000000000000000 ) ;
#102 = CARTESIAN_POINT ( 'NONE',  ( -1.524557690870672388, -21.94753113817556311, -10.51197688033515298 ) ) ;
#103 = CARTESIAN_POINT ( 'NONE',  ( -1.251333443344097685, 14.94833821257026507, -10.32954296118126258 ) ) ;
#104 = EDGE_CURVE ( 'NONE', #227, #529, #303, .T. ) ;
#105 = CARTESIAN_POINT ( 'NONE',  ( -1.881830865453009594, 21.91967355718284338, -14.15386095054183180 ) ) ;
#106 = CARTESIAN_POINT ( 'NONE',  ( -0.6492391138678739182, 21.99101071270167651, -10.08017137676005959 ) ) ;
#107 = CIRCLE ( 'NONE', #546, 21.99999999999999645 ) ;
#108 = CARTESIAN_POINT ( 'NONE',  ( 0.6492911563704376610, 14.98680043806512074, -14.91974860570620187 ) ) ;
#109 = CARTESIAN_POINT ( 'NONE',  ( -14.94818098475535528, -1.253188194454249116, -10.33062520696369013 ) ) ;
#110 = B_SPLINE_CURVE_WITH_KNOTS ( 'NONE', 3,
 ( #848, #444, #945, #331, #699, #1111, #1047, #431, #787, #79, #865, #165, #241, #423, #688, #344, #774, #1038, #439, #781, #1126, #92, #66, #513, #958, #350, #693, #762, #355, #262, #1032, #181 ),
 .UNSPECIFIED., .F., .F.,
 ( 4, 2, 2, 2, 2, 2, 2, 2, 2, 2, 2, 2, 2, 2, 2, 4 ),
 ( 0.007822454537422675325, 0.008311242035467014677, 0.008800029533511352295, 0.009288817031555689913, 0.009777604529600029265, 0.01026639202764436862, 0.01075517952568870624, 0.01124396702373304385, 0.01173275452177738321, 0.01222154201982172256, 0.01271032951786606018, 0.01319911701591039779, 0.01368790451395473715, 0.01417669201199907650, 0.01466547951004341412, 0.01564305450613209109 ),
 .UNSPECIFIED. ) ;
#111 = CARTESIAN_POINT ( 'NONE',  ( 22.00100000000000122, 3.061616997868383141E-16, -14.99999999999999822 ) ) ;
#112 = EDGE_CURVE ( 'NONE', #200, #732, #750, .T. ) ;
#113 = DIRECTION ( 'NONE',  ( -0.000000000000000000, -0.000000000000000000, 1.000000000000000000 ) ) ;
#114 = EDGE_LOOP ( 'NONE', ( #483, #22, #145, #1076 ) ) ;
#115 = CARTESIAN_POINT ( 'NONE',  ( -22.00000000000000355, -0.3305705920039391787, -10.00000000000000000 ) ) ;
#116 = ORIENTED_EDGE ( 'NONE', *, *, #449, .T. ) ;
#117 = CARTESIAN_POINT ( 'NONE',  ( -1.882520183257547997, 14.88185332550323814, -14.15306221002954423 ) ) ;
#118 = EDGE_LOOP ( 'NONE', ( #519, #1091, #133, #644 ) ) ;
#119 = CARTESIAN_POINT ( 'NONE',  ( 1.987251546976597005, 14.86806291280874603, -10.97431752172382424 ) ) ;
#120 = CARTESIAN_POINT ( 'NONE',  ( 2.500000000000051514, -14.79019945774903277, -12.49999999999999822 ) ) ;
#121 = ORIENTED_EDGE ( 'NONE', *, *, #104, .F. ) ;
#122 = ORIENTED_EDGE ( 'NONE', *, *, #766, .F. ) ;
#123 = CARTESIAN_POINT ( 'NONE',  ( -2.483730033936427439, 14.79297560270275547, -12.82816006316695301 ) ) ;
#124 = VERTEX_POINT ( 'NONE', #215 ) ;
#125 = EDGE_CURVE ( 'NONE', #653, #131, #300, .T. ) ;
#126 = CARTESIAN_POINT ( 'NONE',  ( -22.00000000000000000, 2.694222932038291239E-15, -14.99999999999999822 ) ) ;
#127 = EDGE_CURVE ( 'NONE', #131, #653, #205, .T. ) ;
#128 = DIRECTION ( 'NONE',  ( 1.000000000000000000, 0.000000000000000000, 0.000000000000000000 ) ) ;
#129 = DIRECTION ( 'NONE',  ( 1.000000000000000000, 0.000000000000000000, 0.000000000000000000 ) ) ;
#130 = CARTESIAN_POINT ( 'NONE',  ( -21.91967056424063287, -1.881866739017644230, -14.15382259148170085 ) ) ;
#131 = VERTEX_POINT ( 'NONE', #1100 ) ;
#132 = CARTESIAN_POINT ( 'NONE',  ( -2.246209738081304419, 14.83100070578833929, -13.60967699855353352 ) ) ;
#133 = ORIENTED_EDGE ( 'NONE', *, *, #1063, .T. ) ;
#134 = CARTESIAN_POINT ( 'NONE',  ( 14.98684701477777104, -0.6481003630459274412, -14.92003524268604231 ) ) ;
#135 = CARTESIAN_POINT ( 'NONE',  ( 14.88192730507121198, 1.881944988242674421, -10.84626771477256924 ) ) ;
#136 = CARTESIAN_POINT ( 'NONE',  ( -14.84268478741295816, 2.168658395119302806, -13.75438622778378139 ) ) ;
#137 = VERTEX_POINT ( 'NONE', #492 ) ;
#138 = ORIENTED_EDGE ( 'NONE', *, *, #373, .T. ) ;
#139 = CARTESIAN_POINT ( 'NONE',  ( 21.87186733164128682, 2.371782049554976179, -13.30694416519963319 ) ) ;
#140 = VERTEX_POINT ( 'NONE', #126 ) ;
#141 = CARTESIAN_POINT ( 'NONE',  ( -14.98676051605198722, -0.6502307359281097598, -14.91950228774141252 ) ) ;
#142 = DIRECTION ( 'NONE',  ( -1.000000000000000000, -1.110223024625156540E-14, 0.000000000000000000 ) ) ;
#143 = CARTESIAN_POINT ( 'NONE',  ( -18.99999999999999645, 2.326828918379970576E-15, 0.000000000000000000 ) ) ;
#144 = EDGE_CURVE ( 'NONE', #826, #580, #178, .T. ) ;
#145 = ORIENTED_EDGE ( 'NONE', *, *, #288, .F. ) ;
#146 = CARTESIAN_POINT ( 'NONE',  ( 21.85749983814975295, 2.499940165061994790, -12.66411947722899889 ) ) ;
#147 = CARTESIAN_POINT ( 'NONE',  ( -15.00000000000000178, 1.836970310527797932E-15, -14.99999999999999822 ) ) ;
#148 = FACE_OUTER_BOUND ( 'NONE', #782, .T. ) ;
#149 = EDGE_CURVE ( 'NONE', #695, #726, #1048, .T. ) ;
#150 = CARTESIAN_POINT ( 'NONE',  ( 21.94748839423878550, 1.525169111405419331, -10.51244732691419870 ) ) ;
#151 = CARTESIAN_POINT ( 'NONE',  ( 14.81133328003143390, -2.372433769913403712, -11.69473206675428401 ) ) ;
#152 = CARTESIAN_POINT ( 'NONE',  ( -21.85936714297778138, 2.483767653658349506, -12.82808362265748237 ) ) ;
#153 = VECTOR ( 'NONE', #389, 1000.000000000000000 ) ;
#154 = CARTESIAN_POINT ( 'NONE',  ( 14.98676051605198545, -0.6502307359281113142, -10.08049771225858393 ) ) ;
#155 = CARTESIAN_POINT ( 'NONE',  ( -2.420108442973022633, -21.86650667543192128, -13.14817916018650834 ) ) ;
#156 = CARTESIAN_POINT ( 'NONE',  ( -21.89300751915558862, 2.168981685206541776, -13.75380628860126997 ) ) ;
#157 = CARTESIAN_POINT ( 'NONE',  ( 14.79018260225538484, 2.500099718464173115, -12.66365107875731866 ) ) ;
#158 = CARTESIAN_POINT ( 'NONE',  ( 0.000000000000000000, 0.000000000000000000, 0.000000000000000000 ) ) ;
#159 = AXIS2_PLACEMENT_3D ( 'NONE', #91, #786, #1129 ) ;
#160 = EDGE_CURVE ( 'NONE', #463, #809, #1086, .T. ) ;
#161 = CARTESIAN_POINT ( 'NONE',  ( 14.94803396949451013, -1.254884309730902148, -10.33164805030400046 ) ) ;
#162 = CARTESIAN_POINT ( 'NONE',  ( -21.99813803720676830, 0.3278594320300149967, -10.01623759371262068 ) ) ;
#163 = CARTESIAN_POINT ( 'NONE',  ( -22.00000000000000000, 0.1632285477338814017, -14.99999999999999467 ) ) ;
#164 = LINE ( 'NONE', #78, #1035 ) ;
#165 = CARTESIAN_POINT ( 'NONE',  ( 21.89301216425256413, -2.168946296325211964, -11.24607568585784456 ) ) ;
#166 = CARTESIAN_POINT ( 'NONE',  ( -1.525365273026838109, -14.92286078814606931, -10.51258305380699198 ) ) ;
#167 = CARTESIAN_POINT ( 'NONE',  ( 2.168308545511778540, -21.89307838847529908, -13.75516606944600184 ) ) ;
#168 = CARTESIAN_POINT ( 'NONE',  ( 0.6496219739413539029, -14.98679690877781390, -14.91972873638425057 ) ) ;
#169 = CARTESIAN_POINT ( 'NONE',  ( 1.882669717801130904, -21.91960135072733706, -10.84709073237781851 ) ) ;
#170 = CARTESIAN_POINT ( 'NONE',  ( -21.88503005331267204, 2.247084829086225088, -11.39224608001980776 ) ) ;
#171 = EDGE_CURVE ( 'NONE', #726, #98, #230, .T. ) ;
#172 = CARTESIAN_POINT ( 'NONE',  ( -0.8052788188081467791, -14.97913814559140100, -14.87243039396077648 ) ) ;
#173 = B_SPLINE_CURVE_WITH_KNOTS ( 'NONE', 3,
 ( #478, #736, #29, #417, #914, #673, #240, #135, #657, #1087, #383, #761, #71, #821, #938, #157, #486, #1023, #828, #44, #768, #990, #512, #1095, #398, #852, #422, #1115, #679, #1030 ),
 .UNSPECIFIED., .F., .F.,
 ( 4, 2, 2, 2, 2, 2, 2, 2, 2, 2, 2, 2, 2, 2, 4 ),
 ( 0.007829808997192495845, 0.008808290957735789850, 0.009297531938007436852, 0.009786772918279083855, 0.01027601389855072912, 0.01076525487882237613, 0.01125449585909402313, 0.01174373683936567013, 0.01223297781963731887, 0.01272221879990896413, 0.01321145978018061287, 0.01370070076045225987, 0.01467918272099555041, 0.01516842370126719568, 0.01565766468153884095 ),
 .UNSPECIFIED. ) ;
#174 = CARTESIAN_POINT ( 'NONE',  ( 2.500000000000076827, -21.85749299439437365, -12.33467535763302259 ) ) ;
#175 = CARTESIAN_POINT ( 'NONE',  ( -2.500000000000229150, 21.85749299439436300, -12.49999999999999645 ) ) ;
#176 = UNCERTAINTY_MEASURE_WITH_UNIT (LENGTH_MEASURE( 1.000000000000000082E-05 ), #858, 'distance_accuracy_value', 'NONE');
#177 = CARTESIAN_POINT ( 'NONE',  ( -1.253092671842523043, 21.96471043806710099, -10.33048857550062216 ) ) ;
#178 = B_SPLINE_CURVE_WITH_KNOTS ( 'NONE', 3,
 ( #656, #1085, #913, #134, #662, #827, #43, #396, #742, #1094, #1004, #222, #758, #332, #235, #432, #931, #946, #151, #419, #1116, #933, #681, #1033, #860, #161, #675, #602, #154, #414, #588, #248 ),
 .UNSPECIFIED., .F., .F.,
 ( 4, 2, 2, 2, 2, 2, 2, 2, 2, 2, 2, 2, 2, 2, 2, 4 ),
 ( 2.045504971891205075E-19, 0.0004893630623245297977, 0.0009787261246490593786, 0.001468089186973588634, 0.001957452249298117456, 0.002936178373947176835, 0.003425541436271708259, 0.003914904498596240116, 0.004404267560920771540, 0.004893630623245304699, 0.005382993685569836123, 0.005872356747894368414, 0.006361719810218900706, 0.006851082872543432997, 0.007340445934867965289, 0.007829808997192495845 ),
 .UNSPECIFIED. ) ;
#179 = ADVANCED_FACE ( 'NONE', ( #495 ), #45, .T. ) ;
#180 = CARTESIAN_POINT ( 'NONE',  ( 1.107757681900150892, -21.97260880692590135, -10.25291693686578043 ) ) ;
#181 = CARTESIAN_POINT ( 'NONE',  ( 22.00000000000000000, -6.788806661118288209E-17, -14.99999999999999822 ) ) ;
#182 = DIRECTION ( 'NONE',  ( -1.000000000000000000, -0.000000000000000000, -0.000000000000000000 ) ) ;
#183 = ORIENTED_EDGE ( 'NONE', *, *, #149, .T. ) ;
#184 = CARTESIAN_POINT ( 'NONE',  ( 0.1670972045339343681, 21.99998602974143935, -14.99987706169155643 ) ) ;
#185 = CARTESIAN_POINT ( 'NONE',  ( -1.882669717801283449, 21.91960135072731930, -10.84709073237781851 ) ) ;
#186 = CARTESIAN_POINT ( 'NONE',  ( -2.168577347913988707, -21.89304771087767065, -11.24549673735549682 ) ) ;
#187 = CYLINDRICAL_SURFACE ( 'NONE', #506, 2.500000000000000000 ) ;
#188 = ORIENTED_EDGE ( 'NONE', *, *, #613, .F. ) ;
#189 = CARTESIAN_POINT ( 'NONE',  ( -14.99726404368439070, 0.3288835932972016263, -10.01626416299334110 ) ) ;
#190 = CARTESIAN_POINT ( 'NONE',  ( -0.8069458145496889445, 21.98571134433424135, -10.12821842767627167 ) ) ;
#191 = DIRECTION ( 'NONE',  ( 0.000000000000000000, 0.000000000000000000, -1.000000000000000000 ) ) ;
#192 = CARTESIAN_POINT ( 'NONE',  ( -14.95966471396675779, -1.109695397967913166, -10.25379892293421058 ) ) ;
#193 = VECTOR ( 'NONE', #245, 1000.000000000000000 ) ;
#194 = DIRECTION ( 'NONE',  ( -0.000000000000000000, -0.000000000000000000, 1.000000000000000000 ) ) ;
#195 = AXIS2_PLACEMENT_3D ( 'NONE', #36, #595, #142 ) ;
#196 = CARTESIAN_POINT ( 'NONE',  ( 1.524826146210914946, 14.92291396228467093, -14.48780850891373895 ) ) ;
#197 = CARTESIAN_POINT ( 'NONE',  ( -14.92292678812147244, -1.524746365822094329, -10.51208245561010735 ) ) ;
#198 = ORIENTED_EDGE ( 'NONE', *, *, #75, .T. ) ;
#199 = CARTESIAN_POINT ( 'NONE',  ( -7.681608093588804977E-14, 22.00100000000007583, -12.49999999999999645 ) ) ;
#200 = VERTEX_POINT ( 'NONE', #841 ) ;
#201 = CARTESIAN_POINT ( 'NONE',  ( -21.97249891709331493, -1.109922203989560874, -10.25398807532938505 ) ) ;
#202 = CARTESIAN_POINT ( 'NONE',  ( -22.00000000000000355, -0.1631898490675842139, -14.99999999999999822 ) ) ;
#203 = EDGE_CURVE ( 'NONE', #1097, #910, #500, .T. ) ;
#204 = ORIENTED_EDGE ( 'NONE', *, *, #328, .T. ) ;
#205 = CIRCLE ( 'NONE', #356, 15.00000000000000178 ) ;
#206 = DIRECTION ( 'NONE',  ( 1.000000000000000000, 4.163336342344337027E-15, 0.000000000000000000 ) ) ;
#207 = EDGE_LOOP ( 'NONE', ( #819, #466 ) ) ;
#208 = CARTESIAN_POINT ( 'NONE',  ( -14.79018900137145032, -2.500061860768668875, -12.66242783609619416 ) ) ;
#209 = CARTESIAN_POINT ( 'NONE',  ( 2.483638611086247394, 21.85938187921190945, -12.17096290442066042 ) ) ;
#210 = CARTESIAN_POINT ( 'NONE',  ( -14.86803497713260747, 1.987437257370136878, -14.02533838579907588 ) ) ;
#211 = CARTESIAN_POINT ( 'NONE',  ( -21.85933980589635084, -2.484004597027104300, -12.17399875157111033 ) ) ;
#212 = ORIENTED_EDGE ( 'NONE', *, *, #288, .T. ) ;
#213 = CARTESIAN_POINT ( 'NONE',  ( 15.00000000000000178, 0.000000000000000000, -7.499999999999999112 ) ) ;
#214 = ORIENTED_EDGE ( 'NONE', *, *, #667, .F. ) ;
#215 = CARTESIAN_POINT ( 'NONE',  ( 18.99999999999999645, 0.000000000000000000, -2.999999999999997335 ) ) ;
#216 = DIRECTION ( 'NONE',  ( -0.000000000000000000, -0.000000000000000000, 1.000000000000000000 ) ) ;
#217 = CARTESIAN_POINT ( 'NONE',  ( -14.83085966943328415, 2.247135086939058279, -11.39223054164280491 ) ) ;
#218 = CARTESIAN_POINT ( 'NONE',  ( -21.98574864226418413, -0.8059346424334239423, -14.87212567080363534 ) ) ;
#219 = ORIENTED_EDGE ( 'NONE', *, *, #924, .F. ) ;
#220 = CARTESIAN_POINT ( 'NONE',  ( 21.94754554965306781, 1.524391702560849104, -14.48819354469060805 ) ) ;
#221 = ORIENTED_EDGE ( 'NONE', *, *, #748, .F. ) ;
#222 = CARTESIAN_POINT ( 'NONE',  ( 14.81146652047161538, -2.371591099940534075, -13.30750023038374152 ) ) ;
#223 = ADVANCED_FACE ( 'NONE', ( #472 ), #922, .F. ) ;
#224 = CARTESIAN_POINT ( 'NONE',  ( 2.499999999999770850, 21.85749299439441984, -12.49999999999999645 ) ) ;
#225 = DIRECTION ( 'NONE',  ( -0.000000000000000000, -0.000000000000000000, 1.000000000000000000 ) ) ;
#226 = ORIENTED_EDGE ( 'NONE', *, *, #104, .T. ) ;
#227 = VERTEX_POINT ( 'NONE', #658 ) ;
#228 = CARTESIAN_POINT ( 'NONE',  ( 21.88503005331267204, 2.247084829086225088, -13.60775391998018868 ) ) ;
#229 = CARTESIAN_POINT ( 'NONE',  ( -14.84267636493808240, -2.168708731058762496, -13.75426410340664596 ) ) ;
#230 = LINE ( 'NONE', #829, #935 ) ;
#231 = AXIS2_PLACEMENT_3D ( 'NONE', #95, #4, #1128 ) ;
#232 = CARTESIAN_POINT ( 'NONE',  ( 21.97254445396936973, 1.109163278444004419, -14.74646555237472434 ) ) ;
#233 = CARTESIAN_POINT ( 'NONE',  ( 1.523297897880096841, -14.92307656678520900, -10.51095936238018069 ) ) ;
#234 = CARTESIAN_POINT ( 'NONE',  ( -21.93824919412140773, 1.651338677322524262, -14.38422528780009912 ) ) ;
#235 = CARTESIAN_POINT ( 'NONE',  ( 14.79020997506361823, -2.499937778723236192, -12.66432654113478939 ) ) ;
#236 = DIRECTION ( 'NONE',  ( 1.000000000000000000, 0.000000000000000000, 0.000000000000000000 ) ) ;
#237 = FACE_OUTER_BOUND ( 'NONE', #811, .T. ) ;
#238 = EDGE_CURVE ( 'NONE', #925, #809, #305, .T. ) ;
#239 = ADVANCED_FACE ( 'NONE', ( #53 ), #479, .T. ) ;
#240 = CARTESIAN_POINT ( 'NONE',  ( 14.90927323761718171, 1.651377842369134319, -10.61598868588654199 ) ) ;
#241 = CARTESIAN_POINT ( 'NONE',  ( 21.88516204358886341, -2.245813157860506948, -11.38952327702360279 ) ) ;
#242 = CARTESIAN_POINT ( 'NONE',  ( 0.8054586190023311776, -14.97912483301677611, -10.12765785574106836 ) ) ;
#243 = CARTESIAN_POINT ( 'NONE',  ( -21.98573623930279552, 0.8064458913755603309, -10.12797645868798213 ) ) ;
#244 = CARTESIAN_POINT ( 'NONE',  ( 2.420036362626851290, -14.80352883832772370, -13.14809560413480582 ) ) ;
#245 = DIRECTION ( 'NONE',  ( -0.000000000000000000, -0.000000000000000000, 1.000000000000000000 ) ) ;
#246 = SURFACE_SIDE_STYLE ('',( #674 ) ) ;
#247 = AXIS2_PLACEMENT_3D ( 'NONE', #359, #878, #692 ) ;
#248 = CARTESIAN_POINT ( 'NONE',  ( 15.00000000000000178, 1.118068338187844452E-22, -9.999999999999996447 ) ) ;
#249 = CARTESIAN_POINT ( 'NONE',  ( -1.525361107345093448, -21.94747744315734295, -14.48744257581327410 ) ) ;
#250 = CARTESIAN_POINT ( 'NONE',  ( 2.500000000000051958, -14.79019945774902745, -12.66549235002043261 ) ) ;
#251 = CARTESIAN_POINT ( 'NONE',  ( 2.169653891306006166, -21.89294196173004892, -11.24728878645453989 ) ) ;
#252 = LINE ( 'NONE', #1042, #342 ) ;
#253 = ADVANCED_FACE ( 'NONE', ( #585, #406 ), #1101, .F. ) ;
#254 = CARTESIAN_POINT ( 'NONE',  ( -21.93812273727902351, 1.652915290312098495, -10.61733554708628091 ) ) ;
#255 = CARTESIAN_POINT ( 'NONE',  ( -21.99999999999999645, 0.000000000000000000, -2.999999999999997335 ) ) ;
#256 = CARTESIAN_POINT ( 'NONE',  ( 2.372024049301910686, -21.87184233058219007, -11.69355585910064832 ) ) ;
#257 = AXIS2_PLACEMENT_3D ( 'NONE', #488, #909, #400 ) ;
#258 = DIRECTION ( 'NONE',  ( -0.000000000000000000, -0.000000000000000000, 1.000000000000000000 ) ) ;
#259 = ADVANCED_FACE ( 'NONE', ( #148 ), #58, .F. ) ;
#260 = FACE_OUTER_BOUND ( 'NONE', #1007, .T. ) ;
#261 = PLANE ( 'NONE',  #247 ) ;
#262 = CARTESIAN_POINT ( 'NONE',  ( 21.99218657733324989, -0.6589942261262881074, -14.93345722555763899 ) ) ;
#263 = CARTESIAN_POINT ( 'NONE',  ( 0.000000000000000000, 0.000000000000000000, 0.000000000000000000 ) ) ;
#264 = CYLINDRICAL_SURFACE ( 'NONE', #231, 2.500000000000000444 ) ;
#265 = PLANE ( 'NONE',  #456 ) ;
#266 = CARTESIAN_POINT ( 'NONE',  ( 0.000000000000000000, 0.000000000000000000, 0.000000000000000000 ) ) ;
#267 = FACE_OUTER_BOUND ( 'NONE', #903, .T. ) ;
#268 = ORIENTED_EDGE ( 'NONE', *, *, #1104, .F. ) ;
#269 = CARTESIAN_POINT ( 'NONE',  ( -2.168308545511929974, 21.89307838847528132, -13.75516606944600007 ) ) ;
#270 = CARTESIAN_POINT ( 'NONE',  ( -2.169653891306159821, 21.89294196173003471, -11.24728878645453989 ) ) ;
#271 = EDGE_CURVE ( 'NONE', #993, #200, #536, .T. ) ;
#272 = CARTESIAN_POINT ( 'NONE',  ( -2.499999999999923617, -21.85749299439440207, -12.49999999999999645 ) ) ;
#273 = EDGE_CURVE ( 'NONE', #993, #140, #537, .T. ) ;
#274 = CARTESIAN_POINT ( 'NONE',  ( -22.00000000000000000, 2.694222958124176809E-15, 0.000000000000000000 ) ) ;
#275 = CARTESIAN_POINT ( 'NONE',  ( -15.00000000000000355, -0.1654916451219538842, -10.00000000000000000 ) ) ;
#276 = CARTESIAN_POINT ( 'NONE',  ( 0.8079234289884508202, 21.98568144303984795, -14.87151753891254913 ) ) ;
#277 = CARTESIAN_POINT ( 'NONE',  ( -0.1641189310407498991, 21.99999320770543676, -10.00005977219610465 ) ) ;
#278 = CARTESIAN_POINT ( 'NONE',  ( 0.000000000000000000, 0.000000000000000000, -19.99999999999999645 ) ) ;
#279 = LINE ( 'NONE', #799, #720 ) ;
#280 = LINE ( 'NONE', #1078, #101 ) ;
#281 = CIRCLE ( 'NONE', #776, 18.99999999999999645 ) ;
#282 = MECHANICAL_DESIGN_GEOMETRIC_PRESENTATION_REPRESENTATION (  '', ( #629 ), #868 ) ;
#283 = APPLICATION_CONTEXT ( 'automotive_design' ) ;
#284 = CARTESIAN_POINT ( 'NONE',  ( 22.00000000000000000, -6.788806661118288209E-17, -14.99999999999999822 ) ) ;
#285 = ORIENTED_EDGE ( 'NONE', *, *, #728, .T. ) ;
#286 = DIRECTION ( 'NONE',  ( -0.000000000000000000, -0.000000000000000000, 1.000000000000000000 ) ) ;
#287 = CARTESIAN_POINT ( 'NONE',  ( -0.8054586190024363157, 14.97912483301676900, -10.12765785574106658 ) ) ;
#288 = EDGE_CURVE ( 'NONE', #809, #463, #1010, .T. ) ;
#289 = CARTESIAN_POINT ( 'NONE',  ( -21.91004659097515272, -1.989507255007780584, -10.97732764673746075 ) ) ;
#290 = VECTOR ( 'NONE', #968, 1000.000000000000000 ) ;
#291 = EDGE_LOOP ( 'NONE', ( #25, #564, #719, #489, #807, #93, #638, #221 ) ) ;
#292 = PLANE ( 'NONE',  #976 ) ;
#293 = EDGE_LOOP ( 'NONE', ( #1122, #27, #395, #81 ) ) ;
#294 = DIRECTION ( 'NONE',  ( -0.000000000000000000, -0.000000000000000000, 1.000000000000000000 ) ) ;
#295 = CARTESIAN_POINT ( 'NONE',  ( 0.000000000000000000, 0.000000000000000000, -19.99999999999999645 ) ) ;
#296 = DIRECTION ( 'NONE',  ( 1.000000000000000000, 0.000000000000000000, 0.000000000000000000 ) ) ;
#297 = CARTESIAN_POINT ( 'NONE',  ( -14.79293157716243101, 2.483990701801981338, -12.17380024113095693 ) ) ;
#298 = CARTESIAN_POINT ( 'NONE',  ( -21.85939360292231370, -2.483534032254268276, -12.82955711196486881 ) ) ;
#299 = EDGE_LOOP ( 'NONE', ( #455, #314, #905, #995, #636, #32, #899, #121 ) ) ;
#300 = CIRCLE ( 'NONE', #556, 15.00000000000000178 ) ;
#301 = CARTESIAN_POINT ( 'NONE',  ( -18.99999999999999645, 2.326828918379970576E-15, -2.999999999999997335 ) ) ;
#302 = EDGE_LOOP ( 'NONE', ( #315, #378 ) ) ;
#303 = LINE ( 'NONE', #840, #412 ) ;
#304 = FACE_OUTER_BOUND ( 'NONE', #293, .T. ) ;
#305 = LINE ( 'NONE', #1096, #18 ) ;
#306 = CARTESIAN_POINT ( 'NONE',  ( -21.85747907801480494, -2.500121670901561011, -12.33660381886705792 ) ) ;
#307 = ORIENTED_EDGE ( 'NONE', *, *, #1063, .F. ) ;
#308 = EDGE_CURVE ( 'NONE', #882, #1084, #67, .T. ) ;
#309 = CARTESIAN_POINT ( 'NONE',  ( 0.3284235286431283485, 14.99726322906827924, -14.98372709982229800 ) ) ;
#310 = ORIENTED_EDGE ( 'NONE', *, *, #90, .T. ) ;
#311 = CARTESIAN_POINT ( 'NONE',  ( -14.90928215957856295, -1.651376758535587852, -14.38415839407289276 ) ) ;
#312 = DIRECTION ( 'NONE',  ( -0.000000000000000000, -0.000000000000000000, 1.000000000000000000 ) ) ;
#313 = CARTESIAN_POINT ( 'NONE',  ( -22.00100000000000122, 0.000000000000000000, -12.49999999999999645 ) ) ;
#314 = ORIENTED_EDGE ( 'NONE', *, *, #1018, .T. ) ;
#315 = ORIENTED_EDGE ( 'NONE', *, *, #125, .T. ) ;
#316 = CARTESIAN_POINT ( 'NONE',  ( 21.89295854503664884, 2.169514028277673923, -13.75308799390050041 ) ) ;
#317 = CARTESIAN_POINT ( 'NONE',  ( -14.83089638784086617, -2.246897384822244437, -13.60830978477062203 ) ) ;
#318 = DIRECTION ( 'NONE',  ( -0.000000000000000000, -0.000000000000000000, 1.000000000000000000 ) ) ;
#319 = ORIENTED_EDGE ( 'NONE', *, *, #764, .T. ) ;
#320 = CARTESIAN_POINT ( 'NONE',  ( 21.93824919412140773, 1.651338677322523818, -10.61577471219989022 ) ) ;
#321 = CARTESIAN_POINT ( 'NONE',  ( -14.98868157663629397, 0.6560034371432842404, -14.93428600772291404 ) ) ;
#322 = CARTESIAN_POINT ( 'NONE',  ( -21.97258887648235870, 1.108285147632031897, -14.74689829345343206 ) ) ;
#323 = PRODUCT_DEFINITION_SHAPE ( 'NONE', 'NONE',  #39 ) ;
#324 = B_SPLINE_CURVE_WITH_KNOTS ( 'NONE', 3,
 ( #284, #810, #661, #56, #1014, #232, #832, #220, #1011, #1103, #930, #316, #228, #139, #918, #490, #146, #754, #575, #839, #49, #587, #749, #408, #404, #320, #150, #1099, #582, #498, #665, #654, #926, #502 ),
 .UNSPECIFIED., .F., .F.,
 ( 4, 2, 2, 2, 2, 2, 2, 2, 2, 2, 2, 2, 2, 2, 2, 2, 4 ),
 ( 6.596638267038550235E-20, 0.0004889034085889173162, 0.0009778068171778344156, 0.001466710225766751623, 0.001955613634355668831, 0.002444517042944586039, 0.002933420451533503247, 0.003422323860122420455, 0.003911227268711337662, 0.004400130677300254436, 0.004889034085889172078, 0.005377937494478089719, 0.005866840903067006494, 0.006355744311655923268, 0.006844647720244840909, 0.007333551128833758551, 0.007822454537422675325 ),
 .UNSPECIFIED. ) ;
#325 = CARTESIAN_POINT ( 'NONE',  ( -1.884036828533221852, -14.88166149967147334, -10.84865120647653214 ) ) ;
#326 = EDGE_CURVE ( 'NONE', #1097, #46, #281, .T. ) ;
#327 = DIRECTION ( 'NONE',  ( 3.491481338843134144E-15, -1.000000000000000000, -0.000000000000000000 ) ) ;
#328 = EDGE_CURVE ( 'NONE', #440, #979, #682, .T. ) ;
#329 = CARTESIAN_POINT ( 'NONE',  ( -21.94748839423878550, 1.525169111405419553, -14.48755267308579953 ) ) ;
#330 = CARTESIAN_POINT ( 'NONE',  ( 2.372333281314511044, 21.87180861275327004, -11.69446767495242590 ) ) ;
#331 = CARTESIAN_POINT ( 'NONE',  ( 21.99104157084235212, -0.6481809616286825504, -10.07989198938577680 ) ) ;
#332 = CARTESIAN_POINT ( 'NONE',  ( 14.79292830875091269, -2.484015620832729088, -12.82674426511745835 ) ) ;
#333 = CARTESIAN_POINT ( 'NONE',  ( -0.1670972045340866075, -21.99998602974143935, -14.99987706169155643 ) ) ;
#334 = DIRECTION ( 'NONE',  ( -0.000000000000000000, -0.000000000000000000, 1.000000000000000000 ) ) ;
#335 = DIRECTION ( 'NONE',  ( -0.000000000000000000, -0.000000000000000000, 1.000000000000000000 ) ) ;
#336 = DIRECTION ( 'NONE',  ( -0.000000000000000000, -0.000000000000000000, 1.000000000000000000 ) ) ;
#337 = CARTESIAN_POINT ( 'NONE',  ( 1.107789760373637966, -14.95980435021916399, -10.25287457333517516 ) ) ;
#338 = CARTESIAN_POINT ( 'NONE',  ( -2.499999999999923617, -21.85749299439440207, -12.49999999999999645 ) ) ;
#339 = CARTESIAN_POINT ( 'NONE',  ( 1.258627215103421459, -14.95013966959071716, -14.68446077175651787 ) ) ;
#340 = AXIS2_PLACEMENT_3D ( 'NONE', #510, #936, #608 ) ;
#341 = EDGE_CURVE ( 'NONE', #576, #925, #1067, .T. ) ;
#342 = VECTOR ( 'NONE', #336, 1000.000000000000000 ) ;
#343 = CARTESIAN_POINT ( 'NONE',  ( -1.884230952082966537, -21.91947485373589544, -10.84866773719910071 ) ) ;
#344 = CARTESIAN_POINT ( 'NONE',  ( 21.85939360292231015, -2.483534032254269164, -12.17044288803512586 ) ) ;
#345 = AXIS2_PLACEMENT_3D ( 'NONE', #278, #113, #740 ) ;
#346 = ORIENTED_EDGE ( 'NONE', *, *, #382, .F. ) ;
#347 = CARTESIAN_POINT ( 'NONE',  ( 0.6457070235251761714, -21.99110337652651381, -14.92066483166226831 ) ) ;
#348 = CARTESIAN_POINT ( 'NONE',  ( -21.85749983814975295, 2.499940165061994790, -12.33588052277099756 ) ) ;
#349 = CYLINDRICAL_SURFACE ( 'NONE', #159, 22.00000000000000000 ) ;
#350 = CARTESIAN_POINT ( 'NONE',  ( 21.93805054253645892, -1.653867570296512213, -14.38182502279616948 ) ) ;
#351 = CARTESIAN_POINT ( 'NONE',  ( 1.522678120594777473, -21.94766476388393173, -14.48950289486493936 ) ) ;
#352 = CARTESIAN_POINT ( 'NONE',  ( 0.000000000000000000, 0.000000000000000000, -7.499999999999999112 ) ) ;
#353 = B_SPLINE_CURVE_WITH_KNOTS ( 'NONE', 3,
 ( #338, #866, #676, #155, #63, #951, #524, #955, #1127, #1034, #249, #783, #509, #1021, #603, #434, #333, #941, #69, #347, #1123, #420, #947, #351, #415, #74, #777, #167, #683, #88, #1026, #765 ),
 .UNSPECIFIED., .F., .F.,
 ( 4, 2, 2, 2, 2, 2, 2, 2, 2, 2, 2, 2, 2, 2, 2, 4 ),
 ( 0.007822451914024711184, 0.008311239195108932262, 0.008800026476193153341, 0.009288813757277374419, 0.009777601038361595498, 0.01026638831944581658, 0.01075517560053003766, 0.01124396288161425873, 0.01173275016269847981, 0.01222153744378270089, 0.01271032472486692197, 0.01319911200595114305, 0.01368789928703536413, 0.01417668656811958521, 0.01466547384920380628, 0.01564304841137224844 ),
 .UNSPECIFIED. ) ;
#354 = CARTESIAN_POINT ( 'NONE',  ( 2.500000000000051514, -14.79019945774903277, -12.49999999999999822 ) ) ;
#355 = CARTESIAN_POINT ( 'NONE',  ( 21.97249891709331848, -1.109922203989561318, -14.74601192467060784 ) ) ;
#356 = AXIS2_PLACEMENT_3D ( 'NONE', #295, #735, #639 ) ;
#357 = CARTESIAN_POINT ( 'NONE',  ( 1.525361107344940681, 21.94747744315735716, -14.48744257581327233 ) ) ;
#358 = CARTESIAN_POINT ( 'NONE',  ( -0.3264340483939804916, 21.99817047859173513, -10.01594629589531671 ) ) ;
#359 = CARTESIAN_POINT ( 'NONE',  ( -22.00000000000000000, 0.000000000000000000, -19.99999999999999645 ) ) ;
#360 = CARTESIAN_POINT ( 'NONE',  ( 22.00100000000000122, 0.000000000000000000, -12.49999999999999645 ) ) ;
#361 = CARTESIAN_POINT ( 'NONE',  ( 2.372126299420600049, 21.87182982029377243, -13.30593262608004679 ) ) ;
#362 = CARTESIAN_POINT ( 'NONE',  ( -1.987387712275107576, -14.86804084723394404, -14.02537650148421911 ) ) ;
#363 = CARTESIAN_POINT ( 'NONE',  ( -2.419638138996014654, -21.86655867227426242, -11.85032512972843044 ) ) ;
#364 = CARTESIAN_POINT ( 'NONE',  ( -2.483735776871278222, 14.79297562946808675, -12.17111670648087163 ) ) ;
#365 = CARTESIAN_POINT ( 'NONE',  ( -2.246013834931795294, 21.88514037433575155, -13.60991815932357518 ) ) ;
#366 = DIRECTION ( 'NONE',  ( -0.000000000000000000, -0.000000000000000000, 1.000000000000000000 ) ) ;
#367 = CARTESIAN_POINT ( 'NONE',  ( 2.246769588920004335, 14.83091538126966924, -13.60852318156936214 ) ) ;
#368 = CARTESIAN_POINT ( 'NONE',  ( -14.86810114881627598, -1.998320596987776865, -10.96289104457606278 ) ) ;
#369 = DIRECTION ( 'NONE',  ( 1.000000000000000000, 0.000000000000000000, 0.000000000000000000 ) ) ;
#370 = B_SPLINE_CURVE_WITH_KNOTS ( 'NONE', 3,
 ( #7, #275, #625, #808, #972, #192, #109, #197, #17, #368, #895, #24, #499, #988, #1012, #208, #484, #51, #928, #317, #229, #405, #35, #311, #834, #561, #577, #477, #141, #583, #648, #147 ),
 .UNSPECIFIED., .F., .F.,
 ( 4, 2, 2, 2, 2, 2, 2, 2, 2, 2, 2, 2, 2, 2, 2, 4 ),
 ( 2.045504971891205075E-19, 0.0004893630623245295809, 0.0009787261246490591617, 0.001468089186973588200, 0.001957452249298117456, 0.002936178373947176835, 0.003425541436271709126, 0.003914904498596240984, 0.004404267560920773275, 0.004893630623245304699, 0.005382993685569836990, 0.005872356747894368414, 0.006361719810218900706, 0.006851082872543432997, 0.007340445934867964421, 0.007829808997192497580 ),
 .UNSPECIFIED. ) ;
#371 = CARTESIAN_POINT ( 'NONE',  ( 1.108328393018257030, 14.95976810428430070, -14.74688854272730687 ) ) ;
#372 = ORIENTED_EDGE ( 'NONE', *, *, #326, .F. ) ;
#373 = EDGE_CURVE ( 'NONE', #910, #124, #493, .T. ) ;
#374 = FACE_OUTER_BOUND ( 'NONE', #917, .T. ) ;
#375 = CARTESIAN_POINT ( 'NONE',  ( -2.500000000000155431, 14.79019945774901679, -12.49999999999999822 ) ) ;
#376 = VECTOR ( 'NONE', #846, 1000.000000000000000 ) ;
#377 = CARTESIAN_POINT ( 'NONE',  ( -21.97265688446556098, -1.106807772941591939, -14.74755142315275691 ) ) ;
#378 = ORIENTED_EDGE ( 'NONE', *, *, #127, .T. ) ;
#379 = CARTESIAN_POINT ( 'NONE',  ( 1.254289495429277368, 14.94808394957610886, -14.66869437817645050 ) ) ;
#380 = VERTEX_POINT ( 'NONE', #612 ) ;
#381 = CARTESIAN_POINT ( 'NONE',  ( -0.1636549424775062267, 15.00001654778840532, -9.999900713251928863 ) ) ;
#382 = EDGE_CURVE ( 'NONE', #200, #1000, #1113, .T. ) ;
#383 = CARTESIAN_POINT ( 'NONE',  ( 14.83109890262119457, 2.245565724559238863, -11.38899029087714254 ) ) ;
#384 = CARTESIAN_POINT ( 'NONE',  ( -14.81148604729126639, 2.371485010187310838, -13.30806363829676897 ) ) ;
#385 = EDGE_LOOP ( 'NONE', ( #468, #985, #611, #912 ) ) ;
#386 = ORIENTED_EDGE ( 'NONE', *, *, #728, .F. ) ;
#387 = CARTESIAN_POINT ( 'NONE',  ( 0.1624344053887212258, 15.00001026027653772, -15.00006156166348781 ) ) ;
#388 = ORIENTED_EDGE ( 'NONE', *, *, #271, .T. ) ;
#389 = DIRECTION ( 'NONE',  ( -1.000000000000000000, -0.000000000000000000, -0.000000000000000000 ) ) ;
#390 = CARTESIAN_POINT ( 'NONE',  ( 0.000000000000000000, 0.000000000000000000, -19.99999999999999645 ) ) ;
#391 = CARTESIAN_POINT ( 'NONE',  ( -14.79018260225538484, 2.500099718464173559, -12.33634892124267601 ) ) ;
#392 = ORIENTED_EDGE ( 'NONE', *, *, #570, .F. ) ;
#393 = ORIENTED_EDGE ( 'NONE', *, *, #469, .F. ) ;
#394 = FACE_OUTER_BOUND ( 'NONE', #1082, .T. ) ;
#395 = ORIENTED_EDGE ( 'NONE', *, *, #308, .T. ) ;
#396 = CARTESIAN_POINT ( 'NONE',  ( 14.92292678812147244, -1.524746365822093663, -14.48791754438988910 ) ) ;
#397 = VECTOR ( 'NONE', #366, 1000.000000000000000 ) ;
#398 = CARTESIAN_POINT ( 'NONE',  ( 14.94995795112519232, 1.260746848851914681, -14.68323260449938950 ) ) ;
#399 = DIRECTION ( 'NONE',  ( 1.000000000000000000, 0.000000000000000000, 0.000000000000000000 ) ) ;
#400 = DIRECTION ( 'NONE',  ( 1.000000000000000000, 0.000000000000000000, 0.000000000000000000 ) ) ;
#401 = ORIENTED_EDGE ( 'NONE', *, *, #862, .F. ) ;
#402 = AXIS2_PLACEMENT_3D ( 'NONE', #199, #713, #206 ) ;
#403 = ADVANCED_FACE ( 'NONE', ( #592 ), #850, .F. ) ;
#404 = CARTESIAN_POINT ( 'NONE',  ( 21.91943857381762584, 1.884651092172159759, -10.84914730421488649 ) ) ;
#405 = CARTESIAN_POINT ( 'NONE',  ( -14.86798121760249103, -1.987831418275114004, -14.02479580724218167 ) ) ;
#406 = FACE_BOUND ( 'NONE', #745, .T. ) ;
#407 = CARTESIAN_POINT ( 'NONE',  ( -21.87189742127333858, -2.371517996444199028, -13.30792183089273450 ) ) ;
#408 = CARTESIAN_POINT ( 'NONE',  ( 21.91018038262052059, 1.988028014288403478, -10.97544879571001886 ) ) ;
#409 = CARTESIAN_POINT ( 'NONE',  ( 0.000000000000000000, 0.000000000000000000, 0.000000000000000000 ) ) ;
#410 = LINE ( 'NONE', #684, #1031 ) ;
#411 = ADVANCED_BREP_SHAPE_REPRESENTATION ( 'BulkheadV2', ( #1008, #1068 ), #668 ) ;
#412 = VECTOR ( 'NONE', #920, 1000.000000000000000 ) ;
#413 = EDGE_CURVE ( 'NONE', #137, #98, #353, .T. ) ;
#414 = CARTESIAN_POINT ( 'NONE',  ( 14.99724675895545190, -0.3292118260945333663, -10.01637142392606172 ) ) ;
#415 = CARTESIAN_POINT ( 'NONE',  ( 1.651266225227695061, -21.93824733457653409, -14.38410809226021492 ) ) ;
#416 = CARTESIAN_POINT ( 'NONE',  ( -21.91018038262051704, 1.988028014288404810, -14.02455120428997049 ) ) ;
#417 = CARTESIAN_POINT ( 'NONE',  ( 14.95982851372032663, 1.107366162981016977, -10.25272111202913372 ) ) ;
#418 = FACE_OUTER_BOUND ( 'NONE', #476, .T. ) ;
#419 = CARTESIAN_POINT ( 'NONE',  ( 14.83089638784086084, -2.246897384822245325, -11.39169021522937619 ) ) ;
#420 = CARTESIAN_POINT ( 'NONE',  ( 1.107327015447341578, -21.97263729921870379, -14.74736990035620288 ) ) ;
#421 = CARTESIAN_POINT ( 'NONE',  ( -21.88501482311159663, 2.247242501584559182, -13.60759179319226497 ) ) ;
#422 = CARTESIAN_POINT ( 'NONE',  ( 14.98670335942011533, 0.6517788203636503130, -14.91915119314535509 ) ) ;
#423 = CARTESIAN_POINT ( 'NONE',  ( 21.87189742127333503, -2.371517996444200360, -11.69207816910726550 ) ) ;
#424 = CARTESIAN_POINT ( 'NONE',  ( 2.500000000000051514, -14.79019945774902745, -12.33454901770110901 ) ) ;
#425 = CARTESIAN_POINT ( 'NONE',  ( -21.96472691051775428, 1.252716034586416338, -10.33034883663851211 ) ) ;
#426 = EDGE_CURVE ( 'NONE', #732, #140, #610, .T. ) ;
#427 = CARTESIAN_POINT ( 'NONE',  ( -21.98576975837790926, 0.8055346267996070786, -14.87233258094486565 ) ) ;
#428 = APPLICATION_CONTEXT ( 'automotive_design' ) ;
#429 = CARTESIAN_POINT ( 'NONE',  ( 2.500000000000076383, -21.85749299439438431, -12.49999999999999467 ) ) ;
#430 = B_SPLINE_CURVE_WITH_KNOTS ( 'NONE', 3,
 ( #631, #704, #550, #900, #454, #119, #620, #616, #813, #460, #966, #634, #448, #1065, #982, #381, #540, #554, #287, #97, #103, #470, #12, #727, #889, #793, #804, #364, #710, #375 ),
 .UNSPECIFIED., .F., .F.,
 ( 4, 2, 2, 2, 2, 2, 2, 2, 2, 2, 2, 2, 2, 2, 4 ),
 ( 0.007829796715589925835, 0.008808276655625654761, 0.009297516625643516622, 0.009786756595661378483, 0.01027599656567924208, 0.01076523653569710394, 0.01125447650571496580, 0.01174371647573282940, 0.01223295644575069126, 0.01272219641576855312, 0.01321143638578641671, 0.01370067635580427684, 0.01467915629584000577, 0.01516839626585787110, 0.01565763623587573816 ),
 .UNSPECIFIED. ) ;
#431 = CARTESIAN_POINT ( 'NONE',  ( 21.94747638733189987, -1.525456680342556437, -10.51254532518240481 ) ) ;
#432 = CARTESIAN_POINT ( 'NONE',  ( 14.79018900137145209, -2.500061860768669764, -12.33757216390380407 ) ) ;
#433 = ORIENTED_EDGE ( 'NONE', *, *, #590, .T. ) ;
#434 = CARTESIAN_POINT ( 'NONE',  ( -0.3295565019296460840, -21.99811213194029236, -14.98353416055947562 ) ) ;
#435 = CARTESIAN_POINT ( 'NONE',  ( -0.6492911563705423550, -14.98680043806512074, -14.91974860570620898 ) ) ;
#436 = AXIS2_PLACEMENT_3D ( 'NONE', #845, #327, #934 ) ;
#437 = CARTESIAN_POINT ( 'NONE',  ( 22.00000000000000000, 0.000000000000000000, 0.000000000000000000 ) ) ;
#438 = B_SPLINE_CURVE_WITH_KNOTS ( 'NONE', 3,
 ( #429, #174, #702, #10, #256, #609, #251, #605, #169, #1046, #791, #773, #180, #949, #96, #453, #953, #1053, #6, #1057, #864, #615, #619, #102, #1041, #343, #797, #186, #957, #539, #363, #527, #687, #272 ),
 .UNSPECIFIED., .F., .F.,
 ( 4, 2, 2, 2, 2, 2, 2, 2, 2, 2, 2, 2, 2, 2, 2, 2, 4 ),
 ( 1.788112030672749005E-18, 0.0004889032446265461837, 0.0009778064892530906327, 0.001466709733879635299, 0.001955612978506179531, 0.002444516223132723546, 0.002933419467759267128, 0.003422322712385811577, 0.003911225957012355592, 0.004400129201638900041, 0.004889032446265444490, 0.005377935690891988939, 0.005866838935518532520, 0.006355742180145077837, 0.006844645424771622286, 0.007333548669398166735, 0.007822451914024711184 ),
 .UNSPECIFIED. ) ;
#439 = CARTESIAN_POINT ( 'NONE',  ( 21.85933980589635084, -2.484004597027104744, -12.82600124842888611 ) ) ;
#440 = VERTEX_POINT ( 'NONE', #505 ) ;
#441 = CARTESIAN_POINT ( 'NONE',  ( -21.86653775262955079, 2.419828691213692373, -11.85076120678621514 ) ) ;
#442 = CARTESIAN_POINT ( 'NONE',  ( -1.524826146211018196, -14.92291396228466027, -14.48780850891374072 ) ) ;
#443 = CARTESIAN_POINT ( 'NONE',  ( -15.00000000000000178, 0.000000000000000000, -7.500000000000000000 ) ) ;
#444 = CARTESIAN_POINT ( 'NONE',  ( 22.00000000000001066, -0.1631898490675859348, -9.999999999999996447 ) ) ;
#445 = CARTESIAN_POINT ( 'NONE',  ( 2.420108442972868978, 21.86650667543193904, -13.14817916018650656 ) ) ;
#446 = CARTESIAN_POINT ( 'NONE',  ( 15.00000000000000178, 1.118068338187844452E-22, -9.999999999999996447 ) ) ;
#447 = CARTESIAN_POINT ( 'NONE',  ( 0.000000000000000000, 0.000000000000000000, -2.999999999999997335 ) ) ;
#448 = CARTESIAN_POINT ( 'NONE',  ( 0.6495891646716723811, 14.98678098919738844, -10.08037262815293822 ) ) ;
#449 = EDGE_CURVE ( 'NONE', #826, #529, #691, .T. ) ;
#450 = ADVANCED_FACE ( 'NONE', ( #1022, #767 ), #1040, .F. ) ;
#451 = CARTESIAN_POINT ( 'NONE',  ( -14.92262809724313932, 1.539076963317370206, -10.50323566473297277 ) ) ;
#452 = CARTESIAN_POINT ( 'NONE',  ( -1.988197773987627981, 21.91016602765142096, -10.97561389270530974 ) ) ;
#453 = CARTESIAN_POINT ( 'NONE',  ( 0.3264340483938253934, -21.99817047859173869, -10.01594629589531493 ) ) ;
#454 = CARTESIAN_POINT ( 'NONE',  ( 2.169471268799451735, 14.84256911400628809, -11.24689579470283363 ) ) ;
#455 = ORIENTED_EDGE ( 'NONE', *, *, #881, .T. ) ;
#456 = AXIS2_PLACEMENT_3D ( 'NONE', #443, #517, #708 ) ;
#457 = CARTESIAN_POINT ( 'NONE',  ( 0.3295565019294935949, 21.99811213194028880, -14.98353416055948095 ) ) ;
#458 = CARTESIAN_POINT ( 'NONE',  ( -2.420165369323333593, 21.86650002740144316, -11.85241454316041931 ) ) ;
#459 = CARTESIAN_POINT ( 'NONE',  ( 1.884185137447497160, 14.88165267448388107, -14.15134646383203609 ) ) ;
#460 = CARTESIAN_POINT ( 'NONE',  ( 1.254408682611774406, 14.94807586867059257, -10.33135429561227170 ) ) ;
#461 = CARTESIAN_POINT ( 'NONE',  ( -0.3260021051737089781, 21.99816555771703008, -14.98400451185150395 ) ) ;
#462 = CARTESIAN_POINT ( 'NONE',  ( 2.499999999999845013, 14.79019945774907008, -12.66331201686068475 ) ) ;
#463 = VERTEX_POINT ( 'NONE', #516 ) ;
#464 = APPLICATION_PROTOCOL_DEFINITION ( 'draft international standard', 'automotive_design', 1998, #428 ) ;
#465 = CARTESIAN_POINT ( 'NONE',  ( -21.93805054253644826, -1.653867570296511991, -10.61817497720381809 ) ) ;
#466 = ORIENTED_EDGE ( 'NONE', *, *, #149, .F. ) ;
#467 = CARTESIAN_POINT ( 'NONE',  ( 2.372136715205131363, 14.81138049057050665, -13.30607979390889106 ) ) ;
#468 = ORIENTED_EDGE ( 'NONE', *, *, #624, .F. ) ;
#469 = EDGE_CURVE ( 'NONE', #380, #882, #1109, .T. ) ;
#470 = CARTESIAN_POINT ( 'NONE',  ( -1.523297897880199647, 14.92307656678520011, -10.51095936238018247 ) ) ;
#471 = CARTESIAN_POINT ( 'NONE',  ( 2.168577347913835052, 21.89304771087768842, -11.24549673735549682 ) ) ;
#472 = FACE_OUTER_BOUND ( 'NONE', #551, .T. ) ;
#473 = ORIENTED_EDGE ( 'NONE', *, *, #663, .T. ) ;
#474 = ORIENTED_EDGE ( 'NONE', *, *, #764, .F. ) ;
#475 = LINE ( 'NONE', #26, #600 ) ;
#476 = EDGE_LOOP ( 'NONE', ( #1001, #473, #226, #981, #198, #214, #268, #824 ) ) ;
#477 = CARTESIAN_POINT ( 'NONE',  ( -14.97909145961874700, -0.8060905699374042443, -14.87213343815152200 ) ) ;
#478 = CARTESIAN_POINT ( 'NONE',  ( 15.00000000000000178, 1.118068338187844452E-22, -9.999999999999996447 ) ) ;
#479 = CYLINDRICAL_SURFACE ( 'NONE', #859, 22.00000000000000000 ) ;
#480 = CARTESIAN_POINT ( 'NONE',  ( -21.88516204358885986, -2.245813157860506504, -13.61047672297639188 ) ) ;
#481 = ORIENTED_EDGE ( 'NONE', *, *, #963, .F. ) ;
#482 = CARTESIAN_POINT ( 'NONE',  ( -1.987937369216044026, 14.86796883309246375, -14.02472014668611777 ) ) ;
#483 = ORIENTED_EDGE ( 'NONE', *, *, #862, .T. ) ;
#484 = CARTESIAN_POINT ( 'NONE',  ( -14.79297626665067433, -2.483727951080204388, -12.82841675757990352 ) ) ;
#485 = EDGE_CURVE ( 'NONE', #580, #902, #410, .T. ) ;
#486 = CARTESIAN_POINT ( 'NONE',  ( 14.79293157716243101, 2.483990701801981338, -12.82619975886903951 ) ) ;
#487 = CARTESIAN_POINT ( 'NONE',  ( -14.88167880599687898, 1.883887661739577002, -10.84850864206090115 ) ) ;
#488 = CARTESIAN_POINT ( 'NONE',  ( 0.000000000000000000, 0.000000000000000000, -7.499999999999999112 ) ) ;
#489 = ORIENTED_EDGE ( 'NONE', *, *, #382, .T. ) ;
#490 = CARTESIAN_POINT ( 'NONE',  ( 21.85933488453299134, 2.484053660417478326, -12.82643424697967838 ) ) ;
#491 = EDGE_LOOP ( 'NONE', ( #386, #549 ) ) ;
#492 = CARTESIAN_POINT ( 'NONE',  ( -2.499999999999923617, -21.85749299439440207, -12.49999999999999645 ) ) ;
#493 = CIRCLE ( 'NONE', #1120, 18.99999999999999645 ) ;
#494 = CARTESIAN_POINT ( 'NONE',  ( 15.00000000000000178, 0.000000000000000000, -19.99999999999999645 ) ) ;
#495 = FACE_OUTER_BOUND ( 'NONE', #114, .T. ) ;
#496 = ORIENTED_EDGE ( 'NONE', *, *, #273, .F. ) ;
#497 = PRESENTATION_LAYER_ASSIGNMENT (  '', '', ( #629 ) ) ;
#498 = CARTESIAN_POINT ( 'NONE',  ( 21.98576975837790926, 0.8055346267996054133, -10.12766741905512902 ) ) ;
#499 = CARTESIAN_POINT ( 'NONE',  ( -14.80357972384035037, -2.419729098946395318, -11.85037972088286828 ) ) ;
#500 = LINE ( 'NONE', #143, #989 ) ;
#501 = ADVANCED_FACE ( 'NONE', ( #672, #237 ), #677, .F. ) ;
#502 = CARTESIAN_POINT ( 'NONE',  ( 22.00000000000000000, -2.608644684430102889E-23, -9.999999999999996447 ) ) ;
#503 = CARTESIAN_POINT ( 'NONE',  ( -1.987251546976700700, -14.86806291280873182, -10.97431752172382602 ) ) ;
#504 = CARTESIAN_POINT ( 'NONE',  ( -21.87186733164128682, 2.371782049554976179, -11.69305583480036148 ) ) ;
#505 = CARTESIAN_POINT ( 'NONE',  ( 22.00000000000000000, 0.000000000000000000, -6.599999999999996980 ) ) ;
#506 = AXIS2_PLACEMENT_3D ( 'NONE', #722, #545, #875 ) ;
#507 = B_SPLINE_CURVE_WITH_KNOTS ( 'NONE', 3,
 ( #70, #250, #1027, #244, #599, #856, #76, #772, #1118, #1036, #339, #948, #168, #863, #952, #757, #83, #435, #172, #842, #59, #442, #796, #697, #362, #802, #872, #707, #531, #14, #956, #969 ),
 .UNSPECIFIED., .F., .F.,
 ( 4, 2, 2, 2, 2, 2, 2, 2, 2, 2, 2, 2, 2, 2, 2, 4 ),
 ( 1.788112030672749005E-18, 0.0004893622947243718825, 0.0009787245894487420304, 0.001468086884173112287, 0.001957449178897482326, 0.002936173768346222838, 0.003425536063070592878, 0.003914898357794962917, 0.004404260652519332957, 0.004893622947243702996, 0.005382985241968073035, 0.005872347536692443942, 0.006361709831416813982, 0.006851072126141184021, 0.007340434420865554060, 0.007829796715589924100 ),
 .UNSPECIFIED. ) ;
#508 = CARTESIAN_POINT ( 'NONE',  ( -2.434286619586713218, -14.80169476362339864, -11.84400270486006868 ) ) ;
#509 = CARTESIAN_POINT ( 'NONE',  ( -1.110480498374098346, -21.97247737158160774, -14.74581138282120385 ) ) ;
#510 = CARTESIAN_POINT ( 'NONE',  ( -18.99999999999999645, 0.000000000000000000, -6.599999999999997868 ) ) ;
#511 = CIRCLE ( 'NONE', #942, 22.00000000000000000 ) ;
#512 = CARTESIAN_POINT ( 'NONE',  ( 14.88167880599688075, 1.883887661739577002, -14.15149135793909885 ) ) ;
#513 = CARTESIAN_POINT ( 'NONE',  ( 21.91004659097514562, -1.989507255007780362, -14.02267235326253214 ) ) ;
#514 = CARTESIAN_POINT ( 'NONE',  ( -1.111027708147418913, -14.95956741898087472, -10.25444274359720254 ) ) ;
#515 = CARTESIAN_POINT ( 'NONE',  ( -21.99104819409528133, 0.6475864700198635804, -10.07983486887676250 ) ) ;
#516 = CARTESIAN_POINT ( 'NONE',  ( -22.00000000000000000, 2.694222958124176809E-15, 0.000000000000000000 ) ) ;
#517 = DIRECTION ( 'NONE',  ( 0.000000000000000000, -0.000000000000000000, 1.000000000000000000 ) ) ;
#518 = CARTESIAN_POINT ( 'NONE',  ( 0.3262035879837847374, -14.99730736112737794, -10.01600966158367179 ) ) ;
#519 = ORIENTED_EDGE ( 'NONE', *, *, #203, .F. ) ;
#520 = DIRECTION ( 'NONE',  ( -0.000000000000000000, -0.000000000000000000, 1.000000000000000000 ) ) ;
#521 = CARTESIAN_POINT ( 'NONE',  ( -21.85933488453299134, 2.484053660417478326, -12.17356575302031452 ) ) ;
#522 = CARTESIAN_POINT ( 'NONE',  ( -22.00000000000000000, -6.788806661118288209E-17, -9.999999999999996447 ) ) ;
#523 = FILL_AREA_STYLE_COLOUR ( '', #779 ) ;
#524 = CARTESIAN_POINT ( 'NONE',  ( -2.170005303695750953, -21.89290941846850558, -13.75222628014883242 ) ) ;
#525 = CARTESIAN_POINT ( 'NONE',  ( 0.3280850848412169563, 21.99813839183711295, -10.01623253098149924 ) ) ;
#526 = AXIS2_PLACEMENT_3D ( 'NONE', #266, #630, #1064 ) ;
#527 = CARTESIAN_POINT ( 'NONE',  ( -2.483638611086400161, -21.85938187921189169, -12.17096290442066220 ) ) ;
#528 = CARTESIAN_POINT ( 'NONE',  ( -15.00000000000000178, 1.836970310527797932E-15, -14.99999999999999822 ) ) ;
#529 = VERTEX_POINT ( 'NONE', #851 ) ;
#530 = CARTESIAN_POINT ( 'NONE',  ( 0.000000000000000000, 0.000000000000000000, -6.599999999999996980 ) ) ;
#531 = CARTESIAN_POINT ( 'NONE',  ( -2.419503606102674009, -14.80361639944470120, -13.15022488197846151 ) ) ;
#532 = EDGE_CURVE ( 'NONE', #726, #695, #507, .T. ) ;
#533 = CARTESIAN_POINT ( 'NONE',  ( 15.00000000000000178, 0.000000000000000000, 0.000000000000000000 ) ) ;
#534 = CARTESIAN_POINT ( 'NONE',  ( -21.94728502951468130, -1.528198521240488494, -10.51465027615870440 ) ) ;
#535 = ORIENTED_EDGE ( 'NONE', *, *, #271, .F. ) ;
#536 = B_SPLINE_CURVE_WITH_KNOTS ( 'NONE', 3,
 ( #30, #1105, #321, #641, #666, #1017, #737, #555, #210, #136, #901, #384, #730, #991, #1080, #391, #297, #650, #999, #217, #572, #915, #487, #451, #700, #3, #1049, #189, #711, #94 ),
 .UNSPECIFIED., .F., .F.,
 ( 4, 2, 2, 2, 2, 2, 2, 2, 2, 2, 2, 2, 2, 2, 4 ),
 ( 0.007829808997192497580, 0.008808290957735793320, 0.009297531938007440322, 0.009786772918279085590, 0.01027601389855073259, 0.01076525487882237959, 0.01125449585909402486, 0.01174373683936567186, 0.01223297781963731887, 0.01272221879990896587, 0.01321145978018061287, 0.01370070076045225987, 0.01467918272099555041, 0.01516842370126719741, 0.01565766468153884095 ),
 .UNSPECIFIED. ) ;
#537 = LINE ( 'NONE', #111, #290 ) ;
#538 = CARTESIAN_POINT ( 'NONE',  ( -2.483762383306030497, 21.85936751798855937, -12.17214063677233682 ) ) ;
#539 = CARTESIAN_POINT ( 'NONE',  ( -2.372333281314663811, -21.87180861275324872, -11.69446767495242590 ) ) ;
#540 = CARTESIAN_POINT ( 'NONE',  ( -0.3262035879838903751, 14.99730736112737439, -10.01600966158367179 ) ) ;
#541 = CARTESIAN_POINT ( 'NONE',  ( 1.110480498373944469, 21.97247737158161129, -14.74581138282120207 ) ) ;
#542 = CARTESIAN_POINT ( 'NONE',  ( -15.00000000000000178, 1.836970198721029983E-15, 0.000000000000000000 ) ) ;
#543 = AXIS2_PLACEMENT_3D ( 'NONE', #352, #712, #1051 ) ;
#544 = CARTESIAN_POINT ( 'NONE',  ( -2.169387573297976157, 14.84257894580840009, -13.75316561812736005 ) ) ;
#545 = DIRECTION ( 'NONE',  ( -1.047444401652940007E-14, 1.000000000000000000, -0.000000000000000000 ) ) ;
#546 = AXIS2_PLACEMENT_3D ( 'NONE', #725, #632, #1083 ) ;
#547 = DIRECTION ( 'NONE',  ( 1.000000000000000000, 0.000000000000000000, 0.000000000000000000 ) ) ;
#548 = CARTESIAN_POINT ( 'NONE',  ( 2.419503606102570537, 14.80361639944471897, -13.15022488197846329 ) ) ;
#549 = ORIENTED_EDGE ( 'NONE', *, *, #413, .F. ) ;
#550 = CARTESIAN_POINT ( 'NONE',  ( 2.434286619586607969, 14.80169476362341641, -11.84400270486006512 ) ) ;
#551 = EDGE_LOOP ( 'NONE', ( #557, #567, #919, #831 ) ) ;
#552 = CARTESIAN_POINT ( 'NONE',  ( 1.651383765897189493, 14.90928139159908383, -14.38415244434200169 ) ) ;
#553 = ORIENTED_EDGE ( 'NONE', *, *, #663, .F. ) ;
#554 = CARTESIAN_POINT ( 'NONE',  ( -0.6462656219365132682, 14.98692689015469881, -10.07947164278905205 ) ) ;
#555 = CARTESIAN_POINT ( 'NONE',  ( -14.88192730507121198, 1.881944988242676198, -14.15373228522741833 ) ) ;
#556 = AXIS2_PLACEMENT_3D ( 'NONE', #820, #569, #57 ) ;
#557 = ORIENTED_EDGE ( 'NONE', *, *, #144, .T. ) ;
#558 = ORIENTED_EDGE ( 'NONE', *, *, #613, .T. ) ;
#559 = CARTESIAN_POINT ( 'NONE',  ( -2.500000000000155431, 14.79019945774901679, -12.49999999999999822 ) ) ;
#560 = ORIENTED_EDGE ( 'NONE', *, *, #341, .F. ) ;
#561 = CARTESIAN_POINT ( 'NONE',  ( -14.94803396949450125, -1.254884309730900371, -14.66835194969599421 ) ) ;
#562 = CARTESIAN_POINT ( 'NONE',  ( 0.000000000000000000, 0.000000000000000000, 0.000000000000000000 ) ) ;
#563 = DIRECTION ( 'NONE',  ( -0.000000000000000000, -0.000000000000000000, 1.000000000000000000 ) ) ;
#564 = ORIENTED_EDGE ( 'NONE', *, *, #570, .T. ) ;
#565 = ORIENTED_EDGE ( 'NONE', *, *, #881, .F. ) ;
#566 = CARTESIAN_POINT ( 'NONE',  ( 2.499999999999770850, 21.85749299439441984, -12.49999999999999645 ) ) ;
#567 = ORIENTED_EDGE ( 'NONE', *, *, #766, .T. ) ;
#568 = ADVANCED_FACE ( 'NONE', ( #260 ), #264, .F. ) ;
#569 = DIRECTION ( 'NONE',  ( -0.000000000000000000, -0.000000000000000000, 1.000000000000000000 ) ) ;
#570 = EDGE_CURVE ( 'NONE', #131, #993, #1056, .T. ) ;
#571 = FACE_OUTER_BOUND ( 'NONE', #291, .T. ) ;
#572 = CARTESIAN_POINT ( 'NONE',  ( -14.84242050107707200, 2.170470525850520804, -11.24869035003737139 ) ) ;
#573 = CARTESIAN_POINT ( 'NONE',  ( -21.89301216425257479, -2.168946296325210188, -13.75392431414215189 ) ) ;
#574 = EDGE_LOOP ( 'NONE', ( #319, #138 ) ) ;
#575 = CARTESIAN_POINT ( 'NONE',  ( 21.85936714297778138, 2.483767653658349062, -12.17191637734251231 ) ) ;
#576 = VERTEX_POINT ( 'NONE', #618 ) ;
#577 = CARTESIAN_POINT ( 'NONE',  ( -14.95974914407816847, -1.108543417651205010, -14.74676001088695187 ) ) ;
#578 = CARTESIAN_POINT ( 'NONE',  ( 2.499999999999770406, 21.85749299439441984, -12.33677144426187589 ) ) ;
#579 = CARTESIAN_POINT ( 'NONE',  ( 22.00100000000000122, 0.000000000000000000, -12.49999999999999645 ) ) ;
#580 = VERTEX_POINT ( 'NONE', #446 ) ;
#581 = ORIENTED_EDGE ( 'NONE', *, *, #15, .T. ) ;
#582 = CARTESIAN_POINT ( 'NONE',  ( 21.97258887648235870, 1.108285147632030565, -10.25310170654656261 ) ) ;
#583 = CARTESIAN_POINT ( 'NONE',  ( -14.99724675895545367, -0.3292118260945319230, -14.98362857607393117 ) ) ;
#584 = VECTOR ( 'NONE', #1106, 1000.000000000000000 ) ;
#585 = FACE_OUTER_BOUND ( 'NONE', #788, .T. ) ;
#586 = EDGE_CURVE ( 'NONE', #902, #1000, #833, .T. ) ;
#587 = CARTESIAN_POINT ( 'NONE',  ( 21.88501482311159663, 2.247242501584559182, -11.39240820680772259 ) ) ;
#588 = CARTESIAN_POINT ( 'NONE',  ( 15.00000000000000355, -0.1633121688396657889, -9.999999999999996447 ) ) ;
#589 = CARTESIAN_POINT ( 'NONE',  ( -21.96462144570043407, 1.254508820498300814, -14.66857420116712873 ) ) ;
#590 = EDGE_CURVE ( 'NONE', #1084, #882, #960, .T. ) ;
#591 = CARTESIAN_POINT ( 'NONE',  ( -0.3299441087383809257, -14.99722332253993784, -10.01651462928420777 ) ) ;
#592 = FACE_OUTER_BOUND ( 'NONE', #635, .T. ) ;
#593 = CARTESIAN_POINT ( 'NONE',  ( -21.99812378148272884, 0.3290367968839633117, -14.98363870349330718 ) ) ;
#594 = AXIS2_PLACEMENT_3D ( 'NONE', #751, #822, #1088 ) ;
#595 = DIRECTION ( 'NONE',  ( -1.047444401652940007E-14, 1.000000000000000000, -0.000000000000000000 ) ) ;
#596 = CYLINDRICAL_SURFACE ( 'NONE', #1016, 22.00000000000000000 ) ;
#597 = CARTESIAN_POINT ( 'NONE',  ( 2.183244660825496286, -14.84080368260242722, -11.23927699094950761 ) ) ;
#598 = DIRECTION ( 'NONE',  ( -0.000000000000000000, -0.000000000000000000, 1.000000000000000000 ) ) ;
#599 = CARTESIAN_POINT ( 'NONE',  ( 2.371818476130799436, -14.81143197799693034, -13.30704296345001225 ) ) ;
#600 = VECTOR ( 'NONE', #1062, 1000.000000000000000 ) ;
#601 = CYLINDRICAL_SURFACE ( 'NONE', #195, 2.500000000000000000 ) ;
#602 = CARTESIAN_POINT ( 'NONE',  ( 14.97909145961875055, -0.8060905699374054656, -10.12786656184847445 ) ) ;
#603 = CARTESIAN_POINT ( 'NONE',  ( -0.6491325906007908708, -21.99100206305302407, -14.91974715506596816 ) ) ;
#604 = CARTESIAN_POINT ( 'NONE',  ( 2.500000000000230482, -22.00100000000020017, -12.49999999999999645 ) ) ;
#605 = CARTESIAN_POINT ( 'NONE',  ( 1.988197773987474548, -21.91016602765142807, -10.97561389270530618 ) ) ;
#606 = FILL_AREA_STYLE ('',( #523 ) ) ;
#607 = CARTESIAN_POINT ( 'NONE',  ( -21.91029920893024752, 1.986759559870682201, -10.97362943863108065 ) ) ;
#608 = DIRECTION ( 'NONE',  ( -1.000000000000000000, 0.000000000000000000, -0.000000000000000000 ) ) ;
#609 = CARTESIAN_POINT ( 'NONE',  ( 2.246467399018135414, -21.88509468221378640, -11.39084064805538077 ) ) ;
#610 = B_SPLINE_CURVE_WITH_KNOTS ( 'NONE', 3,
 ( #690, #696, #162, #515, #243, #855, #425, #1039, #254, #771, #607, #1117, #170, #504, #441, #521, #348, #1124, #152, #1019, #943, #421, #156, #416, #778, #234, #329, #589, #322, #427, #669, #593, #163, #1114 ),
 .UNSPECIFIED., .F., .F.,
 ( 4, 2, 2, 2, 2, 2, 2, 2, 2, 2, 2, 2, 2, 2, 2, 2, 4 ),
 ( 6.596638267038550235E-20, 0.0004889034085889172078, 0.0009778068171778341987, 0.001466710225766751190, 0.001955613634355668397, 0.002444517042944585605, 0.002933420451533502379, 0.003422323860122419587, 0.003911227268711336795, 0.004400130677300253569, 0.004889034085889171211, 0.005377937494478087985, 0.005866840903067004759, 0.006355744311655922400, 0.006844647720244839174, 0.007333551128833756816, 0.007822454537422673590 ),
 .UNSPECIFIED. ) ;
#611 = ORIENTED_EDGE ( 'NONE', *, *, #238, .T. ) ;
#612 = CARTESIAN_POINT ( 'NONE',  ( 2.499999999999845013, 14.79019945774906653, -12.49999999999999645 ) ) ;
#613 = EDGE_CURVE ( 'NONE', #46, #1097, #627, .T. ) ;
#614 = CARTESIAN_POINT ( 'NONE',  ( -2.500000000000229594, 21.85749299439436655, -12.33467535763302436 ) ) ;
#615 = CARTESIAN_POINT ( 'NONE',  ( -1.107595720774542158, -21.97262398825695939, -10.25275936340003824 ) ) ;
#616 = CARTESIAN_POINT ( 'NONE',  ( 1.653760437959669094, 14.90900802119018032, -10.61807969802649332 ) ) ;
#617 = CARTESIAN_POINT ( 'NONE',  ( 1.653828630337611516, 21.93805357949029045, -14.38186143982011167 ) ) ;
#618 = CARTESIAN_POINT ( 'NONE',  ( -21.99999999999999645, 2.694222958124176415E-15, -2.999999999999997335 ) ) ;
#619 = CARTESIAN_POINT ( 'NONE',  ( -1.253811673209060951, -21.96466151576444403, -10.33102135436062952 ) ) ;
#620 = CARTESIAN_POINT ( 'NONE',  ( 1.884036828533116381, 14.88166149967148755, -10.84865120647653036 ) ) ;
#621 = CARTESIAN_POINT ( 'NONE',  ( -2.433457143917249432, 21.86536246516535442, -13.15899332099817443 ) ) ;
#622 = CARTESIAN_POINT ( 'NONE',  ( 1.650858423625527038, 21.93828549840420905, -10.61535388252892531 ) ) ;
#623 = DIRECTION ( 'NONE',  ( -0.000000000000000000, -0.000000000000000000, 1.000000000000000000 ) ) ;
#624 = EDGE_CURVE ( 'NONE', #576, #463, #907, .T. ) ;
#625 = CARTESIAN_POINT ( 'NONE',  ( -14.99726402656820667, -0.3281603911762283610, -10.01626985884420051 ) ) ;
#626 = CARTESIAN_POINT ( 'NONE',  ( -2.500000000000228262, 21.85749299439436300, -12.83057085763666727 ) ) ;
#627 = CIRCLE ( 'NONE', #47, 18.99999999999999645 ) ;
#628 = CARTESIAN_POINT ( 'NONE',  ( 21.99999999999999645, 0.000000000000000000, -2.999999999999997335 ) ) ;
#629 = STYLED_ITEM ( 'NONE', ( #1024 ), #1008 ) ;
#630 = DIRECTION ( 'NONE',  ( -0.000000000000000000, -0.000000000000000000, 1.000000000000000000 ) ) ;
#631 = CARTESIAN_POINT ( 'NONE',  ( 2.499999999999845013, 14.79019945774906653, -12.49999999999999645 ) ) ;
#632 = DIRECTION ( 'NONE',  ( -0.000000000000000000, -0.000000000000000000, 1.000000000000000000 ) ) ;
#633 = ORIENTED_EDGE ( 'NONE', *, *, #203, .T. ) ;
#634 = CARTESIAN_POINT ( 'NONE',  ( 0.8080712868732728982, 14.97898730644486243, -10.12851718214417041 ) ) ;
#635 = EDGE_LOOP ( 'NONE', ( #219, #183, #705, #285 ) ) ;
#636 = ORIENTED_EDGE ( 'NONE', *, *, #328, .F. ) ;
#637 = CARTESIAN_POINT ( 'NONE',  ( 0.000000000000000000, 0.000000000000000000, 0.000000000000000000 ) ) ;
#638 = ORIENTED_EDGE ( 'NONE', *, *, #144, .F. ) ;
#639 = DIRECTION ( 'NONE',  ( 1.000000000000000000, 0.000000000000000000, 0.000000000000000000 ) ) ;
#640 = FACE_BOUND ( 'NONE', #207, .T. ) ;
#641 = CARTESIAN_POINT ( 'NONE',  ( -14.95982851372033018, 1.107366162981017421, -14.74727888797086273 ) ) ;
#642 = ORIENTED_EDGE ( 'NONE', *, *, #1029, .T. ) ;
#643 = ADVANCED_FACE ( 'NONE', ( #304 ), #601, .F. ) ;
#644 = ORIENTED_EDGE ( 'NONE', *, *, #373, .F. ) ;
#645 = ADVANCED_FACE ( 'NONE', ( #640, #571 ), #944, .F. ) ;
#646 = DIRECTION ( 'NONE',  ( -0.000000000000000000, -0.000000000000000000, 1.000000000000000000 ) ) ;
#647 = EDGE_LOOP ( 'NONE', ( #34, #651 ) ) ;
#648 = CARTESIAN_POINT ( 'NONE',  ( -15.00000000000000000, -0.1633121688396636517, -14.99999999999999645 ) ) ;
#649 = CARTESIAN_POINT ( 'NONE',  ( 0.000000000000000000, 0.000000000000000000, -6.599999999999996980 ) ) ;
#650 = CARTESIAN_POINT ( 'NONE',  ( -14.80344782406599258, 2.420530308301032552, -11.85374222177134662 ) ) ;
#651 = ORIENTED_EDGE ( 'NONE', *, *, #2, .F. ) ;
#652 = VECTOR ( 'NONE', #84, 1000.000000000000000 ) ;
#653 = VERTEX_POINT ( 'NONE', #494 ) ;
#654 = CARTESIAN_POINT ( 'NONE',  ( 21.99812378148272884, 0.3290367968839611468, -10.01636129650669105 ) ) ;
#655 = EDGE_LOOP ( 'NONE', ( #401, #560 ) ) ;
#656 = CARTESIAN_POINT ( 'NONE',  ( 15.00000000000000178, -2.105391304433167785E-16, -14.99999999999999822 ) ) ;
#657 = CARTESIAN_POINT ( 'NONE',  ( 14.86803497713260391, 1.987437257370135102, -10.97466161420091879 ) ) ;
#658 = CARTESIAN_POINT ( 'NONE',  ( 22.00000000000000000, 0.000000000000000000, -19.99999999999999645 ) ) ;
#659 = ORIENTED_EDGE ( 'NONE', *, *, #308, .F. ) ;
#660 = ORIENTED_EDGE ( 'NONE', *, *, #60, .T. ) ;
#661 = CARTESIAN_POINT ( 'NONE',  ( 21.99813803720676830, 0.3278594320300151077, -14.98376240628738110 ) ) ;
#662 = CARTESIAN_POINT ( 'NONE',  ( 14.97904070842529656, -0.8070512288020725844, -14.87181606980214887 ) ) ;
#663 = EDGE_CURVE ( 'NONE', #987, #227, #511, .T. ) ;
#664 = DIRECTION ( 'NONE',  ( 3.491481338843134144E-15, -1.000000000000000000, -0.000000000000000000 ) ) ;
#665 = CARTESIAN_POINT ( 'NONE',  ( 21.99098988315375536, 0.6496761332917143639, -10.08036214589358082 ) ) ;
#666 = CARTESIAN_POINT ( 'NONE',  ( -14.94819114751942735, 1.253123355174253106, -14.66946071478076163 ) ) ;
#667 = EDGE_CURVE ( 'NONE', #979, #440, #887, .T. ) ;
#668 =( GEOMETRIC_REPRESENTATION_CONTEXT ( 3 ) GLOBAL_UNCERTAINTY_ASSIGNED_CONTEXT ( ( #795 ) ) GLOBAL_UNIT_ASSIGNED_CONTEXT ( ( #709, #894, #721 ) ) REPRESENTATION_CONTEXT ( 'NONE', 'WORKASPACE' ) );
#669 = CARTESIAN_POINT ( 'NONE',  ( -21.99098988315375536, 0.6496761332917163623, -14.91963785410641385 ) ) ;
#670 = CARTESIAN_POINT ( 'NONE',  ( -0.8080712868733773702, -14.97898730644485532, -10.12851718214417218 ) ) ;
#671 = DIRECTION ( 'NONE',  ( -0.000000000000000000, -0.000000000000000000, 1.000000000000000000 ) ) ;
#672 = FACE_BOUND ( 'NONE', #893, .T. ) ;
#673 = CARTESIAN_POINT ( 'NONE',  ( 14.92283296000866244, 1.525710711026231570, -10.51276957488063424 ) ) ;
#674 = SURFACE_STYLE_FILL_AREA ( #606 ) ;
#675 = CARTESIAN_POINT ( 'NONE',  ( 14.95974914407817202, -1.108543417651206786, -10.25323998911304635 ) ) ;
#676 = CARTESIAN_POINT ( 'NONE',  ( -2.484175707895583507, -21.85932089784034815, -12.82547219812277284 ) ) ;
#677 = PLANE ( 'NONE',  #340 ) ;
#678 = EDGE_CURVE ( 'NONE', #580, #826, #173, .T. ) ;
#679 = CARTESIAN_POINT ( 'NONE',  ( 15.00000000000000178, 0.1654503597015220262, -14.99999999999999822 ) ) ;
#680 = CARTESIAN_POINT ( 'NONE',  ( -2.499999999999769962, -22.00100000000025702, -12.49999999999999645 ) ) ;
#681 = CARTESIAN_POINT ( 'NONE',  ( 14.88165381290263056, -1.884176081336285336, -10.84864342218068778 ) ) ;
#682 = CIRCLE ( 'NONE', #927, 22.00000000000000000 ) ;
#683 = CARTESIAN_POINT ( 'NONE',  ( 2.246013834931643860, -21.88514037433577286, -13.60991815932357341 ) ) ;
#684 = CARTESIAN_POINT ( 'NONE',  ( 15.00000000000000178, 0.000000000000000000, 0.000000000000000000 ) ) ;
#685 = VECTOR ( 'NONE', #294, 1000.000000000000000 ) ;
#686 = CIRCLE ( 'NONE', #345, 22.00000000000000000 ) ;
#687 = CARTESIAN_POINT ( 'NONE',  ( -2.499999999999923173, -21.85749299439440563, -12.33677144426187766 ) ) ;
#688 = CARTESIAN_POINT ( 'NONE',  ( 21.86654643227758044, -2.419747321910842963, -11.85086821251992362 ) ) ;
#689 = VERTEX_POINT ( 'NONE', #729 ) ;
#690 = CARTESIAN_POINT ( 'NONE',  ( -22.00000000000000000, -6.788806661118288209E-17, -9.999999999999996447 ) ) ;
#691 = LINE ( 'NONE', #932, #376 ) ;
#692 = DIRECTION ( 'NONE',  ( 1.000000000000000000, 0.000000000000000000, 0.000000000000000000 ) ) ;
#693 = CARTESIAN_POINT ( 'NONE',  ( 21.94728502951468130, -1.528198521240488050, -14.48534972384129382 ) ) ;
#694 = ADVANCED_FACE ( 'NONE', ( #1037 ), #265, .F. ) ;
#695 = VERTEX_POINT ( 'NONE', #964 ) ;
#696 = CARTESIAN_POINT ( 'NONE',  ( -22.00000000000000000, 0.1653244915803077086, -9.999999999999996447 ) ) ;
#697 = CARTESIAN_POINT ( 'NONE',  ( -1.884185137447601299, -14.88165267448386864, -14.15134646383204320 ) ) ;
#698 = FACE_BOUND ( 'NONE', #302, .T. ) ;
#699 = CARTESIAN_POINT ( 'NONE',  ( 21.98574864226418768, -0.8059346424334261627, -10.12787432919635577 ) ) ;
#700 = CARTESIAN_POINT ( 'NONE',  ( -14.94995795112519055, 1.260746848851914459, -10.31676739550060695 ) ) ;
#701 = CARTESIAN_POINT ( 'NONE',  ( 1.107595720774388282, 21.97262398825696650, -10.25275936340004179 ) ) ;
#702 = CARTESIAN_POINT ( 'NONE',  ( 2.483762383305878174, -21.85936751798858069, -12.17214063677233682 ) ) ;
#703 = CARTESIAN_POINT ( 'NONE',  ( 0.000000000000000000, 0.000000000000000000, 0.000000000000000000 ) ) ;
#704 = CARTESIAN_POINT ( 'NONE',  ( 2.499999999999844569, 14.79019945774906830, -12.17345761169653251 ) ) ;
#705 = ORIENTED_EDGE ( 'NONE', *, *, #171, .T. ) ;
#706 = CARTESIAN_POINT ( 'NONE',  ( 1.884112982664389868, 21.91947677896684255, -14.15126311827085459 ) ) ;
#707 = CARTESIAN_POINT ( 'NONE',  ( -2.372136715205233504, -14.81138049057049422, -13.30607979390889284 ) ) ;
#708 = DIRECTION ( 'NONE',  ( 1.000000000000000000, 0.000000000000000000, 0.000000000000000000 ) ) ;
#709 =( LENGTH_UNIT ( ) NAMED_UNIT ( * ) SI_UNIT ( .MILLI., .METRE. ) );
#710 = CARTESIAN_POINT ( 'NONE',  ( -2.500000000000155431, 14.79019945774901856, -12.33454901770111256 ) ) ;
#711 = CARTESIAN_POINT ( 'NONE',  ( -15.00000000000000888, 0.1654503597015226091, -10.00000000000000000 ) ) ;
#712 = DIRECTION ( 'NONE',  ( -0.000000000000000000, -0.000000000000000000, 1.000000000000000000 ) ) ;
#713 = DIRECTION ( 'NONE',  ( 3.491481338843134144E-15, -1.000000000000000000, -0.000000000000000000 ) ) ;
#714 = ADVANCED_FACE ( 'NONE', ( #869, #698 ), #261, .F. ) ;
#715 = CARTESIAN_POINT ( 'NONE',  ( -21.91947663125498735, -1.884113520685330112, -10.84873999695049740 ) ) ;
#716 = CARTESIAN_POINT ( 'NONE',  ( 2.499999999999770850, 21.85749299439441984, -12.49999999999999645 ) ) ;
#717 = VECTOR ( 'NONE', #671, 1000.000000000000000 ) ;
#718 = CARTESIAN_POINT ( 'NONE',  ( 2.499999999999845013, 14.79019945774906653, -12.49999999999999645 ) ) ;
#719 = ORIENTED_EDGE ( 'NONE', *, *, #90, .F. ) ;
#720 = VECTOR ( 'NONE', #286, 1000.000000000000000 ) ;
#721 =( NAMED_UNIT ( * ) SI_UNIT ( $, .STERADIAN. ) SOLID_ANGLE_UNIT ( ) );
#722 = CARTESIAN_POINT ( 'NONE',  ( 2.304482428076657270E-13, -22.00100000000022860, -12.49999999999999645 ) ) ;
#723 = CARTESIAN_POINT ( 'NONE',  ( -21.93824719045283089, -1.651269293255042570, -14.38410756292445747 ) ) ;
#724 = ORIENTED_EDGE ( 'NONE', *, *, #171, .F. ) ;
#725 = CARTESIAN_POINT ( 'NONE',  ( 0.000000000000000000, 0.000000000000000000, -2.999999999999997335 ) ) ;
#726 = VERTEX_POINT ( 'NONE', #354 ) ;
#727 = CARTESIAN_POINT ( 'NONE',  ( -1.996790617751563079, 14.86830707298651255, -10.96095668253486188 ) ) ;
#728 = EDGE_CURVE ( 'NONE', #98, #137, #438, .T. ) ;
#729 = CARTESIAN_POINT ( 'NONE',  ( -2.500000000000155431, 14.79019945774901679, -12.49999999999999822 ) ) ;
#730 = CARTESIAN_POINT ( 'NONE',  ( -14.80359574073695939, 2.419628181687409896, -13.14958526696861973 ) ) ;
#731 = CARTESIAN_POINT ( 'NONE',  ( -21.96475944397390379, -1.252230180299353623, -14.67000316672659999 ) ) ;
#732 = VERTEX_POINT ( 'NONE', #522 ) ;
#733 = CARTESIAN_POINT ( 'NONE',  ( -2.420036362626955651, 14.80352883832770949, -13.14809560413480582 ) ) ;
#734 = ORIENTED_EDGE ( 'NONE', *, *, #60, .F. ) ;
#735 = DIRECTION ( 'NONE',  ( -0.000000000000000000, -0.000000000000000000, 1.000000000000000000 ) ) ;
#736 = CARTESIAN_POINT ( 'NONE',  ( 14.99999999999999822, 0.3265428542721525162, -9.999999999999994671 ) ) ;
#737 = CARTESIAN_POINT ( 'NONE',  ( -14.90927323761718704, 1.651377842369136539, -14.38401131411345268 ) ) ;
#738 = CARTESIAN_POINT ( 'NONE',  ( -21.89283878017968377, -2.170689033807221779, -11.24908859960917340 ) ) ;
#739 = EDGE_LOOP ( 'NONE', ( #310, #1009, #581, #54 ) ) ;
#740 = DIRECTION ( 'NONE',  ( 1.000000000000000000, 0.000000000000000000, 0.000000000000000000 ) ) ;
#741 = ORIENTED_EDGE ( 'NONE', *, *, #748, .T. ) ;
#742 = CARTESIAN_POINT ( 'NONE',  ( 14.90908182598872855, -1.653090545286887592, -14.38249540142349581 ) ) ;
#743 = DIRECTION ( 'NONE',  ( 1.000000000000000000, 0.000000000000000000, 0.000000000000000000 ) ) ;
#744 = DIRECTION ( 'NONE',  ( -0.000000000000000000, -0.000000000000000000, 1.000000000000000000 ) ) ;
#745 = EDGE_LOOP ( 'NONE', ( #481, #734 ) ) ;
#746 = CIRCLE ( 'NONE', #798, 18.99999999999999645 ) ;
#747 = ORIENTED_EDGE ( 'NONE', *, *, #160, .T. ) ;
#748 = EDGE_CURVE ( 'NONE', #653, #826, #857, .T. ) ;
#749 = CARTESIAN_POINT ( 'NONE',  ( 21.89300751915558152, 2.168981685206540444, -11.24619371139872293 ) ) ;
#750 = LINE ( 'NONE', #906, #153 ) ;
#751 = CARTESIAN_POINT ( 'NONE',  ( 0.000000000000000000, 0.000000000000000000, 0.000000000000000000 ) ) ;
#752 = CARTESIAN_POINT ( 'NONE',  ( -21.86654643227758399, -2.419747321910842963, -13.14913178748007461 ) ) ;
#753 = PRODUCT ( 'BulkheadV2', 'BulkheadV2', '', ( #792 ) ) ;
#754 = CARTESIAN_POINT ( 'NONE',  ( 21.85748618885906325, 2.500059500780350774, -12.33770852069804747 ) ) ;
#755 = DIRECTION ( 'NONE',  ( -1.000000000000000000, -0.000000000000000000, -0.000000000000000000 ) ) ;
#756 = CIRCLE ( 'NONE', #257, 15.00000000000000178 ) ;
#757 = CARTESIAN_POINT ( 'NONE',  ( -0.1624344053888261419, -15.00001026027653772, -15.00006156166348958 ) ) ;
#758 = CARTESIAN_POINT ( 'NONE',  ( 14.80357972384034859, -2.419729098946395318, -13.14962027911713172 ) ) ;
#759 = CARTESIAN_POINT ( 'NONE',  ( 0.000000000000000000, 0.000000000000000000, -2.999999999999997335 ) ) ;
#760 = DIRECTION ( 'NONE',  ( 1.000000000000000000, 0.000000000000000000, 0.000000000000000000 ) ) ;
#761 = CARTESIAN_POINT ( 'NONE',  ( 14.81148604729126639, 2.371485010187309506, -11.69193636170322925 ) ) ;
#762 = CARTESIAN_POINT ( 'NONE',  ( 21.96459097646814485, -1.255170953908268494, -14.66830581854665994 ) ) ;
#763 = CARTESIAN_POINT ( 'NONE',  ( -2.499999999999948486, -14.79019945774904876, -12.49999999999999645 ) ) ;
#764 = EDGE_CURVE ( 'NONE', #124, #910, #746, .T. ) ;
#765 = CARTESIAN_POINT ( 'NONE',  ( 2.500000000000076383, -21.85749299439438431, -12.49999999999999467 ) ) ;
#766 = EDGE_CURVE ( 'NONE', #580, #967, #164, .T. ) ;
#767 = FACE_BOUND ( 'NONE', #574, .T. ) ;
#768 = CARTESIAN_POINT ( 'NONE',  ( 14.84242050107707378, 2.170470525850520804, -13.75130964996263216 ) ) ;
#769 = DIRECTION ( 'NONE',  ( 1.000000000000000000, 0.000000000000000000, 0.000000000000000000 ) ) ;
#770 = CARTESIAN_POINT ( 'NONE',  ( -1.254408682611879433, -14.94807586867058014, -10.33135429561227703 ) ) ;
#771 = CARTESIAN_POINT ( 'NONE',  ( -21.91954500599448608, 1.883322840898172146, -10.84783491255756260 ) ) ;
#772 = CARTESIAN_POINT ( 'NONE',  ( 1.987937369215940331, -14.86796883309247974, -14.02472014668611955 ) ) ;
#773 = CARTESIAN_POINT ( 'NONE',  ( 1.253092671842369832, -21.96471043806712586, -10.33048857550062394 ) ) ;
#774 = CARTESIAN_POINT ( 'NONE',  ( 21.85750706754394201, -2.499876958458889575, -12.33290160417653780 ) ) ;
#775 = CARTESIAN_POINT ( 'NONE',  ( -2.247286451210404490, -14.83083556013112592, -11.39264975929544477 ) ) ;
#776 = AXIS2_PLACEMENT_3D ( 'NONE', #973, #194, #547 ) ;
#777 = CARTESIAN_POINT ( 'NONE',  ( 1.985354681028999257, -21.91042697126141547, -14.02819193851562218 ) ) ;
#778 = CARTESIAN_POINT ( 'NONE',  ( -21.91943857381762584, 1.884651092172160203, -14.15085269578510996 ) ) ;
#779 = COLOUR_RGB ( '',0.7921568627450980005, 0.8196078431372548767, 0.9333333333333333481 ) ;
#780 = FACE_BOUND ( 'NONE', #87, .T. ) ;
#781 = CARTESIAN_POINT ( 'NONE',  ( 21.86644450701124853, -2.420665241105046217, -13.14570538369663666 ) ) ;
#782 = EDGE_LOOP ( 'NONE', ( #496, #388, #48, #1070 ) ) ;
#783 = CARTESIAN_POINT ( 'NONE',  ( -1.253929039201335582, -21.96465694224130871, -14.66894362872896984 ) ) ;
#784 = CARTESIAN_POINT ( 'NONE',  ( 0.6488332366401948770, 21.99101516438802051, -10.08013304207014471 ) ) ;
#785 = AXIS2_PLACEMENT_3D ( 'NONE', #579, #755, #815 ) ;
#786 = DIRECTION ( 'NONE',  ( -0.000000000000000000, -0.000000000000000000, 1.000000000000000000 ) ) ;
#787 = CARTESIAN_POINT ( 'NONE',  ( 21.93824719045283089, -1.651269293255044790, -10.61589243707553720 ) ) ;
#788 = EDGE_LOOP ( 'NONE', ( #392, #42, #741, #1003, #816, #40, #346, #535 ) ) ;
#789 = CARTESIAN_POINT ( 'NONE',  ( 0.6491325906006386592, 21.99100206305303118, -14.91974715506596816 ) ) ;
#790 = CARTESIAN_POINT ( 'NONE',  ( -1.526376908303595181, 21.94741259023843938, -10.51324520912709737 ) ) ;
#791 = CARTESIAN_POINT ( 'NONE',  ( 1.526376908303441970, -21.94741259023845359, -10.51324520912709737 ) ) ;
#792 = PRODUCT_CONTEXT ( 'NONE', #283, 'mechanical' ) ;
#793 = CARTESIAN_POINT ( 'NONE',  ( -2.370786900262497277, 14.81159587188990301, -11.69014543763246294 ) ) ;
#794 = DIRECTION ( 'NONE',  ( -0.000000000000000000, -0.000000000000000000, 1.000000000000000000 ) ) ;
#795 = UNCERTAINTY_MEASURE_WITH_UNIT (LENGTH_MEASURE( 1.000000000000000082E-05 ), #709, 'distance_accuracy_value', 'NONE');
#796 = CARTESIAN_POINT ( 'NONE',  ( -1.651383765897293854, -14.90928139159906607, -14.38415244434200169 ) ) ;
#797 = CARTESIAN_POINT ( 'NONE',  ( -1.987557621562046739, -21.91022319570530641, -10.97483743461819294 ) ) ;
#798 = AXIS2_PLACEMENT_3D ( 'NONE', #447, #623, #873 ) ;
#799 = CARTESIAN_POINT ( 'NONE',  ( 18.99999999999999645, 0.000000000000000000, 0.000000000000000000 ) ) ;
#800 = CYLINDRICAL_SURFACE ( 'NONE', #1045, 2.500000000000000444 ) ;
#801 = CARTESIAN_POINT ( 'NONE',  ( -1.985354681029150914, 21.91042697126140482, -14.02819193851562751 ) ) ;
#802 = CARTESIAN_POINT ( 'NONE',  ( -2.168366735465564243, -14.84272664487375870, -13.75485819545824207 ) ) ;
#803 = CARTESIAN_POINT ( 'NONE',  ( 2.168366735465459438, 14.84272664487377114, -13.75485819545824029 ) ) ;
#804 = CARTESIAN_POINT ( 'NONE',  ( -2.419151954707781993, 14.80367438183442097, -11.84822438669441880 ) ) ;
#805 = CARTESIAN_POINT ( 'NONE',  ( 2.170005303695597743, 21.89290941846851979, -13.75222628014882886 ) ) ;
#806 = CARTESIAN_POINT ( 'NONE',  ( 0.8052788188080420850, 14.97913814559140810, -14.87243039396077471 ) ) ;
#807 = ORIENTED_EDGE ( 'NONE', *, *, #2, .T. ) ;
#808 = CARTESIAN_POINT ( 'NONE',  ( -14.98684701477776748, -0.6481003630459276632, -10.07996475731394881 ) ) ;
#809 = VERTEX_POINT ( 'NONE', #437 ) ;
#810 = CARTESIAN_POINT ( 'NONE',  ( 22.00000000000000000, 0.1653244915803077086, -14.99999999999999822 ) ) ;
#811 = EDGE_LOOP ( 'NONE', ( #204, #992 ) ) ;
#812 = ADVANCED_FACE ( 'NONE', ( #780, #1125 ), #349, .T. ) ;
#813 = CARTESIAN_POINT ( 'NONE',  ( 1.525365273026733082, 14.92286078814608175, -10.51258305380699198 ) ) ;
#814 = DIRECTION ( 'NONE',  ( -0.000000000000000000, -0.000000000000000000, 1.000000000000000000 ) ) ;
#815 = DIRECTION ( 'NONE',  ( 0.000000000000000000, 0.000000000000000000, 1.000000000000000000 ) ) ;
#816 = ORIENTED_EDGE ( 'NONE', *, *, #485, .T. ) ;
#817 = ORIENTED_EDGE ( 'NONE', *, *, #413, .T. ) ;
#818 = CARTESIAN_POINT ( 'NONE',  ( -2.371818476130902464, 14.81143197799691258, -13.30704296345001225 ) ) ;
#819 = ORIENTED_EDGE ( 'NONE', *, *, #532, .F. ) ;
#820 = CARTESIAN_POINT ( 'NONE',  ( 0.000000000000000000, 0.000000000000000000, -19.99999999999999645 ) ) ;
#821 = CARTESIAN_POINT ( 'NONE',  ( 14.79301696464665028, 2.483484744559109281, -12.17005291299847336 ) ) ;
#822 = DIRECTION ( 'NONE',  ( -0.000000000000000000, -0.000000000000000000, 1.000000000000000000 ) ) ;
#823 = CARTESIAN_POINT ( 'NONE',  ( -21.99818436890175732, -0.3254725815498430985, -14.98417570649023922 ) ) ;
#824 = ORIENTED_EDGE ( 'NONE', *, *, #15, .F. ) ;
#825 = CYLINDRICAL_SURFACE ( 'NONE', #402, 2.500000000000000000 ) ;
#826 = VERTEX_POINT ( 'NONE', #1075 ) ;
#827 = CARTESIAN_POINT ( 'NONE',  ( 14.95966471396675779, -1.109695397967913166, -14.74620107706578587 ) ) ;
#828 = CARTESIAN_POINT ( 'NONE',  ( 14.81134663187470579, 2.372346008454341071, -13.30544626635943573 ) ) ;
#829 = CARTESIAN_POINT ( 'NONE',  ( 2.499999999999923173, 22.00100000000008649, -12.49999999999999645 ) ) ;
#830 = CARTESIAN_POINT ( 'NONE',  ( -21.88500143459483382, -2.247371981587482193, -11.39267736714035451 ) ) ;
#831 = ORIENTED_EDGE ( 'NONE', *, *, #449, .F. ) ;
#832 = CARTESIAN_POINT ( 'NONE',  ( 21.96472691051775072, 1.252716034586416782, -14.66965116336148434 ) ) ;
#833 = CIRCLE ( 'NONE', #543, 15.00000000000000178 ) ;
#834 = CARTESIAN_POINT ( 'NONE',  ( -14.92285450293585214, -1.525407377777375784, -14.48736437031098312 ) ) ;
#835 = DIRECTION ( 'NONE',  ( 1.000000000000000000, 0.000000000000000000, 0.000000000000000000 ) ) ;
#836 = DIRECTION ( 'NONE',  ( 1.000000000000000000, -0.000000000000000000, -0.000000000000000000 ) ) ;
#837 = CARTESIAN_POINT ( 'NONE',  ( -21.94747638733190342, -1.525456680342556215, -14.48745467481758631 ) ) ;
#838 = AXIS2_PLACEMENT_3D ( 'NONE', #562, #814, #128 ) ;
#839 = CARTESIAN_POINT ( 'NONE',  ( 21.86653322829056023, 2.419867398210235887, -11.85116843796344632 ) ) ;
#840 = CARTESIAN_POINT ( 'NONE',  ( 22.00000000000000000, 0.000000000000000000, 0.000000000000000000 ) ) ;
#841 = CARTESIAN_POINT ( 'NONE',  ( -15.00000000000000178, -2.105391304433167785E-16, -9.999999999999996447 ) ) ;
#842 = CARTESIAN_POINT ( 'NONE',  ( -1.108328393018361613, -14.95976810428429360, -14.74688854272730687 ) ) ;
#843 = CARTESIAN_POINT ( 'NONE',  ( -22.00000000000000000, 2.694222958124176809E-15, -6.599999999999996980 ) ) ;
#844 = CARTESIAN_POINT ( 'NONE',  ( 0.1636549424774003947, -15.00001654778840887, -9.999900713251927087 ) ) ;
#845 = CARTESIAN_POINT ( 'NONE',  ( -7.681608093588804977E-14, 22.00100000000007583, -12.49999999999999645 ) ) ;
#846 = DIRECTION ( 'NONE',  ( 1.000000000000000000, -0.000000000000000000, -0.000000000000000000 ) ) ;
#847 = ADVANCED_FACE ( 'NONE', ( #16 ), #825, .F. ) ;
#848 = CARTESIAN_POINT ( 'NONE',  ( 22.00000000000000000, -2.608644684430102889E-23, -9.999999999999996447 ) ) ;
#849 = CARTESIAN_POINT ( 'NONE',  ( -2.169471268799555208, -14.84256911400627743, -11.24689579470283540 ) ) ;
#850 = CYLINDRICAL_SURFACE ( 'NONE', #436, 2.500000000000000000 ) ;
#851 = CARTESIAN_POINT ( 'NONE',  ( 22.00000000000000000, -6.788806661118288209E-17, -14.99999999999999822 ) ) ;
#852 = CARTESIAN_POINT ( 'NONE',  ( 14.97887853606511754, 0.8098636558908917094, -14.87078418765327648 ) ) ;
#853 = FACE_BOUND ( 'NONE', #491, .T. ) ;
#854 = CARTESIAN_POINT ( 'NONE',  ( 2.419151954707678076, -14.80367438183443873, -11.84822438669442590 ) ) ;
#855 = CARTESIAN_POINT ( 'NONE',  ( -21.97254445396936262, 1.109163278444003975, -10.25353444762527211 ) ) ;
#856 = CARTESIAN_POINT ( 'NONE',  ( 2.246209738081200502, -14.83100070578835528, -13.60967699855353175 ) ) ;
#857 = LINE ( 'NONE', #533, #652 ) ;
#858 =( LENGTH_UNIT ( ) NAMED_UNIT ( * ) SI_UNIT ( .MILLI., .METRE. ) );
#859 = AXIS2_PLACEMENT_3D ( 'NONE', #1006, #563, #129 ) ;
#860 = CARTESIAN_POINT ( 'NONE',  ( 14.92285450293585214, -1.525407377777377116, -10.51263562968900978 ) ) ;
#861 = CARTESIAN_POINT ( 'NONE',  ( -15.00000000000000178, 1.836970198721029983E-15, 0.000000000000000000 ) ) ;
#862 = EDGE_CURVE ( 'NONE', #925, #576, #107, .T. ) ;
#863 = CARTESIAN_POINT ( 'NONE',  ( 0.3267433040059175009, -14.99731072916964614, -14.98401583730830033 ) ) ;
#864 = CARTESIAN_POINT ( 'NONE',  ( -0.8047438471608702182, -21.98579906554365238, -10.12739676727838933 ) ) ;
#865 = CARTESIAN_POINT ( 'NONE',  ( 21.91023424338311898, -1.987446869864774257, -10.97464457866225551 ) ) ;
#866 = CARTESIAN_POINT ( 'NONE',  ( -2.499999999999924505, -21.85749299439440563, -12.66318983936275444 ) ) ;
#867 = CARTESIAN_POINT ( 'NONE',  ( -2.372024049302063897, 21.87184233058216876, -11.69355585910064654 ) ) ;
#868 =( GEOMETRIC_REPRESENTATION_CONTEXT ( 3 ) GLOBAL_UNCERTAINTY_ASSIGNED_CONTEXT ( ( #176 ) ) GLOBAL_UNIT_ASSIGNED_CONTEXT ( ( #858, #954, #950 ) ) REPRESENTATION_CONTEXT ( 'NONE', 'WORKASPACE' ) );
#869 = FACE_OUTER_BOUND ( 'NONE', #1098, .T. ) ;
#870 = DIRECTION ( 'NONE',  ( -1.047444401652940007E-14, 1.000000000000000000, -0.000000000000000000 ) ) ;
#871 = CARTESIAN_POINT ( 'NONE',  ( 2.499999999999771738, 21.85749299439442339, -12.66318983936275799 ) ) ;
#872 = CARTESIAN_POINT ( 'NONE',  ( -2.246769588920106919, -14.83091538126965148, -13.60852318156936391 ) ) ;
#873 = DIRECTION ( 'NONE',  ( 1.000000000000000000, 0.000000000000000000, 0.000000000000000000 ) ) ;
#874 = DIRECTION ( 'NONE',  ( 1.000000000000000000, 0.000000000000000000, 0.000000000000000000 ) ) ;
#875 = DIRECTION ( 'NONE',  ( -1.000000000000000000, -1.110223024625156540E-14, 0.000000000000000000 ) ) ;
#876 = CARTESIAN_POINT ( 'NONE',  ( -0.6457070235253274948, 21.99110337652650315, -14.92066483166226654 ) ) ;
#877 = CARTESIAN_POINT ( 'NONE',  ( 1.253811673208906630, 21.96466151576445469, -10.33102135436062952 ) ) ;
#878 = DIRECTION ( 'NONE',  ( 0.000000000000000000, -0.000000000000000000, 1.000000000000000000 ) ) ;
#879 = DIRECTION ( 'NONE',  ( 0.000000000000000000, 0.000000000000000000, 1.000000000000000000 ) ) ;
#880 = CARTESIAN_POINT ( 'NONE',  ( -21.99218657733324989, -0.6589942261262863310, -10.06654277444235746 ) ) ;
#881 = EDGE_CURVE ( 'NONE', #227, #987, #686, .T. ) ;
#882 = VERTEX_POINT ( 'NONE', #566 ) ;
#883 = ADVANCED_FACE ( 'NONE', ( #394 ), #292, .F. ) ;
#884 = CARTESIAN_POINT ( 'NONE',  ( -1.107327015447491458, 21.97263729921869313, -14.74736990035620288 ) ) ;
#885 = CARTESIAN_POINT ( 'NONE',  ( -1.652171485012450258, 21.93817900431220025, -10.61668279426196904 ) ) ;
#886 = CARTESIAN_POINT ( 'NONE',  ( -1.537141538729740908, 14.92283345945289774, -14.49829515645435407 ) ) ;
#887 = CIRCLE ( 'NONE', #52, 22.00000000000000000 ) ;
#888 = CARTESIAN_POINT ( 'NONE',  ( -2.500000000000229150, 21.85749299439436300, -12.49999999999999645 ) ) ;
#889 = CARTESIAN_POINT ( 'NONE',  ( -2.183244660825598871, 14.84080368260240945, -11.23927699094950228 ) ) ;
#890 = B_SPLINE_CURVE_WITH_KNOTS ( 'NONE', 3,
 ( #983, #202, #823, #31, #218, #377, #731, #837, #723, #130, #1081, #573, #480, #407, #752, #298, #1073, #306, #211, #916, #38, #830, #738, #289, #715, #465, #534, #977, #201, #880, #115, #1054 ),
 .UNSPECIFIED., .F., .F.,
 ( 4, 2, 2, 2, 2, 2, 2, 2, 2, 2, 2, 2, 2, 2, 2, 4 ),
 ( 0.007822454537422673590, 0.008311242035467011208, 0.008800029533511350560, 0.009288817031555688178, 0.009777604529600027530, 0.01026639202764436515, 0.01075517952568870450, 0.01124396702373304385, 0.01173275452177738321, 0.01222154201982172082, 0.01271032951786605844, 0.01319911701591039779, 0.01368790451395473541, 0.01417669201199907476, 0.01466547951004341238, 0.01564305450613209109 ),
 .UNSPECIFIED. ) ;
#891 = CARTESIAN_POINT ( 'NONE',  ( 2.484175707895430740, 21.85932089784036947, -12.82547219812277106 ) ) ;
#892 = CARTESIAN_POINT ( 'NONE',  ( 2.483628131968140806, 14.79299318947819586, -12.82921330347309308 ) ) ;
#893 = EDGE_LOOP ( 'NONE', ( #188, #372 ) ) ;
#894 =( NAMED_UNIT ( * ) PLANE_ANGLE_UNIT ( ) SI_UNIT ( $, .RADIAN. ) );
#895 = CARTESIAN_POINT ( 'NONE',  ( -14.84062064304877815, -2.184472077777509735, -11.24139537146957757 ) ) ;
#896 = ADVANCED_FACE ( 'NONE', ( #986 ), #970, .T. ) ;
#897 = ORIENTED_EDGE ( 'NONE', *, *, #532, .T. ) ;
#898 = CARTESIAN_POINT ( 'NONE',  ( 1.987387712275003882, 14.86804084723395825, -14.02537650148421733 ) ) ;
#899 = ORIENTED_EDGE ( 'NONE', *, *, #978, .F. ) ;
#900 = CARTESIAN_POINT ( 'NONE',  ( 2.247286451210299685, 14.83083556013114723, -11.39264975929544654 ) ) ;
#901 = CARTESIAN_POINT ( 'NONE',  ( -14.83109890262119457, 2.245565724559239751, -13.61100970912285213 ) ) ;
#902 = VERTEX_POINT ( 'NONE', #213 ) ;
#903 = EDGE_LOOP ( 'NONE', ( #393, #660, #642, #433 ) ) ;
#904 = CARTESIAN_POINT ( 'NONE',  ( -2.500000000000155431, 14.79019945774901501, -12.66549235002043261 ) ) ;
#905 = ORIENTED_EDGE ( 'NONE', *, *, #426, .F. ) ;
#906 = CARTESIAN_POINT ( 'NONE',  ( 22.00100000000000122, 0.000000000000000000, -9.999999999999996447 ) ) ;
#907 = LINE ( 'NONE', #921, #193 ) ;
#908 = CARTESIAN_POINT ( 'NONE',  ( 0.000000000000000000, 0.000000000000000000, 0.000000000000000000 ) ) ;
#909 = DIRECTION ( 'NONE',  ( -0.000000000000000000, -0.000000000000000000, 1.000000000000000000 ) ) ;
#910 = VERTEX_POINT ( 'NONE', #301 ) ;
#911 = CARTESIAN_POINT ( 'NONE',  ( 0.000000000000000000, 0.000000000000000000, 0.000000000000000000 ) ) ;
#912 = ORIENTED_EDGE ( 'NONE', *, *, #160, .F. ) ;
#913 = CARTESIAN_POINT ( 'NONE',  ( 14.99726402656820490, -0.3281603911762283055, -14.98373014115579771 ) ) ;
#914 = CARTESIAN_POINT ( 'NONE',  ( 14.94819114751942379, 1.253123355174252662, -10.33053928521923126 ) ) ;
#915 = CARTESIAN_POINT ( 'NONE',  ( -14.86781845759795040, 1.989060820158212062, -10.97672878403516705 ) ) ;
#916 = CARTESIAN_POINT ( 'NONE',  ( -21.86644450701124498, -2.420665241105045773, -11.85429461630334913 ) ) ;
#917 = EDGE_LOOP ( 'NONE', ( #558, #633, #474, #307 ) ) ;
#918 = CARTESIAN_POINT ( 'NONE',  ( 21.86653775262955079, 2.419828691213692373, -13.14923879321378308 ) ) ;
#919 = ORIENTED_EDGE ( 'NONE', *, *, #1050, .T. ) ;
#920 = DIRECTION ( 'NONE',  ( -0.000000000000000000, -0.000000000000000000, 1.000000000000000000 ) ) ;
#921 = CARTESIAN_POINT ( 'NONE',  ( -22.00000000000000000, 2.694222958124176809E-15, 0.000000000000000000 ) ) ;
#922 = CYLINDRICAL_SURFACE ( 'NONE', #77, 2.500000000000000444 ) ;
#923 = EDGE_LOOP ( 'NONE', ( #897, #1074, #817, #724 ) ) ;
#924 = EDGE_CURVE ( 'NONE', #695, #137, #475, .T. ) ;
#925 = VERTEX_POINT ( 'NONE', #628 ) ;
#926 = CARTESIAN_POINT ( 'NONE',  ( 22.00000000000000000, 0.1632285477338797086, -9.999999999999996447 ) ) ;
#927 = AXIS2_PLACEMENT_3D ( 'NONE', #530, #258, #82 ) ;
#928 = CARTESIAN_POINT ( 'NONE',  ( -14.81133328003143745, -2.372433769913404600, -13.30526793324571067 ) ) ;
#929 = DIRECTION ( 'NONE',  ( 1.000000000000000000, 0.000000000000000000, 0.000000000000000000 ) ) ;
#930 = CARTESIAN_POINT ( 'NONE',  ( 21.91029920893024752, 1.986759559870682201, -14.02637056136891403 ) ) ;
#931 = CARTESIAN_POINT ( 'NONE',  ( 14.79297626665067433, -2.483727951080204832, -12.17158324242009471 ) ) ;
#932 = CARTESIAN_POINT ( 'NONE',  ( -22.00100000000000122, 0.000000000000000000, -14.99999999999999822 ) ) ;
#933 = CARTESIAN_POINT ( 'NONE',  ( 14.86798121760249636, -1.987831418275115336, -10.97520419275781478 ) ) ;
#934 = DIRECTION ( 'NONE',  ( 1.000000000000000000, 4.163336342344337027E-15, 0.000000000000000000 ) ) ;
#935 = VECTOR ( 'NONE', #664, 1000.000000000000000 ) ;
#936 = DIRECTION ( 'NONE',  ( 0.000000000000000000, 0.000000000000000000, -1.000000000000000000 ) ) ;
#937 = AXIS2_PLACEMENT_3D ( 'NONE', #263, #794, #369 ) ;
#938 = CARTESIAN_POINT ( 'NONE',  ( 14.79021646869765227, 2.499899361851833035, -12.33331629217025061 ) ) ;
#939 = CARTESIAN_POINT ( 'NONE',  ( -15.00000000000000178, 1.836970198721029983E-15, -7.499999999999999112 ) ) ;
#940 = CARTESIAN_POINT ( 'NONE',  ( 2.370786900262392916, -14.81159587188991544, -11.69014543763246117 ) ) ;
#941 = CARTESIAN_POINT ( 'NONE',  ( 0.1633980867405173398, -22.00001381476455009, -15.00012156996100821 ) ) ;
#942 = AXIS2_PLACEMENT_3D ( 'NONE', #390, #312, #743 ) ;
#943 = CARTESIAN_POINT ( 'NONE',  ( -21.87177914987252692, 2.372603946710043044, -13.30474154442952894 ) ) ;
#944 = CYLINDRICAL_SURFACE ( 'NONE', #838, 15.00000000000000178 ) ;
#945 = CARTESIAN_POINT ( 'NONE',  ( 21.99818436890176088, -0.3254725815498449304, -10.01582429350976078 ) ) ;
#946 = CARTESIAN_POINT ( 'NONE',  ( 14.80357585234893847, -2.419750678152277068, -11.85071673576321238 ) ) ;
#947 = CARTESIAN_POINT ( 'NONE',  ( 1.250916550372889846, -21.96482972915505627, -14.67068611540618228 ) ) ;
#948 = CARTESIAN_POINT ( 'NONE',  ( 0.8075079715088049337, -14.97900649334484946, -14.87158885737711422 ) ) ;
#949 = CARTESIAN_POINT ( 'NONE',  ( 0.8069458145495339574, -21.98571134433423779, -10.12821842767627167 ) ) ;
#950 =( NAMED_UNIT ( * ) SI_UNIT ( $, .STERADIAN. ) SOLID_ANGLE_UNIT ( ) );
#951 = CARTESIAN_POINT ( 'NONE',  ( -2.247553033020222912, -21.88498179647532993, -13.60680438287237415 ) ) ;
#952 = CARTESIAN_POINT ( 'NONE',  ( 0.1643238805014221038, -14.99998968022153178, -14.99993808132487239 ) ) ;
#953 = CARTESIAN_POINT ( 'NONE',  ( 0.1641189310405946344, -21.99999320770544031, -10.00005977219610820 ) ) ;
#954 =( NAMED_UNIT ( * ) PLANE_ANGLE_UNIT ( ) SI_UNIT ( $, .RADIAN. ) );
#955 = CARTESIAN_POINT ( 'NONE',  ( -1.987459127976028306, -21.91023532593749934, -14.02545071680073185 ) ) ;
#956 = CARTESIAN_POINT ( 'NONE',  ( -2.499999999999949374, -14.79019945774905054, -12.66331201686068653 ) ) ;
#957 = CARTESIAN_POINT ( 'NONE',  ( -2.246900326133395076, -21.88505005968600514, -11.39171914716917833 ) ) ;
#958 = CARTESIAN_POINT ( 'NONE',  ( 21.91947663125498735, -1.884113520685330112, -14.15126000304949727 ) ) ;
#959 = DIRECTION ( 'NONE',  ( -0.000000000000000000, -0.000000000000000000, 1.000000000000000000 ) ) ;
#960 = B_SPLINE_CURVE_WITH_KNOTS ( 'NONE', 3,
 ( #1044, #614, #538, #458, #867, #962, #270, #452, #185, #885, #790, #177, #89, #190, #106, #358, #277, #1061, #525, #784, #100, #701, #877, #9, #622, #1110, #65, #471, #1005, #330, #998, #209, #578, #224 ),
 .UNSPECIFIED., .F., .F.,
 ( 4, 2, 2, 2, 2, 2, 2, 2, 2, 2, 2, 2, 2, 2, 2, 2, 4 ),
 ( 0.000000000000000000, 0.0004889032446265446658, 0.0009778064892530893316, 0.001466709733879633997, 0.001955612978506178663, 0.002444516223132723112, 0.002933419467759267995, 0.003422322712385812878, 0.003911225957012357327, 0.004400129201638901776, 0.004889032446265446225, 0.005377935690891991541, 0.005866838935518535990, 0.006355742180145079571, 0.006844645424771623153, 0.007333548669398167602, 0.007822451914024711184 ),
 .UNSPECIFIED. ) ;
#961 = CARTESIAN_POINT ( 'NONE',  ( 1.253929039201183260, 21.96465694224131582, -14.66894362872897339 ) ) ;
#962 = CARTESIAN_POINT ( 'NONE',  ( -2.246467399018289512, 21.88509468221377574, -11.39084064805538077 ) ) ;
#963 = EDGE_CURVE ( 'NONE', #689, #380, #20, .T. ) ;
#964 = CARTESIAN_POINT ( 'NONE',  ( -2.499999999999948486, -14.79019945774904876, -12.49999999999999645 ) ) ;
#965 = PRODUCT_RELATED_PRODUCT_CATEGORY ( 'part', '', ( #753 ) ) ;
#966 = CARTESIAN_POINT ( 'NONE',  ( 1.111027708147313886, 14.95956741898088183, -10.25444274359720254 ) ) ;
#967 = VERTEX_POINT ( 'NONE', #1069 ) ;
#968 = DIRECTION ( 'NONE',  ( -1.000000000000000000, -0.000000000000000000, -0.000000000000000000 ) ) ;
#969 = CARTESIAN_POINT ( 'NONE',  ( -2.499999999999948486, -14.79019945774904876, -12.49999999999999645 ) ) ;
#970 = CYLINDRICAL_SURFACE ( 'NONE', #997, 18.99999999999999645 ) ;
#971 = APPLICATION_PROTOCOL_DEFINITION ( 'draft international standard', 'automotive_design', 1998, #283 ) ;
#972 = CARTESIAN_POINT ( 'NONE',  ( -14.97904070842529833, -0.8070512288020726954, -10.12818393019784580 ) ) ;
#973 = CARTESIAN_POINT ( 'NONE',  ( 0.000000000000000000, 0.000000000000000000, -6.599999999999997868 ) ) ;
#974 = AXIS2_PLACEMENT_3D ( 'NONE', #759, #520, #236 ) ;
#975 = CARTESIAN_POINT ( 'NONE',  ( -0.8075079715089095167, 14.97900649334484058, -14.87158885737711600 ) ) ;
#976 = AXIS2_PLACEMENT_3D ( 'NONE', #637, #191, #980 ) ;
#977 = CARTESIAN_POINT ( 'NONE',  ( -21.96459097646814129, -1.255170953908268938, -10.33169418145333474 ) ) ;
#978 = EDGE_CURVE ( 'NONE', #529, #967, #324, .T. ) ;
#979 = VERTEX_POINT ( 'NONE', #843 ) ;
#980 = DIRECTION ( 'NONE',  ( -1.000000000000000000, 0.000000000000000000, -0.000000000000000000 ) ) ;
#981 = ORIENTED_EDGE ( 'NONE', *, *, #1050, .F. ) ;
#982 = CARTESIAN_POINT ( 'NONE',  ( 0.1666744316137023785, 14.99998330025635163, -10.00010019847961296 ) ) ;
#983 = CARTESIAN_POINT ( 'NONE',  ( -22.00000000000000000, 2.694222932038291239E-15, -14.99999999999999822 ) ) ;
#984 = PRODUCT_DEFINITION_CONTEXT ( 'detailed design', #428, 'design' ) ;
#985 = ORIENTED_EDGE ( 'NONE', *, *, #341, .T. ) ;
#986 = FACE_OUTER_BOUND ( 'NONE', #118, .T. ) ;
#987 = VERTEX_POINT ( 'NONE', #1002 ) ;
#988 = CARTESIAN_POINT ( 'NONE',  ( -14.79292830875091269, -2.484015620832729532, -12.17325573488254342 ) ) ;
#989 = VECTOR ( 'NONE', #37, 1000.000000000000000 ) ;
#990 = CARTESIAN_POINT ( 'NONE',  ( 14.86781845759795040, 1.989060820158212062, -14.02327121596482939 ) ) ;
#991 = CARTESIAN_POINT ( 'NONE',  ( -14.79301696464665028, 2.483484744559109725, -12.82994708700151776 ) ) ;
#992 = ORIENTED_EDGE ( 'NONE', *, *, #667, .T. ) ;
#993 = VERTEX_POINT ( 'NONE', #528 ) ;
#994 = DIRECTION ( 'NONE',  ( 1.000000000000000000, 0.000000000000000000, 0.000000000000000000 ) ) ;
#995 = ORIENTED_EDGE ( 'NONE', *, *, #1104, .T. ) ;
#996 = CARTESIAN_POINT ( 'NONE',  ( 2.500000000000076383, -21.85749299439438431, -12.49999999999999467 ) ) ;
#997 = AXIS2_PLACEMENT_3D ( 'NONE', #911, #646, #994 ) ;
#998 = CARTESIAN_POINT ( 'NONE',  ( 2.419638138995861443, 21.86655867227427663, -11.85032512972843044 ) ) ;
#999 = CARTESIAN_POINT ( 'NONE',  ( -14.81134663187470579, 2.372346008454341071, -11.69455373364055717 ) ) ;
#1000 = VERTEX_POINT ( 'NONE', #939 ) ;
#1001 = ORIENTED_EDGE ( 'NONE', *, *, #1018, .F. ) ;
#1002 = CARTESIAN_POINT ( 'NONE',  ( -22.00000000000000000, 2.694222958124176809E-15, -19.99999999999999645 ) ) ;
#1003 = ORIENTED_EDGE ( 'NONE', *, *, #678, .F. ) ;
#1004 = CARTESIAN_POINT ( 'NONE',  ( 14.84062064304877104, -2.184472077777508847, -13.75860462853041888 ) ) ;
#1005 = CARTESIAN_POINT ( 'NONE',  ( 2.246900326133241865, 21.88505005968601225, -11.39171914716917655 ) ) ;
#1006 = CARTESIAN_POINT ( 'NONE',  ( 0.000000000000000000, 0.000000000000000000, 0.000000000000000000 ) ) ;
#1007 = EDGE_LOOP ( 'NONE', ( #122, #1093, #116, #1089 ) ) ;
#1008 = MANIFOLD_SOLID_BREP ( 'PadrãoCircular1', #61 ) ;
#1009 = ORIENTED_EDGE ( 'NONE', *, *, #273, .T. ) ;
#1010 = CIRCLE ( 'NONE', #937, 22.00000000000000000 ) ;
#1011 = CARTESIAN_POINT ( 'NONE',  ( 21.93812273727902706, 1.652915290312098495, -14.38266445291371554 ) ) ;
#1012 = CARTESIAN_POINT ( 'NONE',  ( -14.79020997506362001, -2.499937778723236192, -12.33567345886520705 ) ) ;
#1013 = DIRECTION ( 'NONE',  ( 0.000000000000000000, 0.000000000000000000, -1.000000000000000000 ) ) ;
#1014 = CARTESIAN_POINT ( 'NONE',  ( 21.98573623930279552, 0.8064458913755612190, -14.87202354131201254 ) ) ;
#1015 = AXIS2_PLACEMENT_3D ( 'NONE', #255, #64, #760 ) ;
#1016 = AXIS2_PLACEMENT_3D ( 'NONE', #158, #72, #769 ) ;
#1017 = CARTESIAN_POINT ( 'NONE',  ( -14.92283296000867487, 1.525710711026232902, -14.48723042511935866 ) ) ;
#1018 = EDGE_CURVE ( 'NONE', #987, #140, #252, .T. ) ;
#1019 = CARTESIAN_POINT ( 'NONE',  ( -21.86653322829056023, 2.419867398210235887, -13.14883156203654657 ) ) ;
#1020 = CARTESIAN_POINT ( 'NONE',  ( 1.651520914050925048, -14.90925587235636662, -10.61613815620781054 ) ) ;
#1021 = CARTESIAN_POINT ( 'NONE',  ( -0.8079234289886049192, -21.98568144303983374, -14.87151753891254735 ) ) ;
#1022 = FACE_OUTER_BOUND ( 'NONE', #655, .T. ) ;
#1023 = CARTESIAN_POINT ( 'NONE',  ( 14.80344782406599080, 2.420530308301032996, -13.14625777822864272 ) ) ;
#1024 = PRESENTATION_STYLE_ASSIGNMENT (( #85 ) ) ;
#1025 = CARTESIAN_POINT ( 'NONE',  ( -0.6495891646717781853, -14.98678098919738488, -10.08037262815293822 ) ) ;
#1026 = CARTESIAN_POINT ( 'NONE',  ( 2.500000000000076383, -21.85749299439438076, -12.83057085763667082 ) ) ;
#1027 = CARTESIAN_POINT ( 'NONE',  ( 2.483730033936324411, -14.79297560270277323, -12.82816006316695301 ) ) ;
#1028 = AXIS2_PLACEMENT_3D ( 'NONE', #908, #225, #929 ) ;
#1029 = EDGE_CURVE ( 'NONE', #689, #1084, #1, .T. ) ;
#1030 = CARTESIAN_POINT ( 'NONE',  ( 15.00000000000000178, -2.105391304433167785E-16, -14.99999999999999822 ) ) ;
#1031 = VECTOR ( 'NONE', #334, 1000.000000000000000 ) ;
#1032 = CARTESIAN_POINT ( 'NONE',  ( 22.00000000000000000, -0.3305705920039384016, -14.99999999999999822 ) ) ;
#1033 = CARTESIAN_POINT ( 'NONE',  ( 14.90928215957856651, -1.651376758535590072, -10.61584160592710369 ) ) ;
#1034 = CARTESIAN_POINT ( 'NONE',  ( -1.653828630337762506, -21.93805357949027268, -14.38186143982011345 ) ) ;
#1035 = VECTOR ( 'NONE', #1119, 1000.000000000000000 ) ;
#1036 = CARTESIAN_POINT ( 'NONE',  ( 1.537141538729638102, -14.92283345945290840, -14.49829515645435585 ) ) ;
#1037 = FACE_OUTER_BOUND ( 'NONE', #647, .T. ) ;
#1038 = CARTESIAN_POINT ( 'NONE',  ( 21.85747907801481205, -2.500121670901560567, -12.66339618113294030 ) ) ;
#1039 = CARTESIAN_POINT ( 'NONE',  ( -21.94754554965307136, 1.524391702560848660, -10.51180645530939195 ) ) ;
#1040 = PLANE ( 'NONE',  #1015 ) ;
#1041 = CARTESIAN_POINT ( 'NONE',  ( -1.650858423625680471, -21.93828549840419484, -10.61535388252892709 ) ) ;
#1042 = CARTESIAN_POINT ( 'NONE',  ( -22.00000000000000000, 2.694222958124176809E-15, 0.000000000000000000 ) ) ;
#1043 = CARTESIAN_POINT ( 'NONE',  ( 0.000000000000000000, 0.000000000000000000, -2.999999999999997335 ) ) ;
#1044 = CARTESIAN_POINT ( 'NONE',  ( -2.500000000000229150, 21.85749299439436300, -12.49999999999999645 ) ) ;
#1045 = AXIS2_PLACEMENT_3D ( 'NONE', #360, #182, #1072 ) ;
#1046 = CARTESIAN_POINT ( 'NONE',  ( 1.652171485012297270, -21.93817900431221446, -10.61668279426196904 ) ) ;
#1047 = CARTESIAN_POINT ( 'NONE',  ( 21.96475944397390734, -1.252230180299354290, -10.32999683327339113 ) ) ;
#1048 = B_SPLINE_CURVE_WITH_KNOTS ( 'NONE', 3,
 ( #763, #1107, #508, #775, #849, #503, #325, #1112, #166, #770, #514, #670, #1025, #591, #1121, #844, #518, #62, #242, #337, #80, #233, #1020, #68, #597, #940, #854, #73, #424, #120 ),
 .UNSPECIFIED., .F., .F.,
 ( 4, 2, 2, 2, 2, 2, 2, 2, 2, 2, 2, 2, 2, 2, 4 ),
 ( 0.007829796715589924100, 0.008808276655625656495, 0.009297516625643520091, 0.009786756595661383687, 0.01027599656567924902, 0.01076523653569711261, 0.01125447650571497621, 0.01174371647573283980, 0.01223295644575070340, 0.01272219641576856700, 0.01321143638578643059, 0.01370067635580429419, 0.01467915629584002138, 0.01516839626585788151, 0.01565763623587574163 ),
 .UNSPECIFIED. ) ;
#1049 = CARTESIAN_POINT ( 'NONE',  ( -14.98670335942011356, 0.6517788203636493138, -10.08084880685463958 ) ) ;
#1050 = EDGE_CURVE ( 'NONE', #967, #529, #110, .T. ) ;
#1051 = DIRECTION ( 'NONE',  ( 1.000000000000000000, 0.000000000000000000, 0.000000000000000000 ) ) ;
#1052 = ADVANCED_FACE ( 'NONE', ( #418, #853 ), #596, .T. ) ;
#1053 = CARTESIAN_POINT ( 'NONE',  ( -0.1622928491711151944, -22.00000675440166731, -9.999940561261402294 ) ) ;
#1054 = CARTESIAN_POINT ( 'NONE',  ( -22.00000000000000000, -6.788806661118288209E-17, -9.999999999999996447 ) ) ;
#1055 = CARTESIAN_POINT ( 'NONE',  ( -1.651266225227844275, 21.93824733457652343, -14.38410809226022025 ) ) ;
#1056 = LINE ( 'NONE', #542, #397 ) ;
#1057 = CARTESIAN_POINT ( 'NONE',  ( -0.6488332366403494200, -21.99101516438802051, -10.08013304207014471 ) ) ;
#1058 = CYLINDRICAL_SURFACE ( 'NONE', #526, 18.99999999999999645 ) ;
#1059 = CARTESIAN_POINT ( 'NONE',  ( 18.99999999999999645, 0.000000000000000000, -6.599999999999997868 ) ) ;
#1060 = CARTESIAN_POINT ( 'NONE',  ( 2.247553033020070146, 21.88498179647534414, -13.60680438287237237 ) ) ;
#1061 = CARTESIAN_POINT ( 'NONE',  ( 0.1622928491709600407, 22.00000675440166376, -9.999940561261402294 ) ) ;
#1062 = DIRECTION ( 'NONE',  ( 3.491481338843134144E-15, -1.000000000000000000, -0.000000000000000000 ) ) ;
#1063 = EDGE_CURVE ( 'NONE', #46, #124, #279, .T. ) ;
#1064 = DIRECTION ( 'NONE',  ( 1.000000000000000000, 0.000000000000000000, 0.000000000000000000 ) ) ;
#1065 = CARTESIAN_POINT ( 'NONE',  ( 0.3299441087382749549, 14.99722332253994317, -10.01651462928420777 ) ) ;
#1066 = CARTESIAN_POINT ( 'NONE',  ( -1.250916550373040614, 21.96482972915504917, -14.67068611540618228 ) ) ;
#1067 = CIRCLE ( 'NONE', #974, 21.99999999999999645 ) ;
#1068 = AXIS2_PLACEMENT_3D ( 'NONE', #703, #879, #874 ) ;
#1069 = CARTESIAN_POINT ( 'NONE',  ( 22.00000000000000000, -2.608644684430102889E-23, -9.999999999999996447 ) ) ;
#1070 = ORIENTED_EDGE ( 'NONE', *, *, #426, .T. ) ;
#1071 = SHAPE_DEFINITION_REPRESENTATION ( #323, #411 ) ;
#1072 = DIRECTION ( 'NONE',  ( 0.000000000000000000, 0.000000000000000000, 1.000000000000000000 ) ) ;
#1073 = CARTESIAN_POINT ( 'NONE',  ( -21.85750706754394201, -2.499876958458889131, -12.66709839582346042 ) ) ;
#1074 = ORIENTED_EDGE ( 'NONE', *, *, #924, .T. ) ;
#1075 = CARTESIAN_POINT ( 'NONE',  ( 15.00000000000000178, -2.105391304433167785E-16, -14.99999999999999822 ) ) ;
#1076 = ORIENTED_EDGE ( 'NONE', *, *, #238, .F. ) ;
#1077 = CARTESIAN_POINT ( 'NONE',  ( -18.99999999999999645, 2.326828918379970576E-15, -6.599999999999997868 ) ) ;
#1078 = CARTESIAN_POINT ( 'NONE',  ( 22.00000000000000000, 0.000000000000000000, 0.000000000000000000 ) ) ;
#1079 = CARTESIAN_POINT ( 'NONE',  ( 0.000000000000000000, 0.000000000000000000, -6.599999999999997868 ) ) ;
#1080 = CARTESIAN_POINT ( 'NONE',  ( -14.79021646869765050, 2.499899361851833035, -12.66668370782974584 ) ) ;
#1081 = CARTESIAN_POINT ( 'NONE',  ( -21.91023424338312253, -1.987446869864772925, -14.02535542133774271 ) ) ;
#1082 = EDGE_LOOP ( 'NONE', ( #212, #747 ) ) ;
#1083 = DIRECTION ( 'NONE',  ( 1.000000000000000000, 0.000000000000000000, 0.000000000000000000 ) ) ;
#1084 = VERTEX_POINT ( 'NONE', #888 ) ;
#1085 = CARTESIAN_POINT ( 'NONE',  ( 15.00000000000000355, -0.1654916451219537732, -15.00000000000000178 ) ) ;
#1086 = CIRCLE ( 'NONE', #594, 22.00000000000000000 ) ;
#1087 = CARTESIAN_POINT ( 'NONE',  ( 14.84268478741295816, 2.168658395119301474, -11.24561377221621505 ) ) ;
#1088 = DIRECTION ( 'NONE',  ( 1.000000000000000000, 0.000000000000000000, 0.000000000000000000 ) ) ;
#1089 = ORIENTED_EDGE ( 'NONE', *, *, #978, .T. ) ;
#1090 = ADVANCED_FACE ( 'NONE', ( #374 ), #1058, .T. ) ;
#1091 = ORIENTED_EDGE ( 'NONE', *, *, #326, .T. ) ;
#1092 = CARTESIAN_POINT ( 'NONE',  ( -1.258627215103525598, 14.95013966959070473, -14.68446077175651965 ) ) ;
#1093 = ORIENTED_EDGE ( 'NONE', *, *, #678, .T. ) ;
#1094 = CARTESIAN_POINT ( 'NONE',  ( 14.86810114881627598, -1.998320596987777753, -14.03710895542393189 ) ) ;
#1095 = CARTESIAN_POINT ( 'NONE',  ( 14.92262809724313577, 1.539076963317369984, -14.49676433526702191 ) ) ;
#1096 = CARTESIAN_POINT ( 'NONE',  ( 22.00000000000000000, 0.000000000000000000, 0.000000000000000000 ) ) ;
#1097 = VERTEX_POINT ( 'NONE', #1077 ) ;
#1098 = EDGE_LOOP ( 'NONE', ( #565, #553 ) ) ;
#1099 = CARTESIAN_POINT ( 'NONE',  ( 21.96462144570043407, 1.254508820498300592, -10.33142579883286416 ) ) ;
#1100 = CARTESIAN_POINT ( 'NONE',  ( -15.00000000000000178, 1.836970198721029983E-15, -19.99999999999999645 ) ) ;
#1101 = CYLINDRICAL_SURFACE ( 'NONE', #1028, 15.00000000000000178 ) ;
#1102 = ORIENTED_EDGE ( 'NONE', *, *, #590, .F. ) ;
#1103 = CARTESIAN_POINT ( 'NONE',  ( 21.91954500599448608, 1.883322840898172146, -14.15216508744243207 ) ) ;
#1104 = EDGE_CURVE ( 'NONE', #732, #979, #11, .T. ) ;
#1105 = CARTESIAN_POINT ( 'NONE',  ( -15.00000000000000355, 0.3265428542721541261, -14.99999999999999645 ) ) ;
#1106 = DIRECTION ( 'NONE',  ( -1.047444401652940007E-14, 1.000000000000000000, -0.000000000000000000 ) ) ;
#1107 = CARTESIAN_POINT ( 'NONE',  ( -2.499999999999948486, -14.79019945774904699, -12.17345761169653251 ) ) ;
#1108 = DIRECTION ( 'NONE',  ( 1.000000000000000000, 0.000000000000000000, 0.000000000000000000 ) ) ;
#1109 = LINE ( 'NONE', #604, #584 ) ;
#1110 = CARTESIAN_POINT ( 'NONE',  ( 1.884230952082812660, 21.91947485373590609, -10.84866773719909894 ) ) ;
#1111 = CARTESIAN_POINT ( 'NONE',  ( 21.97265688446556808, -1.106807772941593715, -10.25244857684723954 ) ) ;
#1112 = CARTESIAN_POINT ( 'NONE',  ( -1.653760437959774787, -14.90900802119016788, -10.61807969802649687 ) ) ;
#1113 = LINE ( 'NONE', #861, #717 ) ;
#1114 = CARTESIAN_POINT ( 'NONE',  ( -22.00000000000000000, 2.694222932038291239E-15, -14.99999999999999822 ) ) ;
#1115 = CARTESIAN_POINT ( 'NONE',  ( 14.99726404368438537, 0.3288835932972036802, -14.98373583700665534 ) ) ;
#1116 = CARTESIAN_POINT ( 'NONE',  ( 14.84267636493808240, -2.168708731058762940, -11.24573589659335049 ) ) ;
#1117 = CARTESIAN_POINT ( 'NONE',  ( -21.89295854503664884, 2.169514028277673923, -11.24691200609949426 ) ) ;
#1118 = CARTESIAN_POINT ( 'NONE',  ( 1.882520183257446078, -14.88185332550325235, -14.15306221002954423 ) ) ;
#1119 = DIRECTION ( 'NONE',  ( 1.000000000000000000, -0.000000000000000000, -0.000000000000000000 ) ) ;
#1120 = AXIS2_PLACEMENT_3D ( 'NONE', #1043, #598, #1108 ) ;
#1121 = CARTESIAN_POINT ( 'NONE',  ( -0.1666744316138084880, -14.99998330025635163, -10.00010019847961296 ) ) ;
#1122 = ORIENTED_EDGE ( 'NONE', *, *, #963, .T. ) ;
#1123 = CARTESIAN_POINT ( 'NONE',  ( 0.8045422925575184125, -21.98580620995379320, -14.87266860046927164 ) ) ;
#1124 = CARTESIAN_POINT ( 'NONE',  ( -21.85748618885906325, 2.500059500780351218, -12.66229147930194898 ) ) ;
#1125 = FACE_OUTER_BOUND ( 'NONE', #299, .T. ) ;
#1126 = CARTESIAN_POINT ( 'NONE',  ( 21.87177195636275329, -2.372669404848942953, -13.30453970204174396 ) ) ;
#1127 = CARTESIAN_POINT ( 'NONE',  ( -1.884112982664541525, -21.91947677896682833, -14.15126311827086170 ) ) ;
#1128 = DIRECTION ( 'NONE',  ( 0.000000000000000000, 0.000000000000000000, -1.000000000000000000 ) ) ;
#1129 = DIRECTION ( 'NONE',  ( 1.000000000000000000, 0.000000000000000000, 0.000000000000000000 ) ) ;
ENDSEC;
END-ISO-10303-21;
