ISO-10303-21;
HEADER;
FILE_DESCRIPTION (( 'STEP AP214' ),
    '1' );
FILE_NAME ('Bulkhead.STEP',
    '2026-07-02T15:11:00',
    ( '' ),
    ( '' ),
    'SwSTEP 2.0',
    'SolidWorks 2023',
    '' );
FILE_SCHEMA (( 'AUTOMOTIVE_DESIGN' ));
ENDSEC;

DATA;
#1 = ORIENTED_EDGE ( 'NONE', *, *, #2314, .F. ) ;
#2 = CARTESIAN_POINT ( 'NONE',  ( -14.42187742493064917, 1.506002005362983454, -11.66808148566120984 ) ) ;
#3 = CARTESIAN_POINT ( 'NONE',  ( -8.751319543445401195, -11.56136091759319307, -10.60798324889742439 ) ) ;
#4 = CARTESIAN_POINT ( 'NONE',  ( -22.00000000000000355, 2.694222958124177993E-15, -2.345597197862983929 ) ) ;
#5 = CARTESIAN_POINT ( 'NONE',  ( 1.747854571993994188, 21.93068681688150789, -9.339180909973531897 ) ) ;
#6 = B_SPLINE_CURVE_WITH_KNOTS ( 'NONE', 3,
 ( #1466, #1327, #203, #57, #952, #241, #46, #2184, #2007, #578, #758, #383, #1478, #2213, #2225, #769, #2198, #594, #1111, #1638, #1491, #926, #1831, #423, #1301, #1099 ),
 .UNSPECIFIED., .F., .F.,
 ( 4, 2, 2, 2, 2, 2, 2, 2, 2, 2, 2, 2, 4 ),
 ( 0.006256138512985086331, 0.007037973579740576177, 0.007819808646496066024, 0.008210726179873808345, 0.008601643713251550666, 0.008992561246629291252, 0.009383478780007033573, 0.009774396313384767221, 0.01016531384676250260, 0.01055623138014023799, 0.01094714891351797163, 0.01172898398027343719, 0.01251081904702890449 ),
 .UNSPECIFIED. ) ;
#7 = CARTESIAN_POINT ( 'NONE',  ( 11.07947787491318259, 9.354515499511222743, -11.93594646144065941 ) ) ;
#8 = CARTESIAN_POINT ( 'NONE',  ( -22.00000000000000000, -1.300614695960512689E-23, -12.34559719786309273 ) ) ;
#9 = EDGE_LOOP ( 'NONE', ( #355, #980 ) ) ;
#10 = CARTESIAN_POINT ( 'NONE',  ( 1.736482509829734511, 14.39583120329318433, -9.344742978276608270 ) ) ;
#11 = EDGE_CURVE ( 'NONE', #649, #1212, #2068, .T. ) ;
#12 = DIRECTION ( 'NONE',  ( -1.224646799147352714E-16, -0.000000000000000000, -1.000000000000000000 ) ) ;
#13 = CARTESIAN_POINT ( 'NONE',  ( 15.18714701240598863, 15.91750339280759441, -12.28215975164237150 ) ) ;
#14 = EDGE_CURVE ( 'NONE', #748, #974, #1109, .T. ) ;
#15 = ORIENTED_EDGE ( 'NONE', *, *, #14, .T. ) ;
#16 = CARTESIAN_POINT ( 'NONE',  ( -11.07983755502240797, -9.354092151645742703, -8.755648737662967918 ) ) ;
#17 = CARTESIAN_POINT ( 'NONE',  ( -1.219628983997680161, 14.44902695283578353, -8.755132344198285566 ) ) ;
#18 = CARTESIAN_POINT ( 'NONE',  ( -21.97823003489465421, -1.007608848233668253, -8.598457358768843761 ) ) ;
#19 =( LENGTH_UNIT ( ) NAMED_UNIT ( * ) SI_UNIT ( .MILLI., .METRE. ) );
#20 = CARTESIAN_POINT ( 'NONE',  ( 10.61401640165970406, 9.879733469450862060, -12.28145201901881478 ) ) ;
#21 = LINE ( 'NONE', #1039, #1303 ) ;
#22 = VECTOR ( 'NONE', #792, 1000.000000000000000 ) ;
#23 = CARTESIAN_POINT ( 'NONE',  ( 22.00000000000000000, 2.694222989722561642E-15, -8.345597197863096284 ) ) ;
#24 = EDGE_CURVE ( 'NONE', #1697, #724, #564, .T. ) ;
#25 = CARTESIAN_POINT ( 'NONE',  ( 15.46406784707900250, 15.64864369139780997, -12.34569960743099948 ) ) ;
#26 = VERTEX_POINT ( 'NONE', #2098 ) ;
#27 = CARTESIAN_POINT ( 'NONE',  ( 10.93660186285218039, -9.521167614819315617, -8.609119752274851933 ) ) ;
#28 = CARTESIAN_POINT ( 'NONE',  ( -8.792232866000530223, -11.53027758765419897, -10.86383290977499527 ) ) ;
#29 = AXIS2_PLACEMENT_3D ( 'NONE', #542, #195, #1089 ) ;
#30 = CARTESIAN_POINT ( 'NONE',  ( 11.07983755502234580, 9.354092151645824416, -8.755648737662975023 ) ) ;
#31 = AXIS2_PLACEMENT_3D ( 'NONE', #672, #2132, #1207 ) ;
#32 = CARTESIAN_POINT ( 'NONE',  ( 0.8865683316466214103, 21.98246321407993165, -12.14314814766066952 ) ) ;
#33 = CARTESIAN_POINT ( 'NONE',  ( 10.93814127081171783, 9.519393665095050139, -12.08068681920099152 ) ) ;
#34 = FACE_OUTER_BOUND ( 'NONE', #227, .T. ) ;
#35 = ORIENTED_EDGE ( 'NONE', *, *, #2218, .F. ) ;
#36 = CARTESIAN_POINT ( 'NONE',  ( 16.58501328402006791, -14.45496025732046874, -9.023310024869877211 ) ) ;
#37 = CARTESIAN_POINT ( 'NONE',  ( 21.90890230020663410, -2.000000000000076383, -10.34559719786309806 ) ) ;
#38 = DIRECTION ( 'NONE',  ( -1.224646799147352714E-16, -0.000000000000000000, -1.000000000000000000 ) ) ;
#39 = CARTESIAN_POINT ( 'NONE',  ( 11.56136091759321971, -8.751319543445360338, -10.60798324889742972 ) ) ;
#40 = CARTESIAN_POINT ( 'NONE',  ( 8.740834443421796607, -11.56926156816809126, -10.08444191785463850 ) ) ;
#41 = CARTESIAN_POINT ( 'NONE',  ( -1.489794077775836014E-15, 14.50000000000000000, -12.34559719786309451 ) ) ;
#42 = DIRECTION ( 'NONE',  ( -1.000000000000000000, 0.000000000000000000, 1.182766006347822862E-16 ) ) ;
#43 = ADVANCED_FACE ( 'NONE', ( #1912 ), #114, .F. ) ;
#44 = CARTESIAN_POINT ( 'NONE',  ( 1.219426380575301616, 21.96644809486310024, -8.754974664678476515 ) ) ;
#45 = CARTESIAN_POINT ( 'NONE',  ( 21.97737585532378546, -1.003347347745755513, -8.610586792724369332 ) ) ;
#46 = CARTESIAN_POINT ( 'NONE',  ( 14.66971142357275859, -16.39546884743522881, -11.93555272856791660 ) ) ;
#47 = ORIENTED_EDGE ( 'NONE', *, *, #527, .T. ) ;
#48 = CARTESIAN_POINT ( 'NONE',  ( 16.40196421419005901, -14.66321031028928346, -8.746724877948269139 ) ) ;
#49 = AXIS2_PLACEMENT_3D ( 'NONE', #2077, #1707, #2064 ) ;
#50 = DIRECTION ( 'NONE',  ( -1.000000000000000000, 0.000000000000000000, 0.000000000000000000 ) ) ;
#51 = CARTESIAN_POINT ( 'NONE',  ( 14.07771982245659359, 16.90614694720273192, -10.60997183886108530 ) ) ;
#52 = DIRECTION ( 'NONE',  ( 1.224646799147353207E-16, 1.000000000000000000, 0.000000000000000000 ) ) ;
#53 = ORIENTED_EDGE ( 'NONE', *, *, #59, .F. ) ;
#54 = DIRECTION ( 'NONE',  ( -1.224646799147352714E-16, -0.000000000000000000, -1.000000000000000000 ) ) ;
#55 = EDGE_CURVE ( 'NONE', #1568, #402, #1782, .T. ) ;
#56 = DIRECTION ( 'NONE',  ( -1.224646799147352714E-16, -0.000000000000000000, -1.000000000000000000 ) ) ;
#57 = CARTESIAN_POINT ( 'NONE',  ( 14.27108641671115308, -16.74353877373942723, -11.35125669974472373 ) ) ;
#58 = ORIENTED_EDGE ( 'NONE', *, *, #1992, .F. ) ;
#59 = EDGE_CURVE ( 'NONE', #797, #1871, #1465, .T. ) ;
#60 = CARTESIAN_POINT ( 'NONE',  ( 1.507213962418741060, -14.42174946881460684, -11.66668375495716070 ) ) ;
#61 = DIRECTION ( 'NONE',  ( 3.469446951953614189E-15, 1.000000000000000000, 0.000000000000000000 ) ) ;
#62 = CARTESIAN_POINT ( 'NONE',  ( -14.37537423511336598, 1.897675196080195636, -9.700638536796988731 ) ) ;
#63 = CARTESIAN_POINT ( 'NONE',  ( 14.41275024691935158, -1.599045991855241988, -9.116337694426526639 ) ) ;
#64 = AXIS2_PLACEMENT_3D ( 'NONE', #740, #2179, #1280 ) ;
#65 = CARTESIAN_POINT ( 'NONE',  ( -0.2643745542848331409, -22.00000000000000711, -12.34559719786309451 ) ) ;
#66 = ORIENTED_EDGE ( 'NONE', *, *, #2100, .F. ) ;
#67 = TOROIDAL_SURFACE ( 'NONE', #1380, 20.47612336457308757, 2.138270329027695205 ) ;
#68 = DIRECTION ( 'NONE',  ( -1.000000000000000000, 0.000000000000000000, 1.182766006347822862E-16 ) ) ;
#69 = B_SPLINE_CURVE_WITH_KNOTS ( 'NONE', 3,
 ( #996, #135, #1722, #1753, #1733, #2099, #115, #1203, #667, #1029, #144, #1574, #1952, #23 ),
 .UNSPECIFIED., .F., .F.,
 ( 4, 2, 2, 2, 2, 2, 4 ),
 ( 0.000000000000000000, 0.0003910988514065296307, 0.0007821977028130590445, 0.001173296554219588513, 0.001564395405626118089, 0.002346593108439173122, 0.003128790811252227938 ),
 .UNSPECIFIED. ) ;
#70 = AXIS2_PLACEMENT_3D ( 'NONE', #913, #1663, #651 ) ;
#71 = CARTESIAN_POINT ( 'NONE',  ( 11.56926156816805928, 8.740834443421835687, -10.47620651877869413 ) ) ;
#72 = DIRECTION ( 'NONE',  ( -1.000000000000000000, 0.000000000000000000, -0.000000000000000000 ) ) ;
#73 = ORIENTED_EDGE ( 'NONE', *, *, #988, .T. ) ;
#74 = DIRECTION ( 'NONE',  ( -1.000000000000000000, 0.000000000000000000, 1.224646799147352714E-16 ) ) ;
#75 = EDGE_CURVE ( 'NONE', #251, #1824, #1440, .T. ) ;
#76 = PLANE ( 'NONE',  #2209 ) ;
#77 = DIRECTION ( 'NONE',  ( -0.000000000000000000, 1.000000000000000000, -0.000000000000000000 ) ) ;
#78 = VERTEX_POINT ( 'NONE', #2172 ) ;
#79 = CARTESIAN_POINT ( 'NONE',  ( 14.47330951579079539, -0.8877134638691774882, -8.548606555151973652 ) ) ;
#80 = CARTESIAN_POINT ( 'NONE',  ( 14.37023826810794169, -1.935696292429642806, -10.86539829099055687 ) ) ;
#81 = ORIENTED_EDGE ( 'NONE', *, *, #971, .F. ) ;
#82 = DIRECTION ( 'NONE',  ( -1.000000000000000000, 0.000000000000000000, 1.182766006347822862E-16 ) ) ;
#83 = CARTESIAN_POINT ( 'NONE',  ( -14.50000000000000178, -0.1323457282936327528, -8.345597197862996808 ) ) ;
#84 = LINE ( 'NONE', #796, #1874 ) ;
#85 = VERTEX_POINT ( 'NONE', #2020 ) ;
#86 = DIRECTION ( 'NONE',  ( 0.7071067811865437980, -0.7071067811865512365, -8.659560562354883554E-17 ) ) ;
#87 = CARTESIAN_POINT ( 'NONE',  ( 22.00000000000000355, 0.000000000000000000, 0.6544028021369138193 ) ) ;
#88 = EDGE_CURVE ( 'NONE', #600, #2152, #2005, .T. ) ;
#89 = CARTESIAN_POINT ( 'NONE',  ( 14.49999999999999822, 1.775737880495007383E-15, -12.34559719786309628 ) ) ;
#90 = ORIENTED_EDGE ( 'NONE', *, *, #1098, .F. ) ;
#91 = CARTESIAN_POINT ( 'NONE',  ( -8.943506024766932683, -11.41375760266131323, -9.337255254932589565 ) ) ;
#92 = EDGE_CURVE ( 'NONE', #1010, #384, #240, .T. ) ;
#93 = CARTESIAN_POINT ( 'NONE',  ( 8.740834443421872990, 11.56926156816803264, -10.34559719786309628 ) ) ;
#94 = EDGE_LOOP ( 'NONE', ( #1220, #1419 ) ) ;
#95 = LINE ( 'NONE', #443, #2161 ) ;
#96 = CARTESIAN_POINT ( 'NONE',  ( -14.47330976237159206, -0.8876993974400324561, -8.548605281910658604 ) ) ;
#97 = ORIENTED_EDGE ( 'NONE', *, *, #2058, .F. ) ;
#98 = CARTESIAN_POINT ( 'NONE',  ( -16.84042316872732314, -14.15636548023350194, -9.701306979088991866 ) ) ;
#99 = CARTESIAN_POINT ( 'NONE',  ( -8.942409784197716149, 11.41461383477207114, -9.339625008125659988 ) ) ;
#100 = DIRECTION ( 'NONE',  ( -1.000000000000000000, 0.000000000000000000, 1.301042606982605074E-16 ) ) ;
#101 = CARTESIAN_POINT ( 'NONE',  ( 9.276643701719850199, -11.14462477774345750, -11.85314936929020568 ) ) ;
#102 = CARTESIAN_POINT ( 'NONE',  ( 22.00000000000000355, 2.694222958124177598E-15, -5.345597197863097172 ) ) ;
#103 = ADVANCED_FACE ( 'NONE', ( #1728, #2059, #617, #2224 ), #640, .T. ) ;
#104 = CARTESIAN_POINT ( 'NONE',  ( 14.37535118662529143, -1.897849736696426204, -10.99005585793413431 ) ) ;
#105 = ORIENTED_EDGE ( 'NONE', *, *, #178, .T. ) ;
#106 = CARTESIAN_POINT ( 'NONE',  ( -5.542876629198940019E-16, -13.99999999999999822, -8.345597197863094507 ) ) ;
#107 = AXIS2_PLACEMENT_3D ( 'NONE', #1888, #281, #450 ) ;
#108 = AXIS2_PLACEMENT_3D ( 'NONE', #322, #1213, #1744 ) ;
#109 = CARTESIAN_POINT ( 'NONE',  ( -16.46247074773755870, 14.59436904023592341, -11.85294762816146985 ) ) ;
#110 = ORIENTED_EDGE ( 'NONE', *, *, #1522, .F. ) ;
#111 = AXIS2_PLACEMENT_3D ( 'NONE', #2024, #1517, #50 ) ;
#112 = CARTESIAN_POINT ( 'NONE',  ( -14.45496025732052559, -16.58501328402001818, -9.023310024869875434 ) ) ;
#113 = CARTESIAN_POINT ( 'NONE',  ( -10.06523255799852556, 10.43826845942436066, -8.358786527821621348 ) ) ;
#114 = CYLINDRICAL_SURFACE ( 'NONE', #1411, 2.000000000000000000 ) ;
#115 = CARTESIAN_POINT ( 'NONE',  ( 21.93154686107043005, 1.735671503269801352, -9.343333073065259953 ) ) ;
#116 = CARTESIAN_POINT ( 'NONE',  ( -22.00000000000000355, 0.000000000000000000, -2.345597197862978156 ) ) ;
#117 = ORIENTED_EDGE ( 'NONE', *, *, #1797, .F. ) ;
#118 = CARTESIAN_POINT ( 'NONE',  ( -8.822963988208318398, 11.50686161498168048, -10.99020235037637327 ) ) ;
#119 = ADVANCED_FACE ( 'NONE', ( #434 ), #819, .T. ) ;
#120 = CARTESIAN_POINT ( 'NONE',  ( -16.87208746888709499, 14.11887838602488898, -10.87262616428562545 ) ) ;
#121 = VERTEX_POINT ( 'NONE', #1906 ) ;
#122 = CARTESIAN_POINT ( 'NONE',  ( -1.257709381586202618E-13, 0.000000000000000000, -1026.343244570043453 ) ) ;
#123 = CARTESIAN_POINT ( 'NONE',  ( -9.879555527294956008, 10.61417624974743568, -8.409838760573272509 ) ) ;
#124 = CARTESIAN_POINT ( 'NONE',  ( -21.91010615619270396, 1.986934332760083910, -10.60864281996893332 ) ) ;
#125 = CARTESIAN_POINT ( 'NONE',  ( 14.36140661634507687, 1.999999999999950262, -10.34559719786309628 ) ) ;
#126 = AXIS2_PLACEMENT_3D ( 'NONE', #1130, #610, #272 ) ;
#127 = ORIENTED_EDGE ( 'NONE', *, *, #2100, .T. ) ;
#128 = CARTESIAN_POINT ( 'NONE',  ( -9.067057728710327780, 11.31564297033327726, -11.56579796533394422 ) ) ;
#129 = DIRECTION ( 'NONE',  ( -1.000000000000000000, 0.000000000000000000, 1.196361017915039486E-16 ) ) ;
#130 = CARTESIAN_POINT ( 'NONE',  ( -1.598752781502873699, -14.41278116424799194, -11.57519407357774810 ) ) ;
#131 = EDGE_CURVE ( 'NONE', #2152, #1858, #2261, .T. ) ;
#132 = CARTESIAN_POINT ( 'NONE',  ( -14.28054999834520444, -16.73532761313686379, -9.343542254911568534 ) ) ;
#133 = SURFACE_STYLE_USAGE ( .BOTH. , #291 ) ;
#134 = CARTESIAN_POINT ( 'NONE',  ( -16.90614694720288469, -14.07771982245642484, -10.60666358822036059 ) ) ;
#135 = CARTESIAN_POINT ( 'NONE',  ( 21.90890230020665186, 1.999999999999924949, -10.21334856534216229 ) ) ;
#136 = CARTESIAN_POINT ( 'NONE',  ( 14.37539735758185522, 1.897503076667975463, -10.99109827946719520 ) ) ;
#137 = ORIENTED_EDGE ( 'NONE', *, *, #917, .F. ) ;
#138 = PRESENTATION_STYLE_ASSIGNMENT (( #2120 ) ) ;
#139 = CARTESIAN_POINT ( 'NONE',  ( 1.747854571993993300, -21.93068681688150434, -11.35201348575265712 ) ) ;
#140 = CARTESIAN_POINT ( 'NONE',  ( -1.999902877763068743, -14.36142014179320014, -10.60758074504670923 ) ) ;
#141 = CARTESIAN_POINT ( 'NONE',  ( -14.08774529973555723, -16.89781299672414860, -10.08338435103398290 ) ) ;
#142 = CIRCLE ( 'NONE', #31, 22.00000000000000355 ) ;
#143 = CARTESIAN_POINT ( 'NONE',  ( 9.607516242098519399, -10.86095555226171960, -12.14327493583136608 ) ) ;
#144 = CARTESIAN_POINT ( 'NONE',  ( 21.97830732593008918, 1.006000762157977846, -8.597494343260013494 ) ) ;
#145 = CARTESIAN_POINT ( 'NONE',  ( 16.77543683794034735, 14.23331496904458149, -9.459030265573307616 ) ) ;
#146 = EDGE_LOOP ( 'NONE', ( #820, #1279, #1497, #1288 ) ) ;
#147 = CARTESIAN_POINT ( 'NONE',  ( -14.50000000000000178, 3.836388354270824612E-23, -12.34559719786309273 ) ) ;
#148 = CARTESIAN_POINT ( 'NONE',  ( 1.987024209053153356, -21.91009796547891852, -10.08321450220408444 ) ) ;
#149 = CARTESIAN_POINT ( 'NONE',  ( -14.36140661634509286, -1.999999999999849010, -10.08428864144256565 ) ) ;
#150 = CARTESIAN_POINT ( 'NONE',  ( 20.00000000000000355, 0.000000000000000000, 3.654402802137024509 ) ) ;
#151 = CARTESIAN_POINT ( 'NONE',  ( 16.89781299672419834, -14.08774529973550038, -10.08338435103398822 ) ) ;
#152 = CARTESIAN_POINT ( 'NONE',  ( 16.73475855144245372, 14.28121598776669288, -9.342086687517166865 ) ) ;
#153 = EDGE_LOOP ( 'NONE', ( #2027, #2142, #464, #941 ) ) ;
#154 = DIRECTION ( 'NONE',  ( -0.000000000000000000, -0.000000000000000000, 1.000000000000000000 ) ) ;
#155 = EDGE_CURVE ( 'NONE', #321, #1352, #845, .T. ) ;
#156 = CARTESIAN_POINT ( 'NONE',  ( -14.36140661634509463, -1.999999999999849898, -10.34559719786309273 ) ) ;
#157 = CARTESIAN_POINT ( 'NONE',  ( 9.899494936611679563, 9.899494936611647589, -10.34559719786309628 ) ) ;
#158 = ORIENTED_EDGE ( 'NONE', *, *, #462, .T. ) ;
#159 = CARTESIAN_POINT ( 'NONE',  ( -14.00000000000001954, -1.999999999999853895, -10.34559719786309273 ) ) ;
#160 = CARTESIAN_POINT ( 'NONE',  ( 15.91940464280753176, 15.18515394604524715, -12.28142464751589458 ) ) ;
#161 = VERTEX_POINT ( 'NONE', #1177 ) ;
#162 = CARTESIAN_POINT ( 'NONE',  ( 11.53700598976519842, -8.783943045095032431, -9.818200654207522859 ) ) ;
#163 = DIRECTION ( 'NONE',  ( -0.000000000000000000, -0.000000000000000000, 1.000000000000000000 ) ) ;
#164 = CARTESIAN_POINT ( 'NONE',  ( 0.2622128691471076745, 21.99880903318772596, -8.358579266215713233 ) ) ;
#165 = CARTESIAN_POINT ( 'NONE',  ( -11.56926156816794737, 8.740834443421999111, -10.08103208043491605 ) ) ;
#166 = ORIENTED_EDGE ( 'NONE', *, *, #2135, .T. ) ;
#167 = CIRCLE ( 'NONE', #772, 20.00000000000000355 ) ;
#168 = DIRECTION ( 'NONE',  ( -1.224646799147352714E-16, -0.000000000000000000, -1.000000000000000000 ) ) ;
#169 = AXIS2_PLACEMENT_3D ( 'NONE', #1142, #1834, #943 ) ;
#170 = DIRECTION ( 'NONE',  ( 1.000000000000000000, 0.000000000000000000, 0.000000000000000000 ) ) ;
#171 = AXIS2_PLACEMENT_3D ( 'NONE', #2294, #1946, #494 ) ;
#172 = CARTESIAN_POINT ( 'NONE',  ( -0.2643745542848328633, 22.00000000000000000, -8.345597197863096284 ) ) ;
#173 = ORIENTED_EDGE ( 'NONE', *, *, #1694, .T. ) ;
#174 = CARTESIAN_POINT ( 'NONE',  ( 10.69862470743425931, -9.787957899732198541, -8.447571111611614114 ) ) ;
#175 = CARTESIAN_POINT ( 'NONE',  ( -1.598752781502874143, 14.41278116424799371, -9.116000322148442692 ) ) ;
#176 = FACE_OUTER_BOUND ( 'NONE', #770, .T. ) ;
#177 =( NAMED_UNIT ( * ) PLANE_ANGLE_UNIT ( ) SI_UNIT ( $, .RADIAN. ) );
#178 = EDGE_CURVE ( 'NONE', #1212, #430, #1315, .T. ) ;
#179 = CARTESIAN_POINT ( 'NONE',  ( 21.93159638519318477, -1.735035833074445755, -9.342296715315068667 ) ) ;
#180 = EDGE_LOOP ( 'NONE', ( #1134, #105, #2066, #587 ) ) ;
#181 = EDGE_CURVE ( 'NONE', #185, #2030, #314, .T. ) ;
#182 = CARTESIAN_POINT ( 'NONE',  ( 0.000000000000000000, 0.000000000000000000, 0.000000000000000000 ) ) ;
#183 = CARTESIAN_POINT ( 'NONE',  ( 21.97746043431817853, 1.001527209596651202, -12.08168148079820980 ) ) ;
#184 = CARTESIAN_POINT ( 'NONE',  ( 15.65083661082431910, 15.46184843867862391, -12.34549357150520699 ) ) ;
#185 = VERTEX_POINT ( 'NONE', #1856 ) ;
#186 = CARTESIAN_POINT ( 'NONE',  ( -10.93820519083856802, -9.519322845154361445, -8.610540671612904262 ) ) ;
#187 = CARTESIAN_POINT ( 'NONE',  ( -11.50686161498164672, -8.822963988208355701, -10.99020235037637150 ) ) ;
#188 = CARTESIAN_POINT ( 'NONE',  ( 9.521167614819280089, 10.93660186285222125, -8.609119752274853710 ) ) ;
#189 = CARTESIAN_POINT ( 'NONE',  ( -9.899494936611544560, 9.899494936611782592, -10.34559719786309273 ) ) ;
#190 = CARTESIAN_POINT ( 'NONE',  ( 21.96051070617760104, -1.320878697209198371, -8.838046330980665388 ) ) ;
#191 = EDGE_CURVE ( 'NONE', #2043, #611, #1894, .T. ) ;
#192 = CYLINDRICAL_SURFACE ( 'NONE', #1566, 2.000000000000000000 ) ;
#193 = ORIENTED_EDGE ( 'NONE', *, *, #1763, .F. ) ;
#194 = DIRECTION ( 'NONE',  ( 1.000000000000000000, 0.000000000000000000, 0.000000000000000000 ) ) ;
#195 = DIRECTION ( 'NONE',  ( -1.000000000000000000, 1.047444401652940007E-14, 1.224646799147352714E-16 ) ) ;
#196 = CARTESIAN_POINT ( 'NONE',  ( 14.49250349995371678, 0.5248301437437370431, -12.29301662533519668 ) ) ;
#197 = ORIENTED_EDGE ( 'NONE', *, *, #155, .T. ) ;
#198 = DIRECTION ( 'NONE',  ( 0.000000000000000000, -1.000000000000000000, 0.000000000000000000 ) ) ;
#199 = FACE_OUTER_BOUND ( 'NONE', #627, .T. ) ;
#200 = CARTESIAN_POINT ( 'NONE',  ( 1.987024209053152024, 21.91009796547891852, -10.60797989352210990 ) ) ;
#201 = B_SPLINE_CURVE_WITH_KNOTS ( 'NONE', 3,
 ( #778, #1509, #2242, #1686, #63, #2053, #2028, #932, #79, #802, #1293, #2040, #588, #1498 ),
 .UNSPECIFIED., .F., .F.,
 ( 4, 2, 2, 2, 2, 2, 4 ),
 ( 0.006260368812687102172, 0.007043062065975354627, 0.007825755319263607082, 0.008217101945907733310, 0.008608448572551859537, 0.008999795199195985765, 0.009391141825840111992 ),
 .UNSPECIFIED. ) ;
#202 = CARTESIAN_POINT ( 'NONE',  ( 21.98247121318939890, -0.8863617750677375007, -8.547949428362418445 ) ) ;
#203 = CARTESIAN_POINT ( 'NONE',  ( 14.11829982183600052, -16.87256970119545230, -10.86986819499989210 ) ) ;
#204 = CARTESIAN_POINT ( 'NONE',  ( 1.797820888171453468, -14.38820321795118495, -11.23159923818755246 ) ) ;
#205 = VECTOR ( 'NONE', #864, 1000.000000000000114 ) ;
#206 = CARTESIAN_POINT ( 'NONE',  ( 21.99088924352427199, 0.6445684133980116304, -12.24341421646472661 ) ) ;
#207 = EDGE_CURVE ( 'NONE', #2125, #1824, #2271, .T. ) ;
#208 = AXIS2_PLACEMENT_3D ( 'NONE', #419, #1163, #68 ) ;
#209 = CARTESIAN_POINT ( 'NONE',  ( -14.50000000000012790, 0.000000000000000000, -1026.343244570043453 ) ) ;
#210 = ORIENTED_EDGE ( 'NONE', *, *, #92, .F. ) ;
#211 = CARTESIAN_POINT ( 'NONE',  ( 10.06523255799859307, -10.43826845942429493, -8.358786527821626677 ) ) ;
#212 = CARTESIAN_POINT ( 'NONE',  ( -1.935855590830159789, 14.37021674448143393, -10.86481070958331507 ) ) ;
#213 = CARTESIAN_POINT ( 'NONE',  ( 11.32225634661292268, 9.060395969355843349, -9.116793130705074688 ) ) ;
#214 = AXIS2_PLACEMENT_3D ( 'NONE', #1139, #1503, #1857 ) ;
#215 = CARTESIAN_POINT ( 'NONE',  ( 0.2631819202363452903, 21.99879947682406822, -12.33251134048624209 ) ) ;
#216 = CARTESIAN_POINT ( 'NONE',  ( 10.69864655299330103, 9.787935726419334515, -12.24362332963744215 ) ) ;
#217 = CYLINDRICAL_SURFACE ( 'NONE', #214, 20.00000000000000355 ) ;
#218 = ORIENTED_EDGE ( 'NONE', *, *, #1507, .T. ) ;
#219 = CARTESIAN_POINT ( 'NONE',  ( 1.005979317589980271, -14.46706975842461596, -8.597488621271914155 ) ) ;
#220 = CARTESIAN_POINT ( 'NONE',  ( 21.94258855409238151, -1.599047337269761782, -11.57486389241604741 ) ) ;
#221 = DIRECTION ( 'NONE',  ( -1.224646799147352714E-16, -0.000000000000000000, -1.000000000000000000 ) ) ;
#222 = VERTEX_POINT ( 'NONE', #477 ) ;
#223 = CARTESIAN_POINT ( 'NONE',  ( -20.00000000000000355, 0.000000000000000000, -5.345597197863091843 ) ) ;
#224 = EDGE_CURVE ( 'NONE', #1268, #1352, #2134, .T. ) ;
#225 = CARTESIAN_POINT ( 'NONE',  ( -9.347490655593462705, -11.08642041370598896, -11.94434049003340270 ) ) ;
#226 = CARTESIAN_POINT ( 'NONE',  ( 11.56926156816806106, 8.740834443421839239, -10.08444191785463673 ) ) ;
#227 = EDGE_LOOP ( 'NONE', ( #2084, #1685 ) ) ;
#228 = ADVANCED_FACE ( 'NONE', ( #653 ), #1957, .F. ) ;
#229 = CARTESIAN_POINT ( 'NONE',  ( 22.00000000000000355, -0.1304946062228868331, -8.345597197863090955 ) ) ;
#230 = CARTESIAN_POINT ( 'NONE',  ( -20.00000000000000355, 2.449293598294706907E-15, 3.654402802137024509 ) ) ;
#231 = ORIENTED_EDGE ( 'NONE', *, *, #1752, .T. ) ;
#232 = CARTESIAN_POINT ( 'NONE',  ( 2.000090035119442611, -14.36139407786603961, -10.47643365688946382 ) ) ;
#233 = FACE_OUTER_BOUND ( 'NONE', #2022, .T. ) ;
#234 = CARTESIAN_POINT ( 'NONE',  ( 14.67141850187366181, 16.39394160526235567, -11.93730004919325083 ) ) ;
#235 = CARTESIAN_POINT ( 'NONE',  ( 11.40674193703816819, -8.952182789258154472, -11.34791584329630254 ) ) ;
#236 = LINE ( 'NONE', #1333, #499 ) ;
#237 = CYLINDRICAL_SURFACE ( 'NONE', #334, 22.00000000000000355 ) ;
#238 = EDGE_LOOP ( 'NONE', ( #1297, #1066, #166, #58 ) ) ;
#239 = CARTESIAN_POINT ( 'NONE',  ( -21.93066676412063387, 1.748103746939263514, -9.339598186313079253 ) ) ;
#240 = LINE ( 'NONE', #1351, #2203 ) ;
#241 = CARTESIAN_POINT ( 'NONE',  ( 14.59277507410996044, -16.46388279111486597, -11.85107810931581085 ) ) ;
#242 = ORIENTED_EDGE ( 'NONE', *, *, #816, .T. ) ;
#243 = CARTESIAN_POINT ( 'NONE',  ( 1.231112716505456950, -14.44882584012678706, -11.94316283302089587 ) ) ;
#244 = FACE_OUTER_BOUND ( 'NONE', #349, .T. ) ;
#245 = DIRECTION ( 'NONE',  ( -1.224646799147352714E-16, -0.000000000000000000, -1.000000000000000000 ) ) ;
#246 = AXIS2_PLACEMENT_3D ( 'NONE', #1360, #455, #2249 ) ;
#247 = ORIENTED_EDGE ( 'NONE', *, *, #191, .T. ) ;
#248 = LINE ( 'NONE', #282, #1975 ) ;
#249 = AXIS2_PLACEMENT_3D ( 'NONE', #1813, #198, #368 ) ;
#250 = CARTESIAN_POINT ( 'NONE',  ( -1.799696520539852496E-15, -22.00000000000000000, -12.34559719786309451 ) ) ;
#251 = VERTEX_POINT ( 'NONE', #1387 ) ;
#252 = CIRCLE ( 'NONE', #585, 14.49999999999999822 ) ;
#253 = DIRECTION ( 'NONE',  ( -0.000000000000000000, -0.000000000000000000, 1.000000000000000000 ) ) ;
#254 = AXIS2_PLACEMENT_3D ( 'NONE', #970, #86, #1341 ) ;
#255 = DIRECTION ( 'NONE',  ( -0.000000000000000000, 1.000000000000000000, -0.000000000000000000 ) ) ;
#256 = DIRECTION ( 'NONE',  ( -1.000000000000000000, 0.000000000000000000, 1.232047923278982199E-16 ) ) ;
#257 = ADVANCED_FACE ( 'NONE', ( #1917 ), #1947, .F. ) ;
#258 = ORIENTED_EDGE ( 'NONE', *, *, #838, .F. ) ;
#259 = CYLINDRICAL_SURFACE ( 'NONE', #254, 2.000000000000000444 ) ;
#260 = CARTESIAN_POINT ( 'NONE',  ( 22.00000000000000711, -0.1321570631205749302, -12.34559719786310161 ) ) ;
#261 = CARTESIAN_POINT ( 'NONE',  ( -20.00000000000000355, 0.000000000000000000, 3.654402802137027173 ) ) ;
#262 = ORIENTED_EDGE ( 'NONE', *, *, #1626, .T. ) ;
#263 = CARTESIAN_POINT ( 'NONE',  ( -1.586851412901815257E-15, 14.50000000000000000, -8.345597197863094507 ) ) ;
#264 = DIRECTION ( 'NONE',  ( -0.000000000000000000, -0.000000000000000000, 1.000000000000000000 ) ) ;
#265 = ORIENTED_EDGE ( 'NONE', *, *, #598, .F. ) ;
#266 = DIRECTION ( 'NONE',  ( -1.224646799147352714E-16, -0.000000000000000000, -1.000000000000000000 ) ) ;
#267 = CARTESIAN_POINT ( 'NONE',  ( -14.07771982245636622, 16.90614694720293087, -10.34559719786309273 ) ) ;
#268 = ORIENTED_EDGE ( 'NONE', *, *, #1710, .T. ) ;
#269 = CARTESIAN_POINT ( 'NONE',  ( -14.67024223930661186, 16.39499183094531531, -8.755127301320721145 ) ) ;
#270 = EDGE_CURVE ( 'NONE', #2250, #1960, #1072, .T. ) ;
#271 = CYLINDRICAL_SURFACE ( 'NONE', #1114, 2.000000000000000000 ) ;
#272 = DIRECTION ( 'NONE',  ( 1.000000000000000000, 0.000000000000000000, 0.000000000000000000 ) ) ;
#273 = CARTESIAN_POINT ( 'NONE',  ( 8.792573082792234374, -11.53001852656778148, -10.86551784529266129 ) ) ;
#274 = CARTESIAN_POINT ( 'NONE',  ( -1.257709381586202618E-13, 0.000000000000000000, -1026.343244570043453 ) ) ;
#275 = CARTESIAN_POINT ( 'NONE',  ( -1.898219444329108052, -21.91801300394469365, -10.98899444302670858 ) ) ;
#276 = ORIENTED_EDGE ( 'NONE', *, *, #1227, .F. ) ;
#277 = LINE ( 'NONE', #106, #1070 ) ;
#278 = CARTESIAN_POINT ( 'NONE',  ( -14.48613232201198464, -0.6455044902521925865, -8.448095124273155676 ) ) ;
#279 = ORIENTED_EDGE ( 'NONE', *, *, #2139, .F. ) ;
#280 = CARTESIAN_POINT ( 'NONE',  ( -14.39138548657889594, 16.64011110663045656, -9.125521198950870883 ) ) ;
#281 = DIRECTION ( 'NONE',  ( -1.224646799147352714E-16, -0.000000000000000000, -1.000000000000000000 ) ) ;
#282 = CARTESIAN_POINT ( 'NONE',  ( -1.734723475976807094E-15, 13.99999999999999822, -8.345597197863094507 ) ) ;
#283 = CARTESIAN_POINT ( 'NONE',  ( -1.589956928091288413, -21.94259199363462187, -9.125304271308849025 ) ) ;
#284 = ORIENTED_EDGE ( 'NONE', *, *, #1551, .F. ) ;
#285 = AXIS2_PLACEMENT_3D ( 'NONE', #416, #52, #2205 ) ;
#286 = DIRECTION ( 'NONE',  ( 1.224646799147352714E-16, 0.000000000000000000, 1.000000000000000000 ) ) ;
#287 = B_SPLINE_CURVE_WITH_KNOTS ( 'NONE', 3,
 ( #2176, #1604, #1266, #352, #206, #1277, #183, #868, #688, #1250, #556, #700, #515, #1443 ),
 .UNSPECIFIED., .F., .F.,
 ( 4, 2, 2, 2, 2, 2, 4 ),
 ( 0.009385017778867013258, 0.009775742937387248144, 0.01016646809590748129, 0.01055719325442771618, 0.01094791841294795107, 0.01172936872998842084, 0.01251081904702889061 ),
 .UNSPECIFIED. ) ;
#288 = ORIENTED_EDGE ( 'NONE', *, *, #1166, .F. ) ;
#289 = AXIS2_PLACEMENT_3D ( 'NONE', #1088, #1050, #1809 ) ;
#290 = CARTESIAN_POINT ( 'NONE',  ( -14.07771982245636444, 16.90614694720293087, -10.21503357512725785 ) ) ;
#291 = SURFACE_SIDE_STYLE ('',( #569 ) ) ;
#292 = UNCERTAINTY_MEASURE_WITH_UNIT (LENGTH_MEASURE( 1.000000000000000082E-05 ), #1583, 'distance_accuracy_value', 'NONE');
#293 = CARTESIAN_POINT ( 'NONE',  ( -14.11887838602483214, -16.87208746888713762, -10.87262616428562723 ) ) ;
#294 = CARTESIAN_POINT ( 'NONE',  ( 14.36140661634507865, 1.999999999999950706, -10.08114603103768303 ) ) ;
#295 = ORIENTED_EDGE ( 'NONE', *, *, #971, .T. ) ;
#296 = CARTESIAN_POINT ( 'NONE',  ( -11.26276407431567428, 9.132837466678431326, -11.66797609196268581 ) ) ;
#297 = CARTESIAN_POINT ( 'NONE',  ( -1.003744413257616896E-15, 0.000000000000000000, -7.541792329034402442 ) ) ;
#298 = CARTESIAN_POINT ( 'NONE',  ( -0.1306093363174009592, -14.50000000000000178, -8.345597197863096284 ) ) ;
#299 = CARTESIAN_POINT ( 'NONE',  ( -16.58501328401996489, 14.45496025732057888, -9.023310024869875434 ) ) ;
#300 = CARTESIAN_POINT ( 'NONE',  ( 9.354515499511178334, -11.07947787491321634, -11.93594646144065585 ) ) ;
#301 = CARTESIAN_POINT ( 'NONE',  ( 14.36323496161543822, 1.986993224942961156, -10.60804473145683957 ) ) ;
#302 = ORIENTED_EDGE ( 'NONE', *, *, #88, .F. ) ;
#303 = CARTESIAN_POINT ( 'NONE',  ( -8.903017572680706593, 11.44503542432691923, -11.23229988710140148 ) ) ;
#304 = CARTESIAN_POINT ( 'NONE',  ( -21.90890230020662344, 2.000000000000229150, -10.34559719786309095 ) ) ;
#305 = CARTESIAN_POINT ( 'NONE',  ( -14.41275137241302851, -1.599022265075176863, -9.116338244989483641 ) ) ;
#306 = EDGE_CURVE ( 'NONE', #2137, #2199, #1201, .T. ) ;
#307 = CARTESIAN_POINT ( 'NONE',  ( -16.40196421418996309, 14.66321031028939004, -8.746724877948263810 ) ) ;
#308 = CARTESIAN_POINT ( 'NONE',  ( -14.36324691762266426, -1.986908643228562310, -10.60885469878362208 ) ) ;
#309 = CARTESIAN_POINT ( 'NONE',  ( 10.43828904538292690, -10.06778870708062357, -12.34550029657198245 ) ) ;
#310 = CARTESIAN_POINT ( 'NONE',  ( 15.18155914611807411, 15.92414056191547544, -8.398251264126896487 ) ) ;
#311 = ORIENTED_EDGE ( 'NONE', *, *, #2111, .F. ) ;
#312 = CARTESIAN_POINT ( 'NONE',  ( -9.607516242098450121, 10.86095555226178533, -12.14327493583136430 ) ) ;
#313 = CARTESIAN_POINT ( 'NONE',  ( 0.2631819202363469556, -21.99879947682407533, -8.358683055239948700 ) ) ;
#314 = CIRCLE ( 'NONE', #1563, 22.00000000000000355 ) ;
#315 = CARTESIAN_POINT ( 'NONE',  ( -1.797681008613590814, -14.38822094276680730, -9.459288647785102810 ) ) ;
#316 = EDGE_CURVE ( 'NONE', #1413, #384, #1579, .T. ) ;
#317 = CARTESIAN_POINT ( 'NONE',  ( 11.31370849898471498, -8.485281374238628160, -10.34559719786309628 ) ) ;
#318 = CARTESIAN_POINT ( 'NONE',  ( 9.347490655593379216, 11.08642041370605646, -11.94434049003340448 ) ) ;
#319 = ADVANCED_FACE ( 'NONE', ( #1971, #718 ), #1283, .T. ) ;
#320 = CARTESIAN_POINT ( 'NONE',  ( 16.84042316872721656, 14.15636548023361740, -9.701306979088995419 ) ) ;
#321 = VERTEX_POINT ( 'NONE', #1610 ) ;
#322 = CARTESIAN_POINT ( 'NONE',  ( -1.257709381586202618E-13, 0.000000000000000000, -1026.343244570043453 ) ) ;
#323 = CARTESIAN_POINT ( 'NONE',  ( -11.56926156816812501, -8.740834443421757527, -10.34559719786309273 ) ) ;
#324 = MANIFOLD_SOLID_BREP ( 'PadrãoCircular1', #1905 ) ;
#325 = DIRECTION ( 'NONE',  ( -1.000000000000000000, 1.047444401652940007E-14, 1.224646799147352714E-16 ) ) ;
#326 = CARTESIAN_POINT ( 'NONE',  ( -21.96640808362908359, -1.229269016679321425, -11.94464274837815410 ) ) ;
#327 = EDGE_LOOP ( 'NONE', ( #1651, #331 ) ) ;
#328 = CARTESIAN_POINT ( 'NONE',  ( 1.505513851923291124, 14.42192832144258929, -11.66863136119933131 ) ) ;
#329 = DIRECTION ( 'NONE',  ( 1.000000000000000000, 0.000000000000000000, 0.000000000000000000 ) ) ;
#330 = CARTESIAN_POINT ( 'NONE',  ( -20.00000000000000355, 0.000000000000000000, -2.345597197863013239 ) ) ;
#331 = ORIENTED_EDGE ( 'NONE', *, *, #1710, .F. ) ;
#332 = CARTESIAN_POINT ( 'NONE',  ( -10.86244953316563233, -9.605825995102581061, -8.549033189673108879 ) ) ;
#333 = DIRECTION ( 'NONE',  ( -1.224646799147352714E-16, -0.000000000000000000, -1.000000000000000000 ) ) ;
#334 = AXIS2_PLACEMENT_3D ( 'NONE', #1174, #780, #814 ) ;
#335 = CARTESIAN_POINT ( 'NONE',  ( 14.49999999999987388, 1.775737858763662015E-15, -1026.343244570043453 ) ) ;
#336 = CYLINDRICAL_SURFACE ( 'NONE', #1793, 20.00000000000000355 ) ;
#337 = ORIENTED_EDGE ( 'NONE', *, *, #1116, .T. ) ;
#338 = CARTESIAN_POINT ( 'NONE',  ( 1.897200316764939831, 14.37543754008311581, -10.99199024592317109 ) ) ;
#339 = CARTESIAN_POINT ( 'NONE',  ( 0.000000000000000000, 0.000000000000000000, -5.345597197863094507 ) ) ;
#340 = CARTESIAN_POINT ( 'NONE',  ( 16.46388279111481268, 14.59277507411002084, -11.85107810931581263 ) ) ;
#341 = ORIENTED_EDGE ( 'NONE', *, *, #803, .T. ) ;
#342 = CARTESIAN_POINT ( 'NONE',  ( 9.879555527295025286, -10.61417624974736462, -8.409838760573276062 ) ) ;
#343 = ADVANCED_FACE ( 'NONE', ( #887 ), #1084, .F. ) ;
#344 = CARTESIAN_POINT ( 'NONE',  ( -1.947249934234021485, 14.36900611635011771, -9.820171400044749532 ) ) ;
#345 = CARTESIAN_POINT ( 'NONE',  ( 9.881544162941301224, 10.61232608182572257, -8.409108130920362356 ) ) ;
#346 = CARTESIAN_POINT ( 'NONE',  ( 1.507812752949601709, 21.94846811230327788, -11.66617959284295480 ) ) ;
#347 = ADVANCED_FACE ( 'NONE', ( #2004 ), #1095, .F. ) ;
#348 = CARTESIAN_POINT ( 'NONE',  ( 22.00000000000000355, 2.694222958124177204E-15, -2.345597197862983485 ) ) ;
#349 = EDGE_LOOP ( 'NONE', ( #445, #808, #398, #777 ) ) ;
#350 = CIRCLE ( 'NONE', #285, 2.138270329027695205 ) ;
#351 = CARTESIAN_POINT ( 'NONE',  ( -20.00000000000000355, 0.000000000000000000, -2.345597197862978156 ) ) ;
#352 = CARTESIAN_POINT ( 'NONE',  ( 21.99427955318249417, 0.5176829586448267184, -12.28182365561588085 ) ) ;
#353 = TOROIDAL_SURFACE ( 'NONE', #1159, 20.47612336457308757, 2.138270329027695205 ) ;
#354 = DIRECTION ( 'NONE',  ( -1.000000000000000000, 0.000000000000000000, 1.577021341797097067E-16 ) ) ;
#355 = ORIENTED_EDGE ( 'NONE', *, *, #2181, .T. ) ;
#356 = CARTESIAN_POINT ( 'NONE',  ( -11.56926156816811968, -8.740834443421757527, -10.08444191785463318 ) ) ;
#357 = CARTESIAN_POINT ( 'NONE',  ( -0.6453551330836566624, 14.48613878575858749, -8.448046369042973680 ) ) ;
#358 = DIRECTION ( 'NONE',  ( -0.000000000000000000, -0.000000000000000000, 1.000000000000000000 ) ) ;
#359 = ADVANCED_FACE ( 'NONE', ( #1620, #1273, #2170, #2323 ), #705, .F. ) ;
#360 = SURFACE_SIDE_STYLE ('',( #1108 ) ) ;
#361 = CARTESIAN_POINT ( 'NONE',  ( 9.517896248813514148, 10.94155905729983402, -12.09329537050632730 ) ) ;
#362 = LINE ( 'NONE', #866, #2061 ) ;
#363 = VERTEX_POINT ( 'NONE', #639 ) ;
#364 = CARTESIAN_POINT ( 'NONE',  ( 1.935758733745308158, 14.37022970717387516, -10.86505106614676386 ) ) ;
#365 = LINE ( 'NONE', #1985, #1260 ) ;
#366 = CARTESIAN_POINT ( 'NONE',  ( -1.986840489542125665, 21.91011457438218812, -10.60913991962957859 ) ) ;
#367 = ORIENTED_EDGE ( 'NONE', *, *, #2275, .T. ) ;
#368 = DIRECTION ( 'NONE',  ( 0.000000000000000000, 0.000000000000000000, -1.000000000000000000 ) ) ;
#369 = CARTESIAN_POINT ( 'NONE',  ( -10.43744062348196522, -10.06609710033523974, -12.33259785079881787 ) ) ;
#370 = CARTESIAN_POINT ( 'NONE',  ( 8.783943045094991575, 11.53700598976522862, -9.818200654207522859 ) ) ;
#371 = CARTESIAN_POINT ( 'NONE',  ( 11.44503542432682686, 8.903017572680822056, -11.23229988710140326 ) ) ;
#372 = CARTESIAN_POINT ( 'NONE',  ( 0.5179418340801305032, -21.99427404403058617, -12.28176147445335964 ) ) ;
#373 = EDGE_CURVE ( 'NONE', #2000, #1302, #733, .T. ) ;
#374 = EDGE_LOOP ( 'NONE', ( #2230, #2158 ) ) ;
#375 = CARTESIAN_POINT ( 'NONE',  ( 14.91754416410506678, -16.17039155780991067, -8.547718362238887480 ) ) ;
#376 = CARTESIAN_POINT ( 'NONE',  ( -1.898219444329108940, 21.91801300394469365, -9.702199952699476881 ) ) ;
#377 = ORIENTED_EDGE ( 'NONE', *, *, #306, .F. ) ;
#378 = CARTESIAN_POINT ( 'NONE',  ( -14.41269665403188682, 1.590442304642399662, -11.56524518657537826 ) ) ;
#379 = CARTESIAN_POINT ( 'NONE',  ( -1.898027382350037762, 14.37532785582480876, -10.98956296599117088 ) ) ;
#380 = CARTESIAN_POINT ( 'NONE',  ( -21.94250497396112110, -1.591149659428266583, -9.126873238437296365 ) ) ;
#381 = DIRECTION ( 'NONE',  ( -0.7071067811865389130, 0.7071067811865562325, 8.659560562354825622E-17 ) ) ;
#382 = CARTESIAN_POINT ( 'NONE',  ( 21.94848371341840831, -1.507585384211725721, -9.024757897156815645 ) ) ;
#383 = CARTESIAN_POINT ( 'NONE',  ( 15.36914294449702822, -15.74184835710701691, -12.33243772880231859 ) ) ;
#384 = VERTEX_POINT ( 'NONE', #1487 ) ;
#385 = DIRECTION ( 'NONE',  ( -1.224646799147352714E-16, 0.000000000000000000, -1.000000000000000000 ) ) ;
#386 = EDGE_CURVE ( 'NONE', #752, #85, #1892, .T. ) ;
#387 = FACE_BOUND ( 'NONE', #523, .T. ) ;
#388 = CARTESIAN_POINT ( 'NONE',  ( 16.39546884743517552, 14.66971142357281366, -11.93555272856791483 ) ) ;
#389 = EDGE_CURVE ( 'NONE', #1504, #974, #2246, .T. ) ;
#390 = CARTESIAN_POINT ( 'NONE',  ( 11.31594707308066106, -9.066679665109626640, -11.56521641535598910 ) ) ;
#391 = FACE_OUTER_BOUND ( 'NONE', #670, .T. ) ;
#392 = CARTESIAN_POINT ( 'NONE',  ( -8.823164668437888380, -11.50670804550359350, -10.99094926575741482 ) ) ;
#393 = AXIS2_PLACEMENT_3D ( 'NONE', #1232, #1421, #329 ) ;
#394 = CARTESIAN_POINT ( 'NONE',  ( -21.93151363643814733, -1.736085074451977572, -9.344071390785622100 ) ) ;
#395 = ORIENTED_EDGE ( 'NONE', *, *, #668, .F. ) ;
#396 = CARTESIAN_POINT ( 'NONE',  ( 8.792232866000444957, 11.53027758765425936, -10.86383290977499883 ) ) ;
#397 = DIRECTION ( 'NONE',  ( -0.000000000000000000, -0.000000000000000000, 1.000000000000000000 ) ) ;
#398 = ORIENTED_EDGE ( 'NONE', *, *, #2314, .T. ) ;
#399 = CARTESIAN_POINT ( 'NONE',  ( 1.986810442456938164, -14.36326035334449713, -10.08181990109520676 ) ) ;
#400 = CYLINDRICAL_SURFACE ( 'NONE', #541, 22.00000000000000355 ) ;
#401 = DIRECTION ( 'NONE',  ( -0.000000000000000000, -0.000000000000000000, 1.000000000000000000 ) ) ;
#402 = VERTEX_POINT ( 'NONE', #2082 ) ;
#403 = PLANE ( 'NONE',  #1868 ) ;
#404 = CARTESIAN_POINT ( 'NONE',  ( -1.897228009811803950, -21.91809913035123358, -9.699310031565412160 ) ) ;
#405 = ORIENTED_EDGE ( 'NONE', *, *, #2248, .F. ) ;
#406 = CARTESIAN_POINT ( 'NONE',  ( -21.96643473167150518, 1.219668552767827929, -8.755157751978584812 ) ) ;
#407 = DIRECTION ( 'NONE',  ( -1.224646799147352714E-16, -0.000000000000000000, -1.000000000000000000 ) ) ;
#408 = PLANE ( 'NONE',  #963 ) ;
#409 = EDGE_LOOP ( 'NONE', ( #502, #1983, #642, #442, #1865, #1131, #276, #1880, #492, #2093 ) ) ;
#410 = APPLICATION_CONTEXT ( 'automotive_design' ) ;
#411 = CARTESIAN_POINT ( 'NONE',  ( 15.92414056191542393, -15.18155914611813628, -8.398251264126896487 ) ) ;
#412 = AXIS2_PLACEMENT_3D ( 'NONE', #1256, #358, #1794 ) ;
#413 = FACE_OUTER_BOUND ( 'NONE', #1715, .T. ) ;
#414 = CARTESIAN_POINT ( 'NONE',  ( -14.41263725185771527, 1.590980043489872431, -9.126642849938075841 ) ) ;
#415 = ORIENTED_EDGE ( 'NONE', *, *, #420, .F. ) ;
#416 = CARTESIAN_POINT ( 'NONE',  ( -20.47612336457308757, 2.507601893737076700E-15, 2.154402802136967665 ) ) ;
#417 = CARTESIAN_POINT ( 'NONE',  ( -1.935827503195361343, -21.91468064269501070, -9.826403809083451790 ) ) ;
#418 = EDGE_LOOP ( 'NONE', ( #1332, #1483 ) ) ;
#419 = CARTESIAN_POINT ( 'NONE',  ( 3.673940397441928227E-16, 0.000000000000000000, 3.654402802137024509 ) ) ;
#420 = EDGE_CURVE ( 'NONE', #78, #1903, #1449, .T. ) ;
#421 = CARTESIAN_POINT ( 'NONE',  ( -15.91750339280742566, 15.18714701240615206, -12.28215975164236440 ) ) ;
#422 = B_SPLINE_CURVE_WITH_KNOTS ( 'NONE', 3,
 ( #1937, #983, #1706, #99, #1530, #2254, #634, #1354, #1180, #1898, #123, #113, #1910, #822, #1375, #1543, #644, #1731, #472, #1554, #1190, #2276, #656, #1613, #165, #685 ),
 .UNSPECIFIED., .F., .F.,
 ( 4, 2, 2, 2, 2, 2, 2, 2, 2, 2, 2, 2, 4 ),
 ( 0.006260368812687102172, 0.007042725098006337101, 0.007825081383325572029, 0.008216259525985191228, 0.008607437668644810427, 0.008998615811304431361, 0.009389793953964050560, 0.009780972096623669759, 0.01017215023928328896, 0.01056332838194291163, 0.01095450652460253083, 0.01173686280992176922, 0.01251921909524100936 ),
 .UNSPECIFIED. ) ;
#423 = CARTESIAN_POINT ( 'NONE',  ( 16.87208746888719446, -14.11887838602477174, -10.87262616428562900 ) ) ;
#424 = VERTEX_POINT ( 'NONE', #2071 ) ;
#425 = CARTESIAN_POINT ( 'NONE',  ( -6.890113780719603222E-16, -14.50000000000000000, -12.34559719786309451 ) ) ;
#426 = FACE_OUTER_BOUND ( 'NONE', #418, .T. ) ;
#427 = LINE ( 'NONE', #1156, #1017 ) ;
#428 = ORIENTED_EDGE ( 'NONE', *, *, #873, .F. ) ;
#429 = AXIS2_PLACEMENT_3D ( 'NONE', #1805, #1246, #2182 ) ;
#430 = VERTEX_POINT ( 'NONE', #2031 ) ;
#431 = AXIS2_PLACEMENT_3D ( 'NONE', #2228, #1695, #1886 ) ;
#432 = CARTESIAN_POINT ( 'NONE',  ( -21.96040577736723876, 1.322540732055624613, -8.839642398075516994 ) ) ;
#433 = EDGE_CURVE ( 'NONE', #1960, #1602, #277, .T. ) ;
#434 = FACE_OUTER_BOUND ( 'NONE', #1126, .T. ) ;
#435 = ORIENTED_EDGE ( 'NONE', *, *, #316, .F. ) ;
#436 = CARTESIAN_POINT ( 'NONE',  ( -14.91754416410496020, 16.17039155781002080, -8.547718362238883927 ) ) ;
#437 = CARTESIAN_POINT ( 'NONE',  ( 21.93067154476084113, -1.748045448437902438, -11.35171108625716307 ) ) ;
#438 = DIRECTION ( 'NONE',  ( 1.000000000000000000, 0.000000000000000000, 0.000000000000000000 ) ) ;
#439 = VERTEX_POINT ( 'NONE', #991 ) ;
#440 = CARTESIAN_POINT ( 'NONE',  ( -9.881544162941381160, -10.61232608182565329, -8.409108130920364133 ) ) ;
#441 = CARTESIAN_POINT ( 'NONE',  ( 14.46563176137342666, -1.003632726084530358, -12.08043768177466681 ) ) ;
#442 = ORIENTED_EDGE ( 'NONE', *, *, #890, .F. ) ;
#443 = CARTESIAN_POINT ( 'NONE',  ( -14.50000000000012790, 0.000000000000000000, -1026.343244570043453 ) ) ;
#444 = CARTESIAN_POINT ( 'NONE',  ( -14.46571078286845591, -1.002541773264489899, -8.610088112644165292 ) ) ;
#445 = ORIENTED_EDGE ( 'NONE', *, *, #433, .F. ) ;
#446 = CARTESIAN_POINT ( 'NONE',  ( -15.92414056191532268, 15.18155914611824642, -8.398251264126892934 ) ) ;
#447 = ADVANCED_FACE ( 'NONE', ( #1713, #453 ), #1350, .T. ) ;
#448 = CARTESIAN_POINT ( 'NONE',  ( -14.36140661634509641, -1.999999999999849898, -10.47618960125907783 ) ) ;
#449 = CIRCLE ( 'NONE', #716, 22.00000000000000355 ) ;
#450 = DIRECTION ( 'NONE',  ( -1.000000000000000000, 0.000000000000000000, 1.301042606982605074E-16 ) ) ;
#451 = CARTESIAN_POINT ( 'NONE',  ( 8.485281374238585528, 11.31370849898474518, -10.34559719786309628 ) ) ;
#452 = EDGE_LOOP ( 'NONE', ( #1175, #1977, #883, #1973 ) ) ;
#453 = FACE_BOUND ( 'NONE', #1205, .T. ) ;
#454 = AXIS2_PLACEMENT_3D ( 'NONE', #1879, #264, #1557 ) ;
#455 = DIRECTION ( 'NONE',  ( -1.224646799147352714E-16, -0.000000000000000000, -1.000000000000000000 ) ) ;
#456 = ORIENTED_EDGE ( 'NONE', *, *, #567, .F. ) ;
#457 = CARTESIAN_POINT ( 'NONE',  ( -14.15636548023344332, 16.84042316872736578, -9.701306979088990090 ) ) ;
#458 = CARTESIAN_POINT ( 'NONE',  ( -14.39602792599560566, -1.734845243157234096, -11.34922147041472940 ) ) ;
#459 = ADVANCED_FACE ( 'NONE', ( #1866 ), #628, .F. ) ;
#460 = CARTESIAN_POINT ( 'NONE',  ( -21.90890230020666607, -1.999999999999771072, -10.34559719786309095 ) ) ;
#461 = CARTESIAN_POINT ( 'NONE',  ( -15.65083661082443101, -15.46184843867851910, -12.34549357150520876 ) ) ;
#462 = EDGE_CURVE ( 'NONE', #1903, #78, #1529, .T. ) ;
#463 = CARTESIAN_POINT ( 'NONE',  ( 14.36907406326505310, 1.946755322015415679, -9.818425067503069315 ) ) ;
#464 = ORIENTED_EDGE ( 'NONE', *, *, #486, .T. ) ;
#465 = FACE_BOUND ( 'NONE', #1995, .T. ) ;
#466 = DIRECTION ( 'NONE',  ( 1.000000000000000000, 0.000000000000000000, 0.000000000000000000 ) ) ;
#467 = PRESENTATION_LAYER_ASSIGNMENT (  '', '', ( #1195 ) ) ;
#468 = CARTESIAN_POINT ( 'NONE',  ( -0.6453551330836558853, -14.48613878575858749, -12.24314802668321356 ) ) ;
#469 = ORIENTED_EDGE ( 'NONE', *, *, #668, .T. ) ;
#470 = AXIS2_PLACEMENT_3D ( 'NONE', #2326, #1409, #867 ) ;
#471 = FACE_OUTER_BOUND ( 'NONE', #1373, .T. ) ;
#472 = CARTESIAN_POINT ( 'NONE',  ( -10.93660186285211822, 9.521167614819390224, -8.609119752274846604 ) ) ;
#473 = CARTESIAN_POINT ( 'NONE',  ( 15.37124601070849117, 15.74144021923421732, -8.345691642529310172 ) ) ;
#474 = ORIENTED_EDGE ( 'NONE', *, *, #681, .F. ) ;
#475 = CARTESIAN_POINT ( 'NONE',  ( -9.787935726419231486, 10.69864655299341116, -12.24362332963744215 ) ) ;
#476 = CARTESIAN_POINT ( 'NONE',  ( 0.6442909704943294846, -21.99089769678344908, -8.447682034022431452 ) ) ;
#477 = CARTESIAN_POINT ( 'NONE',  ( -8.740834443421718447, 11.56926156816815165, -10.34559719786309273 ) ) ;
#478 = CARTESIAN_POINT ( 'NONE',  ( -16.77523355995177923, 14.23355467093784554, -9.458399299227457035 ) ) ;
#479 = DIRECTION ( 'NONE',  ( -0.7071067811865467956, 0.7071067811865484609, 0.000000000000000000 ) ) ;
#480 = CARTESIAN_POINT ( 'NONE',  ( 9.519393665095009283, -10.93814127081175513, -12.08068681920098975 ) ) ;
#481 = CARTESIAN_POINT ( 'NONE',  ( -8.485281374238667240, -11.31370849898468478, -10.34559719786309273 ) ) ;
#482 = EDGE_LOOP ( 'NONE', ( #615, #242, #2174, #1340 ) ) ;
#483 = CARTESIAN_POINT ( 'NONE',  ( -10.16121368400904323, 10.34489238123107668, -12.34564544271496622 ) ) ;
#484 = EDGE_CURVE ( 'NONE', #1321, #1459, #167, .T. ) ;
#485 = CARTESIAN_POINT ( 'NONE',  ( -1.321081225872837717, -14.43999728419845141, -8.838237130144024789 ) ) ;
#486 = EDGE_CURVE ( 'NONE', #2000, #78, #604, .T. ) ;
#487 = CARTESIAN_POINT ( 'NONE',  ( -14.48617811431367208, -0.6444623382008085599, -12.24344582280501470 ) ) ;
#488 = UNCERTAINTY_MEASURE_WITH_UNIT (LENGTH_MEASURE( 1.000000000000000082E-05 ), #1569, 'distance_accuracy_value', 'NONE');
#489 =( NAMED_UNIT ( * ) PLANE_ANGLE_UNIT ( ) SI_UNIT ( $, .RADIAN. ) );
#490 = CARTESIAN_POINT ( 'NONE',  ( 8.751393992101501595, -11.56130493647877699, -10.60888696367584672 ) ) ;
#491 = CARTESIAN_POINT ( 'NONE',  ( 14.50000000000000000, 0.1321324217529810940, -8.345597197863096284 ) ) ;
#492 = ORIENTED_EDGE ( 'NONE', *, *, #514, .F. ) ;
#493 = CYLINDRICAL_SURFACE ( 'NONE', #108, 20.00000000000000355 ) ;
#494 = DIRECTION ( 'NONE',  ( 1.000000000000000000, 0.000000000000000000, 0.000000000000000000 ) ) ;
#495 = APPLICATION_CONTEXT ( 'automotive_design' ) ;
#496 = B_SPLINE_CURVE_WITH_KNOTS ( 'NONE', 3,
 ( #8, #889, #698, #501, #326, #1237, #1418, #1048, #2136, #522, #538, #707, #511, #1247 ),
 .UNSPECIFIED., .F., .F.,
 ( 4, 2, 2, 2, 2, 2, 4 ),
 ( 0.006256139369093964564, 0.007038359452434132801, 0.007820579535774301039, 0.008211689577444388627, 0.008602799619114474480, 0.008993909660784560334, 0.009385019702454646187 ),
 .UNSPECIFIED. ) ;
#497 = CARTESIAN_POINT ( 'NONE',  ( -1.219628983997681271, -14.44902695283578709, -11.93606205152790167 ) ) ;
#498 = EDGE_CURVE ( 'NONE', #1660, #2102, #95, .T. ) ;
#499 = VECTOR ( 'NONE', #1698, 1000.000000000000000 ) ;
#500 = B_SPLINE_CURVE_WITH_KNOTS ( 'NONE', 3,
 ( #2090, #1221, #825, #2293, #1578, #855, #660, #1915, #296, #1206, #1385, #1011, #2103, #483, #1945, #671, #475, #312, #1736, #650, #1394, #1923, #128, #1045, #303, #118, #1370, #1033, #834, #1758 ),
 .UNSPECIFIED., .F., .F.,
 ( 4, 2, 2, 2, 2, 2, 2, 2, 2, 2, 2, 2, 2, 2, 4 ),
 ( 0.000000000000000000, 0.0003912730507929450242, 0.0007825461015858900483, 0.001173819152378835235, 0.001565092203171780097, 0.002347638304757669169, 0.003130184406343558892, 0.003521457457136501802, 0.003912730507929444712, 0.004304003558722387622, 0.004695276609515330532, 0.005086549660308273442, 0.005477822711101216352, 0.005869095761894159262, 0.006260368812687102172 ),
 .UNSPECIFIED. ) ;
#501 = CARTESIAN_POINT ( 'NONE',  ( -21.97830256799719351, -1.006115366025183144, -12.09364188187657341 ) ) ;
#502 = ORIENTED_EDGE ( 'NONE', *, *, #1555, .T. ) ;
#503 = CARTESIAN_POINT ( 'NONE',  ( 1.987199315360343999, 14.36320624835703086, -10.08473382834014487 ) ) ;
#504 = CIRCLE ( 'NONE', #1680, 22.00000000000000355 ) ;
#505 = DIRECTION ( 'NONE',  ( -1.000000000000000000, 0.000000000000000000, 1.301042606982605074E-16 ) ) ;
#506 = CARTESIAN_POINT ( 'NONE',  ( 16.90614694720278166, 14.07771982245654740, -10.21503357512726495 ) ) ;
#507 = ORIENTED_EDGE ( 'NONE', *, *, #1645, .F. ) ;
#508 =( NAMED_UNIT ( * ) SI_UNIT ( $, .STERADIAN. ) SOLID_ANGLE_UNIT ( ) );
#509 = CARTESIAN_POINT ( 'NONE',  ( 0.000000000000000000, 0.000000000000000000, -3.845597197863037664 ) ) ;
#510 = CARTESIAN_POINT ( 'NONE',  ( -11.31370849898465814, 8.485281374238704544, -10.34559719786309273 ) ) ;
#511 = CARTESIAN_POINT ( 'NONE',  ( -21.90890230020666607, -1.999999999999771960, -10.47775416895328426 ) ) ;
#512 = ORIENTED_EDGE ( 'NONE', *, *, #14, .F. ) ;
#513 = CARTESIAN_POINT ( 'NONE',  ( -1.489794077775836014E-15, 14.50000000000000000, -12.34559719786309451 ) ) ;
#514 = EDGE_CURVE ( 'NONE', #85, #1568, #677, .T. ) ;
#515 = CARTESIAN_POINT ( 'NONE',  ( 21.90890230020664831, 1.999999999999923173, -10.60984173716559553 ) ) ;
#516 = CARTESIAN_POINT ( 'NONE',  ( -1.797955018123422732, 21.92646548928309258, -9.459846201974270841 ) ) ;
#517 = EDGE_LOOP ( 'NONE', ( #218, #1403 ) ) ;
#518 = CARTESIAN_POINT ( 'NONE',  ( 10.43624765903846807, -10.06732907529955945, -8.358398025117962149 ) ) ;
#519 = CARTESIAN_POINT ( 'NONE',  ( -11.56926156816812501, -8.740834443421755751, -10.47620651877869058 ) ) ;
#520 = CIRCLE ( 'NONE', #830, 20.00000000000000355 ) ;
#521 = CARTESIAN_POINT ( 'NONE',  ( -21.92650549233810153, -1.797468289141510800, -9.458869773174095386 ) ) ;
#522 = CARTESIAN_POINT ( 'NONE',  ( -21.91806416788100265, -1.897630752550638844, -10.99071569130406623 ) ) ;
#523 = EDGE_LOOP ( 'NONE', ( #15, #607 ) ) ;
#524 = CIRCLE ( 'NONE', #126, 20.00000000000000355 ) ;
#525 = FACE_OUTER_BOUND ( 'NONE', #94, .T. ) ;
#526 = CARTESIAN_POINT ( 'NONE',  ( 20.00000000000000355, 0.000000000000000000, -2.345597197863018124 ) ) ;
#527 = EDGE_CURVE ( 'NONE', #2262, #1328, #2285, .T. ) ;
#528 = CARTESIAN_POINT ( 'NONE',  ( 16.90614694720278521, 14.07771982245654385, -10.34559719786309628 ) ) ;
#529 = B_SPLINE_CURVE_WITH_KNOTS ( 'NONE', 3,
 ( #2001, #356, #753, #1471, #2190, #1803, #16, #186, #332, #1243, #895, #1966, #2164, #2067, #812, #440, #2231, #1173, #1889, #1521, #612, #962, #91, #764, #987, #1534 ),
 .UNSPECIFIED., .F., .F.,
 ( 4, 2, 2, 2, 2, 2, 2, 2, 2, 2, 2, 2, 4 ),
 ( 0.006260368812687103907, 0.007042725098006344907, 0.007825081383325585907, 0.008216259525985206841, 0.008607437668644826040, 0.008998615811304445239, 0.009389793953964066173, 0.009780972096623685372, 0.01017215023928330631, 0.01056332838194292550, 0.01095450652460254470, 0.01173686280992177963, 0.01251921909524101630 ),
 .UNSPECIFIED. ) ;
#530 = VERTEX_POINT ( 'NONE', #2310 ) ;
#531 = CARTESIAN_POINT ( 'NONE',  ( 10.15859049045098494, -10.34748845273103690, -8.345687994921386021 ) ) ;
#532 = CARTESIAN_POINT ( 'NONE',  ( 19.99999999999987921, 2.449293598294706907E-15, -1026.343244570043453 ) ) ;
#533 = ADVANCED_FACE ( 'NONE', ( #1199, #465, #1559, #1586 ), #2269, .F. ) ;
#534 = CARTESIAN_POINT ( 'NONE',  ( -1.257709381586202618E-13, 0.000000000000000000, -1026.343244570043453 ) ) ;
#535 = FILL_AREA_STYLE_COLOUR ( '', #662 ) ;
#536 = VECTOR ( 'NONE', #1058, 1000.000000000000000 ) ;
#537 = CARTESIAN_POINT ( 'NONE',  ( -21.91803723481526944, 1.897940000584435349, -10.98980086750020746 ) ) ;
#538 = CARTESIAN_POINT ( 'NONE',  ( -21.91465075159287679, -1.936164875108676187, -10.86354651576094987 ) ) ;
#539 = ORIENTED_EDGE ( 'NONE', *, *, #2076, .F. ) ;
#540 =( GEOMETRIC_REPRESENTATION_CONTEXT ( 3 ) GLOBAL_UNCERTAINTY_ASSIGNED_CONTEXT ( ( #488 ) ) GLOBAL_UNIT_ASSIGNED_CONTEXT ( ( #1569, #691, #508 ) ) REPRESENTATION_CONTEXT ( 'NONE', 'WORKASPACE' ) );
#541 = AXIS2_PLACEMENT_3D ( 'NONE', #1653, #1129, #1860 ) ;
#542 = CARTESIAN_POINT ( 'NONE',  ( -13.99999999999999822, 1.461744630047978976E-13, -10.34559719786309273 ) ) ;
#543 = AXIS2_PLACEMENT_3D ( 'NONE', #968, #1125, #1691 ) ;
#544 = CARTESIAN_POINT ( 'NONE',  ( -2.000102442443741690, 21.90889294853663927, -10.21508299112301899 ) ) ;
#545 = ORIENTED_EDGE ( 'NONE', *, *, #613, .F. ) ;
#546 = CARTESIAN_POINT ( 'NONE',  ( -14.37539071505989341, 1.897554097308201237, -10.99096412006328904 ) ) ;
#547 = CARTESIAN_POINT ( 'NONE',  ( -1.322389424470116870, 14.43987029187817228, -8.839520857390205322 ) ) ;
#548 = CARTESIAN_POINT ( 'NONE',  ( -21.94853278312040956, -1.506795762494446134, -9.024023782490386836 ) ) ;
#549 = ADVANCED_FACE ( 'NONE', ( #1726 ), #493, .T. ) ;
#550 = CARTESIAN_POINT ( 'NONE',  ( -20.00000000000000355, 0.000000000000000000, 3.654402802136987205 ) ) ;
#551 = CARTESIAN_POINT ( 'NONE',  ( 9.066679665109580455, 11.31594707308069481, -11.56521641535598732 ) ) ;
#552 = CARTESIAN_POINT ( 'NONE',  ( 22.00000000000000355, 2.694222958124177204E-15, 6.654402802136913486 ) ) ;
#553 = ORIENTED_EDGE ( 'NONE', *, *, #2041, .T. ) ;
#554 = LINE ( 'NONE', #1276, #1599 ) ;
#555 = B_SPLINE_CURVE_WITH_KNOTS ( 'NONE', 3,
 ( #528, #2011, #882, #1801, #1616, #340, #388, #1976, #1776, #905, #160, #1594, #184, #25, #893, #13, #1444, #2162, #1267, #234, #984, #1667, #1876, #1654, #51, #789 ),
 .UNSPECIFIED., .F., .F.,
 ( 4, 2, 2, 2, 2, 2, 2, 2, 2, 2, 2, 2, 4 ),
 ( 0.006256138512985083729, 0.007037973579740562299, 0.007819808646496041737, 0.008210726179873782324, 0.008601643713251522910, 0.008992561246629263497, 0.009383478780007004083, 0.009774396313384742935, 0.01016531384676247832, 0.01055623138014021717, 0.01094714891351795255, 0.01172898398027342505, 0.01251081904702889581 ),
 .UNSPECIFIED. ) ;
#556 = CARTESIAN_POINT ( 'NONE',  ( 21.93074424087491892, 1.747140599962960117, -11.35320453183681799 ) ) ;
#557 = CARTESIAN_POINT ( 'NONE',  ( -1.228747819505961569, 21.96643704262505281, -11.94502148355761051 ) ) ;
#558 = ORIENTED_EDGE ( 'NONE', *, *, #673, .F. ) ;
#559 = DIRECTION ( 'NONE',  ( -0.000000000000000000, -0.000000000000000000, 1.000000000000000000 ) ) ;
#560 = CYLINDRICAL_SURFACE ( 'NONE', #470, 20.00000000000000355 ) ;
#561 = CARTESIAN_POINT ( 'NONE',  ( 16.90614694720278521, 14.07771982245654385, -10.34559719786309628 ) ) ;
#562 = CARTESIAN_POINT ( 'NONE',  ( 1.590471494815214104, 21.94255388690895003, -11.56517721137410781 ) ) ;
#563 = CARTESIAN_POINT ( 'NONE',  ( 8.740834443421872990, 11.56926156816803264, -10.34559719786309628 ) ) ;
#564 = B_SPLINE_CURVE_WITH_KNOTS ( 'NONE', 3,
 ( #678, #134, #1210, #1565, #1900, #1018, #851, #1378, #1193, #1930, #636, #1391, #461, #995, #986, #811, #1556, #840, #1708, #2265, #1721, #1533, #1544, #293, #2278, #2256 ),
 .UNSPECIFIED., .F., .F.,
 ( 4, 2, 2, 2, 2, 2, 2, 2, 2, 2, 2, 2, 4 ),
 ( 0.006256138512985088065, 0.007037973579740574442, 0.007819808646496060819, 0.008210726179873803141, 0.008601643713251545462, 0.008992561246629287783, 0.009383478780007028369, 0.009774396313384763751, 0.01016531384676249913, 0.01055623138014023452, 0.01094714891351796990, 0.01172898398027343372, 0.01251081904702890102 ),
 .UNSPECIFIED. ) ;
#565 = FACE_OUTER_BOUND ( 'NONE', #1054, .T. ) ;
#566 = ORIENTED_EDGE ( 'NONE', *, *, #2076, .T. ) ;
#567 = EDGE_CURVE ( 'NONE', #1268, #222, #500, .T. ) ;
#568 = CARTESIAN_POINT ( 'NONE',  ( 15.09478708047852535, -16.00506451145803410, -8.447472043173190670 ) ) ;
#569 = SURFACE_STYLE_FILL_AREA ( #2187 ) ;
#570 = CARTESIAN_POINT ( 'NONE',  ( -1.589956928091291299, 21.94259199363462542, -11.56589012441733999 ) ) ;
#571 = ORIENTED_EDGE ( 'NONE', *, *, #1116, .F. ) ;
#572 = LINE ( 'NONE', #1644, #1717 ) ;
#573 = CARTESIAN_POINT ( 'NONE',  ( -0.8875046525575720491, 14.47332151441905168, -8.548511254608843757 ) ) ;
#574 = CARTESIAN_POINT ( 'NONE',  ( 11.41461383477196811, 8.942409784197833389, -9.339625008125667094 ) ) ;
#575 = ORIENTED_EDGE ( 'NONE', *, *, #1057, .T. ) ;
#576 = CARTESIAN_POINT ( 'NONE',  ( 0.6442909704943278193, 21.99089769678344908, -12.24351236170375579 ) ) ;
#577 = CARTESIAN_POINT ( 'NONE',  ( -21.99423947276561009, 0.5194862745748093369, -12.28137063107918081 ) ) ;
#578 = CARTESIAN_POINT ( 'NONE',  ( 15.09287642675439223, -16.00686523391536653, -12.24282505973785007 ) ) ;
#579 = EDGE_LOOP ( 'NONE', ( #1832, #1547, #512, #558 ) ) ;
#580 = MANIFOLD_SOLID_BREP ( 'Revolução3[1]', #581 ) ;
#581 = CLOSED_SHELL ( 'NONE', ( #1748, #1539, #1996, #447, #1682, #1016 ) ) ;
#582 = CARTESIAN_POINT ( 'NONE',  ( 14.67024223930672200, -16.39499183094520518, -8.755127301320721145 ) ) ;
#583 = CIRCLE ( 'NONE', #249, 2.138270329027695205 ) ;
#584 = CARTESIAN_POINT ( 'NONE',  ( 22.00000000000000000, 0.000000000000000000, -5.345597197863094507 ) ) ;
#585 = AXIS2_PLACEMENT_3D ( 'NONE', #2124, #1982, #858 ) ;
#586 = CARTESIAN_POINT ( 'NONE',  ( -14.36140661634505555, 2.000000000000150102, -10.21346383364613786 ) ) ;
#587 = ORIENTED_EDGE ( 'NONE', *, *, #1305, .F. ) ;
#588 = CARTESIAN_POINT ( 'NONE',  ( 14.50000000000000000, -0.1322462920700159528, -8.345597197863092731 ) ) ;
#589 = CIRCLE ( 'NONE', #1830, 14.49999999999999822 ) ;
#590 = CARTESIAN_POINT ( 'NONE',  ( -1.591704280847009434, -21.94246468465372146, -11.56360307382911756 ) ) ;
#591 = ORIENTED_EDGE ( 'NONE', *, *, #2248, .T. ) ;
#592 = CARTESIAN_POINT ( 'NONE',  ( -21.99087234391700463, 0.6451519696564189665, -8.447974337797631961 ) ) ;
#593 = CARTESIAN_POINT ( 'NONE',  ( -16.24800001750674383, 14.83288028823038118, -12.08219702617483904 ) ) ;
#594 = CARTESIAN_POINT ( 'NONE',  ( 16.17029376339947433, -14.91765066186253108, -12.14355153469266568 ) ) ;
#595 = EDGE_LOOP ( 'NONE', ( #258, #702, #247, #173, #1263, #1467 ) ) ;
#596 = CARTESIAN_POINT ( 'NONE',  ( 14.08782549362805980, -16.89774637918410249, -10.08241518232181377 ) ) ;
#597 = DIRECTION ( 'NONE',  ( -1.000000000000000000, 0.000000000000000000, -0.000000000000000000 ) ) ;
#598 = EDGE_CURVE ( 'NONE', #1660, #121, #2233, .T. ) ;
#599 = DIRECTION ( 'NONE',  ( 1.000000000000000000, 0.000000000000000000, 0.000000000000000000 ) ) ;
#600 = VERTEX_POINT ( 'NONE', #1081 ) ;
#601 = CARTESIAN_POINT ( 'NONE',  ( 20.00000000000000355, 0.000000000000000000, -5.345597197863094507 ) ) ;
#602 = CARTESIAN_POINT ( 'NONE',  ( -1.005660830968235997, -21.97832228265508547, -8.597310054843756433 ) ) ;
#603 = ORIENTED_EDGE ( 'NONE', *, *, #1336, .F. ) ;
#604 = LINE ( 'NONE', #782, #1377 ) ;
#605 = CARTESIAN_POINT ( 'NONE',  ( 11.31370849898477182, 8.485281374238550001, -10.34559719786309628 ) ) ;
#606 = DIRECTION ( 'NONE',  ( -1.000000000000000000, 0.000000000000000000, 1.232047923278982199E-16 ) ) ;
#607 = ORIENTED_EDGE ( 'NONE', *, *, #1612, .T. ) ;
#608 = CARTESIAN_POINT ( 'NONE',  ( 1.897200316764940498, -14.37543754008311581, -9.699204149803019703 ) ) ;
#609 = DIRECTION ( 'NONE',  ( -0.000000000000000000, -0.000000000000000000, 1.000000000000000000 ) ) ;
#610 = DIRECTION ( 'NONE',  ( -0.000000000000000000, -0.000000000000000000, 1.000000000000000000 ) ) ;
#611 = VERTEX_POINT ( 'NONE', #1105 ) ;
#612 = CARTESIAN_POINT ( 'NONE',  ( -9.276457006675101979, -11.14477098027917989, -8.838392769971887830 ) ) ;
#613 = EDGE_CURVE ( 'NONE', #1004, #530, #583, .T. ) ;
#614 = CARTESIAN_POINT ( 'NONE',  ( -0.5270292642639414771, -21.99500304878704782, -12.29241003633911333 ) ) ;
#615 = ORIENTED_EDGE ( 'NONE', *, *, #1936, .T. ) ;
#616 = DIRECTION ( 'NONE',  ( -1.224646799147352714E-16, -0.000000000000000000, -1.000000000000000000 ) ) ;
#617 = FACE_BOUND ( 'NONE', #1313, .T. ) ;
#618 = ORIENTED_EDGE ( 'NONE', *, *, #1463, .T. ) ;
#619 = CARTESIAN_POINT ( 'NONE',  ( 14.15636548023355701, -16.84042316872727341, -9.701306979088997196 ) ) ;
#620 = CARTESIAN_POINT ( 'NONE',  ( 0.000000000000000000, 0.000000000000000000, -5.345597197863094507 ) ) ;
#621 = B_SPLINE_CURVE_WITH_KNOTS ( 'NONE', 3,
 ( #947, #2054, #1133, #602, #2207, #2258, #283, #1523, #2221, #404, #417, #2232, #626, #1850, #1183, #2042, #275, #1670, #1485, #590, #964, #989, #1312, #614, #65, #250 ),
 .UNSPECIFIED., .F., .F.,
 ( 4, 2, 2, 2, 2, 2, 2, 2, 2, 2, 2, 2, 4 ),
 ( 0.006256139369093350472, 0.007037974577706905543, 0.007819809786320460615, 0.008210727390627236416, 0.008601644994934012217, 0.008992562599240788018, 0.009383480203547563819, 0.009774397807854339620, 0.01016531541216111542, 0.01055623301646789122, 0.01094715062077466702, 0.01172898582938822210, 0.01251082103800177717 ),
 .UNSPECIFIED. ) ;
#622 = CARTESIAN_POINT ( 'NONE',  ( 0.000000000000000000, 0.000000000000000000, 3.654402802137024509 ) ) ;
#623 = VERTEX_POINT ( 'NONE', #1596 ) ;
#624 = DIRECTION ( 'NONE',  ( -1.000000000000000000, 0.000000000000000000, 0.000000000000000000 ) ) ;
#625 = AXIS2_PLACEMENT_3D ( 'NONE', #1148, #1185, #806 ) ;
#626 = CARTESIAN_POINT ( 'NONE',  ( -1.999896339978017190, -21.90891176302580945, -10.21196199377024882 ) ) ;
#627 = EDGE_LOOP ( 'NONE', ( #1895, #137, #1122, #367 ) ) ;
#628 = CYLINDRICAL_SURFACE ( 'NONE', #2127, 2.000000000000000000 ) ;
#629 = CIRCLE ( 'NONE', #171, 22.00000000000000000 ) ;
#630 = EDGE_CURVE ( 'NONE', #1212, #649, #1165, .T. ) ;
#631 = CARTESIAN_POINT ( 'NONE',  ( -15.64864369139765188, 15.46406784707916948, -12.34569960743099060 ) ) ;
#632 = EDGE_LOOP ( 'NONE', ( #2008, #690, #474, #1112, #801, #901, #1623, #90, #2226, #311 ) ) ;
#633 = DIRECTION ( 'NONE',  ( -1.000000000000000000, 0.000000000000000000, 0.000000000000000000 ) ) ;
#634 = CARTESIAN_POINT ( 'NONE',  ( -9.354092151645707176, 11.07983755502243994, -8.755648737662969694 ) ) ;
#635 = DIRECTION ( 'NONE',  ( -1.000000000000000000, 0.000000000000000000, 1.246832498358329853E-16 ) ) ;
#636 = CARTESIAN_POINT ( 'NONE',  ( -15.91940464280764189, -15.18515394604513524, -12.28142464751589458 ) ) ;
#637 = CARTESIAN_POINT ( 'NONE',  ( 14.44898619034038845, -1.220073348564040261, -11.93568247155446649 ) ) ;
#638 = ORIENTED_EDGE ( 'NONE', *, *, #433, .T. ) ;
#639 = CARTESIAN_POINT ( 'NONE',  ( -1.799696520539852496E-15, -22.00000000000000000, -12.34559719786309451 ) ) ;
#640 = CYLINDRICAL_SURFACE ( 'NONE', #246, 22.00000000000000000 ) ;
#641 = EDGE_CURVE ( 'NONE', #708, #948, #572, .T. ) ;
#642 = ORIENTED_EDGE ( 'NONE', *, *, #818, .F. ) ;
#643 = CARTESIAN_POINT ( 'NONE',  ( -14.23331496904440030, 16.77543683794049301, -9.459030265573302287 ) ) ;
#644 = CARTESIAN_POINT ( 'NONE',  ( -10.69862470743419713, 9.787957899732271372, -8.447571111611614114 ) ) ;
#645 = EDGE_CURVE ( 'NONE', #1151, #1735, #1938, .T. ) ;
#646 = AXIS2_PLACEMENT_3D ( 'NONE', #923, #1815, #42 ) ;
#647 = CARTESIAN_POINT ( 'NONE',  ( 13.99999999999999822, -4.841298551719013843E-14, -10.34559719786309628 ) ) ;
#648 = CARTESIAN_POINT ( 'NONE',  ( 14.07771982245660070, 16.90614694720273548, -10.34559719786309628 ) ) ;
#649 = VERTEX_POINT ( 'NONE', #1978 ) ;
#650 = CARTESIAN_POINT ( 'NONE',  ( -9.354515499511105503, 11.07947787491328029, -11.93594646144065941 ) ) ;
#651 = DIRECTION ( 'NONE',  ( 1.000000000000000000, 0.000000000000000000, 0.000000000000000000 ) ) ;
#652 = PRODUCT_DEFINITION_FORMATION_WITH_SPECIFIED_SOURCE ( 'ANY', '', #2065, .NOT_KNOWN. ) ;
#653 = FACE_OUTER_BOUND ( 'NONE', #894, .T. ) ;
#654 = ORIENTED_EDGE ( 'NONE', *, *, #270, .F. ) ;
#655 = CARTESIAN_POINT ( 'NONE',  ( -16.00506451145809095, -15.09478708047847206, -8.447472043173183565 ) ) ;
#656 = CARTESIAN_POINT ( 'NONE',  ( -11.41375760266128658, 8.943506024766975315, -9.337255254932598447 ) ) ;
#657 = CARTESIAN_POINT ( 'NONE',  ( 10.61926409668770610, -9.876198340067782411, -12.29284742304306199 ) ) ;
#658 = LINE ( 'NONE', #481, #2267 ) ;
#659 = ORIENTED_EDGE ( 'NONE', *, *, #1969, .T. ) ;
#660 = CARTESIAN_POINT ( 'NONE',  ( -11.40674193703811135, 8.952182789258234408, -11.34791584329629899 ) ) ;
#661 = CARTESIAN_POINT ( 'NONE',  ( 1.735254701445448688, -21.93157909902600622, -9.342668433549922824 ) ) ;
#662 = COLOUR_RGB ( '',0.7921568627450980005, 0.8196078431372548767, 0.9333333333333333481 ) ;
#663 = CARTESIAN_POINT ( 'NONE',  ( -14.39460847648775932, -1.747958008852929845, -9.339351822491481769 ) ) ;
#664 = DIRECTION ( 'NONE',  ( -1.224646799147352714E-16, -0.000000000000000000, -1.000000000000000000 ) ) ;
#665 = FACE_OUTER_BOUND ( 'NONE', #1643, .T. ) ;
#666 = CARTESIAN_POINT ( 'NONE',  ( 9.131839369997811318, -11.26358244635825834, -11.66666719145178455 ) ) ;
#667 = CARTESIAN_POINT ( 'NONE',  ( 21.94859091603477097, 1.505956610434352028, -9.023058537390490130 ) ) ;
#668 = EDGE_CURVE ( 'NONE', #1500, #2119, #529, .T. ) ;
#669 = CARTESIAN_POINT ( 'NONE',  ( 14.39594852314906959, 1.735514126786658951, -11.34813006570789184 ) ) ;
#670 = EDGE_LOOP ( 'NONE', ( #2089, #1577, #591, #861 ) ) ;
#671 = CARTESIAN_POINT ( 'NONE',  ( -9.879733469450753702, 10.61401640165982130, -12.28145201901882011 ) ) ;
#672 = CARTESIAN_POINT ( 'NONE',  ( -7.347880794884349492E-16, 0.000000000000000000, -5.345597197863094507 ) ) ;
#673 = EDGE_CURVE ( 'NONE', #1700, #748, #236, .T. ) ;
#674 = CARTESIAN_POINT ( 'NONE',  ( -1.947249934234021485, -14.36900611635012481, -10.87102299568143593 ) ) ;
#675 = CARTESIAN_POINT ( 'NONE',  ( -15.46457008056728277, 15.64813433760027550, -8.345550171331709066 ) ) ;
#676 = CARTESIAN_POINT ( 'NONE',  ( -14.44899525712701482, -1.219966428575921968, -11.93576453906556978 ) ) ;
#677 = B_SPLINE_CURVE_WITH_KNOTS ( 'NONE', 3,
 ( #1661, #1904, #937, #767, #592, #1525, #2210, #406, #432, #1853, #239, #966, #794, #1689 ),
 .UNSPECIFIED., .F., .F.,
 ( 4, 2, 2, 2, 2, 2, 4 ),
 ( 3.995111036455088955E-17, 0.0003910989437338272933, 0.0007821978874676145796, 0.001173296831201401866, 0.001564395774935189260, 0.002346593662402763833, 0.003128791549870338622 ),
 .UNSPECIFIED. ) ;
#678 = CARTESIAN_POINT ( 'NONE',  ( -16.90614694720288469, -14.07771982245642661, -10.34559719786309273 ) ) ;
#679 = CARTESIAN_POINT ( 'NONE',  ( 14.48615528857203394, 0.6449612846634085184, -8.447922758724565995 ) ) ;
#680 = ORIENTED_EDGE ( 'NONE', *, *, #1430, .F. ) ;
#681 = EDGE_CURVE ( 'NONE', #2125, #1871, #201, .T. ) ;
#682 = SURFACE_STYLE_FILL_AREA ( #2301 ) ;
#683 = CARTESIAN_POINT ( 'NONE',  ( 1.947345879061822327, -21.91387377649788348, -10.87068135937499314 ) ) ;
#684 = DIRECTION ( 'NONE',  ( -1.040834085586084257E-14, -1.000000000000000000, 0.000000000000000000 ) ) ;
#685 = CARTESIAN_POINT ( 'NONE',  ( -11.56926156816794204, 8.740834443421995559, -10.34559719786309273 ) ) ;
#686 = CARTESIAN_POINT ( 'NONE',  ( -22.00000000000000000, 2.694222958124177204E-15, 3.654402802137024509 ) ) ;
#687 = DIRECTION ( 'NONE',  ( 0.000000000000000000, 0.000000000000000000, 1.000000000000000000 ) ) ;
#688 = CARTESIAN_POINT ( 'NONE',  ( 21.96046389202246374, 1.321575233897547497, -11.85239137575251434 ) ) ;
#689 = CARTESIAN_POINT ( 'NONE',  ( 16.89774637918404920, 14.08782549362811842, -10.08241518232181200 ) ) ;
#690 = ORIENTED_EDGE ( 'NONE', *, *, #59, .T. ) ;
#691 =( NAMED_UNIT ( * ) PLANE_ANGLE_UNIT ( ) SI_UNIT ( $, .RADIAN. ) );
#692 = LINE ( 'NONE', #1396, #1226 ) ;
#693 = AXIS2_PLACEMENT_3D ( 'NONE', #1571, #1225, #1215 ) ;
#694 = CARTESIAN_POINT ( 'NONE',  ( -1.002327058252918679, -14.46572553350423185, -12.08122785489940476 ) ) ;
#695 = EDGE_CURVE ( 'NONE', #843, #1949, #696, .T. ) ;
#696 = CIRCLE ( 'NONE', #2018, 20.00000000000000355 ) ;
#697 = CIRCLE ( 'NONE', #1531, 20.00000000000000355 ) ;
#698 = CARTESIAN_POINT ( 'NONE',  ( -21.99506586707085276, -0.5245277908736044603, -12.29310815897762588 ) ) ;
#699 = CARTESIAN_POINT ( 'NONE',  ( 0.5273981106850509359, 14.49240638210041077, -8.398887574384447774 ) ) ;
#700 = CARTESIAN_POINT ( 'NONE',  ( 21.91391704850862254, 1.946864870963149974, -10.87237038408859746 ) ) ;
#701 = CARTESIAN_POINT ( 'NONE',  ( 14.49999999999999822, 1.775737880495007383E-15, -12.34559719786309628 ) ) ;
#702 = ORIENTED_EDGE ( 'NONE', *, *, #2279, .T. ) ;
#703 = CARTESIAN_POINT ( 'NONE',  ( 8.740834443421794830, -11.56926156816809126, -10.34559719786309628 ) ) ;
#704 = LINE ( 'NONE', #532, #2211 ) ;
#705 = CYLINDRICAL_SURFACE ( 'NONE', #997, 14.50000000000000000 ) ;
#706 = PRODUCT_RELATED_PRODUCT_CATEGORY ( 'part', '', ( #2065 ) ) ;
#707 = CARTESIAN_POINT ( 'NONE',  ( -21.91009733988582653, -1.987029578195140145, -10.60774100361303240 ) ) ;
#708 = VERTEX_POINT ( 'NONE', #601 ) ;
#709 = LINE ( 'NONE', #159, #2253 ) ;
#710 = ADVANCED_FACE ( 'NONE', ( #1158 ), #1878, .T. ) ;
#711 = CYLINDRICAL_SURFACE ( 'NONE', #1940, 2.000000000000000444 ) ;
#712 = CARTESIAN_POINT ( 'NONE',  ( -0.5242714325785838847, 21.99507089172887575, -12.29316006112898485 ) ) ;
#713 = VERTEX_POINT ( 'NONE', #102 ) ;
#714 = CARTESIAN_POINT ( 'NONE',  ( 8.783316249862069824, -11.53748054821301849, -9.821034533153305546 ) ) ;
#715 = CARTESIAN_POINT ( 'NONE',  ( -10.93814127081178711, -9.519393665094973755, -12.08068681920098797 ) ) ;
#716 = AXIS2_PLACEMENT_3D ( 'NONE', #1789, #38, #354 ) ;
#717 = CARTESIAN_POINT ( 'NONE',  ( 11.14602158242289676, 9.274953846739457219, -8.840092575192020519 ) ) ;
#718 = FACE_BOUND ( 'NONE', #2048, .T. ) ;
#719 = CARTESIAN_POINT ( 'NONE',  ( 11.14462477774342020, 9.276643701719892832, -11.85314936929020391 ) ) ;
#720 = FACE_OUTER_BOUND ( 'NONE', #238, .T. ) ;
#721 = CARTESIAN_POINT ( 'NONE',  ( 1.228815650402999005, 14.44902647121830697, -11.94496504800751246 ) ) ;
#722 = PLANE ( 'NONE',  #1035 ) ;
#723 = CARTESIAN_POINT ( 'NONE',  ( 14.41271443943212915, 1.590284770982437923, -11.56546431462890467 ) ) ;
#724 = VERTEX_POINT ( 'NONE', #975 ) ;
#725 = CARTESIAN_POINT ( 'NONE',  ( -14.49250633576662572, 0.5247895320077258230, -12.29303975770493906 ) ) ;
#726 = CARTESIAN_POINT ( 'NONE',  ( -8.952182789258195328, -11.40674193703813799, -11.34791584329630076 ) ) ;
#727 = CARTESIAN_POINT ( 'NONE',  ( 10.70028512394538467, 9.786143324876860561, -8.448397688236241265 ) ) ;
#728 = CARTESIAN_POINT ( 'NONE',  ( 1.935923007158795839, 21.91467225797820717, -10.86454998636879310 ) ) ;
#729 = B_SPLINE_CURVE_WITH_KNOTS ( 'NONE', 3,
 ( #1609, #226, #1282, #574, #213, #717, #30, #1121, #1839, #727, #934, #1659, #886, #1398, #2145, #345, #1083, #1094, #188, #1448, #2168, #1271, #1990, #370, #1511, #93 ),
 .UNSPECIFIED., .F., .F.,
 ( 4, 2, 2, 2, 2, 2, 2, 2, 2, 2, 2, 2, 4 ),
 ( 0.006260368812687102172, 0.007042725098006341437, 0.007825081383325580703, 0.008216259525985199902, 0.008607437668644819101, 0.008998615811304438300, 0.009389793953964057499, 0.009780972096623676698, 0.01017215023928329590, 0.01056332838194291510, 0.01095450652460253430, 0.01173686280992177269, 0.01251921909524101109 ),
 .UNSPECIFIED. ) ;
#730 = VECTOR ( 'NONE', #56, 1000.000000000000000 ) ;
#731 = CARTESIAN_POINT ( 'NONE',  ( 11.26358244635822814, 9.131839369997850397, -11.66666719145178632 ) ) ;
#732 = LINE ( 'NONE', #1454, #959 ) ;
#733 = CIRCLE ( 'NONE', #1908, 22.00000000000000355 ) ;
#734 = PLANE ( 'NONE',  #289 ) ;
#735 = AXIS2_PLACEMENT_3D ( 'NONE', #2307, #1410, #170 ) ;
#736 = DIRECTION ( 'NONE',  ( 0.7071067811865510144, 0.7071067811865440200, 0.000000000000000000 ) ) ;
#737 = AXIS2_PLACEMENT_3D ( 'NONE', #1781, #163, #1200 ) ;
#738 = LINE ( 'NONE', #209, #1137 ) ;
#739 = VERTEX_POINT ( 'NONE', #263 ) ;
#740 = CARTESIAN_POINT ( 'NONE',  ( 20.47612336457308757, 0.000000000000000000, -3.845597197863037664 ) ) ;
#741 = ADVANCED_FACE ( 'NONE', ( #1346, #2257 ), #403, .T. ) ;
#742 = CARTESIAN_POINT ( 'NONE',  ( -2.000048354384308169, 14.36139988241124854, -10.47547523678654180 ) ) ;
#743 = CARTESIAN_POINT ( 'NONE',  ( -21.91464526604827512, -1.936226482617736666, -9.827914370692639068 ) ) ;
#744 = CARTESIAN_POINT ( 'NONE',  ( 0.1305636158835592198, 21.99999999999999645, -12.34559719786309095 ) ) ;
#745 = ADVANCED_FACE ( 'NONE', ( #391 ), #1669, .F. ) ;
#746 = CARTESIAN_POINT ( 'NONE',  ( 11.31564297033318134, 9.067057728710441467, -11.56579796533394600 ) ) ;
#747 = DIRECTION ( 'NONE',  ( 0.000000000000000000, 0.000000000000000000, -1.000000000000000000 ) ) ;
#748 = VERTEX_POINT ( 'NONE', #223 ) ;
#749 = CARTESIAN_POINT ( 'NONE',  ( 15.74144021923415693, -15.37124601070854446, -8.345691642529310172 ) ) ;
#750 = FILL_AREA_STYLE_COLOUR ( '', #1073 ) ;
#751 = DIRECTION ( 'NONE',  ( -1.224646799147352714E-16, -0.000000000000000000, -1.000000000000000000 ) ) ;
#752 = VERTEX_POINT ( 'NONE', #1657 ) ;
#753 = CARTESIAN_POINT ( 'NONE',  ( -11.53748054821304869, -8.783316249862030745, -9.821034533153300217 ) ) ;
#754 = CARTESIAN_POINT ( 'NONE',  ( -1.999902877763069187, 14.36142014179319659, -10.08361365067947979 ) ) ;
#755 = DIRECTION ( 'NONE',  ( -1.000000000000000000, 0.000000000000000000, 0.000000000000000000 ) ) ;
#756 = CARTESIAN_POINT ( 'NONE',  ( 1.797879442236191894, 21.92647166500907829, -11.23149280798380545 ) ) ;
#757 = CARTESIAN_POINT ( 'NONE',  ( -21.97737783889187568, 1.003302204136059972, -12.08063205666643647 ) ) ;
#758 = CARTESIAN_POINT ( 'NONE',  ( 15.18515394604519209, -15.91940464280758682, -12.28142464751589991 ) ) ;
#759 = EDGE_LOOP ( 'NONE', ( #1802, #295 ) ) ;
#760 = CARTESIAN_POINT ( 'NONE',  ( 0.2611553720281369895, -14.49999999999999822, -8.345597197863096284 ) ) ;
#761 = CYLINDRICAL_SURFACE ( 'NONE', #775, 2.000000000000000000 ) ;
#762 = CARTESIAN_POINT ( 'NONE',  ( 3.673940397441928227E-16, 0.000000000000000000, 3.654402802137024509 ) ) ;
#763 = ORIENTED_EDGE ( 'NONE', *, *, #838, .T. ) ;
#764 = CARTESIAN_POINT ( 'NONE',  ( -8.783943045095073288, -11.53700598976516645, -9.818200654207512201 ) ) ;
#765 = DIRECTION ( 'NONE',  ( 1.000000000000000000, 0.000000000000000000, 0.000000000000000000 ) ) ;
#766 = ORIENTED_EDGE ( 'NONE', *, *, #1216, .F. ) ;
#767 = CARTESIAN_POINT ( 'NONE',  ( -21.99427145354305679, 0.5180588698240844447, -8.409462196594345684 ) ) ;
#768 = CARTESIAN_POINT ( 'NONE',  ( 21.99089990881437018, -0.6442041877462513222, -8.447657350559675038 ) ) ;
#769 = CARTESIAN_POINT ( 'NONE',  ( 15.91750339280753224, -15.18714701240604725, -12.28215975164236973 ) ) ;
#770 = EDGE_LOOP ( 'NONE', ( #2268, #1812, #1492, #545 ) ) ;
#771 = CARTESIAN_POINT ( 'NONE',  ( -14.50000000000000178, 0.000000000000000000, -7.541792329034342934 ) ) ;
#772 = AXIS2_PLACEMENT_3D ( 'NONE', #949, #253, #1325 ) ;
#773 = DIRECTION ( 'NONE',  ( 1.000000000000000000, 0.000000000000000000, 0.000000000000000000 ) ) ;
#774 = EDGE_CURVE ( 'NONE', #623, #1692, #350, .T. ) ;
#775 = AXIS2_PLACEMENT_3D ( 'NONE', #1290, #1307, #61 ) ;
#776 = CARTESIAN_POINT ( 'NONE',  ( -6.890113780719603222E-16, -14.50000000000000000, -12.34559719786309451 ) ) ;
#777 = ORIENTED_EDGE ( 'NONE', *, *, #1475, .T. ) ;
#778 = CARTESIAN_POINT ( 'NONE',  ( 14.36140661634506621, -2.000000000000049738, -10.34559719786309628 ) ) ;
#779 = AXIS2_PLACEMENT_3D ( 'NONE', #182, #1603, #1249 ) ;
#780 = DIRECTION ( 'NONE',  ( -1.224646799147352714E-16, -0.000000000000000000, -1.000000000000000000 ) ) ;
#781 = EDGE_LOOP ( 'NONE', ( #1524, #1943, #2292, #1252 ) ) ;
#782 = CARTESIAN_POINT ( 'NONE',  ( -22.00000000000012790, 0.000000000000000000, -1026.343244570043453 ) ) ;
#783 = CARTESIAN_POINT ( 'NONE',  ( -15.09287642675428387, 16.00686523391546956, -12.24282505973784652 ) ) ;
#784 = CARTESIAN_POINT ( 'NONE',  ( -1.283020484789875856E-15, 22.00000000000000000, -8.345597197863094507 ) ) ;
#785 = EDGE_LOOP ( 'NONE', ( #1664, #1383, #1408, #1032 ) ) ;
#786 = CARTESIAN_POINT ( 'NONE',  ( 1.008350823634784010, -14.46690084736789572, -12.09232434935916700 ) ) ;
#787 = EDGE_CURVE ( 'NONE', #424, #2055, #1311, .T. ) ;
#788 = CARTESIAN_POINT ( 'NONE',  ( 21.97743324274743060, -1.002136866702322493, -12.08134344392436965 ) ) ;
#789 = CARTESIAN_POINT ( 'NONE',  ( 14.07771982245660070, 16.90614694720273548, -10.34559719786309628 ) ) ;
#790 = ORIENTED_EDGE ( 'NONE', *, *, #1823, .T. ) ;
#791 = DIRECTION ( 'NONE',  ( -1.224646799147352714E-16, -0.000000000000000000, -1.000000000000000000 ) ) ;
#792 = DIRECTION ( 'NONE',  ( 0.7071067811865487940, 0.7071067811865463515, -8.659560562354945184E-17 ) ) ;
#793 = ORIENTED_EDGE ( 'NONE', *, *, #1823, .F. ) ;
#794 = CARTESIAN_POINT ( 'NONE',  ( -21.90890230020661988, 2.000000000000229150, -10.08448779222528024 ) ) ;
#795 = CARTESIAN_POINT ( 'NONE',  ( -14.38476773275617582, 16.64669759943965488, -11.57434286534960677 ) ) ;
#796 = CARTESIAN_POINT ( 'NONE',  ( -8.485281374238432761, 11.31370849898486064, -10.34559719786309273 ) ) ;
#797 = VERTEX_POINT ( 'NONE', #1863 ) ;
#798 = CARTESIAN_POINT ( 'NONE',  ( 15.46457008056738047, -15.64813433760016714, -8.345550171331712619 ) ) ;
#799 = DIRECTION ( 'NONE',  ( 0.000000000000000000, -1.000000000000000000, -0.000000000000000000 ) ) ;
#800 = CARTESIAN_POINT ( 'NONE',  ( 14.49999999999999645, 1.775737858763661620E-15, -15.34559719786310517 ) ) ;
#801 = ORIENTED_EDGE ( 'NONE', *, *, #306, .T. ) ;
#802 = CARTESIAN_POINT ( 'NONE',  ( 14.48613885535811363, -0.6453716736105805651, -8.448044572287983556 ) ) ;
#803 = EDGE_CURVE ( 'NONE', #739, #1413, #248, .T. ) ;
#804 = CARTESIAN_POINT ( 'NONE',  ( 0.000000000000000000, 0.000000000000000000, -5.345597197863094507 ) ) ;
#805 = ORIENTED_EDGE ( 'NONE', *, *, #2312, .F. ) ;
#806 = DIRECTION ( 'NONE',  ( 1.000000000000000000, 0.000000000000000000, 0.000000000000000000 ) ) ;
#807 = CARTESIAN_POINT ( 'NONE',  ( -16.17029376339936775, 14.91765066186263589, -12.14355153469266213 ) ) ;
#808 = ORIENTED_EDGE ( 'NONE', *, *, #1797, .T. ) ;
#809 = CARTESIAN_POINT ( 'NONE',  ( -14.83118612932235258, 16.24954407034535464, -8.610343486066220464 ) ) ;
#810 = DIRECTION ( 'NONE',  ( 0.000000000000000000, 0.000000000000000000, 1.000000000000000000 ) ) ;
#811 = CARTESIAN_POINT ( 'NONE',  ( -15.18714701240610054, -15.91750339280748427, -12.28215975164236440 ) ) ;
#812 = CARTESIAN_POINT ( 'NONE',  ( -10.06732907529959853, -10.43624765903843432, -8.358398025117958596 ) ) ;
#813 = AXIS2_PLACEMENT_3D ( 'NONE', #2260, #266, #82 ) ;
#814 = DIRECTION ( 'NONE',  ( -1.000000000000000000, 0.000000000000000000, 0.000000000000000000 ) ) ;
#815 = ORIENTED_EDGE ( 'NONE', *, *, #1727, .T. ) ;
#816 = EDGE_CURVE ( 'NONE', #1724, #1877, #1754, .T. ) ;
#817 = CARTESIAN_POINT ( 'NONE',  ( -1.257709381586202618E-13, 0.000000000000000000, -1026.343244570043453 ) ) ;
#818 = EDGE_CURVE ( 'NONE', #1914, #251, #69, .T. ) ;
#819 = PLANE ( 'NONE',  #2057 ) ;
#820 = ORIENTED_EDGE ( 'NONE', *, *, #1336, .T. ) ;
#821 = CARTESIAN_POINT ( 'NONE',  ( -16.84026505485426384, 14.15655369232791827, -9.700591337349827370 ) ) ;
#822 = CARTESIAN_POINT ( 'NONE',  ( -10.34557351879508857, 10.16054066471313355, -8.345507334496245377 ) ) ;
#823 = CARTESIAN_POINT ( 'NONE',  ( 14.43993814427492950, 1.321645876479860204, -8.838878658083457296 ) ) ;
#824 = ORIENTED_EDGE ( 'NONE', *, *, #816, .F. ) ;
#825 = CARTESIAN_POINT ( 'NONE',  ( -11.56136091759316287, 8.751319543445440274, -10.60798324889742439 ) ) ;
#826 = CARTESIAN_POINT ( 'NONE',  ( -14.66971142357264668, 16.39546884743533184, -11.93555272856790950 ) ) ;
#827 = EDGE_LOOP ( 'NONE', ( #659, #990, #1434, #1767, #805, #566 ) ) ;
#828 = CARTESIAN_POINT ( 'NONE',  ( -16.24954407034530490, -14.83118612932240765, -8.610343486066222241 ) ) ;
#829 = PRESENTATION_STYLE_ASSIGNMENT (( #133 ) ) ;
#830 = AXIS2_PLACEMENT_3D ( 'NONE', #762, #221, #100 ) ;
#831 = CARTESIAN_POINT ( 'NONE',  ( -21.91468625170809759, 1.935765044505534771, -10.86513038687055221 ) ) ;
#832 = PLANE ( 'NONE',  #1366 ) ;
#833 = ORIENTED_EDGE ( 'NONE', *, *, #155, .F. ) ;
#834 = CARTESIAN_POINT ( 'NONE',  ( -8.740834443421714894, 11.56926156816814988, -10.47620651877868703 ) ) ;
#835 = DIRECTION ( 'NONE',  ( -1.000000000000000000, 0.000000000000000000, 1.182766006347822862E-16 ) ) ;
#836 = CARTESIAN_POINT ( 'NONE',  ( -1.220212224099850751, -14.44897461633112634, -8.755615986245533833 ) ) ;
#837 = CARTESIAN_POINT ( 'NONE',  ( -14.66321031028933497, -16.40196421419001283, -8.746724877948263810 ) ) ;
#838 = EDGE_CURVE ( 'NONE', #121, #1568, #365, .T. ) ;
#839 = B_SPLINE_CURVE_WITH_KNOTS ( 'NONE', 3,
 ( #1997, #1762, #151, #859, #1873, #2238, #2035, #1833, #36, #48, #1128, #411, #749, #798, #1652, #2227, #568, #375, #1819, #582, #2186, #1101, #1844, #2009, #2200, #619, #1693, #596, #1289, #1516 ),
 .UNSPECIFIED., .F., .F.,
 ( 4, 2, 2, 2, 2, 2, 2, 2, 2, 2, 2, 2, 2, 2, 4 ),
 ( 0.000000000000000000, 0.0003910086570615673536, 0.0007820173141231347071, 0.001173025971184702169, 0.001564034628246269414, 0.002346051942369408241, 0.003128069256492546635, 0.003519077913554113663, 0.003910086570615680691, 0.004301095227677249021, 0.004692103884738816483, 0.005083112541800383077, 0.005474121198861950539, 0.005865129855923518001, 0.006256138512985086331 ),
 .UNSPECIFIED. ) ;
#840 = CARTESIAN_POINT ( 'NONE',  ( -14.91765066186258082, -16.17029376339942459, -12.14355153469265680 ) ) ;
#841 = EDGE_CURVE ( 'NONE', #1162, #2055, #1451, .T. ) ;
#842 = CARTESIAN_POINT ( 'NONE',  ( 14.38830687745966408, 1.796995357362616952, -11.23328929421954392 ) ) ;
#843 = VERTEX_POINT ( 'NONE', #1239 ) ;
#844 = CARTESIAN_POINT ( 'NONE',  ( 1.002056516822632970, -21.97743673268223574, -12.08138620514794326 ) ) ;
#845 = B_SPLINE_CURVE_WITH_KNOTS ( 'NONE', 3,
 ( #267, #1549, #1714, #967, #795, #1326, #826, #2236, #1164, #783, #992, #951, #2083, #631, #2046, #421, #1186, #807, #593, #1339, #109, #1526, #1149, #120, #979, #2072 ),
 .UNSPECIFIED., .F., .F.,
 ( 4, 2, 2, 2, 2, 2, 2, 2, 2, 2, 2, 2, 4 ),
 ( 0.006256138512985088065, 0.007037973579740570973, 0.007819808646496053881, 0.008210726179873794467, 0.008601643713251533319, 0.008992561246629272170, 0.009383478780007012757, 0.009774396313384748139, 0.01016531384676248526, 0.01055623138014022064, 0.01094714891351795602, 0.01172898398027343025, 0.01251081904702890275 ),
 .UNSPECIFIED. ) ;
#846 = CARTESIAN_POINT ( 'NONE',  ( -14.43984669250454722, -1.322647375064697872, -8.839744826084666940 ) ) ;
#847 = CIRCLE ( 'NONE', #2169, 14.50000000000000000 ) ;
#848 = CARTESIAN_POINT ( 'NONE',  ( -15.18155914611819668, -15.92414056191537952, -8.398251264126892934 ) ) ;
#849 = CARTESIAN_POINT ( 'NONE',  ( -14.42174945781936302, -1.507288395652582214, -11.66675667478866352 ) ) ;
#850 = ADVANCED_FACE ( 'NONE', ( #1810 ), #711, .F. ) ;
#851 = CARTESIAN_POINT ( 'NONE',  ( -16.39546884743528210, -14.66971142357270530, -11.93555272856790950 ) ) ;
#852 = DIRECTION ( 'NONE',  ( 1.224646799147353207E-16, 1.000000000000000000, 0.000000000000000000 ) ) ;
#853 = CARTESIAN_POINT ( 'NONE',  ( 14.47335977622770287, 0.8868635132940556609, -8.548205631046863928 ) ) ;
#854 = ORIENTED_EDGE ( 'NONE', *, *, #2218, .T. ) ;
#855 = CARTESIAN_POINT ( 'NONE',  ( -11.44479495830766780, 8.903327084473721342, -11.23309499671496248 ) ) ;
#856 = CARTESIAN_POINT ( 'NONE',  ( -5.542876759145976466E-16, -22.00000000000000000, -8.345597197863094507 ) ) ;
#857 = CARTESIAN_POINT ( 'NONE',  ( -1.935855590830158901, -14.37021674448143926, -9.826383686142875717 ) ) ;
#858 = DIRECTION ( 'NONE',  ( -1.000000000000000000, 0.000000000000000000, 1.196361017915039486E-16 ) ) ;
#859 = CARTESIAN_POINT ( 'NONE',  ( 16.86507312610304865, -14.12692323733930166, -9.827655694212865001 ) ) ;
#860 = CARTESIAN_POINT ( 'NONE',  ( 15.64813433760011563, 15.46457008056744264, -8.345550171331716172 ) ) ;
#861 = ORIENTED_EDGE ( 'NONE', *, *, #484, .T. ) ;
#862 = ADVANCED_FACE ( 'NONE', ( #881 ), #1102, .F. ) ;
#863 = CARTESIAN_POINT ( 'NONE',  ( 1.935923007158797171, -21.91467225797821072, -9.826644409357397691 ) ) ;
#864 = DIRECTION ( 'NONE',  ( -0.7071067811865388020, 0.7071067811865561215, 8.659560562354824390E-17 ) ) ;
#865 =( GEOMETRIC_REPRESENTATION_CONTEXT ( 3 ) GLOBAL_UNCERTAINTY_ASSIGNED_CONTEXT ( ( #292 ) ) GLOBAL_UNIT_ASSIGNED_CONTEXT ( ( #1583, #489, #1750 ) ) REPRESENTATION_CONTEXT ( 'NONE', 'WORKASPACE' ) );
#866 = CARTESIAN_POINT ( 'NONE',  ( -11.31370849898483222, -8.485281374238470065, -10.34559719786309273 ) ) ;
#867 = DIRECTION ( 'NONE',  ( 1.000000000000000000, 0.000000000000000000, 0.000000000000000000 ) ) ;
#868 = CARTESIAN_POINT ( 'NONE',  ( 21.96648655936578365, 1.218725617514585080, -11.93674560647571425 ) ) ;
#869 = CARTESIAN_POINT ( 'NONE',  ( -1.008063409718555015, 21.97821028026460866, -8.598700453509774633 ) ) ;
#870 = ORIENTED_EDGE ( 'NONE', *, *, #1951, .T. ) ;
#871 = CARTESIAN_POINT ( 'NONE',  ( 11.56926156816800244, -8.740834443421919175, -10.08103208043491961 ) ) ;
#872 = CARTESIAN_POINT ( 'NONE',  ( -1.003744413257616896E-15, 0.000000000000000000, -7.541792329034402442 ) ) ;
#873 = EDGE_CURVE ( 'NONE', #161, #961, #1493, .T. ) ;
#874 = CARTESIAN_POINT ( 'NONE',  ( 0.8871991802037998420, 21.98243752977980137, -8.548359422398293717 ) ) ;
#875 = MECHANICAL_DESIGN_GEOMETRIC_PRESENTATION_REPRESENTATION (  '', ( #1195 ), #2129 ) ;
#876 = ADVANCED_FACE ( 'NONE', ( #916, #1615 ), #722, .T. ) ;
#877 = AXIS2_PLACEMENT_3D ( 'NONE', #872, #1916, #129 ) ;
#878 = DIRECTION ( 'NONE',  ( -0.000000000000000000, -0.000000000000000000, 1.000000000000000000 ) ) ;
#879 = ORIENTED_EDGE ( 'NONE', *, *, #55, .T. ) ;
#880 = FACE_OUTER_BOUND ( 'NONE', #2272, .T. ) ;
#881 = FACE_OUTER_BOUND ( 'NONE', #2219, .T. ) ;
#882 = CARTESIAN_POINT ( 'NONE',  ( 16.87256970119540256, 14.11829982183606447, -10.86986819499989210 ) ) ;
#883 = ORIENTED_EDGE ( 'NONE', *, *, #673, .T. ) ;
#884 = CARTESIAN_POINT ( 'NONE',  ( -14.39594815501726899, 1.735513838490787553, -11.34811385965639019 ) ) ;
#885 = CARTESIAN_POINT ( 'NONE',  ( -9.132837466678395799, -11.26276407431570092, -11.66797609196268226 ) ) ;
#886 = CARTESIAN_POINT ( 'NONE',  ( 10.34748845273099960, 10.15859049045102225, -8.345687994921386021 ) ) ;
#887 = FACE_OUTER_BOUND ( 'NONE', #1808, .T. ) ;
#888 = CARTESIAN_POINT ( 'NONE',  ( 10.86095555226168230, 9.607516242098563808, -12.14327493583136963 ) ) ;
#889 = CARTESIAN_POINT ( 'NONE',  ( -22.00000000000000355, -0.2611949036868849716, -12.34559719786306431 ) ) ;
#890 = EDGE_CURVE ( 'NONE', #953, #1914, #287, .T. ) ;
#891 = EDGE_LOOP ( 'NONE', ( #1248, #73, #1317, #2281, #2163, #1843, #1140, #1773, #1729, #1891 ) ) ;
#892 = CARTESIAN_POINT ( 'NONE',  ( 0.5245649731067592025, 14.49251301091472044, -12.29308521373378049 ) ) ;
#893 = CARTESIAN_POINT ( 'NONE',  ( 15.37113666591723771, 15.73990172250664621, -12.33280400955031553 ) ) ;
#894 = EDGE_LOOP ( 'NONE', ( #1677, #638, #870, #1 ) ) ;
#895 = CARTESIAN_POINT ( 'NONE',  ( -10.61417624974740193, -9.879555527294987982, -8.409838760573272509 ) ) ;
#896 = DIRECTION ( 'NONE',  ( -1.224646799147352714E-16, -0.000000000000000000, -1.000000000000000000 ) ) ;
#897 = FACE_OUTER_BOUND ( 'NONE', #891, .T. ) ;
#898 = DIRECTION ( 'NONE',  ( -0.7071067811865563435, -0.7071067811865389130, 0.000000000000000000 ) ) ;
#899 = CARTESIAN_POINT ( 'NONE',  ( 8.952182789258111839, 11.40674193703819661, -11.34791584329630076 ) ) ;
#900 = CARTESIAN_POINT ( 'NONE',  ( -9.899494936611544560, 9.899494936611782592, -10.34559719786309273 ) ) ;
#901 = ORIENTED_EDGE ( 'NONE', *, *, #1575, .T. ) ;
#902 = CARTESIAN_POINT ( 'NONE',  ( 1.735061212309604972, 14.39600279910425940, -11.34889022965037064 ) ) ;
#903 = EDGE_CURVE ( 'NONE', #1504, #1700, #1000, .T. ) ;
#904 = CARTESIAN_POINT ( 'NONE',  ( -3.673940397442174746E-16, 0.000000000000000000, -2.345597197862980821 ) ) ;
#905 = CARTESIAN_POINT ( 'NONE',  ( 16.00686523391530969, 15.09287642675444907, -12.24282505973785184 ) ) ;
#906 = EDGE_CURVE ( 'NONE', #26, #948, #1678, .T. ) ;
#907 = EDGE_LOOP ( 'NONE', ( #2073, #618, #197, #1310 ) ) ;
#908 = CARTESIAN_POINT ( 'NONE',  ( 10.61232608182568171, -9.881544162941342080, -8.409108130920364133 ) ) ;
#909 = CARTESIAN_POINT ( 'NONE',  ( -0.5199228411017297047, 14.49124416536283810, -12.28126293985147477 ) ) ;
#910 = CARTESIAN_POINT ( 'NONE',  ( -21.99999999999999289, -0.2642444103834102886, -8.345597197863014571 ) ) ;
#911 = CARTESIAN_POINT ( 'NONE',  ( 1.735254701445447578, 21.93157909902600977, -11.34852596217626797 ) ) ;
#912 = CARTESIAN_POINT ( 'NONE',  ( 21.92649104013466399, -1.797644138193662311, -9.459222564005028033 ) ) ;
#913 = CARTESIAN_POINT ( 'NONE',  ( 0.000000000000000000, 0.000000000000000000, -2.345597197862983929 ) ) ;
#914 = CARTESIAN_POINT ( 'NONE',  ( -14.07771982245671794, -16.90614694720263955, -10.34559719786309273 ) ) ;
#915 = AXIS2_PLACEMENT_3D ( 'NONE', #904, #1625, #1998 ) ;
#916 = FACE_BOUND ( 'NONE', #1187, .T. ) ;
#917 = EDGE_CURVE ( 'NONE', #708, #1423, #697, .T. ) ;
#918 = AXIS2_PLACEMENT_3D ( 'NONE', #1214, #2322, #1023 ) ;
#919 = DIRECTION ( 'NONE',  ( -1.224646799147352714E-16, -0.000000000000000000, -1.000000000000000000 ) ) ;
#920 = CARTESIAN_POINT ( 'NONE',  ( 11.56926156816800422, -8.740834443421919175, -10.47791185113807799 ) ) ;
#921 = CARTESIAN_POINT ( 'NONE',  ( 11.14477098027921009, -9.276457006675061123, -8.838392769971891383 ) ) ;
#922 = CARTESIAN_POINT ( 'NONE',  ( -1.590357802623404426, 14.41270512615066934, -11.56531847780019540 ) ) ;
#923 = CARTESIAN_POINT ( 'NONE',  ( -3.673940397442174746E-16, 0.000000000000000000, -2.345597197862980821 ) ) ;
#924 = CARTESIAN_POINT ( 'NONE',  ( 1.002056516822632748, 21.97743673268223930, -8.609808190578242204 ) ) ;
#925 = CARTESIAN_POINT ( 'NONE',  ( -21.92649067093072190, 1.797648277654897209, -11.23195789398895172 ) ) ;
#926 = CARTESIAN_POINT ( 'NONE',  ( 16.64562444252726792, -14.38601369835249955, -11.57649479735351861 ) ) ;
#927 = EDGE_LOOP ( 'NONE', ( #2300, #1756, #1479, #97 ) ) ;
#928 = CARTESIAN_POINT ( 'NONE',  ( 1.589955984550313506, -14.41275039572501626, -9.125320882725073801 ) ) ;
#929 = CARTESIAN_POINT ( 'NONE',  ( 21.99087305603418585, -0.6451193865268556316, -12.24322767342565577 ) ) ;
#930 = LINE ( 'NONE', #2202, #2147 ) ;
#931 = ORIENTED_EDGE ( 'NONE', *, *, #1676, .F. ) ;
#932 = CARTESIAN_POINT ( 'NONE',  ( 14.46571107956009605, -1.002526425415490863, -8.610088895109544893 ) ) ;
#933 = CARTESIAN_POINT ( 'NONE',  ( -10.06778870708066087, -10.43828904538289493, -12.34550029657198067 ) ) ;
#934 = CARTESIAN_POINT ( 'NONE',  ( 10.61417624974733087, 9.879555527295071471, -8.409838760573279615 ) ) ;
#935 = VERTEX_POINT ( 'NONE', #1775 ) ;
#936 = ADVANCED_FACE ( 'NONE', ( #1064 ), #1787, .F. ) ;
#937 = CARTESIAN_POINT ( 'NONE',  ( -21.99880848370977304, 0.2622728766029011060, -8.358585201437390921 ) ) ;
#938 = TOROIDAL_SURFACE ( 'NONE', #412, 20.47612336457308757, 2.138270329027695205 ) ;
#939 = CARTESIAN_POINT ( 'NONE',  ( -21.99880004135040679, 0.2631211042732559680, -12.33251744253893278 ) ) ;
#940 = DIRECTION ( 'NONE',  ( -0.7071067811865388020, 0.7071067811865561215, 8.659560562354824390E-17 ) ) ;
#941 = ORIENTED_EDGE ( 'NONE', *, *, #462, .F. ) ;
#942 = CARTESIAN_POINT ( 'NONE',  ( 1.736482509829736509, -14.39583120329317723, -11.34645141744958075 ) ) ;
#943 = DIRECTION ( 'NONE',  ( 1.000000000000000000, 0.000000000000000000, -1.224646799147352714E-16 ) ) ;
#944 = CARTESIAN_POINT ( 'NONE',  ( -14.42180026906189916, 1.506727157963378527, -9.023961202065221343 ) ) ;
#945 = CARTESIAN_POINT ( 'NONE',  ( 11.08642041370601916, -9.347490655593420072, -11.94434049003340448 ) ) ;
#946 = DIRECTION ( 'NONE',  ( -0.000000000000000000, -0.000000000000000000, 1.000000000000000000 ) ) ;
#947 = CARTESIAN_POINT ( 'NONE',  ( -5.542876759145976466E-16, -22.00000000000000000, -8.345597197863094507 ) ) ;
#948 = VERTEX_POINT ( 'NONE', #526 ) ;
#949 = CARTESIAN_POINT ( 'NONE',  ( 0.000000000000000000, 0.000000000000000000, 3.654402802137024509 ) ) ;
#950 = ADVANCED_FACE ( 'NONE', ( #1974 ), #761, .F. ) ;
#951 = CARTESIAN_POINT ( 'NONE',  ( -15.36914294449691987, 15.74184835710712349, -12.33243772880231504 ) ) ;
#952 = CARTESIAN_POINT ( 'NONE',  ( 14.38476773275629128, -16.64669759943955896, -11.57434286534961210 ) ) ;
#953 = VERTEX_POINT ( 'NONE', #2010 ) ;
#954 = ADVANCED_FACE ( 'NONE', ( #2036 ), #1481, .T. ) ;
#955 = CLOSED_SHELL ( 'NONE', ( #343, #1901, #1725, #1259, #1381, #745 ) ) ;
#956 = PLANE ( 'NONE',  #1074 ) ;
#957 = AXIS2_PLACEMENT_3D ( 'NONE', #1513, #616, #2056 ) ;
#958 = DIRECTION ( 'NONE',  ( 0.000000000000000000, 0.000000000000000000, -1.000000000000000000 ) ) ;
#959 = VECTOR ( 'NONE', #2173, 1000.000000000000000 ) ;
#960 = FACE_OUTER_BOUND ( 'NONE', #1932, .T. ) ;
#961 = VERTEX_POINT ( 'NONE', #1681 ) ;
#962 = CARTESIAN_POINT ( 'NONE',  ( -9.061811840005059793, -11.32112473982163792, -9.114497052419974210 ) ) ;
#963 = AXIS2_PLACEMENT_3D ( 'NONE', #1675, #747, #72 ) ;
#964 = CARTESIAN_POINT ( 'NONE',  ( -1.507352193525214989, -21.94849462741136747, -11.66654256133255707 ) ) ;
#965 = ORIENTED_EDGE ( 'NONE', *, *, #1507, .F. ) ;
#966 = CARTESIAN_POINT ( 'NONE',  ( -21.91385891913936845, 1.947510898820367320, -9.821095510278894380 ) ) ;
#967 = CARTESIAN_POINT ( 'NONE',  ( -14.27108641671104472, 16.74353877373952315, -11.35125669974471840 ) ) ;
#968 = CARTESIAN_POINT ( 'NONE',  ( 0.000000000000000000, 0.000000000000000000, 0.6544028021369138193 ) ) ;
#969 = ORIENTED_EDGE ( 'NONE', *, *, #695, .F. ) ;
#970 = CARTESIAN_POINT ( 'NONE',  ( 9.899494936611612061, -9.899494936611716867, -10.34559719786309628 ) ) ;
#971 = EDGE_CURVE ( 'NONE', #1423, #708, #1598, .T. ) ;
#972 = CARTESIAN_POINT ( 'NONE',  ( 22.00000000000000000, 2.694222958129274034E-15, -12.34559719786309806 ) ) ;
#973 = CARTESIAN_POINT ( 'NONE',  ( -14.46692712377721612, 1.007953009670220279, -8.598657136308666793 ) ) ;
#974 = VERTEX_POINT ( 'NONE', #1330 ) ;
#975 = CARTESIAN_POINT ( 'NONE',  ( -14.07771982245671794, -16.90614694720263955, -10.34559719786309273 ) ) ;
#976 = CARTESIAN_POINT ( 'NONE',  ( 14.49999999999999822, -0.1305931904912335240, -12.34559719786309806 ) ) ;
#977 = ORIENTED_EDGE ( 'NONE', *, *, #1510, .T. ) ;
#978 = DIRECTION ( 'NONE',  ( -1.224646799147352714E-16, -0.000000000000000000, -1.000000000000000000 ) ) ;
#979 = CARTESIAN_POINT ( 'NONE',  ( -16.90614694720258981, 14.07771982245677478, -10.60997183886107820 ) ) ;
#980 = ORIENTED_EDGE ( 'NONE', *, *, #1338, .T. ) ;
#981 = B_SPLINE_CURVE_WITH_KNOTS ( 'NONE', 3,
 ( #1117, #586, #2037, #2026, #62, #1846, #2255, #414, #944, #2217, #973, #1143, #2051, #1519 ),
 .UNSPECIFIED., .F., .F.,
 ( 4, 2, 2, 2, 2, 2, 4 ),
 ( 0.009391151995595540397, 0.009782161710971872676, 0.01017317142634820495, 0.01056418114172453723, 0.01095519085710086951, 0.01173721028785353407, 0.01251922971860619863 ),
 .UNSPECIFIED. ) ;
#982 = CARTESIAN_POINT ( 'NONE',  ( -14.59464441558329639, 16.46223290073502810, -8.837786286423527926 ) ) ;
#983 = CARTESIAN_POINT ( 'NONE',  ( -8.740834443421718447, 11.56926156816815343, -10.08444191785463140 ) ) ;
#984 = CARTESIAN_POINT ( 'NONE',  ( 14.59436904023575288, 16.46247074773771857, -11.85294762816147340 ) ) ;
#985 = B_SPLINE_CURVE_WITH_KNOTS ( 'NONE', 3,
 ( #1734, #1921, #301, #1742, #136, #842, #669, #723, #1458, #1963, #2327, #196, #2319, #701 ),
 .UNSPECIFIED., .F., .F.,
 ( 4, 2, 2, 2, 2, 2, 4 ),
 ( 0.000000000000000000, 0.0003913655100843964514, 0.0007827310201687926860, 0.001174096530253189137, 0.001565462040337585372, 0.002348193060506374372, 0.003130924080675163805 ),
 .UNSPECIFIED. ) ;
#986 = CARTESIAN_POINT ( 'NONE',  ( -15.37113666591736205, -15.73990172250653785, -12.33280400955031553 ) ) ;
#987 = CARTESIAN_POINT ( 'NONE',  ( -8.740834443421952926, -11.56926156816796869, -10.08103208043491072 ) ) ;
#988 = EDGE_CURVE ( 'NONE', #713, #752, #1719, .T. ) ;
#989 = CARTESIAN_POINT ( 'NONE',  ( -1.230899957540400935, -21.96631497256316123, -11.94338142888869392 ) ) ;
#990 = ORIENTED_EDGE ( 'NONE', *, *, #207, .T. ) ;
#991 = CARTESIAN_POINT ( 'NONE',  ( 14.07771982245660070, 16.90614694720273548, -10.34559719786309628 ) ) ;
#992 = CARTESIAN_POINT ( 'NONE',  ( -15.18515394604508018, 15.91940464280768985, -12.28142464751589280 ) ) ;
#993 = ORIENTED_EDGE ( 'NONE', *, *, #1216, .T. ) ;
#994 = CARTESIAN_POINT ( 'NONE',  ( -14.39098033194245296, -16.64046224297582555, -9.126172643533653428 ) ) ;
#995 = CARTESIAN_POINT ( 'NONE',  ( -15.46406784707911619, -15.64864369139770695, -12.34569960743099237 ) ) ;
#996 = CARTESIAN_POINT ( 'NONE',  ( 21.90890230020664831, 1.999999999999923617, -10.34559719786309806 ) ) ;
#997 = AXIS2_PLACEMENT_3D ( 'NONE', #817, #1538, #1176 ) ;
#998 = CARTESIAN_POINT ( 'NONE',  ( 14.43998908571815143, -1.321168827703730786, -11.85287747734396291 ) ) ;
#999 = ORIENTED_EDGE ( 'NONE', *, *, #2279, .F. ) ;
#1000 = CIRCLE ( 'NONE', #2019, 20.00000000000000355 ) ;
#1001 = CARTESIAN_POINT ( 'NONE',  ( -14.50000000000000533, 0.2612680682819924494, -12.34559719786311049 ) ) ;
#1002 = ADVANCED_FACE ( 'NONE', ( #413 ), #400, .T. ) ;
#1003 = DIRECTION ( 'NONE',  ( 0.7071067811865487940, 0.7071067811865463515, -8.659560562354945184E-17 ) ) ;
#1004 = VERTEX_POINT ( 'NONE', #87 ) ;
#1005 = CARTESIAN_POINT ( 'NONE',  ( -14.12692323733936206, -16.86507312610300602, -9.827655694212866777 ) ) ;
#1006 = CARTESIAN_POINT ( 'NONE',  ( -14.49817855989741133, -0.2632267123935161934, -12.33251072375465363 ) ) ;
#1007 = CARTESIAN_POINT ( 'NONE',  ( -21.90890230020662344, 2.000000000000229150, -10.34559719786309095 ) ) ;
#1008 = B_SPLINE_CURVE_WITH_KNOTS ( 'NONE', 3,
 ( #648, #1546, #1412, #2118, #1567, #1766, #1020, #1219, #1196, #1211, #2101, #310, #473, #860, #1382, #2308, #1031, #2280, #1755, #1576, #1913, #1941, #1009, #152, #145, #320, #1584, #689, #506, #1204 ),
 .UNSPECIFIED., .F., .F.,
 ( 4, 2, 2, 2, 2, 2, 2, 2, 2, 2, 2, 2, 2, 2, 4 ),
 ( 0.000000000000000000, 0.0003910086570615678415, 0.0007820173141231356829, 0.001173025971184703470, 0.001564034628246271366, 0.002346051942369409109, 0.003128069256492546635, 0.003519077913554113663, 0.003910086570615680691, 0.004301095227677248153, 0.004692103884738815615, 0.005083112541800382210, 0.005474121198861949672, 0.005865129855923516267, 0.006256138512985083729 ),
 .UNSPECIFIED. ) ;
#1009 = CARTESIAN_POINT ( 'NONE',  ( 16.64011110663029669, 14.39138548657906647, -9.125521198950874435 ) ) ;
#1010 = VERTEX_POINT ( 'NONE', #1343 ) ;
#1011 = CARTESIAN_POINT ( 'NONE',  ( -10.61926409668764038, 9.876198340067851689, -12.29284742304305666 ) ) ;
#1012 = CARTESIAN_POINT ( 'NONE',  ( 2.000047046613063539, -21.90889800545838995, -10.21579811098495938 ) ) ;
#1013 = ADVANCED_FACE ( 'NONE', ( #244 ), #1319, .F. ) ;
#1014 = CARTESIAN_POINT ( 'NONE',  ( -1.283020484789875856E-15, 22.00000000000000000, -8.345597197863094507 ) ) ;
#1015 = CARTESIAN_POINT ( 'NONE',  ( -16.64011110663040327, -14.39138548657895100, -9.125521198950872659 ) ) ;
#1016 = ADVANCED_FACE ( 'NONE', ( #2239, #426 ), #76, .T. ) ;
#1017 = VECTOR ( 'NONE', #1696, 1000.000000000000000 ) ;
#1018 = CARTESIAN_POINT ( 'NONE',  ( -16.46388279111492281, -14.59277507410990538, -11.85107810931580907 ) ) ;
#1019 = DIRECTION ( 'NONE',  ( -1.000000000000000000, 1.224646799147352961E-16, 0.000000000000000000 ) ) ;
#1020 = CARTESIAN_POINT ( 'NONE',  ( 14.28054999834509076, 16.73532761313696682, -9.343542254911572087 ) ) ;
#1021 = ORIENTED_EDGE ( 'NONE', *, *, #873, .T. ) ;
#1022 = DIRECTION ( 'NONE',  ( -1.224646799147352714E-16, -0.000000000000000000, -1.000000000000000000 ) ) ;
#1023 = DIRECTION ( 'NONE',  ( -1.000000000000000000, 0.000000000000000000, 1.301042606982605074E-16 ) ) ;
#1024 = CARTESIAN_POINT ( 'NONE',  ( -1.322389424470116204, -14.43987029187817228, -11.85167353833598192 ) ) ;
#1025 = ADVANCED_FACE ( 'NONE', ( #387, #233 ), #2050, .T. ) ;
#1026 = CARTESIAN_POINT ( 'NONE',  ( -16.25264090155029706, 14.82935111419167562, -8.597743412278447295 ) ) ;
#1027 =( NAMED_UNIT ( * ) SI_UNIT ( $, .STERADIAN. ) SOLID_ANGLE_UNIT ( ) );
#1028 = CARTESIAN_POINT ( 'NONE',  ( 10.06609710033527172, -10.43744062348192791, -12.33259785079881965 ) ) ;
#1029 = CARTESIAN_POINT ( 'NONE',  ( 21.96641461661576145, 1.229155376162932134, -8.746462323916286863 ) ) ;
#1030 = VECTOR ( 'NONE', #1003, 1000.000000000000000 ) ;
#1031 = CARTESIAN_POINT ( 'NONE',  ( 16.00506451145798792, 15.09478708047858930, -8.447472043173190670 ) ) ;
#1032 = ORIENTED_EDGE ( 'NONE', *, *, #1763, .T. ) ;
#1033 = CARTESIAN_POINT ( 'NONE',  ( -8.751393992101421659, 11.56130493647883739, -10.60888696367584139 ) ) ;
#1034 = CARTESIAN_POINT ( 'NONE',  ( 7.347880794883856454E-16, 0.000000000000000000, 6.654402802136916151 ) ) ;
#1035 = AXIS2_PLACEMENT_3D ( 'NONE', #1821, #2318, #1457 ) ;
#1036 = CARTESIAN_POINT ( 'NONE',  ( -1.003731041264756429, -14.46562509302745703, -8.610811296968948980 ) ) ;
#1037 = CIRCLE ( 'NONE', #918, 20.00000000000000355 ) ;
#1038 = B_SPLINE_CURVE_WITH_KNOTS ( 'NONE', 3,
 ( #2130, #491, #2088, #2299, #679, #853, #1931, #1368, #823, #1402, #2291, #463, #294, #125 ),
 .UNSPECIFIED., .F., .F.,
 ( 4, 2, 2, 2, 2, 2, 4 ),
 ( 0.009391141825840111992, 0.009782151484515224163, 0.01017316114319033633, 0.01056417080186545024, 0.01095518046054056241, 0.01173719977789078675, 0.01251921909524101283 ),
 .UNSPECIFIED. ) ;
#1039 = CARTESIAN_POINT ( 'NONE',  ( -22.00000000000012434, 0.000000000000000000, -1026.343244570043453 ) ) ;
#1040 = DIRECTION ( 'NONE',  ( -0.000000000000000000, -0.000000000000000000, 1.000000000000000000 ) ) ;
#1041 = EDGE_CURVE ( 'NONE', #1824, #953, #1096, .T. ) ;
#1042 = CARTESIAN_POINT ( 'NONE',  ( 10.43744062348188884, 10.06609710033530725, -12.33259785079881965 ) ) ;
#1043 = CARTESIAN_POINT ( 'NONE',  ( 22.00000000000000000, 2.694222958124176809E-15, -15.34559719786310694 ) ) ;
#1044 = ORIENTED_EDGE ( 'NONE', *, *, #1575, .F. ) ;
#1045 = CARTESIAN_POINT ( 'NONE',  ( -8.952850883030093243, 11.40621640834706341, -11.34931852719302903 ) ) ;
#1046 = DIRECTION ( 'NONE',  ( -1.000000000000000000, 0.000000000000000000, 1.196361017915039486E-16 ) ) ;
#1047 = CARTESIAN_POINT ( 'NONE',  ( -13.99999999999999822, 1.461744630047978976E-13, -10.34559719786309273 ) ) ;
#1048 = CARTESIAN_POINT ( 'NONE',  ( -21.93154087067597047, -1.735747277745344430, -11.34773224367657818 ) ) ;
#1049 = EDGE_LOOP ( 'NONE', ( #824, #575, #1345, #1712 ) ) ;
#1050 = DIRECTION ( 'NONE',  ( 0.000000000000000000, -0.000000000000000000, 1.000000000000000000 ) ) ;
#1051 = DIRECTION ( 'NONE',  ( -0.000000000000000000, -0.000000000000000000, 1.000000000000000000 ) ) ;
#1052 = PRODUCT_DEFINITION ( 'UNKNOWN', '', #652, #1308 ) ;
#1053 = DIRECTION ( 'NONE',  ( -1.000000000000000000, 0.000000000000000000, 1.224646799147352714E-16 ) ) ;
#1054 = EDGE_LOOP ( 'NONE', ( #507, #854, #993, #969 ) ) ;
#1055 = CARTESIAN_POINT ( 'NONE',  ( 9.354092151645780007, -11.07983755502237777, -8.755648737662971470 ) ) ;
#1056 = DIRECTION ( 'NONE',  ( -1.000000000000000000, 0.000000000000000000, 1.196361017915039486E-16 ) ) ;
#1057 = EDGE_CURVE ( 'NONE', #1724, #1151, #2287, .T. ) ;
#1058 = DIRECTION ( 'NONE',  ( -1.224646799147352714E-16, -0.000000000000000000, -1.000000000000000000 ) ) ;
#1059 = AXIS2_PLACEMENT_3D ( 'NONE', #1861, #401, #599 ) ;
#1060 = LINE ( 'NONE', #1275, #1306 ) ;
#1061 = ORIENTED_EDGE ( 'NONE', *, *, #420, .T. ) ;
#1062 = MANIFOLD_SOLID_BREP ( 'Revolução3[2]', #955 ) ;
#1063 = CARTESIAN_POINT ( 'NONE',  ( 22.00000000000000355, 0.000000000000000000, -2.345597197862983929 ) ) ;
#1064 = FACE_OUTER_BOUND ( 'NONE', #927, .T. ) ;
#1065 = CARTESIAN_POINT ( 'NONE',  ( -1.935827503195362453, 21.91468064269501426, -10.86479058664273722 ) ) ;
#1066 = ORIENTED_EDGE ( 'NONE', *, *, #131, .T. ) ;
#1067 = CARTESIAN_POINT ( 'NONE',  ( 11.07857498587857670, -9.355590272040105404, -8.754137863720904633 ) ) ;
#1068 = CARTESIAN_POINT ( 'NONE',  ( -11.40621640834703321, -8.952850883030132323, -11.34931852719303613 ) ) ;
#1069 = FACE_BOUND ( 'NONE', #1668, .T. ) ;
#1070 = VECTOR ( 'NONE', #1881, 1000.000000000000000 ) ;
#1071 = DIRECTION ( 'NONE',  ( -1.224646799147352714E-16, 0.000000000000000000, -1.000000000000000000 ) ) ;
#1072 = B_SPLINE_CURVE_WITH_KNOTS ( 'NONE', 3,
 ( #1770, #2295, #1738, #2313, #468, #1935, #694, #497, #1024, #130, #2105, #674, #140, #1208, #1397, #857, #1417, #315, #2114, #1580, #1926, #485, #836, #1036, #1760, #1236, #1406, #1372, #298, #2122 ),
 .UNSPECIFIED., .F., .F.,
 ( 4, 2, 2, 2, 2, 2, 2, 2, 2, 2, 2, 2, 2, 2, 4 ),
 ( 1.070798312533801101E-19, 0.0003912733369551447005, 0.0007825466739102892927, 0.001173820010865433885, 0.001565093347820578368, 0.002347640021730863866, 0.003130186695641149798, 0.003521460032596294715, 0.003912733369551439633, 0.004304006706506584984, 0.004695280043461730335, 0.005086553380416876553, 0.005477826717372021037, 0.005869100054327166388, 0.006260373391282311739 ),
 .UNSPECIFIED. ) ;
#1073 = COLOUR_RGB ( '',0.7921568627450980005, 0.8196078431372548767, 0.9333333333333333481 ) ;
#1074 = AXIS2_PLACEMENT_3D ( 'NONE', #771, #385, #74 ) ;
#1075 = DIRECTION ( 'NONE',  ( -1.224646799147352714E-16, -0.000000000000000000, -1.000000000000000000 ) ) ;
#1076 = ORIENTED_EDGE ( 'NONE', *, *, #903, .F. ) ;
#1077 = CARTESIAN_POINT ( 'NONE',  ( 1.589955984550313728, 14.41275039572501804, -11.56587351300111166 ) ) ;
#1078 = DIRECTION ( 'NONE',  ( 0.7071067811865437980, -0.7071067811865512365, -8.659560562354883554E-17 ) ) ;
#1079 = CARTESIAN_POINT ( 'NONE',  ( -1.987206840452498069, 21.91008113451164618, -10.08484121072626216 ) ) ;
#1080 = EDGE_LOOP ( 'NONE', ( #1144, #815, #1100, #110 ) ) ;
#1081 = CARTESIAN_POINT ( 'NONE',  ( 8.740834443421872990, 11.56926156816803264, -10.34559719786309628 ) ) ;
#1082 = CARTESIAN_POINT ( 'NONE',  ( -1.735094943827963920, 14.39599779555545567, -11.34879382714330376 ) ) ;
#1083 = CARTESIAN_POINT ( 'NONE',  ( 9.787957899732155909, 10.69862470743430016, -8.447571111611615891 ) ) ;
#1084 = CYLINDRICAL_SURFACE ( 'NONE', #429, 20.00000000000000355 ) ;
#1085 = ADVANCED_FACE ( 'NONE', ( #665 ), #271, .F. ) ;
#1086 = CARTESIAN_POINT ( 'NONE',  ( -21.96051298020761422, 1.320841060756211549, -11.85318105245207043 ) ) ;
#1087 = CARTESIAN_POINT ( 'NONE',  ( -11.56926156816794204, 8.740834443421995559, -10.34559719786309273 ) ) ;
#1088 = CARTESIAN_POINT ( 'NONE',  ( 22.00000000000000000, 0.000000000000000000, 3.654402802137024509 ) ) ;
#1089 = DIRECTION ( 'NONE',  ( -1.040834085586084257E-14, -1.000000000000000000, 0.000000000000000000 ) ) ;
#1090 = CARTESIAN_POINT ( 'NONE',  ( -1.736600785234877486, 21.93147274278825520, -9.344958129928976120 ) ) ;
#1091 = ORIENTED_EDGE ( 'NONE', *, *, #11, .F. ) ;
#1092 = CARTESIAN_POINT ( 'NONE',  ( -14.36140661634505378, 2.000000000000150546, -10.47784465020843570 ) ) ;
#1093 = CARTESIAN_POINT ( 'NONE',  ( -11.56130493647881075, -8.751393992101464292, -10.60888696367584494 ) ) ;
#1094 = CARTESIAN_POINT ( 'NONE',  ( 9.607744886075865409, 10.86075175489873246, -8.547779928294898966 ) ) ;
#1095 = CYLINDRICAL_SURFACE ( 'NONE', #2247, 2.000000000000000000 ) ;
#1096 = B_SPLINE_CURVE_WITH_KNOTS ( 'NONE', 3,
 ( #37, #1495, #1154, #437, #220, #1666, #2216, #788, #1169, #929, #1875, #1506, #260, #972 ),
 .UNSPECIFIED., .F., .F.,
 ( 4, 2, 2, 2, 2, 2, 4 ),
 ( 0.006256138512985087198, 0.007038358329455568496, 0.007820578145926048927, 0.008211688054161290010, 0.008602797962396531092, 0.008993907870631772175, 0.009385017778867013258 ),
 .UNSPECIFIED. ) ;
#1097 = CARTESIAN_POINT ( 'NONE',  ( 11.50686161498157745, 8.822963988208433861, -10.99020235037637150 ) ) ;
#1098 = EDGE_CURVE ( 'NONE', #611, #1660, #1920, .T. ) ;
#1099 = CARTESIAN_POINT ( 'NONE',  ( 16.90614694720268929, -14.07771982245665932, -10.34559719786309628 ) ) ;
#1100 = ORIENTED_EDGE ( 'NONE', *, *, #613, .T. ) ;
#1101 = CARTESIAN_POINT ( 'NONE',  ( 14.45406626146310636, -16.58579893175463482, -9.024501050416818160 ) ) ;
#1102 = CYLINDRICAL_SURFACE ( 'NONE', #29, 2.000000000000000000 ) ;
#1103 = CARTESIAN_POINT ( 'NONE',  ( -1.936562687020345175, 21.91461547248467312, -9.829157781465154287 ) ) ;
#1104 = EDGE_LOOP ( 'NONE', ( #2017, #1021 ) ) ;
#1105 = CARTESIAN_POINT ( 'NONE',  ( -14.36140661634509463, -1.999999999999849898, -10.34559719786309273 ) ) ;
#1106 = CARTESIAN_POINT ( 'NONE',  ( -1.747702381720343867, 14.39463981706422224, -9.338923983599157097 ) ) ;
#1107 = CARTESIAN_POINT ( 'NONE',  ( 14.49999999999999822, 1.775737858760213115E-15, -8.345597197863096284 ) ) ;
#1108 = SURFACE_STYLE_FILL_AREA ( #1991 ) ;
#1109 = CIRCLE ( 'NONE', #107, 20.00000000000000355 ) ;
#1110 = CARTESIAN_POINT ( 'NONE',  ( 9.132837466678312310, 11.26276407431576665, -11.66797609196268581 ) ) ;
#1111 = CARTESIAN_POINT ( 'NONE',  ( 16.24800001750685041, -14.83288028823027105, -12.08219702617484614 ) ) ;
#1112 = ORIENTED_EDGE ( 'NONE', *, *, #1969, .F. ) ;
#1113 = CARTESIAN_POINT ( 'NONE',  ( 0.5245649731067599797, -14.49251301091471866, -8.398109181992408523 ) ) ;
#1114 = AXIS2_PLACEMENT_3D ( 'NONE', #2107, #1389, #479 ) ;
#1115 = DIRECTION ( 'NONE',  ( -1.000000000000000000, 0.000000000000000000, 1.182766006347822862E-16 ) ) ;
#1116 = EDGE_CURVE ( 'NONE', #222, #1268, #422, .T. ) ;
#1117 = CARTESIAN_POINT ( 'NONE',  ( -14.36140661634505378, 2.000000000000150102, -10.34559719786309273 ) ) ;
#1118 = CARTESIAN_POINT ( 'NONE',  ( 11.26276407431573467, -9.132837466678356719, -11.66797609196268759 ) ) ;
#1119 = CARTESIAN_POINT ( 'NONE',  ( 0.000000000000000000, 0.000000000000000000, 0.000000000000000000 ) ) ;
#1120 = CARTESIAN_POINT ( 'NONE',  ( -9.066679665109662167, -11.31594707308063619, -11.56521641535598555 ) ) ;
#1121 = CARTESIAN_POINT ( 'NONE',  ( 10.93820519083849518, 9.519322845154437829, -8.610540671612906038 ) ) ;
#1122 = ORIENTED_EDGE ( 'NONE', *, *, #641, .T. ) ;
#1123 = CARTESIAN_POINT ( 'NONE',  ( 1.220078131197231519, 21.96640991520374087, -11.93568472094757915 ) ) ;
#1124 = CARTESIAN_POINT ( 'NONE',  ( 9.876198340067741555, 10.61926409668774518, -12.29284742304306022 ) ) ;
#1125 = DIRECTION ( 'NONE',  ( -0.000000000000000000, -0.000000000000000000, 1.000000000000000000 ) ) ;
#1126 = EDGE_LOOP ( 'NONE', ( #1515, #284 ) ) ;
#1127 = B_SPLINE_CURVE_WITH_KNOTS ( 'NONE', 3,
 ( #1202, #2074, #2106, #1716, #821, #478, #2263, #2296, #299, #307, #1026, #446, #1747, #675, #1553, #2085, #2062, #436, #809, #269, #982, #1179, #280, #1705, #643, #457, #1189, #1909, #290, #2274 ),
 .UNSPECIFIED., .F., .F.,
 ( 4, 2, 2, 2, 2, 2, 2, 2, 2, 2, 2, 2, 2, 2, 4 ),
 ( 0.000000000000000000, 0.0003910086570615690341, 0.0007820173141231380682, 0.001173025971184707156, 0.001564034628246276136, 0.002346051942369414313, 0.003128069256492552273, 0.003519077913554118867, 0.003910086570615685896, 0.004301095227677252490, 0.004692103884738819952, 0.005083112541800386547, 0.005474121198861954009, 0.005865129855923520603, 0.006256138512985088065 ),
 .UNSPECIFIED. ) ;
#1128 = CARTESIAN_POINT ( 'NONE',  ( 16.25264090155040009, -14.82935111419156549, -8.597743412278450847 ) ) ;
#1129 = DIRECTION ( 'NONE',  ( -1.224646799147352714E-16, -0.000000000000000000, -1.000000000000000000 ) ) ;
#1130 = CARTESIAN_POINT ( 'NONE',  ( 0.000000000000000000, 0.000000000000000000, -2.345597197863018124 ) ) ;
#1131 = ORIENTED_EDGE ( 'NONE', *, *, #181, .F. ) ;
#1132 = CARTESIAN_POINT ( 'NONE',  ( -22.00000000000012790, 0.000000000000000000, -1026.343244570043453 ) ) ;
#1133 = CARTESIAN_POINT ( 'NONE',  ( -0.5242714325785829965, -21.99507089172887220, -8.398034334597198836 ) ) ;
#1134 = ORIENTED_EDGE ( 'NONE', *, *, #11, .T. ) ;
#1135 = CARTESIAN_POINT ( 'NONE',  ( -9.899494936611750617, -9.899494936611578311, -10.34559719786309273 ) ) ;
#1136 = EDGE_CURVE ( 'NONE', #402, #2325, #496, .T. ) ;
#1137 = VECTOR ( 'NONE', #919, 1000.000000000000000 ) ;
#1138 = DIRECTION ( 'NONE',  ( -1.000000000000000000, 0.000000000000000000, 1.577021341797097067E-16 ) ) ;
#1139 = CARTESIAN_POINT ( 'NONE',  ( -1.257709381586202618E-13, 0.000000000000000000, -1026.343244570043453 ) ) ;
#1140 = ORIENTED_EDGE ( 'NONE', *, *, #2113, .F. ) ;
#1141 = FACE_OUTER_BOUND ( 'NONE', #517, .T. ) ;
#1142 = CARTESIAN_POINT ( 'NONE',  ( -22.00000000000000355, 0.000000000000000000, -5.345597197863012795 ) ) ;
#1143 = CARTESIAN_POINT ( 'NONE',  ( -14.49241311933965015, 0.5271732663710304578, -8.398841641664372304 ) ) ;
#1144 = ORIENTED_EDGE ( 'NONE', *, *, #774, .F. ) ;
#1145 = DIRECTION ( 'NONE',  ( -1.224646799147352714E-16, -0.000000000000000000, -1.000000000000000000 ) ) ;
#1146 = FACE_OUTER_BOUND ( 'NONE', #146, .T. ) ;
#1147 = EDGE_LOOP ( 'NONE', ( #1061, #158 ) ) ;
#1148 = CARTESIAN_POINT ( 'NONE',  ( 20.00000000000000355, 0.000000000000000000, -2.345597197863000805 ) ) ;
#1149 = CARTESIAN_POINT ( 'NONE',  ( -16.74263509602531386, 14.27214883885671171, -11.35365894448206880 ) ) ;
#1150 = CARTESIAN_POINT ( 'NONE',  ( -2.465190328815661892E-29, 0.000000000000000000, 0.6544028021369108217 ) ) ;
#1151 = VERTEX_POINT ( 'NONE', #1772 ) ;
#1152 = FACE_OUTER_BOUND ( 'NONE', #180, .T. ) ;
#1153 = MECHANICAL_DESIGN_GEOMETRIC_PRESENTATION_REPRESENTATION (  '', ( #2015 ), #1192 ) ;
#1154 = CARTESIAN_POINT ( 'NONE',  ( 21.91385904186478584, -1.947511023657778839, -10.87012446975214530 ) ) ;
#1155 = CIRCLE ( 'NONE', #1980, 22.00000000000000355 ) ;
#1156 = CARTESIAN_POINT ( 'NONE',  ( 14.00000000000000533, 1.999999999999951372, -10.34559719786309628 ) ) ;
#1157 = ORIENTED_EDGE ( 'NONE', *, *, #2058, .T. ) ;
#1158 = FACE_OUTER_BOUND ( 'NONE', #153, .T. ) ;
#1159 = AXIS2_PLACEMENT_3D ( 'NONE', #509, #1560, #466 ) ;
#1160 = B_SPLINE_CURVE_WITH_KNOTS ( 'NONE', 3,
 ( #914, #1640, #141, #1005, #1374, #1528, #132, #994, #112, #837, #1542, #848, #1918, #2286, #1740, #1353, #655, #1927, #828, #1363, #1388, #1884, #1015, #2252, #1730, #98, #1897, #1168, #1209, #1572 ),
 .UNSPECIFIED., .F., .F.,
 ( 4, 2, 2, 2, 2, 2, 2, 2, 2, 2, 2, 2, 2, 2, 4 ),
 ( 0.000000000000000000, 0.0003910086570615690341, 0.0007820173141231380682, 0.001173025971184707156, 0.001564034628246276136, 0.002346051942369414313, 0.003128069256492552273, 0.003519077913554118867, 0.003910086570615685896, 0.004301095227677252490, 0.004692103884738819952, 0.005083112541800386547, 0.005474121198861954009, 0.005865129855923520603, 0.006256138512985088065 ),
 .UNSPECIFIED. ) ;
#1161 = CARTESIAN_POINT ( 'NONE',  ( -22.00000000000000355, 0.000000000000000000, 6.654402802136918815 ) ) ;
#1162 = VERTEX_POINT ( 'NONE', #348 ) ;
#1163 = DIRECTION ( 'NONE',  ( -1.224646799147352714E-16, -0.000000000000000000, -1.000000000000000000 ) ) ;
#1164 = CARTESIAN_POINT ( 'NONE',  ( -14.91581752707645236, 16.17198321013739815, -12.14231231663734079 ) ) ;
#1165 = B_SPLINE_CURVE_WITH_KNOTS ( 'NONE', 3,
 ( #703, #40, #714, #1460, #2143, #1955, #1055, #2153, #1424, #1435, #342, #211, #531, #1779, #518, #908, #174, #1988, #27, #1067, #921, #1253, #1629, #162, #871, #1618 ),
 .UNSPECIFIED., .F., .F.,
 ( 4, 2, 2, 2, 2, 2, 2, 2, 2, 2, 2, 2, 4 ),
 ( 0.006260368812687102172, 0.007042725098006342305, 0.007825081383325584172, 0.008216259525985203371, 0.008607437668644822570, 0.008998615811304443504, 0.009389793953964062703, 0.009780972096623683637, 0.01017215023928330284, 0.01056332838194292377, 0.01095450652460254470, 0.01173686280992177616, 0.01251921909524101109 ),
 .UNSPECIFIED. ) ;
#1166 = EDGE_CURVE ( 'NONE', #1500, #1697, #362, .T. ) ;
#1167 = ORIENTED_EDGE ( 'NONE', *, *, #681, .T. ) ;
#1168 = CARTESIAN_POINT ( 'NONE',  ( -16.89774637918414513, -14.08782549362799763, -10.08241518232181200 ) ) ;
#1169 = CARTESIAN_POINT ( 'NONE',  ( 21.98243463054138758, -0.8872679997934918017, -12.14279945170072672 ) ) ;
#1170 = ADVANCED_FACE ( 'NONE', ( #720 ), #1427, .F. ) ;
#1171 = CARTESIAN_POINT ( 'NONE',  ( -1.734723475976807094E-15, 13.99999999999999822, -10.34559719786309451 ) ) ;
#1172 = ORIENTED_EDGE ( 'NONE', *, *, #1287, .T. ) ;
#1173 = CARTESIAN_POINT ( 'NONE',  ( -9.607744886075943569, -10.86075175489866673, -8.547779928294893637 ) ) ;
#1174 = CARTESIAN_POINT ( 'NONE',  ( -1.257709381586202618E-13, 0.000000000000000000, -1026.343244570043453 ) ) ;
#1175 = ORIENTED_EDGE ( 'NONE', *, *, #389, .F. ) ;
#1176 = DIRECTION ( 'NONE',  ( -1.000000000000000000, 0.000000000000000000, 0.000000000000000000 ) ) ;
#1177 = CARTESIAN_POINT ( 'NONE',  ( -20.00000000000000711, 2.449293598294707302E-15, 0.6544028021369112658 ) ) ;
#1178 = ORIENTED_EDGE ( 'NONE', *, *, #803, .F. ) ;
#1179 = CARTESIAN_POINT ( 'NONE',  ( -14.45406626146299622, 16.58579893175475206, -9.024501050416818160 ) ) ;
#1180 = CARTESIAN_POINT ( 'NONE',  ( -9.605825995102549086, 10.86244953316566608, -8.549033189673112432 ) ) ;
#1181 = CIRCLE ( 'NONE', #1476, 22.00000000000000000 ) ;
#1182 = CARTESIAN_POINT ( 'NONE',  ( 10.94155905729979494, -9.517896248813553228, -12.09329537050632375 ) ) ;
#1183 = CARTESIAN_POINT ( 'NONE',  ( -1.987206840452496737, -21.91008113451164263, -10.60635318499992330 ) ) ;
#1184 = ORIENTED_EDGE ( 'NONE', *, *, #316, .T. ) ;
#1185 = DIRECTION ( 'NONE',  ( 0.000000000000000000, -0.000000000000000000, 1.000000000000000000 ) ) ;
#1186 = CARTESIAN_POINT ( 'NONE',  ( -16.00488266907422030, 15.09498037140728144, -12.24381638214829415 ) ) ;
#1187 = EDGE_LOOP ( 'NONE', ( #1229, #1840 ) ) ;
#1188 = B_SPLINE_CURVE_WITH_KNOTS ( 'NONE', 3,
 ( #513, #2175, #892, #1265, #721, #328, #1077, #902, #2149, #338, #364, #2126, #2159, #1961, #503, #1984, #1582, #1429, #10, #1614, #1420, #1591, #1950, #699, #1786, #1799 ),
 .UNSPECIFIED., .F., .F.,
 ( 4, 2, 2, 2, 2, 2, 2, 2, 2, 2, 2, 2, 4 ),
 ( 0.006260373391282309137, 0.007042730432197747727, 0.007825087473113187184, 0.008216265993570908213, 0.008607444514028629243, 0.008998623034486350272, 0.009389801554944071302, 0.009780980075401794066, 0.01017215859585951510, 0.01056333711631723613, 0.01095451563677495715, 0.01173687267769039748, 0.01251922971860583607 ),
 .UNSPECIFIED. ) ;
#1189 = CARTESIAN_POINT ( 'NONE',  ( -14.12724670242619851, 16.86480241339738839, -9.825994629055465168 ) ) ;
#1190 = CARTESIAN_POINT ( 'NONE',  ( -11.14477098027914792, 9.276457006675139283, -8.838392769971891383 ) ) ;
#1191 = CARTESIAN_POINT ( 'NONE',  ( -7.992170227493646926E-16, -13.99999999999999822, -12.34559719786309451 ) ) ;
#1192 =( GEOMETRIC_REPRESENTATION_CONTEXT ( 3 ) GLOBAL_UNCERTAINTY_ASSIGNED_CONTEXT ( ( #1683 ) ) GLOBAL_UNIT_ASSIGNED_CONTEXT ( ( #19, #177, #1258 ) ) REPRESENTATION_CONTEXT ( 'NONE', 'WORKASPACE' ) );
#1193 = CARTESIAN_POINT ( 'NONE',  ( -16.17198321013735196, -14.91581752707650566, -12.14231231663734256 ) ) ;
#1194 = ADVANCED_FACE ( 'NONE', ( #1601 ), #336, .T. ) ;
#1195 = STYLED_ITEM ( 'NONE', ( #829 ), #1062 ) ;
#1196 = CARTESIAN_POINT ( 'NONE',  ( 14.45496025732040479, 16.58501328402012120, -9.023310024869878987 ) ) ;
#1197 = ORIENTED_EDGE ( 'NONE', *, *, #1364, .F. ) ;
#1198 = VECTOR ( 'NONE', #168, 1000.000000000000000 ) ;
#1199 = FACE_BOUND ( 'NONE', #1369, .T. ) ;
#1200 = DIRECTION ( 'NONE',  ( 1.000000000000000000, 0.000000000000000000, 0.000000000000000000 ) ) ;
#1201 = LINE ( 'NONE', #335, #536 ) ;
#1202 = CARTESIAN_POINT ( 'NONE',  ( -16.90614694720258981, 14.07771982245677655, -10.34559719786309273 ) ) ;
#1203 = CARTESIAN_POINT ( 'NONE',  ( 21.94255684766544690, 1.590440905397385807, -9.125930575560758484 ) ) ;
#1204 = CARTESIAN_POINT ( 'NONE',  ( 16.90614694720278521, 14.07771982245654385, -10.34559719786309628 ) ) ;
#1205 = EDGE_LOOP ( 'NONE', ( #2234, #1324 ) ) ;
#1206 = CARTESIAN_POINT ( 'NONE',  ( -11.08642041370596054, 9.347490655593498232, -11.94434049003340270 ) ) ;
#1207 = DIRECTION ( 'NONE',  ( -1.000000000000000000, 0.000000000000000000, 1.182766006347822862E-16 ) ) ;
#1208 = CARTESIAN_POINT ( 'NONE',  ( -2.000048354384308613, -14.36139988241125032, -10.21571915893964011 ) ) ;
#1209 = CARTESIAN_POINT ( 'NONE',  ( -16.90614694720287758, -14.07771982245641951, -10.21503357512726140 ) ) ;
#1210 = CARTESIAN_POINT ( 'NONE',  ( -16.87256970119550203, -14.11829982183594190, -10.86986819499988854 ) ) ;
#1211 = CARTESIAN_POINT ( 'NONE',  ( 14.66321031028922128, 16.40196421419011585, -8.746724877948272692 ) ) ;
#1212 = VERTEX_POINT ( 'NONE', #2305 ) ;
#1213 = DIRECTION ( 'NONE',  ( -1.224646799147352714E-16, -0.000000000000000000, -1.000000000000000000 ) ) ;
#1214 = CARTESIAN_POINT ( 'NONE',  ( -7.347880794884349492E-16, 0.000000000000000000, -5.345597197863094507 ) ) ;
#1215 = DIRECTION ( 'NONE',  ( 0.000000000000000000, 0.000000000000000000, -1.000000000000000000 ) ) ;
#1216 = EDGE_CURVE ( 'NONE', #2262, #1949, #1060, .T. ) ;
#1217 = CARTESIAN_POINT ( 'NONE',  ( -14.50000000000000355, -0.1305784022271399003, -12.34559719786308385 ) ) ;
#1218 = CARTESIAN_POINT ( 'NONE',  ( -21.99999999999999645, 0.1305334856894554141, -12.34559719786310872 ) ) ;
#1219 = CARTESIAN_POINT ( 'NONE',  ( 14.39098033194233039, 16.64046224297592502, -9.126172643533649875 ) ) ;
#1220 = ORIENTED_EDGE ( 'NONE', *, *, #1588, .T. ) ;
#1221 = CARTESIAN_POINT ( 'NONE',  ( -11.56926156816794560, 8.740834443421999111, -10.47791185113807266 ) ) ;
#1222 = DIRECTION ( 'NONE',  ( -1.224646799147352714E-16, -0.000000000000000000, -1.000000000000000000 ) ) ;
#1223 = VECTOR ( 'NONE', #2044, 1000.000000000000000 ) ;
#1224 = AXIS2_PLACEMENT_3D ( 'NONE', #620, #609, #773 ) ;
#1225 = DIRECTION ( 'NONE',  ( 0.000000000000000000, -1.000000000000000000, -0.000000000000000000 ) ) ;
#1226 = VECTOR ( 'NONE', #154, 1000.000000000000000 ) ;
#1227 = EDGE_CURVE ( 'NONE', #402, #185, #21, .T. ) ;
#1228 = DIRECTION ( 'NONE',  ( -0.7071067811865389130, 0.7071067811865562325, 8.659560562354825622E-17 ) ) ;
#1229 = ORIENTED_EDGE ( 'NONE', *, *, #2289, .T. ) ;
#1230 = DIRECTION ( 'NONE',  ( -1.000000000000000000, 1.047444401652940007E-14, 1.224646799147352714E-16 ) ) ;
#1231 = EDGE_CURVE ( 'NONE', #2102, #2199, #252, .T. ) ;
#1232 = CARTESIAN_POINT ( 'NONE',  ( 0.000000000000000000, 0.000000000000000000, -2.345597197863018124 ) ) ;
#1233 = CARTESIAN_POINT ( 'NONE',  ( -14.50000000000000178, -2.453867157263961668E-14, -8.345597197863092731 ) ) ;
#1234 = ORIENTED_EDGE ( 'NONE', *, *, #1136, .T. ) ;
#1235 = CARTESIAN_POINT ( 'NONE',  ( 0.5196029827816223134, -21.99423687889485990, -8.409853084200438644 ) ) ;
#1236 = CARTESIAN_POINT ( 'NONE',  ( -0.6446091679551650966, -14.48617179312119951, -8.447796207429020043 ) ) ;
#1237 = CARTESIAN_POINT ( 'NONE',  ( -21.94858520106468092, -1.506039267276173321, -11.66804113709799928 ) ) ;
#1238 = CARTESIAN_POINT ( 'NONE',  ( 21.99999999999987210, 2.694222958124176809E-15, -1026.343244570043453 ) ) ;
#1239 = CARTESIAN_POINT ( 'NONE',  ( 20.00000000000000355, 2.449293598294706907E-15, 0.6544028021369083792 ) ) ;
#1240 = CIRCLE ( 'NONE', #49, 20.00000000000000355 ) ;
#1241 = CARTESIAN_POINT ( 'NONE',  ( -1.489794129142316643E-15, 22.00000000000000000, -12.34559719786309451 ) ) ;
#1242 = ORIENTED_EDGE ( 'NONE', *, *, #207, .F. ) ;
#1243 = CARTESIAN_POINT ( 'NONE',  ( -10.70028512394545395, -9.786143324876780625, -8.448397688236235936 ) ) ;
#1244 = CARTESIAN_POINT ( 'NONE',  ( -10.34489238123104471, -10.16121368400907343, -12.34564544271496978 ) ) ;
#1245 = DIRECTION ( 'NONE',  ( -1.224646799147352714E-16, -0.000000000000000000, -1.000000000000000000 ) ) ;
#1246 = DIRECTION ( 'NONE',  ( -0.000000000000000000, -0.000000000000000000, 1.000000000000000000 ) ) ;
#1247 = CARTESIAN_POINT ( 'NONE',  ( -21.90890230020666607, -1.999999999999771072, -10.34559719786309095 ) ) ;
#1248 = ORIENTED_EDGE ( 'NONE', *, *, #2245, .F. ) ;
#1249 = DIRECTION ( 'NONE',  ( 1.000000000000000000, 0.000000000000000000, 0.000000000000000000 ) ) ;
#1250 = CARTESIAN_POINT ( 'NONE',  ( 21.94265277584050722, 1.598164874346122089, -11.57597446029036981 ) ) ;
#1251 = CARTESIAN_POINT ( 'NONE',  ( -1.505482643638161200, 21.94862333718431557, -11.66866817937042455 ) ) ;
#1252 = ORIENTED_EDGE ( 'NONE', *, *, #841, .F. ) ;
#1253 = CARTESIAN_POINT ( 'NONE',  ( 11.32112473982167700, -9.061811840005024266, -9.114497052419979539 ) ) ;
#1254 = CARTESIAN_POINT ( 'NONE',  ( -11.07947787491325009, -9.354515499511142806, -11.93594646144065408 ) ) ;
#1255 = VECTOR ( 'NONE', #2032, 999.9999999999998863 ) ;
#1256 = CARTESIAN_POINT ( 'NONE',  ( 0.000000000000000000, 0.000000000000000000, 2.154402802136967665 ) ) ;
#1257 = AXIS2_PLACEMENT_3D ( 'NONE', #2282, #1022, #1933 ) ;
#1258 =( NAMED_UNIT ( * ) SI_UNIT ( $, .STERADIAN. ) SOLID_ANGLE_UNIT ( ) );
#1259 = ADVANCED_FACE ( 'NONE', ( #1798 ), #67, .T. ) ;
#1260 = VECTOR ( 'NONE', #2160, 1000.000000000000000 ) ;
#1261 = CARTESIAN_POINT ( 'NONE',  ( 21.90890230020663410, -2.000000000000076383, -10.34559719786309806 ) ) ;
#1262 = DIRECTION ( 'NONE',  ( -1.224646799147352714E-16, -0.000000000000000000, -1.000000000000000000 ) ) ;
#1263 = ORIENTED_EDGE ( 'NONE', *, *, #1925, .T. ) ;
#1264 = B_SPLINE_CURVE_WITH_KNOTS ( 'NONE', 3,
 ( #1745, #1934, #1826, #2154, #357, #573, #1436, #17, #547, #175, #1106, #344, #754, #742, #2002, #212, #379, #1461, #1082, #922, #1838, #1472, #1630, #2166, #1270, #2191, #909, #1646, #1792, #41 ),
 .UNSPECIFIED., .F., .F.,
 ( 4, 2, 2, 2, 2, 2, 2, 2, 2, 2, 2, 2, 2, 2, 4 ),
 ( 1.436778996893413157E-19, 0.0003912733369551459474, 0.0007825466739102916779, 0.001173820010865437788, 0.001565093347820583356, 0.002347640021730871239, 0.003130186695641159339, 0.003521460032596302955, 0.003912733369551446572, 0.004304006706506590188, 0.004695280043461733804, 0.005086553380416878288, 0.005477826717372021904, 0.005869100054327165521, 0.006260373391282309137 ),
 .UNSPECIFIED. ) ;
#1265 = CARTESIAN_POINT ( 'NONE',  ( 1.005979317589980049, 14.46706975842461773, -12.09370577445426953 ) ) ;
#1266 = CARTESIAN_POINT ( 'NONE',  ( 21.99880913235195123, 0.2621554263435628140, -12.33261583738609524 ) ) ;
#1267 = CARTESIAN_POINT ( 'NONE',  ( 14.83288028823020888, 16.24800001750690015, -12.08219702617484259 ) ) ;
#1268 = VERTEX_POINT ( 'NONE', #1087 ) ;
#1269 = CARTESIAN_POINT ( 'NONE',  ( -14.36323725528455952, 1.986976571482322429, -10.60814729336918383 ) ) ;
#1270 = CARTESIAN_POINT ( 'NONE',  ( -0.8867102027996353053, 14.47337000202382562, -12.14307170253776036 ) ) ;
#1271 = CARTESIAN_POINT ( 'NONE',  ( 9.061811840004983409, 11.32112473982170719, -9.114497052419981316 ) ) ;
#1272 = ADVANCED_FACE ( 'NONE', ( #1807 ), #192, .F. ) ;
#1273 = FACE_BOUND ( 'NONE', #1965, .T. ) ;
#1274 = CARTESIAN_POINT ( 'NONE',  ( 11.40621640834697459, 8.952850883030214035, -11.34931852719303613 ) ) ;
#1275 = CARTESIAN_POINT ( 'NONE',  ( -20.00000000000012790, 0.000000000000000000, -1026.343244570043453 ) ) ;
#1276 = CARTESIAN_POINT ( 'NONE',  ( -20.00000000000000355, 2.449293598294706907E-15, 0.000000000000000000 ) ) ;
#1277 = CARTESIAN_POINT ( 'NONE',  ( 21.98245642886300288, 0.8867285456337221650, -12.14306496169160532 ) ) ;
#1278 = CARTESIAN_POINT ( 'NONE',  ( -1.897228009811805505, 21.91809913035123714, -10.99188436416077685 ) ) ;
#1279 = ORIENTED_EDGE ( 'NONE', *, *, #2123, .T. ) ;
#1280 = DIRECTION ( 'NONE',  ( 0.000000000000000000, 0.000000000000000000, -1.000000000000000000 ) ) ;
#1281 = CARTESIAN_POINT ( 'NONE',  ( -10.69864655299337031, -9.787935726419263460, -12.24362332963743860 ) ) ;
#1282 = CARTESIAN_POINT ( 'NONE',  ( 11.53748054821298297, 8.783316249862110681, -9.821034533153310875 ) ) ;
#1283 = PLANE ( 'NONE',  #2206 ) ;
#1284 = CIRCLE ( 'NONE', #1059, 22.00000000000000355 ) ;
#1285 = CARTESIAN_POINT ( 'NONE',  ( -21.93159838034376108, 1.735011291346960416, -11.34894296986412243 ) ) ;
#1286 = CARTESIAN_POINT ( 'NONE',  ( 16.90614694720268929, -14.07771982245665932, -10.34559719786309628 ) ) ;
#1287 = EDGE_CURVE ( 'NONE', #1302, #1903, #732, .T. ) ;
#1288 = ORIENTED_EDGE ( 'NONE', *, *, #787, .F. ) ;
#1289 = CARTESIAN_POINT ( 'NONE',  ( 14.07771982245648168, -16.90614694720283140, -10.21503357512726318 ) ) ;
#1290 = CARTESIAN_POINT ( 'NONE',  ( 13.99999999999999822, -4.841298551719013843E-14, -10.34559719786309628 ) ) ;
#1291 = LINE ( 'NONE', #1811, #1550 ) ;
#1292 = CARTESIAN_POINT ( 'NONE',  ( 11.53027758765422739, -8.792232866000492919, -10.86383290977500593 ) ) ;
#1293 = CARTESIAN_POINT ( 'NONE',  ( 14.49129626772593404, -0.5183674618435016868, -8.409543497825424652 ) ) ;
#1294 = CARTESIAN_POINT ( 'NONE',  ( -8.740834443421956479, -11.56926156816797047, -10.34559719786309273 ) ) ;
#1295 = B_SPLINE_CURVE_WITH_KNOTS ( 'NONE', 3,
 ( #1548, #2270, #1994, #372, #1818, #1386, #844, #2303, #1587, #1759, #139, #683, #2104, #1012, #148, #863, #1371, #2112, #661, #1570, #1597, #2121, #1924, #1405, #1769, #476, #1235, #313, #1737, #856 ),
 .UNSPECIFIED., .F., .F.,
 ( 4, 2, 2, 2, 2, 2, 2, 2, 2, 2, 2, 2, 2, 2, 4 ),
 ( 2.017866601850511759E-19, 0.0003910087105683334287, 0.0007820174211366666406, 0.001173026131704999744, 0.001564034842273333064, 0.002346052263410002524, 0.003128069684546672634, 0.003519078395115007689, 0.003910087105683341877, 0.004301095816251676932, 0.004692104526820011119, 0.005083113237388346174, 0.005474121947956680362, 0.005865130658525015417, 0.006256139369093350472 ),
 .UNSPECIFIED. ) ;
#1296 = CARTESIAN_POINT ( 'NONE',  ( -21.90890230020666607, -1.999999999999771072, -10.34559719786309095 ) ) ;
#1297 = ORIENTED_EDGE ( 'NONE', *, *, #88, .T. ) ;
#1298 = CARTESIAN_POINT ( 'NONE',  ( 0.5196029827816203150, 21.99423687889485990, -12.28134131152574859 ) ) ;
#1299 = VECTOR ( 'NONE', #1314, 1000.000000000000000 ) ;
#1300 = CARTESIAN_POINT ( 'NONE',  ( 21.91468549029420032, -1.935773513959812231, -9.826111286794507294 ) ) ;
#1301 = CARTESIAN_POINT ( 'NONE',  ( 16.90614694720269284, -14.07771982245666464, -10.60997183886109063 ) ) ;
#1302 = VERTEX_POINT ( 'NONE', #552 ) ;
#1303 = VECTOR ( 'NONE', #1075, 1000.000000000000000 ) ;
#1304 = CARTESIAN_POINT ( 'NONE',  ( 1.228815650402999449, -14.44902647121829986, -8.746229347718678326 ) ) ;
#1305 = EDGE_CURVE ( 'NONE', #649, #1358, #2315, .T. ) ;
#1306 = VECTOR ( 'NONE', #1590, 1000.000000000000000 ) ;
#1307 = DIRECTION ( 'NONE',  ( 1.000000000000000000, -3.491481338843133355E-15, -1.224646799147352714E-16 ) ) ;
#1308 = PRODUCT_DEFINITION_CONTEXT ( 'detailed design', #495, 'design' ) ;
#1309 = DIRECTION ( 'NONE',  ( -1.224646799147352714E-16, -0.000000000000000000, -1.000000000000000000 ) ) ;
#1310 = ORIENTED_EDGE ( 'NONE', *, *, #224, .F. ) ;
#1311 = LINE ( 'NONE', #1132, #1673 ) ;
#1312 = CARTESIAN_POINT ( 'NONE',  ( -1.008063409718555459, -21.97821028026459800, -12.09249394221641616 ) ) ;
#1313 = EDGE_LOOP ( 'NONE', ( #2194, #833 ) ) ;
#1314 = DIRECTION ( 'NONE',  ( -1.224646799147352714E-16, -0.000000000000000000, -1.000000000000000000 ) ) ;
#1315 = LINE ( 'NONE', #1869, #1255 ) ;
#1316 = CARTESIAN_POINT ( 'NONE',  ( 0.000000000000000000, 0.000000000000000000, 0.6544028021369112658 ) ) ;
#1317 = ORIENTED_EDGE ( 'NONE', *, *, #386, .T. ) ;
#1318 = CARTESIAN_POINT ( 'NONE',  ( 1.796567130364139508, -14.38836057571741378, -9.457036811277831134 ) ) ;
#1319 = CYLINDRICAL_SURFACE ( 'NONE', #1872, 2.000000000000000000 ) ;
#1320 = LINE ( 'NONE', #1482, #2192 ) ;
#1321 = VERTEX_POINT ( 'NONE', #150 ) ;
#1322 = DIRECTION ( 'NONE',  ( -1.224646799147352714E-16, 0.000000000000000000, -1.000000000000000000 ) ) ;
#1323 = CARTESIAN_POINT ( 'NONE',  ( -5.542876245485114488E-16, -14.50000000000000000, -8.345597197863094507 ) ) ;
#1324 = ORIENTED_EDGE ( 'NONE', *, *, #906, .F. ) ;
#1325 = DIRECTION ( 'NONE',  ( 1.000000000000000000, 0.000000000000000000, 0.000000000000000000 ) ) ;
#1326 = CARTESIAN_POINT ( 'NONE',  ( -14.59277507410985031, 16.46388279111497255, -11.85107810931581085 ) ) ;
#1327 = CARTESIAN_POINT ( 'NONE',  ( 14.07771982245648168, -16.90614694720284206, -10.60666358822036237 ) ) ;
#1328 = VERTEX_POINT ( 'NONE', #1581 ) ;
#1329 = CARTESIAN_POINT ( 'NONE',  ( 1.898027506106691575, -14.37532759185225828, -10.98953131519740012 ) ) ;
#1330 = CARTESIAN_POINT ( 'NONE',  ( 20.00000000000000355, 2.449293598294706907E-15, -5.345597197863097172 ) ) ;
#1331 = DIRECTION ( 'NONE',  ( 0.000000000000000000, 0.000000000000000000, 1.000000000000000000 ) ) ;
#1332 = ORIENTED_EDGE ( 'NONE', *, *, #1936, .F. ) ;
#1333 = CARTESIAN_POINT ( 'NONE',  ( -20.00000000000012790, 0.000000000000000000, -1026.343244570043453 ) ) ;
#1334 = FACE_OUTER_BOUND ( 'NONE', #1049, .T. ) ;
#1335 = ORIENTED_EDGE ( 'NONE', *, *, #1928, .T. ) ;
#1336 = EDGE_CURVE ( 'NONE', #424, #935, #1155, .T. ) ;
#1337 = CARTESIAN_POINT ( 'NONE',  ( 19.99999999999987921, 2.449293598294706907E-15, -1026.343244570043453 ) ) ;
#1338 = EDGE_CURVE ( 'NONE', #1877, #1735, #1911, .T. ) ;
#1339 = CARTESIAN_POINT ( 'NONE',  ( -16.39394160526219224, 14.67141850187383056, -11.93730004919324372 ) ) ;
#1340 = ORIENTED_EDGE ( 'NONE', *, *, #645, .F. ) ;
#1341 = DIRECTION ( 'NONE',  ( 0.7071067811865510144, 0.7071067811865440200, 0.000000000000000000 ) ) ;
#1342 = COLOUR_RGB ( '',0.7921568627450980005, 0.8196078431372548767, 0.9333333333333333481 ) ;
#1343 = CARTESIAN_POINT ( 'NONE',  ( -1.489794077775836014E-15, 14.50000000000000000, -12.34559719786309451 ) ) ;
#1344 = CARTESIAN_POINT ( 'NONE',  ( -14.50000000000000178, 0.000000000000000000, -7.541792329034400666 ) ) ;
#1345 = ORIENTED_EDGE ( 'NONE', *, *, #645, .T. ) ;
#1346 = FACE_OUTER_BOUND ( 'NONE', #1851, .T. ) ;
#1347 = CIRCLE ( 'NONE', #1384, 20.00000000000000711 ) ;
#1348 = CARTESIAN_POINT ( 'NONE',  ( 14.49999999999999822, 1.775737880495007383E-15, -12.34559719786309628 ) ) ;
#1349 = EDGE_LOOP ( 'NONE', ( #210, #268, #341, #1184 ) ) ;
#1350 = PLANE ( 'NONE',  #625 ) ;
#1351 = CARTESIAN_POINT ( 'NONE',  ( -1.489794116147336404E-15, 13.99999999999999822, -12.34559719786309451 ) ) ;
#1352 = VERTEX_POINT ( 'NONE', #2021 ) ;
#1353 = CARTESIAN_POINT ( 'NONE',  ( -15.91924061874786034, -15.18532977498983527, -8.409674334288290254 ) ) ;
#1354 = CARTESIAN_POINT ( 'NONE',  ( -9.519322845154325918, 10.93820519083860532, -8.610540671612904262 ) ) ;
#1355 = CYLINDRICAL_SURFACE ( 'NONE', #2039, 2.000000000000000000 ) ;
#1356 = CARTESIAN_POINT ( 'NONE',  ( 9.067057728710400610, -11.31564297033321687, -11.56579796533394600 ) ) ;
#1357 = CARTESIAN_POINT ( 'NONE',  ( 14.36140661634506621, -2.000000000000049738, -10.47617565530561556 ) ) ;
#1358 = VERTEX_POINT ( 'NONE', #1286 ) ;
#1359 = DIRECTION ( 'NONE',  ( -1.224646799147352714E-16, -0.000000000000000000, -1.000000000000000000 ) ) ;
#1360 = CARTESIAN_POINT ( 'NONE',  ( -1.257709381586202618E-13, 0.000000000000000000, -1026.343244570043453 ) ) ;
#1361 = CIRCLE ( 'NONE', #646, 22.00000000000000355 ) ;
#1362 = ORIENTED_EDGE ( 'NONE', *, *, #131, .F. ) ;
#1363 = CARTESIAN_POINT ( 'NONE',  ( -16.39499183094525847, -14.67024223930666160, -8.755127301320719369 ) ) ;
#1364 = EDGE_CURVE ( 'NONE', #430, #1358, #6, .T. ) ;
#1365 =( NAMED_UNIT ( * ) PLANE_ANGLE_UNIT ( ) SI_UNIT ( $, .RADIAN. ) );
#1366 = AXIS2_PLACEMENT_3D ( 'NONE', #330, #1392, #1053 ) ;
#1367 = DIRECTION ( 'NONE',  ( 1.000000000000000000, -3.491481338843133355E-15, -1.224646799147352714E-16 ) ) ;
#1368 = CARTESIAN_POINT ( 'NONE',  ( 14.44908322011149870, 1.218963160007562552, -8.754623804392483777 ) ) ;
#1369 = EDGE_LOOP ( 'NONE', ( #931, #395 ) ) ;
#1370 = CARTESIAN_POINT ( 'NONE',  ( -8.792573082792157990, 11.53001852656784010, -10.86551784529265952 ) ) ;
#1371 = CARTESIAN_POINT ( 'NONE',  ( 1.898125387173078771, -21.91802112828234073, -9.701934603473981511 ) ) ;
#1372 = CARTESIAN_POINT ( 'NONE',  ( -0.2632892309865175751, -14.49817767865011753, -8.358689951348230451 ) ) ;
#1373 = EDGE_LOOP ( 'NONE', ( #47, #2208, #1778, #766 ) ) ;
#1374 = CARTESIAN_POINT ( 'NONE',  ( -14.15655369232785965, -16.84026505485431713, -9.700591337349827370 ) ) ;
#1375 = CARTESIAN_POINT ( 'NONE',  ( -10.43624765903840412, 10.06732907529963583, -8.358398025117960373 ) ) ;
#1376 = EDGE_CURVE ( 'NONE', #961, #161, #1347, .T. ) ;
#1377 = VECTOR ( 'NONE', #978, 1000.000000000000000 ) ;
#1378 = CARTESIAN_POINT ( 'NONE',  ( -16.24960749433303775, -14.83111891457404141, -12.08082715587264033 ) ) ;
#1379 = CARTESIAN_POINT ( 'NONE',  ( -20.47612336457308757, 2.507601893737076700E-15, -3.845597197863037664 ) ) ;
#1380 = AXIS2_PLACEMENT_3D ( 'NONE', #2157, #878, #2324 ) ;
#1381 = ADVANCED_FACE ( 'NONE', ( #1870, #34 ), #408, .T. ) ;
#1382 = CARTESIAN_POINT ( 'NONE',  ( 15.74104026411759349, 15.36997441950419052, -8.358573049422787449 ) ) ;
#1383 = ORIENTED_EDGE ( 'NONE', *, *, #630, .T. ) ;
#1384 = AXIS2_PLACEMENT_3D ( 'NONE', #1316, #397, #2033 ) ;
#1385 = CARTESIAN_POINT ( 'NONE',  ( -10.94155905729973099, 9.517896248813627835, -12.09329537050631842 ) ) ;
#1386 = CARTESIAN_POINT ( 'NONE',  ( 0.8871991802037990649, -21.98243752977980137, -12.14283497332788997 ) ) ;
#1387 = CARTESIAN_POINT ( 'NONE',  ( 22.00000000000000000, 2.694222989722561642E-15, -8.345597197863096284 ) ) ;
#1388 = CARTESIAN_POINT ( 'NONE',  ( -16.46223290073497481, -14.59464441558335324, -8.837786286423526150 ) ) ;
#1389 = DIRECTION ( 'NONE',  ( 0.7071067811865487940, 0.7071067811865463515, -8.659560562354945184E-17 ) ) ;
#1390 = SHAPE_DEFINITION_REPRESENTATION ( #1704, #2133 ) ;
#1391 = CARTESIAN_POINT ( 'NONE',  ( -15.74184835710707553, -15.36914294449697671, -12.33243772880231681 ) ) ;
#1392 = DIRECTION ( 'NONE',  ( -1.224646799147352714E-16, 0.000000000000000000, -1.000000000000000000 ) ) ;
#1393 = ORIENTED_EDGE ( 'NONE', *, *, #988, .F. ) ;
#1394 = CARTESIAN_POINT ( 'NONE',  ( -9.276643701719780921, 11.14462477774352678, -11.85314936929020391 ) ) ;
#1395 = ADVANCED_FACE ( 'NONE', ( #565 ), #217, .T. ) ;
#1396 = CARTESIAN_POINT ( 'NONE',  ( -20.00000000000000355, 2.449293598294706907E-15, 0.000000000000000000 ) ) ;
#1397 = CARTESIAN_POINT ( 'NONE',  ( -1.987000972949180877, -14.36323408169003102, -10.08302021334191423 ) ) ;
#1398 = CARTESIAN_POINT ( 'NONE',  ( 10.16054066471302342, 10.34557351879519338, -8.345507334496247154 ) ) ;
#1399 = CARTESIAN_POINT ( 'NONE',  ( -14.47338187123867037, -0.8865129859621939667, -12.14316662191144580 ) ) ;
#1400 = PRODUCT_CONTEXT ( 'NONE', #410, 'mechanical' ) ;
#1401 = CARTESIAN_POINT ( 'NONE',  ( 10.16121368400911074, -10.34489238123100741, -12.34564544271497866 ) ) ;
#1402 = CARTESIAN_POINT ( 'NONE',  ( 14.41287402471806267, 1.597907406834577770, -9.114952552601453206 ) ) ;
#1403 = ORIENTED_EDGE ( 'NONE', *, *, #1600, .T. ) ;
#1404 = SURFACE_SIDE_STYLE ('',( #682 ) ) ;
#1405 = CARTESIAN_POINT ( 'NONE',  ( 1.003512322872456286, -21.97736831895098319, -8.610681639359510697 ) ) ;
#1406 = CARTESIAN_POINT ( 'NONE',  ( -0.5199228411017289275, -14.49124416536284521, -8.409931455874710693 ) ) ;
#1407 = CARTESIAN_POINT ( 'NONE',  ( -2.465190328815661892E-29, 0.000000000000000000, 0.6544028021369108217 ) ) ;
#1408 = ORIENTED_EDGE ( 'NONE', *, *, #1305, .T. ) ;
#1409 = DIRECTION ( 'NONE',  ( -0.000000000000000000, -0.000000000000000000, 1.000000000000000000 ) ) ;
#1410 = DIRECTION ( 'NONE',  ( -0.000000000000000000, -0.000000000000000000, 1.000000000000000000 ) ) ;
#1411 = AXIS2_PLACEMENT_3D ( 'NONE', #647, #1367, #2087 ) ;
#1412 = CARTESIAN_POINT ( 'NONE',  ( 14.08774529973543821, 16.89781299672425163, -10.08338435103399000 ) ) ;
#1413 = VERTEX_POINT ( 'NONE', #784 ) ;
#1414 = FACE_OUTER_BOUND ( 'NONE', #482, .T. ) ;
#1415 = MECHANICAL_DESIGN_GEOMETRIC_PRESENTATION_REPRESENTATION (  '', ( #2094 ), #540 ) ;
#1416 = AXIS2_PLACEMENT_3D ( 'NONE', #1641, #2201, #1115 ) ;
#1417 = CARTESIAN_POINT ( 'NONE',  ( -1.898027382350037540, -14.37532785582481232, -9.701631429735012802 ) ) ;
#1418 = CARTESIAN_POINT ( 'NONE',  ( -21.94255164469754504, -1.590512777097986330, -11.56517186475975123 ) ) ;
#1419 = ORIENTED_EDGE ( 'NONE', *, *, #1522, .T. ) ;
#1420 = CARTESIAN_POINT ( 'NONE',  ( 1.507213962418739506, 14.42174946881460329, -9.024510640769031866 ) ) ;
#1421 = DIRECTION ( 'NONE',  ( -0.000000000000000000, -0.000000000000000000, 1.000000000000000000 ) ) ;
#1422 = CARTESIAN_POINT ( 'NONE',  ( -1.283020484789875856E-15, 22.00000000000000000, -8.345597197863094507 ) ) ;
#1423 = VERTEX_POINT ( 'NONE', #2047 ) ;
#1424 = CARTESIAN_POINT ( 'NONE',  ( 9.605825995102621917, -10.86244953316560036, -8.549033189673112432 ) ) ;
#1425 = CARTESIAN_POINT ( 'NONE',  ( -11.44503542432688903, -8.903017572680738567, -11.23229988710139615 ) ) ;
#1426 = CARTESIAN_POINT ( 'NONE',  ( 1.947345879061822327, 21.91387377649788348, -9.820513036351195879 ) ) ;
#1427 = CYLINDRICAL_SURFACE ( 'NONE', #2317, 2.000000000000000000 ) ;
#1428 = ORIENTED_EDGE ( 'NONE', *, *, #1694, .F. ) ;
#1429 = CARTESIAN_POINT ( 'NONE',  ( 1.797820888171452580, 14.38820321795118495, -9.459595157538638333 ) ) ;
#1430 = EDGE_CURVE ( 'NONE', #935, #424, #1757, .T. ) ;
#1431 = CARTESIAN_POINT ( 'NONE',  ( -9.899494936611750617, -9.899494936611578311, -10.34559719786309273 ) ) ;
#1432 = CARTESIAN_POINT ( 'NONE',  ( -8.740834443421956479, -11.56926156816797047, -10.34559719786309273 ) ) ;
#1433 = EDGE_CURVE ( 'NONE', #1004, #623, #1637, .T. ) ;
#1434 = ORIENTED_EDGE ( 'NONE', *, *, #1041, .T. ) ;
#1435 = CARTESIAN_POINT ( 'NONE',  ( 9.786143324876823257, -10.70028512394542197, -8.448397688236241265 ) ) ;
#1436 = CARTESIAN_POINT ( 'NONE',  ( -1.002327058252918457, 14.46572553350423185, -8.609966540826786030 ) ) ;
#1437 = CARTESIAN_POINT ( 'NONE',  ( -22.00000000000000000, 2.310104585377166400E-14, -8.345597197863090955 ) ) ;
#1438 = DIRECTION ( 'NONE',  ( -1.000000000000000000, 0.000000000000000000, 1.224646799147352714E-16 ) ) ;
#1439 = CARTESIAN_POINT ( 'NONE',  ( 21.99423871477340597, -0.5195334860019861223, -8.409832229294007533 ) ) ;
#1440 = B_SPLINE_CURVE_WITH_KNOTS ( 'NONE', 3,
 ( #1490, #229, #2183, #1439, #768, #202, #45, #2156, #190, #382, #1765, #179, #912, #2212, #1300, #1621, #1452, #1261 ),
 .UNSPECIFIED., .F., .F.,
 ( 4, 2, 2, 2, 2, 2, 2, 2, 4 ),
 ( 0.003128790811252227938, 0.003519709273968835237, 0.003910627736685442536, 0.004301546199402050269, 0.004692464662118657134, 0.005083383124835264000, 0.005474301587551872600, 0.005865220050268479465, 0.006256138512985087198 ),
 .UNSPECIFIED. ) ;
#1441 = DIRECTION ( 'NONE',  ( 0.7071067811865487940, 0.7071067811865463515, -8.659560562354945184E-17 ) ) ;
#1442 = CARTESIAN_POINT ( 'NONE',  ( -16.90614694720288469, -14.07771982245642661, -10.34559719786309273 ) ) ;
#1443 = CARTESIAN_POINT ( 'NONE',  ( 21.90890230020664831, 1.999999999999923617, -10.34559719786309806 ) ) ;
#1444 = CARTESIAN_POINT ( 'NONE',  ( 15.09498037140711268, 16.00488266907438017, -12.24381638214829593 ) ) ;
#1445 = ORIENTED_EDGE ( 'NONE', *, *, #181, .T. ) ;
#1446 = CARTESIAN_POINT ( 'NONE',  ( -14.44898793868269671, 1.229271958245261365, -11.94463358869079350 ) ) ;
#1447 = CARTESIAN_POINT ( 'NONE',  ( -11.14462477774348947, -9.276643701719811119, -11.85314936929020391 ) ) ;
#1448 = CARTESIAN_POINT ( 'NONE',  ( 9.355590272040064548, 11.07857498587861222, -8.754137863720901080 ) ) ;
#1449 = CIRCLE ( 'NONE', #208, 22.00000000000000355 ) ;
#1450 = CARTESIAN_POINT ( 'NONE',  ( 1.898125387173076772, 21.91802112828233362, -10.98925979225220750 ) ) ;
#1451 = CIRCLE ( 'NONE', #915, 22.00000000000000355 ) ;
#1452 = CARTESIAN_POINT ( 'NONE',  ( 21.90890230020663410, -2.000000000000076827, -10.21506369236435852 ) ) ;
#1453 = AXIS2_PLACEMENT_3D ( 'NONE', #2316, #1774, #194 ) ;
#1454 = CARTESIAN_POINT ( 'NONE',  ( 21.99999999999987566, 2.694222958124177204E-15, -1026.343244570043453 ) ) ;
#1455 = VERTEX_POINT ( 'NONE', #1842 ) ;
#1456 = CYLINDRICAL_SURFACE ( 'NONE', #779, 20.00000000000000355 ) ;
#1457 = DIRECTION ( 'NONE',  ( 1.000000000000000000, 0.000000000000000000, -1.224646799147352714E-16 ) ) ;
#1458 = CARTESIAN_POINT ( 'NONE',  ( 14.42189173311002293, 1.505862094802078666, -11.66823345250463539 ) ) ;
#1459 = VERTEX_POINT ( 'NONE', #230 ) ;
#1460 = CARTESIAN_POINT ( 'NONE',  ( 8.942409784197792533, -11.41461383477200187, -9.339625008125663541 ) ) ;
#1461 = CARTESIAN_POINT ( 'NONE',  ( -1.797681008613591258, 14.38822094276680374, -11.23190574794108265 ) ) ;
#1462 = CARTESIAN_POINT ( 'NONE',  ( 22.00000000000000355, 2.694222958124177204E-15, 3.654402802137021844 ) ) ;
#1463 = EDGE_CURVE ( 'NONE', #222, #321, #84, .T. ) ;
#1464 = PRESENTATION_STYLE_ASSIGNMENT (( #1796 ) ) ;
#1465 = LINE ( 'NONE', #1806, #730 ) ;
#1466 = CARTESIAN_POINT ( 'NONE',  ( 14.07771982245647990, -16.90614694720283495, -10.34559719786309628 ) ) ;
#1467 = ORIENTED_EDGE ( 'NONE', *, *, #514, .T. ) ;
#1468 = CARTESIAN_POINT ( 'NONE',  ( 1.987199315360344887, -14.36320624835702908, -10.60646056738604415 ) ) ;
#1469 = CARTESIAN_POINT ( 'NONE',  ( -1.591704280847010100, 21.94246468465371791, -9.127591321897075005 ) ) ;
#1470 = ORIENTED_EDGE ( 'NONE', *, *, #373, .T. ) ;
#1471 = CARTESIAN_POINT ( 'NONE',  ( -11.41461383477203384, -8.942409784197755229, -9.339625008125658212 ) ) ;
#1472 = CARTESIAN_POINT ( 'NONE',  ( -1.321081225872838827, 14.43999728419845496, -11.85295726558216245 ) ) ;
#1473 = CARTESIAN_POINT ( 'NONE',  ( -21.91009829241590623, -1.987018607209275256, -10.08344160257370348 ) ) ;
#1474 = CARTESIAN_POINT ( 'NONE',  ( 1.321098018407514951, 21.96049753080541223, -11.85295819830324149 ) ) ;
#1475 = EDGE_CURVE ( 'NONE', #363, #1602, #1295, .T. ) ;
#1476 = AXIS2_PLACEMENT_3D ( 'NONE', #804, #2243, #765 ) ;
#1477 = CARTESIAN_POINT ( 'NONE',  ( -21.94257259880326316, 1.590213647296040866, -11.56551009444511635 ) ) ;
#1478 = CARTESIAN_POINT ( 'NONE',  ( 15.46184843867856706, -15.65083661082437416, -12.34549357150520699 ) ) ;
#1479 = ORIENTED_EDGE ( 'NONE', *, *, #24, .T. ) ;
#1480 = CARTESIAN_POINT ( 'NONE',  ( 1.505513851923291790, -14.42192832144258219, -9.022563034526859482 ) ) ;
#1481 = CYLINDRICAL_SURFACE ( 'NONE', #111, 22.00000000000000355 ) ;
#1482 = CARTESIAN_POINT ( 'NONE',  ( 20.00000000000000355, 0.000000000000000000, 0.000000000000000000 ) ) ;
#1483 = ORIENTED_EDGE ( 'NONE', *, *, #1057, .F. ) ;
#1484 = CARTESIAN_POINT ( 'NONE',  ( -14.50000000000000178, 0.000000000000000000, -15.34559719786301279 ) ) ;
#1485 = CARTESIAN_POINT ( 'NONE',  ( -1.736600785234877264, -21.93147274278826231, -11.34623626579721645 ) ) ;
#1486 = ORIENTED_EDGE ( 'NONE', *, *, #2111, .T. ) ;
#1487 = CARTESIAN_POINT ( 'NONE',  ( -1.489794129142316643E-15, 22.00000000000000000, -12.34559719786309451 ) ) ;
#1488 = TOROIDAL_SURFACE ( 'NONE', #454, 20.47612336457308757, 2.138270329027695205 ) ;
#1489 = AXIS2_PLACEMENT_3D ( 'NONE', #1119, #946, #1837 ) ;
#1490 = CARTESIAN_POINT ( 'NONE',  ( 22.00000000000000000, 2.694222989722561642E-15, -8.345597197863096284 ) ) ;
#1491 = CARTESIAN_POINT ( 'NONE',  ( 16.46247074773765817, -14.59436904023581327, -11.85294762816147518 ) ) ;
#1492 = ORIENTED_EDGE ( 'NONE', *, *, #1588, .F. ) ;
#1493 = CIRCLE ( 'NONE', #735, 20.00000000000000711 ) ;
#1494 = CARTESIAN_POINT ( 'NONE',  ( 1.935758733745308602, -14.37022970717387516, -9.826143329579423380 ) ) ;
#1495 = CARTESIAN_POINT ( 'NONE',  ( 21.90890230020663410, -2.000000000000076827, -10.60679206188899037 ) ) ;
#1496 = FACE_OUTER_BOUND ( 'NONE', #1349, .T. ) ;
#1497 = ORIENTED_EDGE ( 'NONE', *, *, #1885, .F. ) ;
#1498 = CARTESIAN_POINT ( 'NONE',  ( 14.49999999999999822, 1.775737858760213115E-15, -8.345597197863096284 ) ) ;
#1499 = CARTESIAN_POINT ( 'NONE',  ( 14.49817787753715947, -0.2632584844410041924, -12.33250573167806330 ) ) ;
#1500 = VERTEX_POINT ( 'NONE', #323 ) ;
#1501 = DIRECTION ( 'NONE',  ( -0.7071067811865536790, -0.7071067811865413555, 8.659560562355004349E-17 ) ) ;
#1502 = DIRECTION ( 'NONE',  ( 1.000000000000000000, 0.000000000000000000, -1.224646799147352714E-16 ) ) ;
#1503 = DIRECTION ( 'NONE',  ( -1.224646799147352714E-16, -0.000000000000000000, -1.000000000000000000 ) ) ;
#1504 = VERTEX_POINT ( 'NONE', #2311 ) ;
#1505 = CARTESIAN_POINT ( 'NONE',  ( 0.5273981106850540446, -14.49240638210041077, -12.29230682134173769 ) ) ;
#1506 = CARTESIAN_POINT ( 'NONE',  ( 21.99881007695853086, -0.2621440605680259162, -12.33262675637322303 ) ) ;
#1507 = EDGE_CURVE ( 'NONE', #2214, #797, #847, .T. ) ;
#1508 = DIRECTION ( 'NONE',  ( -0.000000000000000000, -0.000000000000000000, 1.000000000000000000 ) ) ;
#1509 = CARTESIAN_POINT ( 'NONE',  ( 14.36140661634506088, -2.000000000000049294, -10.08432943589986230 ) ) ;
#1510 = EDGE_CURVE ( 'NONE', #161, #1459, #692, .T. ) ;
#1511 = CARTESIAN_POINT ( 'NONE',  ( 8.740834443421871214, 11.56926156816803264, -10.08103208043491783 ) ) ;
#1512 = ORIENTED_EDGE ( 'NONE', *, *, #224, .T. ) ;
#1513 = CARTESIAN_POINT ( 'NONE',  ( 3.673940397441928227E-16, 0.000000000000000000, 3.654402802137024509 ) ) ;
#1514 = CARTESIAN_POINT ( 'NONE',  ( 11.56130493647874680, 8.751393992101540675, -10.60888696367584672 ) ) ;
#1515 = ORIENTED_EDGE ( 'NONE', *, *, #373, .F. ) ;
#1516 = CARTESIAN_POINT ( 'NONE',  ( 14.07771982245647990, -16.90614694720283495, -10.34559719786309628 ) ) ;
#1517 = DIRECTION ( 'NONE',  ( -1.224646799147352714E-16, -0.000000000000000000, -1.000000000000000000 ) ) ;
#1518 = UNCERTAINTY_MEASURE_WITH_UNIT (LENGTH_MEASURE( 1.000000000000000082E-05 ), #2288, 'distance_accuracy_value', 'NONE');
#1519 = CARTESIAN_POINT ( 'NONE',  ( -14.50000000000000178, -2.453867157263961668E-14, -8.345597197863092731 ) ) ;
#1520 = EDGE_LOOP ( 'NONE', ( #288, #469, #1157, #790 ) ) ;
#1521 = CARTESIAN_POINT ( 'NONE',  ( -9.355590272040148037, -11.07857498587854828, -8.754137863720902857 ) ) ;
#1522 = EDGE_CURVE ( 'NONE', #1692, #530, #629, .T. ) ;
#1523 = CARTESIAN_POINT ( 'NONE',  ( -1.735230824353309664, -21.93158180383981914, -9.342575839168299368 ) ) ;
#1524 = ORIENTED_EDGE ( 'NONE', *, *, #2123, .F. ) ;
#1525 = CARTESIAN_POINT ( 'NONE',  ( -21.98242999105895379, 0.8873889781809026767, -8.548451020058474015 ) ) ;
#1526 = CARTESIAN_POINT ( 'NONE',  ( -16.64562444252716844, 14.38601369835261679, -11.57649479735351328 ) ) ;
#1527 = ORIENTED_EDGE ( 'NONE', *, *, #92, .T. ) ;
#1528 = CARTESIAN_POINT ( 'NONE',  ( -14.23355467093779048, -16.77523355995182897, -9.458399299227455259 ) ) ;
#1529 = CIRCLE ( 'NONE', #813, 22.00000000000000355 ) ;
#1530 = CARTESIAN_POINT ( 'NONE',  ( -9.060395969355726109, 11.32225634661302038, -9.116793130705069359 ) ) ;
#1531 = AXIS2_PLACEMENT_3D ( 'NONE', #339, #1051, #2140 ) ;
#1532 = DIRECTION ( 'NONE',  ( -0.000000000000000000, -0.000000000000000000, 1.000000000000000000 ) ) ;
#1533 = CARTESIAN_POINT ( 'NONE',  ( -14.38601369835256527, -16.64562444252722884, -11.57649479735351861 ) ) ;
#1534 = CARTESIAN_POINT ( 'NONE',  ( -8.740834443421956479, -11.56926156816797047, -10.34559719786309273 ) ) ;
#1535 = AXIS2_PLACEMENT_3D ( 'NONE', #1150, #1650, #256 ) ;
#1536 = CARTESIAN_POINT ( 'NONE',  ( 14.47336569423030816, -0.8867919367790598750, -12.14303796139722635 ) ) ;
#1537 = ORIENTED_EDGE ( 'NONE', *, *, #75, .T. ) ;
#1538 = DIRECTION ( 'NONE',  ( -1.224646799147352714E-16, -0.000000000000000000, -1.000000000000000000 ) ) ;
#1539 = ADVANCED_FACE ( 'NONE', ( #1414 ), #353, .T. ) ;
#1540 = CARTESIAN_POINT ( 'NONE',  ( 11.56926156816806106, 8.740834443421837463, -10.34559719786309628 ) ) ;
#1541 = ORIENTED_EDGE ( 'NONE', *, *, #1951, .F. ) ;
#1542 = CARTESIAN_POINT ( 'NONE',  ( -14.82935111419162055, -16.25264090155034680, -8.597743412278447295 ) ) ;
#1543 = CARTESIAN_POINT ( 'NONE',  ( -10.61232608182562309, 9.881544162941418463, -8.409108130920364133 ) ) ;
#1544 = CARTESIAN_POINT ( 'NONE',  ( -14.27214883885665841, -16.74263509602536715, -11.35365894448207591 ) ) ;
#1545 = DIRECTION ( 'NONE',  ( -0.000000000000000000, 1.000000000000000000, -0.000000000000000000 ) ) ;
#1546 = CARTESIAN_POINT ( 'NONE',  ( 14.07771982245659537, 16.90614694720273548, -10.21337906422687603 ) ) ;
#1547 = ORIENTED_EDGE ( 'NONE', *, *, #389, .T. ) ;
#1548 = CARTESIAN_POINT ( 'NONE',  ( -1.799696520539852496E-15, -22.00000000000000000, -12.34559719786309451 ) ) ;
#1549 = CARTESIAN_POINT ( 'NONE',  ( -14.07771982245636977, 16.90614694720293443, -10.60666358822035882 ) ) ;
#1550 = VECTOR ( 'NONE', #751, 1000.000000000000000 ) ;
#1551 = EDGE_CURVE ( 'NONE', #1302, #2000, #504, .T. ) ;
#1552 = ORIENTED_EDGE ( 'NONE', *, *, #2165, .F. ) ;
#1553 = CARTESIAN_POINT ( 'NONE',  ( -15.36997441950402710, 15.74104026411776047, -8.358573049422782120 ) ) ;
#1554 = CARTESIAN_POINT ( 'NONE',  ( -11.07857498587851808, 9.355590272040183564, -8.754137863720901080 ) ) ;
#1555 = EDGE_CURVE ( 'NONE', #752, #713, #142, .T. ) ;
#1556 = CARTESIAN_POINT ( 'NONE',  ( -15.09498037140723170, -16.00488266907427359, -12.24381638214829593 ) ) ;
#1557 = DIRECTION ( 'NONE',  ( 1.000000000000000000, 0.000000000000000000, 0.000000000000000000 ) ) ;
#1558 = ORIENTED_EDGE ( 'NONE', *, *, #2312, .T. ) ;
#1559 = FACE_BOUND ( 'NONE', #1862, .T. ) ;
#1560 = DIRECTION ( 'NONE',  ( -0.000000000000000000, -0.000000000000000000, 1.000000000000000000 ) ) ;
#1561 = CARTESIAN_POINT ( 'NONE',  ( 0.6450064304424250050, 21.99087649096128771, -8.447926859896073282 ) ) ;
#1562 = CYLINDRICAL_SURFACE ( 'NONE', #1896, 20.00000000000000355 ) ;
#1563 = AXIS2_PLACEMENT_3D ( 'NONE', #1690, #407, #1138 ) ;
#1564 = LINE ( 'NONE', #1191, #1777 ) ;
#1565 = CARTESIAN_POINT ( 'NONE',  ( -16.74353877373947697, -14.27108641671110334, -11.35125669974472018 ) ) ;
#1566 = AXIS2_PLACEMENT_3D ( 'NONE', #900, #1228, #1622 ) ;
#1567 = CARTESIAN_POINT ( 'NONE',  ( 14.15655369232773886, 16.84026505485442016, -9.700591337349832699 ) ) ;
#1568 = VERTEX_POINT ( 'NONE', #304 ) ;
#1569 =( LENGTH_UNIT ( ) NAMED_UNIT ( * ) SI_UNIT ( .MILLI., .METRE. ) );
#1570 = CARTESIAN_POINT ( 'NONE',  ( 1.590471494815216102, -21.94255388690893938, -9.126017184352077649 ) ) ;
#1571 = CARTESIAN_POINT ( 'NONE',  ( -7.992170227493646926E-16, -13.99999999999999822, -10.34559719786309451 ) ) ;
#1572 = CARTESIAN_POINT ( 'NONE',  ( -16.90614694720288469, -14.07771982245642661, -10.34559719786309273 ) ) ;
#1573 = CARTESIAN_POINT ( 'NONE',  ( 8.952850883030169626, -11.40621640834700656, -11.34931852719303791 ) ) ;
#1574 = CARTESIAN_POINT ( 'NONE',  ( 21.99506599131937534, 0.5245021296435995461, -8.398086314778410610 ) ) ;
#1575 = EDGE_CURVE ( 'NONE', #2199, #2102, #589, .T. ) ;
#1576 = CARTESIAN_POINT ( 'NONE',  ( 16.39499183094515544, 14.67024223930677707, -8.755127301320724698 ) ) ;
#1577 = ORIENTED_EDGE ( 'NONE', *, *, #1376, .F. ) ;
#1578 = CARTESIAN_POINT ( 'NONE',  ( -11.50670804550356152, 8.823164668437923908, -10.99094926575741304 ) ) ;
#1579 = B_SPLINE_CURVE_WITH_KNOTS ( 'NONE', 3,
 ( #1014, #1783, #164, #2092, #1561, #874, #924, #44, #1634, #1816, #5, #1426, #1828, #1648, #200, #728, #1450, #756, #911, #562, #346, #1474, #1123, #2195, #32, #576, #1298, #215, #744, #2146 ),
 .UNSPECIFIED., .F., .F.,
 ( 4, 2, 2, 2, 2, 2, 2, 2, 2, 2, 2, 2, 2, 2, 4 ),
 ( 1.757272882180393606E-19, 0.0003910087105683359766, 0.0007820174211366718448, 0.001173026131705007550, 0.001564034842273343473, 0.002346052263410010764, 0.003128069684546678272, 0.003519078395115011592, 0.003910087105683345346, 0.004301095816251679534, 0.004692104526820012854, 0.005083113237388346174, 0.005474121947956680362, 0.005865130658525014549, 0.006256139369093347870 ),
 .UNSPECIFIED. ) ;
#1580 = CARTESIAN_POINT ( 'NONE',  ( -1.590357802623402872, -14.41270512615067290, -9.125875917925990066 ) ) ;
#1581 = CARTESIAN_POINT ( 'NONE',  ( 20.00000000000000355, 2.449293598294706907E-15, 3.654402802137021844 ) ) ;
#1582 = CARTESIAN_POINT ( 'NONE',  ( 1.898027506106690687, 14.37532759185225473, -9.701663080528788896 ) ) ;
#1583 =( LENGTH_UNIT ( ) NAMED_UNIT ( * ) SI_UNIT ( .MILLI., .METRE. ) );
#1584 = CARTESIAN_POINT ( 'NONE',  ( 16.86480241339724273, 14.12724670242637615, -9.825994629055468721 ) ) ;
#1585 = ORIENTED_EDGE ( 'NONE', *, *, #498, .T. ) ;
#1586 = FACE_OUTER_BOUND ( 'NONE', #632, .T. ) ;
#1587 = CARTESIAN_POINT ( 'NONE',  ( 1.322289136133256493, -21.96042091215473491, -11.85177042146252191 ) ) ;
#1588 = EDGE_CURVE ( 'NONE', #530, #1692, #1795, .T. ) ;
#1589 = DIRECTION ( 'NONE',  ( 1.000000000000000000, -3.491481338843133355E-15, -1.224646799147352714E-16 ) ) ;
#1590 = DIRECTION ( 'NONE',  ( -1.224646799147352714E-16, -0.000000000000000000, -1.000000000000000000 ) ) ;
#1591 = CARTESIAN_POINT ( 'NONE',  ( 1.231112716505456284, 14.44882584012678528, -8.748031562705291364 ) ) ;
#1592 = CARTESIAN_POINT ( 'NONE',  ( 9.899494936611612061, -9.899494936611716867, -10.34559719786309628 ) ) ;
#1593 = AXIS2_PLACEMENT_3D ( 'NONE', #274, #1709, #624 ) ;
#1594 = CARTESIAN_POINT ( 'NONE',  ( 15.74184835710696539, 15.36914294449708152, -12.33243772880231859 ) ) ;
#1595 = ORIENTED_EDGE ( 'NONE', *, *, #484, .F. ) ;
#1596 = CARTESIAN_POINT ( 'NONE',  ( -22.00000000000000355, 2.694222958124177993E-15, 0.6544028021369138193 ) ) ;
#1597 = CARTESIAN_POINT ( 'NONE',  ( 1.507812752949603041, -21.94846811230327432, -9.025014802883234211 ) ) ;
#1598 = CIRCLE ( 'NONE', #1224, 20.00000000000000355 ) ;
#1599 = VECTOR ( 'NONE', #1040, 1000.000000000000000 ) ;
#1600 = EDGE_CURVE ( 'NONE', #797, #2214, #1944, .T. ) ;
#1601 = FACE_OUTER_BOUND ( 'NONE', #452, .T. ) ;
#1602 = VERTEX_POINT ( 'NONE', #2283 ) ;
#1603 = DIRECTION ( 'NONE',  ( -0.000000000000000000, -0.000000000000000000, 1.000000000000000000 ) ) ;
#1604 = CARTESIAN_POINT ( 'NONE',  ( 22.00000000000000000, 0.1320270551834239192, -12.34559719786309095 ) ) ;
#1605 = CARTESIAN_POINT ( 'NONE',  ( -1.230899957540401601, 21.96631497256315768, -8.747812966837502202 ) ) ;
#1606 = ORIENTED_EDGE ( 'NONE', *, *, #1098, .T. ) ;
#1607 = CARTESIAN_POINT ( 'NONE',  ( -14.46704348945484853, 1.006377970427980495, -12.09349306359012388 ) ) ;
#1608 = CARTESIAN_POINT ( 'NONE',  ( -9.876198340067817938, -10.61926409668767590, -12.29284742304305666 ) ) ;
#1609 = CARTESIAN_POINT ( 'NONE',  ( 11.56926156816806106, 8.740834443421837463, -10.34559719786309628 ) ) ;
#1610 = CARTESIAN_POINT ( 'NONE',  ( -14.07771982245636622, 16.90614694720293087, -10.34559719786309273 ) ) ;
#1611 = CARTESIAN_POINT ( 'NONE',  ( 8.903327084473598774, 11.44479495830775839, -11.23309499671496781 ) ) ;
#1612 = EDGE_CURVE ( 'NONE', #974, #748, #1037, .T. ) ;
#1613 = CARTESIAN_POINT ( 'NONE',  ( -11.53700598976514335, 8.783943045095114144, -9.818200654207519307 ) ) ;
#1614 = CARTESIAN_POINT ( 'NONE',  ( 1.591466903471925098, 14.41258341296963508, -9.127273032888052029 ) ) ;
#1615 = FACE_OUTER_BOUND ( 'NONE', #2070, .T. ) ;
#1616 = CARTESIAN_POINT ( 'NONE',  ( 16.64669759943950211, 14.38476773275634635, -11.57434286534960322 ) ) ;
#1617 = EDGE_LOOP ( 'NONE', ( #53, #965, #1486, #999, #265, #1585, #1655, #377, #539, #1836 ) ) ;
#1618 = CARTESIAN_POINT ( 'NONE',  ( 11.56926156816799889, -8.740834443421915623, -10.34559719786309628 ) ) ;
#1619 = CARTESIAN_POINT ( 'NONE',  ( -9.517896248813590532, -10.94155905729976475, -12.09329537050631842 ) ) ;
#1620 = FACE_OUTER_BOUND ( 'NONE', #1617, .T. ) ;
#1621 = CARTESIAN_POINT ( 'NONE',  ( 21.91010742342871609, -1.986920212206112257, -10.08247597204901247 ) ) ;
#1622 = DIRECTION ( 'NONE',  ( -0.7071067811865563435, -0.7071067811865389130, 0.000000000000000000 ) ) ;
#1623 = ORIENTED_EDGE ( 'NONE', *, *, #498, .F. ) ;
#1624 = CARTESIAN_POINT ( 'NONE',  ( -22.00000000000000000, 2.694222958124177204E-15, -5.345597197863094507 ) ) ;
#1625 = DIRECTION ( 'NONE',  ( -1.224646799147352714E-16, -0.000000000000000000, -1.000000000000000000 ) ) ;
#1626 = EDGE_CURVE ( 'NONE', #739, #1010, #1264, .T. ) ;
#1627 = CARTESIAN_POINT ( 'NONE',  ( -1.735230824353311441, 21.93158180383981559, -11.34861855655788787 ) ) ;
#1628 = ORIENTED_EDGE ( 'NONE', *, *, #1928, .F. ) ;
#1629 = CARTESIAN_POINT ( 'NONE',  ( 11.41375760266135053, -8.943506024766895379, -9.337255254932603776 ) ) ;
#1630 = CARTESIAN_POINT ( 'NONE',  ( -1.220212224099852083, 14.44897461633112989, -11.93557840948065341 ) ) ;
#1631 = VECTOR ( 'NONE', #1589, 1000.000000000000000 ) ;
#1632 = CYLINDRICAL_SURFACE ( 'NONE', #1964, 22.00000000000000000 ) ;
#1633 = PRESENTATION_LAYER_ASSIGNMENT (  '', '', ( #2094 ) ) ;
#1634 = CARTESIAN_POINT ( 'NONE',  ( 1.322289136133256715, 21.96042091215474201, -8.839423974263667105 ) ) ;
#1635 = AXIS2_PLACEMENT_3D ( 'NONE', #1379, #852, #1019 ) ;
#1636 = CARTESIAN_POINT ( 'NONE',  ( -21.98247083596959683, 0.8863759499635019967, -12.14324071398268501 ) ) ;
#1637 = CIRCLE ( 'NONE', #543, 22.00000000000000355 ) ;
#1638 = CARTESIAN_POINT ( 'NONE',  ( 16.39394160526230593, -14.67141850187371865, -11.93730004919324905 ) ) ;
#1639 = EDGE_LOOP ( 'NONE', ( #279, #1076 ) ) ;
#1640 = CARTESIAN_POINT ( 'NONE',  ( -14.07771982245671794, -16.90614694720263955, -10.21337906422687070 ) ) ;
#1641 = CARTESIAN_POINT ( 'NONE',  ( -7.347880794884349492E-16, 0.000000000000000000, -5.345597197863094507 ) ) ;
#1642 = CARTESIAN_POINT ( 'NONE',  ( -1.999896339978018078, 21.90891176302580945, -10.47923240195593841 ) ) ;
#1643 = EDGE_LOOP ( 'NONE', ( #1362, #1335, #2309, #553 ) ) ;
#1644 = CARTESIAN_POINT ( 'NONE',  ( 20.00000000000000355, 0.000000000000000000, 0.000000000000000000 ) ) ;
#1645 = EDGE_CURVE ( 'NONE', #1328, #843, #704, .T. ) ;
#1646 = CARTESIAN_POINT ( 'NONE',  ( -0.2632892309865195735, 14.49817767865011575, -12.33250444437795679 ) ) ;
#1647 = FACE_BOUND ( 'NONE', #2222, .T. ) ;
#1648 = CARTESIAN_POINT ( 'NONE',  ( 2.000047046613062651, 21.90889800545838639, -10.47539628474122964 ) ) ;
#1649 = CARTESIAN_POINT ( 'NONE',  ( -21.94848597578100069, 1.507552596956795776, -11.66647393465795624 ) ) ;
#1650 = DIRECTION ( 'NONE',  ( -1.224646799147352714E-16, -0.000000000000000000, -1.000000000000000000 ) ) ;
#1651 = ORIENTED_EDGE ( 'NONE', *, *, #1626, .F. ) ;
#1652 = CARTESIAN_POINT ( 'NONE',  ( 15.36997441950413013, -15.74104026411764856, -8.358573049422787449 ) ) ;
#1653 = CARTESIAN_POINT ( 'NONE',  ( -1.257709381586202618E-13, 0.000000000000000000, -1026.343244570043453 ) ) ;
#1654 = CARTESIAN_POINT ( 'NONE',  ( 14.11887838602470602, 16.87208746888723354, -10.87262616428562545 ) ) ;
#1655 = ORIENTED_EDGE ( 'NONE', *, *, #1231, .T. ) ;
#1656 = CIRCLE ( 'NONE', #1958, 20.00000000000000355 ) ;
#1657 = CARTESIAN_POINT ( 'NONE',  ( -22.00000000000000355, 0.000000000000000000, -5.345597197863091843 ) ) ;
#1658 = CARTESIAN_POINT ( 'NONE',  ( -10.61401640165978044, -9.879733469450787453, -12.28145201901881478 ) ) ;
#1659 = CARTESIAN_POINT ( 'NONE',  ( 10.43826845942425408, 10.06523255799863215, -8.358786527821626677 ) ) ;
#1660 = VERTEX_POINT ( 'NONE', #1979 ) ;
#1661 = CARTESIAN_POINT ( 'NONE',  ( -22.00000000000000000, 2.310104585377166400E-14, -8.345597197863090955 ) ) ;
#1662 = CARTESIAN_POINT ( 'NONE',  ( 8.823164668437803115, 11.50670804550365744, -10.99094926575741660 ) ) ;
#1663 = DIRECTION ( 'NONE',  ( -0.000000000000000000, -0.000000000000000000, 1.000000000000000000 ) ) ;
#1664 = ORIENTED_EDGE ( 'NONE', *, *, #178, .F. ) ;
#1665 = CARTESIAN_POINT ( 'NONE',  ( 1.591466903471926653, -14.41258341296963152, -11.56392136283813166 ) ) ;
#1666 = CARTESIAN_POINT ( 'NONE',  ( 21.96041148248491126, -1.322446116179830877, -11.85163455400426535 ) ) ;
#1667 = CARTESIAN_POINT ( 'NONE',  ( 14.38601369835244270, 16.64562444252732476, -11.57649479735351683 ) ) ;
#1668 = EDGE_LOOP ( 'NONE', ( #1688, #1541 ) ) ;
#1669 = CYLINDRICAL_SURFACE ( 'NONE', #1489, 20.00000000000000355 ) ;
#1670 = CARTESIAN_POINT ( 'NONE',  ( -1.797955018123421844, -21.92646548928309613, -11.23134819375192528 ) ) ;
#1671 = ORIENTED_EDGE ( 'NONE', *, *, #527, .F. ) ;
#1672 = CARTESIAN_POINT ( 'NONE',  ( 7.347880794883856454E-16, 0.000000000000000000, 6.654402802136916151 ) ) ;
#1673 = VECTOR ( 'NONE', #1145, 1000.000000000000000 ) ;
#1674 = CARTESIAN_POINT ( 'NONE',  ( -14.50000000000000178, -2.453867157263961668E-14, -8.345597197863092731 ) ) ;
#1675 = CARTESIAN_POINT ( 'NONE',  ( 20.00000000000000711, 0.000000000000000000, 0.6544028021369125980 ) ) ;
#1676 = EDGE_CURVE ( 'NONE', #2119, #1500, #1771, .T. ) ;
#1677 = ORIENTED_EDGE ( 'NONE', *, *, #270, .T. ) ;
#1678 = CIRCLE ( 'NONE', #393, 20.00000000000000355 ) ;
#1679 = CARTESIAN_POINT ( 'NONE',  ( -5.542876245485114488E-16, -14.50000000000000000, -8.345597197863094507 ) ) ;
#1680 = AXIS2_PLACEMENT_3D ( 'NONE', #1034, #1222, #835 ) ;
#1681 = CARTESIAN_POINT ( 'NONE',  ( 20.00000000000000711, 0.000000000000000000, 0.6544028021369112658 ) ) ;
#1682 = ADVANCED_FACE ( 'NONE', ( #199 ), #560, .F. ) ;
#1683 = UNCERTAINTY_MEASURE_WITH_UNIT (LENGTH_MEASURE( 1.000000000000000082E-05 ), #19, 'distance_accuracy_value', 'NONE');
#1684 = CARTESIAN_POINT ( 'NONE',  ( -1.734723475976807094E-15, 13.99999999999999822, -10.34559719786309451 ) ) ;
#1685 = ORIENTED_EDGE ( 'NONE', *, *, #1727, .F. ) ;
#1686 = CARTESIAN_POINT ( 'NONE',  ( 14.39461581363406673, -1.747899946520290904, -9.339227117915326559 ) ) ;
#1687 = CARTESIAN_POINT ( 'NONE',  ( 14.38823434372926435, -1.797572761202584690, -11.23210312328140326 ) ) ;
#1688 = ORIENTED_EDGE ( 'NONE', *, *, #1475, .F. ) ;
#1689 = CARTESIAN_POINT ( 'NONE',  ( -21.90890230020662344, 2.000000000000229150, -10.34559719786309095 ) ) ;
#1690 = CARTESIAN_POINT ( 'NONE',  ( -1.959434878635785247E-15, 0.000000000000000000, -15.34559719786310339 ) ) ;
#1691 = DIRECTION ( 'NONE',  ( 1.000000000000000000, 0.000000000000000000, 0.000000000000000000 ) ) ;
#1692 = VERTEX_POINT ( 'NONE', #686 ) ;
#1693 = CARTESIAN_POINT ( 'NONE',  ( 14.12724670242631042, -16.86480241339729247, -9.825994629055468721 ) ) ;
#1694 = EDGE_CURVE ( 'NONE', #611, #2325, #709, .T. ) ;
#1695 = DIRECTION ( 'NONE',  ( -0.000000000000000000, -0.000000000000000000, 1.000000000000000000 ) ) ;
#1696 = DIRECTION ( 'NONE',  ( 1.000000000000000000, -3.491481338843133355E-15, -1.224646799147352714E-16 ) ) ;
#1697 = VERTEX_POINT ( 'NONE', #1442 ) ;
#1698 = DIRECTION ( 'NONE',  ( -1.224646799147352714E-16, -0.000000000000000000, -1.000000000000000000 ) ) ;
#1699 = CARTESIAN_POINT ( 'NONE',  ( 14.41272523462782118, -1.590175573908665152, -11.56555273149048979 ) ) ;
#1700 = VERTEX_POINT ( 'NONE', #351 ) ;
#1701 = DIRECTION ( 'NONE',  ( 0.7071067811865415775, -0.7071067811865536790, 0.000000000000000000 ) ) ;
#1702 = CARTESIAN_POINT ( 'NONE',  ( -14.49818973166166280, -0.2624477954521188816, -8.358603946797561690 ) ) ;
#1703 = ORIENTED_EDGE ( 'NONE', *, *, #2025, .T. ) ;
#1704 = PRODUCT_DEFINITION_SHAPE ( 'NONE', 'NONE',  #1052 ) ;
#1705 = CARTESIAN_POINT ( 'NONE',  ( -14.28121598776651702, 16.73475855144261359, -9.342086687517166865 ) ) ;
#1706 = CARTESIAN_POINT ( 'NONE',  ( -8.783316249861989888, 11.53748054821307889, -9.821034533153301993 ) ) ;
#1707 = DIRECTION ( 'NONE',  ( -1.224646799147352714E-16, -0.000000000000000000, -1.000000000000000000 ) ) ;
#1708 = CARTESIAN_POINT ( 'NONE',  ( -14.83288028823031723, -16.24800001750679357, -12.08219702617483726 ) ) ;
#1709 = DIRECTION ( 'NONE',  ( -1.224646799147352714E-16, -0.000000000000000000, -1.000000000000000000 ) ) ;
#1710 = EDGE_CURVE ( 'NONE', #1010, #739, #1188, .T. ) ;
#1711 = CARTESIAN_POINT ( 'NONE',  ( 14.48617627899965576, -0.6445240661192199738, -12.24343332507314486 ) ) ;
#1712 = ORIENTED_EDGE ( 'NONE', *, *, #1338, .F. ) ;
#1713 = FACE_OUTER_BOUND ( 'NONE', #9, .T. ) ;
#1714 = CARTESIAN_POINT ( 'NONE',  ( -14.11829982183588328, 16.87256970119554822, -10.86986819499988677 ) ) ;
#1715 = EDGE_LOOP ( 'NONE', ( #1470, #1172, #415, #1922 ) ) ;
#1716 = CARTESIAN_POINT ( 'NONE',  ( -16.86507312610295983, 14.12692323733941713, -9.827655694212866777 ) ) ;
#1717 = VECTOR ( 'NONE', #559, 1000.000000000000000 ) ;
#1718 = CARTESIAN_POINT ( 'NONE',  ( -14.46563994241174278, -1.003515363028065543, -12.08050560352777048 ) ) ;
#1719 = CIRCLE ( 'NONE', #1416, 22.00000000000000355 ) ;
#1720 = B_SPLINE_CURVE_WITH_KNOTS ( 'NONE', 3,
 ( #1241, #2177, #712, #2151, #557, #1251, #570, #1627, #1999, #1278, #1065, #366, #1642, #544, #1079, #1103, #376, #516, #1090, #1469, #1822, #1605, #869, #1986, #172, #1422 ),
 .UNSPECIFIED., .F., .F.,
 ( 4, 2, 2, 2, 2, 2, 2, 2, 2, 2, 2, 2, 4 ),
 ( 0.006256139369093347870, 0.007037974577706898605, 0.007819809786320448472, 0.008210727390627226008, 0.008601644994934001809, 0.008992562599240779345, 0.009383480203547555146, 0.009774397807854332682, 0.01016531541216110848, 0.01055623301646788428, 0.01094715062077466182, 0.01172898582938821863, 0.01251082103800177717 ),
 .UNSPECIFIED. ) ;
#1721 = CARTESIAN_POINT ( 'NONE',  ( -14.59436904023587367, -16.46247074773761909, -11.85294762816147340 ) ) ;
#1722 = CARTESIAN_POINT ( 'NONE',  ( 21.91009894195522989, 1.987011991462854343, -10.08332436942065335 ) ) ;
#1723 = CARTESIAN_POINT ( 'NONE',  ( 14.36140661634506621, -2.000000000000049738, -10.34559719786309628 ) ) ;
#1724 = VERTEX_POINT ( 'NONE', #1624 ) ;
#1725 = ADVANCED_FACE ( 'NONE', ( #525, #2306 ), #734, .T. ) ;
#1726 = FACE_OUTER_BOUND ( 'NONE', #579, .T. ) ;
#1727 = EDGE_CURVE ( 'NONE', #623, #1004, #2097, .T. ) ;
#1728 = FACE_BOUND ( 'NONE', #2244, .T. ) ;
#1729 = ORIENTED_EDGE ( 'NONE', *, *, #1041, .F. ) ;
#1730 = CARTESIAN_POINT ( 'NONE',  ( -16.77543683794043972, -14.23331496904445714, -9.459030265573298735 ) ) ;
#1731 = CARTESIAN_POINT ( 'NONE',  ( -10.86075175489863121, 9.607744886075975543, -8.547779928294893637 ) ) ;
#1732 = CARTESIAN_POINT ( 'NONE',  ( -21.90890230020661633, 2.000000000000229594, -10.47609165830965772 ) ) ;
#1733 = CARTESIAN_POINT ( 'NONE',  ( 21.91806489101119837, 1.897623045904239802, -9.700445861193056629 ) ) ;
#1734 = CARTESIAN_POINT ( 'NONE',  ( 14.36140661634507687, 1.999999999999950262, -10.34559719786309628 ) ) ;
#1735 = VERTEX_POINT ( 'NONE', #1063 ) ;
#1736 = CARTESIAN_POINT ( 'NONE',  ( -9.519393665094936452, 10.93814127081181731, -12.08068681920098442 ) ) ;
#1737 = CARTESIAN_POINT ( 'NONE',  ( 0.1305636158835613292, -22.00000000000001066, -8.345597197863098060 ) ) ;
#1738 = CARTESIAN_POINT ( 'NONE',  ( -0.2623861720377210216, -14.49819058835651653, -12.33259654897359781 ) ) ;
#1739 = EDGE_CURVE ( 'NONE', #953, #2030, #2138, .T. ) ;
#1740 = CARTESIAN_POINT ( 'NONE',  ( -15.74104026411770541, -15.36997441950408039, -8.358573049422782120 ) ) ;
#1741 = APPLICATION_PROTOCOL_DEFINITION ( 'draft international standard', 'automotive_design', 1998, #410 ) ;
#1742 = CARTESIAN_POINT ( 'NONE',  ( 14.37018901706549912, 1.936059981599565161, -10.86395280119671725 ) ) ;
#1743 = ORIENTED_EDGE ( 'NONE', *, *, #1855, .T. ) ;
#1744 = DIRECTION ( 'NONE',  ( -1.000000000000000000, 0.000000000000000000, 0.000000000000000000 ) ) ;
#1745 = CARTESIAN_POINT ( 'NONE',  ( -1.586851412901815257E-15, 14.50000000000000000, -8.345597197863094507 ) ) ;
#1746 = CARTESIAN_POINT ( 'NONE',  ( -14.36898283119129616, -1.947419520549179772, -9.820769447878584302 ) ) ;
#1747 = CARTESIAN_POINT ( 'NONE',  ( -15.74144021923405390, 15.37124601070865282, -8.345691642529303067 ) ) ;
#1748 = ADVANCED_FACE ( 'NONE', ( #880 ), #1456, .F. ) ;
#1749 = CARTESIAN_POINT ( 'NONE',  ( -14.38825069882217988, -1.797443497334125340, -11.23238333219407714 ) ) ;
#1750 =( NAMED_UNIT ( * ) SI_UNIT ( $, .STERADIAN. ) SOLID_ANGLE_UNIT ( ) );
#1751 = CARTESIAN_POINT ( 'NONE',  ( 9.787935726419298987, -10.69864655299334011, -12.24362332963744571 ) ) ;
#1752 = EDGE_CURVE ( 'NONE', #1423, #26, #554, .T. ) ;
#1753 = CARTESIAN_POINT ( 'NONE',  ( 21.91465339008647462, 1.936135091582248391, -9.827538708983523108 ) ) ;
#1754 = CIRCLE ( 'NONE', #1635, 2.138270329027695205 ) ;
#1755 = CARTESIAN_POINT ( 'NONE',  ( 16.24954407034518766, 14.83118612932251779, -8.610343486066224017 ) ) ;
#1756 = ORIENTED_EDGE ( 'NONE', *, *, #1166, .T. ) ;
#1757 = CIRCLE ( 'NONE', #1535, 22.00000000000000355 ) ;
#1758 = CARTESIAN_POINT ( 'NONE',  ( -8.740834443421718447, 11.56926156816815165, -10.34559719786309273 ) ) ;
#1759 = CARTESIAN_POINT ( 'NONE',  ( 1.598874097120007720, -21.94260108591766212, -11.57507960019929705 ) ) ;
#1760 = CARTESIAN_POINT ( 'NONE',  ( -0.8867102027996351943, -14.47337000202382740, -8.548122693188428656 ) ) ;
#1761 = DIRECTION ( 'NONE',  ( 0.7071067811865439090, -0.7071067811865512365, -8.659560562354884787E-17 ) ) ;
#1762 = CARTESIAN_POINT ( 'NONE',  ( 16.90614694720268929, -14.07771982245666109, -10.21337906422687425 ) ) ;
#1763 = EDGE_CURVE ( 'NONE', #1358, #430, #839, .T. ) ;
#1764 = DIRECTION ( 'NONE',  ( 1.000000000000000000, 0.000000000000000000, 0.000000000000000000 ) ) ;
#1765 = CARTESIAN_POINT ( 'NONE',  ( 21.94256842316038458, -1.590270524154851595, -9.125760790660196520 ) ) ;
#1766 = CARTESIAN_POINT ( 'NONE',  ( 14.23355467093767857, 16.77523355995193199, -9.458399299227462365 ) ) ;
#1767 = ORIENTED_EDGE ( 'NONE', *, *, #890, .T. ) ;
#1768 = FILL_AREA_STYLE_COLOUR ( '', #1342 ) ;
#1769 = CARTESIAN_POINT ( 'NONE',  ( 0.8865683316466232977, -21.98246321407993520, -8.548046248065515940 ) ) ;
#1770 = CARTESIAN_POINT ( 'NONE',  ( -6.890113780719603222E-16, -14.50000000000000000, -12.34559719786309451 ) ) ;
#1771 = B_SPLINE_CURVE_WITH_KNOTS ( 'NONE', 3,
 ( #1294, #2014, #3, #28, #392, #1814, #726, #1120, #885, #225, #1619, #1608, #933, #1244, #369, #1658, #1281, #1804, #715, #1254, #1447, #1989, #2180, #1068, #1425, #187, #2144, #1093, #519, #1967 ),
 .UNSPECIFIED., .F., .F.,
 ( 4, 2, 2, 2, 2, 2, 2, 2, 2, 2, 2, 2, 2, 2, 4 ),
 ( 0.000000000000000000, 0.0003912730507929417173, 0.0007825461015858834347, 0.001173819152378825260, 0.001565092203171766869, 0.002347638304757651822, 0.003130184406343536774, 0.003521457457136482720, 0.003912730507929428232, 0.004304003558722374612, 0.004695276609515320124, 0.005086549660308266503, 0.005477822711101212015, 0.005869095761894157527, 0.006260368812687103907 ),
 .UNSPECIFIED. ) ;
#1772 = CARTESIAN_POINT ( 'NONE',  ( 22.00000000000000000, 0.000000000000000000, -5.345597197863094507 ) ) ;
#1773 = ORIENTED_EDGE ( 'NONE', *, *, #1739, .F. ) ;
#1774 = DIRECTION ( 'NONE',  ( -0.000000000000000000, -0.000000000000000000, 1.000000000000000000 ) ) ;
#1775 = CARTESIAN_POINT ( 'NONE',  ( 22.00000000000000355, 2.694222958124177204E-15, 0.6544028021369081571 ) ) ;
#1776 = CARTESIAN_POINT ( 'NONE',  ( 16.17198321013724538, 14.91581752707661401, -12.14231231663734434 ) ) ;
#1777 = VECTOR ( 'NONE', #2116, 1000.000000000000000 ) ;
#1778 = ORIENTED_EDGE ( 'NONE', *, *, #2289, .F. ) ;
#1779 = CARTESIAN_POINT ( 'NONE',  ( 10.34557351879515963, -10.16054066471306783, -8.345507334496254259 ) ) ;
#1780 = ADVANCED_FACE ( 'NONE', ( #1141 ), #956, .T. ) ;
#1781 = CARTESIAN_POINT ( 'NONE',  ( 0.000000000000000000, 0.000000000000000000, 3.654402802137024509 ) ) ;
#1782 = B_SPLINE_CURVE_WITH_KNOTS ( 'NONE', 3,
 ( #1007, #1732, #124, #831, #537, #925, #1285, #1477, #1649, #1086, #2006, #757, #1636, #2197, #577, #939, #1218, #1981 ),
 .UNSPECIFIED., .F., .F.,
 ( 4, 2, 2, 2, 2, 2, 2, 2, 4 ),
 ( 0.003128791549870338622, 0.003519710027273291811, 0.003910628504676245433, 0.004301546982079198188, 0.004692465459482151810, 0.005083383936885104565, 0.005474302414288058187, 0.005865220891691011809, 0.006256139369093964564 ),
 .UNSPECIFIED. ) ;
#1783 = CARTESIAN_POINT ( 'NONE',  ( 0.1322180843726679933, 22.00000000000000000, -8.345597197863096284 ) ) ;
#1784 = DIRECTION ( 'NONE',  ( -0.7071067811865536790, -0.7071067811865414665, 8.659560562355004349E-17 ) ) ;
#1785 = ORIENTED_EDGE ( 'NONE', *, *, #1555, .F. ) ;
#1786 = CARTESIAN_POINT ( 'NONE',  ( 0.2645646537702887602, 14.50000000000000000, -8.345597197863094507 ) ) ;
#1787 = CYLINDRICAL_SURFACE ( 'NONE', #2251, 2.000000000000000000 ) ;
#1788 = PRESENTATION_LAYER_ASSIGNMENT (  '', '', ( #2015 ) ) ;
#1789 = CARTESIAN_POINT ( 'NONE',  ( -1.959434878635785247E-15, 0.000000000000000000, -15.34559719786310339 ) ) ;
#1790 = ORIENTED_EDGE ( 'NONE', *, *, #641, .F. ) ;
#1791 = CARTESIAN_POINT ( 'NONE',  ( -14.37018973813935929, 1.936054554264496019, -10.86396117344549417 ) ) ;
#1792 = CARTESIAN_POINT ( 'NONE',  ( -0.1306093363174018473, 14.49999999999999645, -12.34559719786308918 ) ) ;
#1793 = AXIS2_PLACEMENT_3D ( 'NONE', #1972, #1262, #2148 ) ;
#1794 = DIRECTION ( 'NONE',  ( 1.000000000000000000, 0.000000000000000000, 0.000000000000000000 ) ) ;
#1795 = CIRCLE ( 'NONE', #737, 22.00000000000000000 ) ;
#1796 = SURFACE_STYLE_USAGE ( .BOTH. , #360 ) ;
#1797 = EDGE_CURVE ( 'NONE', #1960, #2250, #1968, .T. ) ;
#1798 = FACE_OUTER_BOUND ( 'NONE', #1080, .T. ) ;
#1799 = CARTESIAN_POINT ( 'NONE',  ( -1.586851412901815257E-15, 14.50000000000000000, -8.345597197863094507 ) ) ;
#1800 = DIRECTION ( 'NONE',  ( 0.7071067811865415775, -0.7071067811865536790, 0.000000000000000000 ) ) ;
#1801 = CARTESIAN_POINT ( 'NONE',  ( 16.74353877373937749, 14.27108641671121880, -11.35125669974472196 ) ) ;
#1802 = ORIENTED_EDGE ( 'NONE', *, *, #917, .T. ) ;
#1803 = CARTESIAN_POINT ( 'NONE',  ( -11.14602158242296248, -9.274953846739377283, -8.840092575192016966 ) ) ;
#1804 = CARTESIAN_POINT ( 'NONE',  ( -10.86095555226175513, -9.607516242098487425, -12.14327493583136430 ) ) ;
#1805 = CARTESIAN_POINT ( 'NONE',  ( 0.000000000000000000, 0.000000000000000000, 0.000000000000000000 ) ) ;
#1806 = CARTESIAN_POINT ( 'NONE',  ( 14.49999999999987388, 1.775737858763662015E-15, -1026.343244570043453 ) ) ;
#1807 = FACE_OUTER_BOUND ( 'NONE', #2259, .T. ) ;
#1808 = EDGE_LOOP ( 'NONE', ( #428, #977, #2034, #405 ) ) ;
#1809 = DIRECTION ( 'NONE',  ( 1.000000000000000000, 0.000000000000000000, 0.000000000000000000 ) ) ;
#1810 = FACE_OUTER_BOUND ( 'NONE', #785, .T. ) ;
#1811 = CARTESIAN_POINT ( 'NONE',  ( 21.99999999999987566, 2.694222958124177204E-15, -1026.343244570043453 ) ) ;
#1812 = ORIENTED_EDGE ( 'NONE', *, *, #774, .T. ) ;
#1813 = CARTESIAN_POINT ( 'NONE',  ( 20.47612336457308757, 0.000000000000000000, 2.154402802136967665 ) ) ;
#1814 = CARTESIAN_POINT ( 'NONE',  ( -8.903327084473682262, -11.44479495830768911, -11.23309499671496070 ) ) ;
#1815 = DIRECTION ( 'NONE',  ( -1.224646799147352714E-16, -0.000000000000000000, -1.000000000000000000 ) ) ;
#1816 = CARTESIAN_POINT ( 'NONE',  ( 1.598874097120007498, 21.94260108591766212, -9.116114795526891967 ) ) ;
#1817 = CARTESIAN_POINT ( 'NONE',  ( 11.53001852656774595, 8.792573082792273453, -10.86551784529265952 ) ) ;
#1818 = CARTESIAN_POINT ( 'NONE',  ( 0.6450064304424234507, -21.99087649096128416, -12.24326753583011751 ) ) ;
#1819 = CARTESIAN_POINT ( 'NONE',  ( 14.83118612932246094, -16.24954407034524451, -8.610343486066224017 ) ) ;
#1820 = ADVANCED_FACE ( 'NONE', ( #1152 ), #259, .F. ) ;
#1821 = CARTESIAN_POINT ( 'NONE',  ( -22.00000000000000355, 0.000000000000000000, 0.6544028021369872050 ) ) ;
#1822 = CARTESIAN_POINT ( 'NONE',  ( -1.507352193525216100, 21.94849462741137458, -9.024651834393628391 ) ) ;
#1823 = EDGE_CURVE ( 'NONE', #724, #1697, #1160, .T. ) ;
#1824 = VERTEX_POINT ( 'NONE', #2095 ) ;
#1825 = CARTESIAN_POINT ( 'NONE',  ( -14.38830706823768146, 1.796994566753859823, -11.23330240993429285 ) ) ;
#1826 = CARTESIAN_POINT ( 'NONE',  ( -0.2623861720377217988, 14.49819058835651830, -8.358597846752592986 ) ) ;
#1827 = CARTESIAN_POINT ( 'NONE',  ( 21.90890230020664831, 1.999999999999923617, -10.34559719786309806 ) ) ;
#1828 = CARTESIAN_POINT ( 'NONE',  ( 1.999905514834153797, 21.90891092548218921, -10.08383032024850934 ) ) ;
#1829 = CARTESIAN_POINT ( 'NONE',  ( 10.06778870708058449, 10.43828904538296420, -12.34550029657198245 ) ) ;
#1830 = AXIS2_PLACEMENT_3D ( 'NONE', #1956, #333, #1056 ) ;
#1831 = CARTESIAN_POINT ( 'NONE',  ( 16.74263509602541689, -14.27214883885659802, -11.35365894448207413 ) ) ;
#1832 = ORIENTED_EDGE ( 'NONE', *, *, #2139, .T. ) ;
#1833 = CARTESIAN_POINT ( 'NONE',  ( 16.64046224297588239, -14.39098033194239612, -9.126172643533655204 ) ) ;
#1834 = DIRECTION ( 'NONE',  ( 1.224646799147352714E-16, 0.000000000000000000, 1.000000000000000000 ) ) ;
#1835 = CARTESIAN_POINT ( 'NONE',  ( 11.56926156816806106, 8.740834443421837463, -10.34559719786309628 ) ) ;
#1836 = ORIENTED_EDGE ( 'NONE', *, *, #2025, .F. ) ;
#1837 = DIRECTION ( 'NONE',  ( 1.000000000000000000, 0.000000000000000000, 0.000000000000000000 ) ) ;
#1838 = CARTESIAN_POINT ( 'NONE',  ( -1.507560904019952019, 14.42172102398610711, -11.66644923339858941 ) ) ;
#1839 = CARTESIAN_POINT ( 'NONE',  ( 10.86244953316556128, 9.605825995102660997, -8.549033189673112432 ) ) ;
#1840 = ORIENTED_EDGE ( 'NONE', *, *, #695, .T. ) ;
#1841 = CARTESIAN_POINT ( 'NONE',  ( 10.34489238123097543, 10.16121368400914626, -12.34564544271497688 ) ) ;
#1842 = CARTESIAN_POINT ( 'NONE',  ( 14.36140661634507687, 1.999999999999950262, -10.34559719786309628 ) ) ;
#1843 = ORIENTED_EDGE ( 'NONE', *, *, #1227, .T. ) ;
#1844 = CARTESIAN_POINT ( 'NONE',  ( 14.39138548657899541, -16.64011110663034643, -9.125521198950870883 ) ) ;
#1845 = CARTESIAN_POINT ( 'NONE',  ( -7.992170227493646926E-16, -13.99999999999999822, -10.34559719786309451 ) ) ;
#1846 = CARTESIAN_POINT ( 'NONE',  ( -14.38825663443407876, 1.797394383835370091, -9.458739682103523450 ) ) ;
#1847 = CARTESIAN_POINT ( 'NONE',  ( 11.56926156816799889, -8.740834443421915623, -10.34559719786309628 ) ) ;
#1848 = AXIS2_PLACEMENT_3D ( 'NONE', #1171, #1887, #810 ) ;
#1849 = CARTESIAN_POINT ( 'NONE',  ( -2.465190328815661892E-29, 0.000000000000000000, 0.6544028021369108217 ) ) ;
#1850 = CARTESIAN_POINT ( 'NONE',  ( -2.000102442443740802, -21.90889294853664637, -10.47611140460316470 ) ) ;
#1851 = EDGE_LOOP ( 'NONE', ( #1445, #1987 ) ) ;
#1852 = ADVANCED_FACE ( 'NONE', ( #471 ), #1562, .T. ) ;
#1853 = CARTESIAN_POINT ( 'NONE',  ( -21.94258200830455507, 1.599136763104324510, -9.116444237209144319 ) ) ;
#1854 = AXIS2_PLACEMENT_3D ( 'NONE', #2240, #245, #635 ) ;
#1855 = EDGE_CURVE ( 'NONE', #1352, #321, #1127, .T. ) ;
#1856 = CARTESIAN_POINT ( 'NONE',  ( -22.00000000000000711, 0.000000000000000000, -15.34559719786309984 ) ) ;
#1857 = DIRECTION ( 'NONE',  ( -1.000000000000000000, 0.000000000000000000, 0.000000000000000000 ) ) ;
#1858 = VERTEX_POINT ( 'NONE', #561 ) ;
#1859 = CARTESIAN_POINT ( 'NONE',  ( 1.999909027613507639, -14.36141928534989098, -10.21202246647783340 ) ) ;
#1860 = DIRECTION ( 'NONE',  ( -1.000000000000000000, 0.000000000000000000, 0.000000000000000000 ) ) ;
#1861 = CARTESIAN_POINT ( 'NONE',  ( 0.000000000000000000, 0.000000000000000000, -2.345597197862983929 ) ) ;
#1862 = EDGE_LOOP ( 'NONE', ( #1091, #2178 ) ) ;
#1863 = CARTESIAN_POINT ( 'NONE',  ( 14.49999999999999822, 1.775737858763662015E-15, -7.541792329034404219 ) ) ;
#1864 = CARTESIAN_POINT ( 'NONE',  ( 14.42171758355389954, -1.507592055951352039, -11.66641024483089595 ) ) ;
#1865 = ORIENTED_EDGE ( 'NONE', *, *, #1739, .T. ) ;
#1866 = FACE_OUTER_BOUND ( 'NONE', #1520, .T. ) ;
#1867 = AXIS2_PLACEMENT_3D ( 'NONE', #1047, #325, #684 ) ;
#1868 = AXIS2_PLACEMENT_3D ( 'NONE', #1484, #1322, #2013 ) ;
#1869 = CARTESIAN_POINT ( 'NONE',  ( 8.485281374238510921, -11.31370849898480557, -10.34559719786309628 ) ) ;
#1870 = FACE_BOUND ( 'NONE', #1104, .T. ) ;
#1871 = VERTEX_POINT ( 'NONE', #1107 ) ;
#1872 = AXIS2_PLACEMENT_3D ( 'NONE', #1845, #799, #958 ) ;
#1873 = CARTESIAN_POINT ( 'NONE',  ( 16.84026505485436687, -14.15655369232780458, -9.700591337349832699 ) ) ;
#1874 = VECTOR ( 'NONE', #940, 1000.000000000000114 ) ;
#1875 = CARTESIAN_POINT ( 'NONE',  ( 21.99427407603196372, -0.5179499772870939100, -12.28176191087498381 ) ) ;
#1876 = CARTESIAN_POINT ( 'NONE',  ( 14.27214883885653585, 16.74263509602546662, -11.35365894448207413 ) ) ;
#1877 = VERTEX_POINT ( 'NONE', #4 ) ;
#1878 = CYLINDRICAL_SURFACE ( 'NONE', #1593, 22.00000000000000355 ) ;
#1879 = CARTESIAN_POINT ( 'NONE',  ( 0.000000000000000000, 0.000000000000000000, -3.845597197863037664 ) ) ;
#1880 = ORIENTED_EDGE ( 'NONE', *, *, #55, .F. ) ;
#1881 = DIRECTION ( 'NONE',  ( 0.000000000000000000, -1.000000000000000000, -0.000000000000000000 ) ) ;
#1882 = CARTESIAN_POINT ( 'NONE',  ( -22.00000000000000355, 0.000000000000000000, 6.654402802136988981 ) ) ;
#1883 = ORIENTED_EDGE ( 'NONE', *, *, #1885, .T. ) ;
#1884 = CARTESIAN_POINT ( 'NONE',  ( -16.58579893175469522, -14.45406626146305129, -9.024501050416818160 ) ) ;
#1885 = EDGE_CURVE ( 'NONE', #2055, #1162, #1361, .T. ) ;
#1886 = DIRECTION ( 'NONE',  ( 1.000000000000000000, 0.000000000000000000, 0.000000000000000000 ) ) ;
#1887 = DIRECTION ( 'NONE',  ( -0.000000000000000000, 1.000000000000000000, -0.000000000000000000 ) ) ;
#1888 = CARTESIAN_POINT ( 'NONE',  ( -7.347880794884349492E-16, 0.000000000000000000, -5.345597197863094507 ) ) ;
#1889 = CARTESIAN_POINT ( 'NONE',  ( -9.521167614819358249, -10.93660186285215374, -8.609119752274846604 ) ) ;
#1890 = CARTESIAN_POINT ( 'NONE',  ( 14.39601965027453012, -1.734913621378027626, -11.34910334445156543 ) ) ;
#1891 = ORIENTED_EDGE ( 'NONE', *, *, #75, .F. ) ;
#1892 = LINE ( 'NONE', #2223, #1223 ) ;
#1893 = CARTESIAN_POINT ( 'NONE',  ( -14.49129703264786428, -0.5183576488954968475, -8.409537701631354167 ) ) ;
#1894 = B_SPLINE_CURVE_WITH_KNOTS ( 'NONE', 3,
 ( #1674, #83, #1702, #1893, #278, #96, #444, #2284, #846, #305, #663, #1746, #149, #156 ),
 .UNSPECIFIED., .F., .F.,
 ( 4, 2, 2, 2, 2, 2, 4 ),
 ( 4.158769996037693673E-17, 0.0003913660078549823233, 0.0007827320157099231217, 0.001174098023564863974, 0.001565464031419804610, 0.002348196047129682846, 0.003130928062839561515 ),
 .UNSPECIFIED. ) ;
#1895 = ORIENTED_EDGE ( 'NONE', *, *, #1752, .F. ) ;
#1896 = AXIS2_PLACEMENT_3D ( 'NONE', #122, #664, #633 ) ;
#1897 = CARTESIAN_POINT ( 'NONE',  ( -16.86480241339734221, -14.12724670242625713, -9.825994629055466945 ) ) ;
#1898 = CARTESIAN_POINT ( 'NONE',  ( -9.786143324876746874, 10.70028512394548414, -8.448397688236234160 ) ) ;
#1899 = ADVANCED_FACE ( 'NONE', ( #897, #1647, #1069, #2155 ), #1632, .T. ) ;
#1900 = CARTESIAN_POINT ( 'NONE',  ( -16.64669759943961225, -14.38476773275623444, -11.57434286534960144 ) ) ;
#1901 = ADVANCED_FACE ( 'NONE', ( #176 ), #938, .T. ) ;
#1902 = CARTESIAN_POINT ( 'NONE',  ( 14.36324626833415152, -1.986913348363476439, -10.60882458822628216 ) ) ;
#1903 = VERTEX_POINT ( 'NONE', #1462 ) ;
#1904 = CARTESIAN_POINT ( 'NONE',  ( -21.99999999999999645, 0.1322485963688521393, -8.345597197862970162 ) ) ;
#1905 = CLOSED_SHELL ( 'NONE', ( #950, #1820, #228, #936, #862, #347, #1170, #2302, #1002, #533, #103, #549, #1962, #1852, #1395, #876, #954, #2045, #1194, #1025, #1899, #741, #359, #1780, #119, #710, #319, #2171, #1085, #1272, #257, #459, #1013, #850, #43 ) ) ;
#1906 = CARTESIAN_POINT ( 'NONE',  ( -14.36140661634505378, 2.000000000000150102, -10.34559719786309273 ) ) ;
#1907 = EDGE_LOOP ( 'NONE', ( #1595, #1552 ) ) ;
#1908 = AXIS2_PLACEMENT_3D ( 'NONE', #1672, #1359, #2235 ) ;
#1909 = CARTESIAN_POINT ( 'NONE',  ( -14.08782549362793901, 16.89774637918419842, -10.08241518232181022 ) ) ;
#1910 = CARTESIAN_POINT ( 'NONE',  ( -10.15859049045091744, 10.34748845273110796, -8.345687994921384245 ) ) ;
#1911 = CIRCLE ( 'NONE', #70, 22.00000000000000355 ) ;
#1912 = FACE_OUTER_BOUND ( 'NONE', #2052, .T. ) ;
#1913 = CARTESIAN_POINT ( 'NONE',  ( 16.46223290073487533, 14.59464441558346870, -8.837786286423533255 ) ) ;
#1914 = VERTEX_POINT ( 'NONE', #1827 ) ;
#1915 = CARTESIAN_POINT ( 'NONE',  ( -11.31594707308060421, 9.066679665109699471, -11.56521641535598555 ) ) ;
#1916 = DIRECTION ( 'NONE',  ( -1.224646799147352714E-16, -0.000000000000000000, -1.000000000000000000 ) ) ;
#1917 = FACE_OUTER_BOUND ( 'NONE', #595, .T. ) ;
#1918 = CARTESIAN_POINT ( 'NONE',  ( -15.37124601070860130, -15.74144021923410897, -8.345691642529303067 ) ) ;
#1919 = CARTESIAN_POINT ( 'NONE',  ( 9.879733469450824757, -10.61401640165974669, -12.28145201901881833 ) ) ;
#1920 = B_SPLINE_CURVE_WITH_KNOTS ( 'NONE', 3,
 ( #1929, #448, #308, #2264, #2086, #1749, #458, #2115, #849, #2297, #676, #1718, #1399, #487, #2096, #1006, #1217, #2075 ),
 .UNSPECIFIED., .F., .F.,
 ( 4, 2, 2, 2, 2, 2, 2, 2, 4 ),
 ( 0.003130928062839561515, 0.003522108728894887946, 0.003913289394950215244, 0.004304470061005541241, 0.004695650727060868973, 0.005086831393116194970, 0.005478012059171520967, 0.005869192725226847832, 0.006260373391282174696 ),
 .UNSPECIFIED. ) ;
#1921 = CARTESIAN_POINT ( 'NONE',  ( 14.36140661634507687, 1.999999999999950706, -10.47794311758759456 ) ) ;
#1922 = ORIENTED_EDGE ( 'NONE', *, *, #486, .F. ) ;
#1923 = CARTESIAN_POINT ( 'NONE',  ( -9.131839369997738487, 11.26358244635832406, -11.66666719145178099 ) ) ;
#1924 = CARTESIAN_POINT ( 'NONE',  ( 1.220078131197232851, -21.96640991520374087, -8.755509674778613416 ) ) ;
#1925 = EDGE_CURVE ( 'NONE', #2325, #85, #2196, .T. ) ;
#1926 = CARTESIAN_POINT ( 'NONE',  ( -1.507560904019951575, -14.42172102398610711, -9.024745162327599601 ) ) ;
#1927 = CARTESIAN_POINT ( 'NONE',  ( -16.17039155780996396, -14.91754416410501172, -8.547718362238885703 ) ) ;
#1928 = EDGE_CURVE ( 'NONE', #2152, #600, #729, .T. ) ;
#1929 = CARTESIAN_POINT ( 'NONE',  ( -14.36140661634509463, -1.999999999999849898, -10.34559719786309273 ) ) ;
#1930 = CARTESIAN_POINT ( 'NONE',  ( -16.00686523391541627, -15.09287642675433361, -12.24282505973784829 ) ) ;
#1931 = CARTESIAN_POINT ( 'NONE',  ( 14.46577327355765696, 1.001638999434561583, -8.609571034754148755 ) ) ;
#1932 = EDGE_LOOP ( 'NONE', ( #262, #1527, #127, #1178 ) ) ;
#1933 = DIRECTION ( 'NONE',  ( -1.000000000000000000, 0.000000000000000000, 0.000000000000000000 ) ) ;
#1934 = CARTESIAN_POINT ( 'NONE',  ( -0.1323143903708709213, 14.50000000000000355, -8.345597197863096284 ) ) ;
#1935 = CARTESIAN_POINT ( 'NONE',  ( -0.8875046525575714940, -14.47332151441905523, -12.14268314111734171 ) ) ;
#1936 = EDGE_CURVE ( 'NONE', #1151, #1724, #1181, .T. ) ;
#1937 = CARTESIAN_POINT ( 'NONE',  ( -8.740834443421718447, 11.56926156816815165, -10.34559719786309273 ) ) ;
#1938 = CIRCLE ( 'NONE', #64, 2.138270329027695205 ) ;
#1939 = CARTESIAN_POINT ( 'NONE',  ( 8.740834443421872990, 11.56926156816803264, -10.47791185113807622 ) ) ;
#1940 = AXIS2_PLACEMENT_3D ( 'NONE', #1592, #1078, #736 ) ;
#1941 = CARTESIAN_POINT ( 'NONE',  ( 16.58579893175458508, 14.45406626146316853, -9.024501050416819936 ) ) ;
#1942 = B_SPLINE_CURVE_WITH_KNOTS ( 'NONE', 3,
 ( #1348, #976, #1499, #2029, #1711, #1536, #441, #637, #998, #1864, #1699, #1890, #1687, #104, #80, #1902, #1357, #1723 ),
 .UNSPECIFIED., .F., .F.,
 ( 4, 2, 2, 2, 2, 2, 2, 2, 4 ),
 ( 0.003130924080675163805, 0.003522104672176656209, 0.003913285263678148614, 0.004304465855179641018, 0.004695646446681132555, 0.005086827038182625826, 0.005478007629684117363, 0.005869188221185609768, 0.006260368812687102172 ),
 .UNSPECIFIED. ) ;
#1943 = ORIENTED_EDGE ( 'NONE', *, *, #1430, .T. ) ;
#1944 = CIRCLE ( 'NONE', #877, 14.50000000000000000 ) ;
#1945 = CARTESIAN_POINT ( 'NONE',  ( -10.06609710033520066, 10.43744062348199364, -12.33259785079881610 ) ) ;
#1946 = DIRECTION ( 'NONE',  ( -0.000000000000000000, -0.000000000000000000, 1.000000000000000000 ) ) ;
#1947 = CYLINDRICAL_SURFACE ( 'NONE', #1867, 2.000000000000000000 ) ;
#1948 = DIRECTION ( 'NONE',  ( -1.224646799147352714E-16, -0.000000000000000000, -1.000000000000000000 ) ) ;
#1949 = VERTEX_POINT ( 'NONE', #2069 ) ;
#1950 = CARTESIAN_POINT ( 'NONE',  ( 1.008350823634780902, 14.46690084736789572, -8.598870046367020237 ) ) ;
#1951 = EDGE_CURVE ( 'NONE', #1602, #363, #621, .T. ) ;
#1952 = CARTESIAN_POINT ( 'NONE',  ( 22.00000000000000000, 0.2611096454941201350, -8.345597197863106942 ) ) ;
#1953 = FACE_OUTER_BOUND ( 'NONE', #2320, .T. ) ;
#1954 = EDGE_LOOP ( 'NONE', ( #302, #1628 ) ) ;
#1955 = CARTESIAN_POINT ( 'NONE',  ( 9.274953846739414587, -11.14602158242293406, -8.840092575192022295 ) ) ;
#1956 = CARTESIAN_POINT ( 'NONE',  ( -1.959434878635785247E-15, 0.000000000000000000, -15.34559719786310339 ) ) ;
#1957 = CYLINDRICAL_SURFACE ( 'NONE', #693, 2.000000000000000000 ) ;
#1958 = AXIS2_PLACEMENT_3D ( 'NONE', #622, #1508, #438 ) ;
#1959 = DIRECTION ( 'NONE',  ( -0.7071067811865467956, 0.7071067811865484609, 0.000000000000000000 ) ) ;
#1960 = VERTEX_POINT ( 'NONE', #1323 ) ;
#1961 = CARTESIAN_POINT ( 'NONE',  ( 2.000090035119441723, 14.36139407786604139, -10.21476073883672520 ) ) ;
#1962 = ADVANCED_FACE ( 'NONE', ( #1146 ), #237, .T. ) ;
#1963 = CARTESIAN_POINT ( 'NONE',  ( 14.44898674320823062, 1.229271871893554025, -11.94460936404178142 ) ) ;
#1964 = AXIS2_PLACEMENT_3D ( 'NONE', #534, #1245, #755 ) ;
#1965 = EDGE_LOOP ( 'NONE', ( #456, #571 ) ) ;
#1966 = CARTESIAN_POINT ( 'NONE',  ( -10.43826845942432513, -10.06523255799855754, -8.358786527821619572 ) ) ;
#1967 = CARTESIAN_POINT ( 'NONE',  ( -11.56926156816812501, -8.740834443421757527, -10.34559719786309273 ) ) ;
#1968 = B_SPLINE_CURVE_WITH_KNOTS ( 'NONE', 3,
 ( #1679, #760, #1113, #219, #1304, #1480, #928, #2023, #1318, #608, #1494, #399, #1859, #232, #1468, #2215, #1329, #204, #942, #1665, #60, #243, #786, #1505, #2049, #425 ),
 .UNSPECIFIED., .F., .F.,
 ( 4, 2, 2, 2, 2, 2, 2, 2, 2, 2, 2, 2, 4 ),
 ( 0.006260373391282311739, 0.007042730432197751196, 0.007825087473113190653, 0.008216265993570911683, 0.008607444514028632712, 0.008998623034486355476, 0.009389801554944076506, 0.009780980075401797535, 0.01017215859585951857, 0.01056333711631723959, 0.01095451563677496062, 0.01173687267769039921, 0.01251922971860583954 ),
 .UNSPECIFIED. ) ;
#1969 = EDGE_CURVE ( 'NONE', #2137, #2125, #1942, .T. ) ;
#1970 = CARTESIAN_POINT ( 'NONE',  ( -21.91804793823623854, -1.897817149564339445, -9.701029247229238095 ) ) ;
#1971 = FACE_OUTER_BOUND ( 'NONE', #1147, .T. ) ;
#1972 = CARTESIAN_POINT ( 'NONE',  ( -1.257709381586202618E-13, 0.000000000000000000, -1026.343244570043453 ) ) ;
#1973 = ORIENTED_EDGE ( 'NONE', *, *, #1612, .F. ) ;
#1974 = FACE_OUTER_BOUND ( 'NONE', #827, .T. ) ;
#1975 = VECTOR ( 'NONE', #1545, 1000.000000000000000 ) ;
#1976 = CARTESIAN_POINT ( 'NONE',  ( 16.24960749433293117, 14.83111891457415688, -12.08082715587264389 ) ) ;
#1977 = ORIENTED_EDGE ( 'NONE', *, *, #903, .T. ) ;
#1978 = CARTESIAN_POINT ( 'NONE',  ( 11.56926156816799889, -8.740834443421915623, -10.34559719786309628 ) ) ;
#1979 = CARTESIAN_POINT ( 'NONE',  ( -14.50000000000000178, 3.836388354270824612E-23, -12.34559719786309273 ) ) ;
#1980 = AXIS2_PLACEMENT_3D ( 'NONE', #1407, #1948, #606 ) ;
#1981 = CARTESIAN_POINT ( 'NONE',  ( -22.00000000000000000, -1.300614695960512689E-23, -12.34559719786309273 ) ) ;
#1982 = DIRECTION ( 'NONE',  ( -1.224646799147352714E-16, -0.000000000000000000, -1.000000000000000000 ) ) ;
#1983 = ORIENTED_EDGE ( 'NONE', *, *, #2245, .T. ) ;
#1984 = CARTESIAN_POINT ( 'NONE',  ( 1.936489785629159854, 14.37013090274284366, -9.828859230725571550 ) ) ;
#1985 = CARTESIAN_POINT ( 'NONE',  ( -13.99999999999997691, 2.000000000000146105, -10.34559719786309273 ) ) ;
#1986 = CARTESIAN_POINT ( 'NONE',  ( -0.5270292642639419212, 21.99500304878704782, -8.398784359387077458 ) ) ;
#1987 = ORIENTED_EDGE ( 'NONE', *, *, #2113, .T. ) ;
#1988 = CARTESIAN_POINT ( 'NONE',  ( 10.86075175489869871, -9.607744886075902713, -8.547779928294897189 ) ) ;
#1989 = CARTESIAN_POINT ( 'NONE',  ( -11.26358244635829742, -9.131839369997775790, -11.66666719145178455 ) ) ;
#1990 = CARTESIAN_POINT ( 'NONE',  ( 8.943506024766852747, 11.41375760266137895, -9.337255254932600224 ) ) ;
#1991 = FILL_AREA_STYLE ('',( #535 ) ) ;
#1992 = EDGE_CURVE ( 'NONE', #600, #439, #2079, .T. ) ;
#1993 = CARTESIAN_POINT ( 'NONE',  ( 8.751319543445317706, 11.56136091759325168, -10.60798324889742972 ) ) ;
#1994 = CARTESIAN_POINT ( 'NONE',  ( 0.2622128691471072859, -21.99880903318772596, -12.33261512951047578 ) ) ;
#1995 = EDGE_LOOP ( 'NONE', ( #654, #117 ) ) ;
#1996 = ADVANCED_FACE ( 'NONE', ( #1334 ), #1488, .T. ) ;
#1997 = CARTESIAN_POINT ( 'NONE',  ( 16.90614694720268929, -14.07771982245665932, -10.34559719786309628 ) ) ;
#1998 = DIRECTION ( 'NONE',  ( -1.000000000000000000, 0.000000000000000000, 1.182766006347822862E-16 ) ) ;
#1999 = CARTESIAN_POINT ( 'NONE',  ( -1.796715694603894908, 21.92656736294767938, -11.23383924556157254 ) ) ;
#2000 = VERTEX_POINT ( 'NONE', #1161 ) ;
#2001 = CARTESIAN_POINT ( 'NONE',  ( -11.56926156816812501, -8.740834443421757527, -10.34559719786309273 ) ) ;
#2002 = CARTESIAN_POINT ( 'NONE',  ( -1.987000972949181321, 14.36323408169002214, -10.60817418238427301 ) ) ;
#2003 = CARTESIAN_POINT ( 'NONE',  ( -21.99500808916802796, -0.5267734002561909046, -8.398732283912506702 ) ) ;
#2004 = FACE_OUTER_BOUND ( 'NONE', #907, .T. ) ;
#2005 = B_SPLINE_CURVE_WITH_KNOTS ( 'NONE', 3,
 ( #563, #1939, #1993, #396, #1662, #1611, #899, #551, #1110, #318, #361, #1124, #1829, #1841, #1042, #20, #216, #888, #33, #7, #719, #731, #746, #1274, #371, #1097, #1817, #1514, #71, #1540 ),
 .UNSPECIFIED., .F., .F.,
 ( 4, 2, 2, 2, 2, 2, 2, 2, 2, 2, 2, 2, 2, 2, 4 ),
 ( 0.000000000000000000, 0.0003912730507929427473, 0.0007825461015858854947, 0.001173819152378828079, 0.001565092203171770989, 0.002347638304757657026, 0.003130184406343543280, 0.003521457457136487924, 0.003912730507929433436, 0.004304003558722378081, 0.004695276609515322726, 0.005086549660308267370, 0.005477822711101212015, 0.005869095761894157527, 0.006260368812687102172 ),
 .UNSPECIFIED. ) ;
#2006 = CARTESIAN_POINT ( 'NONE',  ( -21.96642315388601219, 1.219838436294105710, -11.93586618876578420 ) ) ;
#2007 = CARTESIAN_POINT ( 'NONE',  ( 14.91581752707655895, -16.17198321013729867, -12.14231231663734789 ) ) ;
#2008 = ORIENTED_EDGE ( 'NONE', *, *, #1600, .F. ) ;
#2009 = CARTESIAN_POINT ( 'NONE',  ( 14.28121598776662537, -16.73475855144250701, -9.342086687517168642 ) ) ;
#2010 = CARTESIAN_POINT ( 'NONE',  ( 22.00000000000000000, 2.694222958129274034E-15, -12.34559719786309806 ) ) ;
#2011 = CARTESIAN_POINT ( 'NONE',  ( 16.90614694720278166, 14.07771982245654563, -10.60666358822036059 ) ) ;
#2012 = CARTESIAN_POINT ( 'NONE',  ( 11.44479495830772287, -8.903327084473636077, -11.23309499671496603 ) ) ;
#2013 = DIRECTION ( 'NONE',  ( -1.000000000000000000, 0.000000000000000000, 1.224646799147352714E-16 ) ) ;
#2014 = CARTESIAN_POINT ( 'NONE',  ( -8.740834443421958255, -11.56926156816797757, -10.47791185113807444 ) ) ;
#2015 = STYLED_ITEM ( 'NONE', ( #1464 ), #324 ) ;
#2016 = CARTESIAN_POINT ( 'NONE',  ( -21.90890230020666962, -1.999999999999771516, -10.21357027681688479 ) ) ;
#2017 = ORIENTED_EDGE ( 'NONE', *, *, #1376, .T. ) ;
#2018 = AXIS2_PLACEMENT_3D ( 'NONE', #1849, #791, #2220 ) ;
#2019 = AXIS2_PLACEMENT_3D ( 'NONE', #2128, #12, #505 ) ;
#2020 = CARTESIAN_POINT ( 'NONE',  ( -22.00000000000000000, 2.310104585377166400E-14, -8.345597197863090955 ) ) ;
#2021 = CARTESIAN_POINT ( 'NONE',  ( -16.90614694720258981, 14.07771982245677655, -10.34559719786309273 ) ) ;
#2022 = EDGE_LOOP ( 'NONE', ( #1785, #1393 ) ) ;
#2023 = CARTESIAN_POINT ( 'NONE',  ( 1.735061212309604972, -14.39600279910425940, -9.342304166075814820 ) ) ;
#2024 = CARTESIAN_POINT ( 'NONE',  ( -1.257709381586202618E-13, 0.000000000000000000, -1026.343244570043453 ) ) ;
#2025 = EDGE_CURVE ( 'NONE', #1871, #1455, #1038, .T. ) ;
#2026 = CARTESIAN_POINT ( 'NONE',  ( -14.37017079589328006, 1.936194595512969574, -9.827767856517962031 ) ) ;
#2027 = ORIENTED_EDGE ( 'NONE', *, *, #1287, .F. ) ;
#2028 = CARTESIAN_POINT ( 'NONE',  ( 14.44902376783287323, -1.219659144009020313, -8.755163334095701799 ) ) ;
#2029 = CARTESIAN_POINT ( 'NONE',  ( 14.49124781978632548, -0.5198109501310070879, -12.28129012999381686 ) ) ;
#2030 = VERTEX_POINT ( 'NONE', #1043 ) ;
#2031 = CARTESIAN_POINT ( 'NONE',  ( 14.07771982245647990, -16.90614694720283495, -10.34559719786309628 ) ) ;
#2032 = DIRECTION ( 'NONE',  ( 0.7071067811865439090, -0.7071067811865512365, -8.659560562354884787E-17 ) ) ;
#2033 = DIRECTION ( 'NONE',  ( 1.000000000000000000, 0.000000000000000000, 0.000000000000000000 ) ) ;
#2034 = ORIENTED_EDGE ( 'NONE', *, *, #2165, .T. ) ;
#2035 = CARTESIAN_POINT ( 'NONE',  ( 16.73532761313691353, -14.28054999834515115, -9.343542254911573863 ) ) ;
#2036 = FACE_OUTER_BOUND ( 'NONE', #781, .T. ) ;
#2037 = CARTESIAN_POINT ( 'NONE',  ( -14.36322919761309969, 1.987034280447205425, -10.08350655175142307 ) ) ;
#2038 = EDGE_LOOP ( 'NONE', ( #2241, #1044 ) ) ;
#2039 = AXIS2_PLACEMENT_3D ( 'NONE', #1684, #77, #1331 ) ;
#2040 = CARTESIAN_POINT ( 'NONE',  ( 14.49818744326122832, -0.2625513370144655356, -8.358620713261551316 ) ) ;
#2041 = EDGE_CURVE ( 'NONE', #439, #1858, #1008, .T. ) ;
#2042 = CARTESIAN_POINT ( 'NONE',  ( -1.936562687020344953, -21.91461547248468023, -10.86203661426103295 ) ) ;
#2043 = VERTEX_POINT ( 'NONE', #1233 ) ;
#2044 = DIRECTION ( 'NONE',  ( -1.224646799147352714E-16, -0.000000000000000000, -1.000000000000000000 ) ) ;
#2045 = ADVANCED_FACE ( 'NONE', ( #1953, #2109 ), #832, .T. ) ;
#2046 = CARTESIAN_POINT ( 'NONE',  ( -15.73990172250648278, 15.37113666591741001, -12.33280400955031197 ) ) ;
#2047 = CARTESIAN_POINT ( 'NONE',  ( -20.00000000000000355, 2.449293598294706907E-15, -5.345597197863094507 ) ) ;
#2048 = EDGE_LOOP ( 'NONE', ( #1671, #35 ) ) ;
#2049 = CARTESIAN_POINT ( 'NONE',  ( 0.2645646537702885381, -14.49999999999999467, -12.34559719786309273 ) ) ;
#2050 = PLANE ( 'NONE',  #169 ) ;
#2051 = CARTESIAN_POINT ( 'NONE',  ( -14.50000000000000000, 0.2644504863107440817, -8.345597197862970162 ) ) ;
#2052 = EDGE_LOOP ( 'NONE', ( #1242, #1167, #1703, #1558, #2237, #1537 ) ) ;
#2053 = CARTESIAN_POINT ( 'NONE',  ( 14.43986094668933973, -1.322495853041372627, -8.839605341509674474 ) ) ;
#2054 = CARTESIAN_POINT ( 'NONE',  ( -0.2610663882993584650, -22.00000000000000000, -8.345597197863094507 ) ) ;
#2055 = VERTEX_POINT ( 'NONE', #116 ) ;
#2056 = DIRECTION ( 'NONE',  ( -1.000000000000000000, 0.000000000000000000, 1.301042606982605074E-16 ) ) ;
#2057 = AXIS2_PLACEMENT_3D ( 'NONE', #1882, #286, #1502 ) ;
#2058 = EDGE_CURVE ( 'NONE', #2119, #724, #658, .T. ) ;
#2059 = FACE_BOUND ( 'NONE', #374, .T. ) ;
#2060 = ORIENTED_EDGE ( 'NONE', *, *, #598, .T. ) ;
#2061 = VECTOR ( 'NONE', #1784, 1000.000000000000000 ) ;
#2062 = CARTESIAN_POINT ( 'NONE',  ( -15.09478708047842233, 16.00506451145814424, -8.447472043173183565 ) ) ;
#2063 = DIRECTION ( 'NONE',  ( 0.000000000000000000, 0.000000000000000000, -1.000000000000000000 ) ) ;
#2064 = DIRECTION ( 'NONE',  ( -1.000000000000000000, 0.000000000000000000, 1.301042606982605074E-16 ) ) ;
#2065 = PRODUCT ( 'Bulkhead', 'Bulkhead', '', ( #1400 ) ) ;
#2066 = ORIENTED_EDGE ( 'NONE', *, *, #1364, .T. ) ;
#2067 = CARTESIAN_POINT ( 'NONE',  ( -10.16054066471310335, -10.34557351879512588, -8.345507334496245377 ) ) ;
#2068 = B_SPLINE_CURVE_WITH_KNOTS ( 'NONE', 3,
 ( #1847, #920, #39, #1292, #2204, #2012, #235, #390, #1118, #945, #1182, #657, #309, #1401, #1028, #1919, #1751, #143, #480, #300, #101, #666, #1356, #1573, #2117, #2078, #273, #490, #2298, #2290 ),
 .UNSPECIFIED., .F., .F.,
 ( 4, 2, 2, 2, 2, 2, 2, 2, 2, 2, 2, 2, 2, 2, 4 ),
 ( 0.000000000000000000, 0.0003912730507929437773, 0.0007825461015858875546, 0.001173819152378831332, 0.001565092203171775109, 0.002347638304757663531, 0.003130184406343551953, 0.003521457457136495731, 0.003912730507929439508, 0.004304003558722383285, 0.004695276609515327063, 0.005086549660308270840, 0.005477822711101214617, 0.005869095761894158395, 0.006260368812687102172 ),
 .UNSPECIFIED. ) ;
#2069 = CARTESIAN_POINT ( 'NONE',  ( -20.00000000000000355, 0.000000000000000000, 0.6544028021369132642 ) ) ;
#2070 = EDGE_LOOP ( 'NONE', ( #603, #680 ) ) ;
#2071 = CARTESIAN_POINT ( 'NONE',  ( -22.00000000000000355, 0.000000000000000000, 0.6544028021369134862 ) ) ;
#2072 = CARTESIAN_POINT ( 'NONE',  ( -16.90614694720258981, 14.07771982245677655, -10.34559719786309273 ) ) ;
#2073 = ORIENTED_EDGE ( 'NONE', *, *, #567, .T. ) ;
#2074 = CARTESIAN_POINT ( 'NONE',  ( -16.90614694720259692, 14.07771982245677833, -10.21337906422687070 ) ) ;
#2075 = CARTESIAN_POINT ( 'NONE',  ( -14.50000000000000178, 3.836388354270824612E-23, -12.34559719786309273 ) ) ;
#2076 = EDGE_CURVE ( 'NONE', #1455, #2137, #985, .T. ) ;
#2077 = CARTESIAN_POINT ( 'NONE',  ( -3.673940397442174746E-16, 0.000000000000000000, -2.345597197862980821 ) ) ;
#2078 = CARTESIAN_POINT ( 'NONE',  ( 8.822963988208391228, -11.50686161498161297, -10.99020235037637327 ) ) ;
#2079 = LINE ( 'NONE', #451, #22 ) ;
#2080 = CIRCLE ( 'NONE', #1854, 20.00000000000000355 ) ;
#2081 = EDGE_LOOP ( 'NONE', ( #793, #2131 ) ) ;
#2082 = CARTESIAN_POINT ( 'NONE',  ( -22.00000000000000000, -1.300614695960512689E-23, -12.34559719786309273 ) ) ;
#2083 = CARTESIAN_POINT ( 'NONE',  ( -15.46184843867845871, 15.65083661082447541, -12.34549357150520521 ) ) ;
#2084 = ORIENTED_EDGE ( 'NONE', *, *, #1433, .F. ) ;
#2085 = CARTESIAN_POINT ( 'NONE',  ( -15.18532977498978020, 15.91924061874790119, -8.409674334288290254 ) ) ;
#2086 = CARTESIAN_POINT ( 'NONE',  ( -14.37535308173833215, -1.897836946005055259, -10.99011849349931147 ) ) ;
#2087 = DIRECTION ( 'NONE',  ( 3.469446951953614189E-15, 1.000000000000000000, 0.000000000000000000 ) ) ;
#2088 = CARTESIAN_POINT ( 'NONE',  ( 14.49819545905312701, 0.2620897777942755580, -8.358562746462679272 ) ) ;
#2089 = ORIENTED_EDGE ( 'NONE', *, *, #1510, .F. ) ;
#2090 = CARTESIAN_POINT ( 'NONE',  ( -11.56926156816794204, 8.740834443421995559, -10.34559719786309273 ) ) ;
#2091 = DIRECTION ( 'NONE',  ( -1.224646799147352714E-16, -0.000000000000000000, -1.000000000000000000 ) ) ;
#2092 = CARTESIAN_POINT ( 'NONE',  ( 0.5179418340801306142, 21.99427404403058972, -8.409432921272827599 ) ) ;
#2093 = ORIENTED_EDGE ( 'NONE', *, *, #386, .F. ) ;
#2094 = STYLED_ITEM ( 'NONE', ( #138 ), #580 ) ;
#2095 = CARTESIAN_POINT ( 'NONE',  ( 21.90890230020663410, -2.000000000000076383, -10.34559719786309806 ) ) ;
#2096 = CARTESIAN_POINT ( 'NONE',  ( -14.49124821006640751, -0.5198030117587432164, -12.28129306510432706 ) ) ;
#2097 = CIRCLE ( 'NONE', #1453, 22.00000000000000355 ) ;
#2098 = CARTESIAN_POINT ( 'NONE',  ( -20.00000000000000355, 2.449293598294706907E-15, -2.345597197863018124 ) ) ;
#2099 = CARTESIAN_POINT ( 'NONE',  ( 21.92653198975331463, 1.797146820170685277, -9.458209583398915044 ) ) ;
#2100 = EDGE_CURVE ( 'NONE', #384, #1413, #1720, .T. ) ;
#2101 = CARTESIAN_POINT ( 'NONE',  ( 14.82935111419150331, 16.25264090155044627, -8.597743412278450847 ) ) ;
#2102 = VERTEX_POINT ( 'NONE', #2141 ) ;
#2103 = CARTESIAN_POINT ( 'NONE',  ( -10.43828904538286295, 10.06778870708069462, -12.34550029657198067 ) ) ;
#2104 = CARTESIAN_POINT ( 'NONE',  ( 1.999905514834155129, -21.90891092548219277, -10.60736407547767612 ) ) ;
#2105 = CARTESIAN_POINT ( 'NONE',  ( -1.747702381720342979, -14.39463981706422224, -11.35227041212703192 ) ) ;
#2106 = CARTESIAN_POINT ( 'NONE',  ( -16.89781299672410597, 14.08774529973561229, -10.08338435103398290 ) ) ;
#2107 = CARTESIAN_POINT ( 'NONE',  ( 9.899494936611679563, 9.899494936611647589, -10.34559719786309628 ) ) ;
#2108 = APPLICATION_PROTOCOL_DEFINITION ( 'draft international standard', 'automotive_design', 1998, #495 ) ;
#2109 = FACE_BOUND ( 'NONE', #1639, .T. ) ;
#2110 = ORIENTED_EDGE ( 'NONE', *, *, #841, .T. ) ;
#2111 = EDGE_CURVE ( 'NONE', #2214, #2043, #738, .T. ) ;
#2112 = CARTESIAN_POINT ( 'NONE',  ( 1.797879442236193448, -21.92647166500909250, -9.459701587742383566 ) ) ;
#2113 = EDGE_CURVE ( 'NONE', #2030, #185, #449, .T. ) ;
#2114 = CARTESIAN_POINT ( 'NONE',  ( -1.735094943827963032, -14.39599779555545922, -9.342400568582879927 ) ) ;
#2115 = CARTESIAN_POINT ( 'NONE',  ( -14.41273435670923320, -1.590093213206066336, -11.56566001242475750 ) ) ;
#2116 = DIRECTION ( 'NONE',  ( 0.000000000000000000, -1.000000000000000000, -0.000000000000000000 ) ) ;
#2117 = CARTESIAN_POINT ( 'NONE',  ( 8.903017572680781200, -11.44503542432685705, -11.23229988710140503 ) ) ;
#2118 = CARTESIAN_POINT ( 'NONE',  ( 14.12692323733924482, 16.86507312610310549, -9.827655694212870330 ) ) ;
#2119 = VERTEX_POINT ( 'NONE', #1432 ) ;
#2120 = SURFACE_STYLE_USAGE ( .BOTH. , #1404 ) ;
#2121 = CARTESIAN_POINT ( 'NONE',  ( 1.321098018407515839, -21.96049753080541933, -8.838236197422943974 ) ) ;
#2122 = CARTESIAN_POINT ( 'NONE',  ( -5.542876245485114488E-16, -14.50000000000000000, -8.345597197863094507 ) ) ;
#2123 = EDGE_CURVE ( 'NONE', #935, #1162, #1291, .T. ) ;
#2124 = CARTESIAN_POINT ( 'NONE',  ( -1.959434878635785247E-15, 0.000000000000000000, -15.34559719786310339 ) ) ;
#2125 = VERTEX_POINT ( 'NONE', #2188 ) ;
#2126 = CARTESIAN_POINT ( 'NONE',  ( 1.986810442456936832, 14.36326035334449713, -10.60937449463098581 ) ) ;
#2127 = AXIS2_PLACEMENT_3D ( 'NONE', #1135, #1501, #1701 ) ;
#2128 = CARTESIAN_POINT ( 'NONE',  ( -3.673940397442174746E-16, 0.000000000000000000, -2.345597197862980821 ) ) ;
#2129 =( GEOMETRIC_REPRESENTATION_CONTEXT ( 3 ) GLOBAL_UNCERTAINTY_ASSIGNED_CONTEXT ( ( #1518 ) ) GLOBAL_UNIT_ASSIGNED_CONTEXT ( ( #2288, #1365, #1027 ) ) REPRESENTATION_CONTEXT ( 'NONE', 'WORKASPACE' ) );
#2130 = CARTESIAN_POINT ( 'NONE',  ( 14.49999999999999822, 1.775737858760213115E-15, -8.345597197863096284 ) ) ;
#2131 = ORIENTED_EDGE ( 'NONE', *, *, #24, .F. ) ;
#2132 = DIRECTION ( 'NONE',  ( -1.224646799147352714E-16, -0.000000000000000000, -1.000000000000000000 ) ) ;
#2133 = ADVANCED_BREP_SHAPE_REPRESENTATION ( 'Bulkhead', ( #324, #580, #1062, #2273 ), #865 ) ;
#2134 = LINE ( 'NONE', #510, #205 ) ;
#2135 = EDGE_CURVE ( 'NONE', #1858, #439, #555, .T. ) ;
#2136 = CARTESIAN_POINT ( 'NONE',  ( -21.92652733036036850, -1.797202985568162159, -11.23286365855592805 ) ) ;
#2137 = VERTEX_POINT ( 'NONE', #89 ) ;
#2138 = LINE ( 'NONE', #1238, #1198 ) ;
#2139 = EDGE_CURVE ( 'NONE', #1700, #1504, #1240, .T. ) ;
#2140 = DIRECTION ( 'NONE',  ( 1.000000000000000000, 0.000000000000000000, 0.000000000000000000 ) ) ;
#2141 = CARTESIAN_POINT ( 'NONE',  ( -14.50000000000000000, 0.000000000000000000, -15.34559719786310161 ) ) ;
#2142 = ORIENTED_EDGE ( 'NONE', *, *, #1551, .T. ) ;
#2143 = CARTESIAN_POINT ( 'NONE',  ( 9.060395969355802492, -11.32225634661295821, -9.116793130705076464 ) ) ;
#2144 = CARTESIAN_POINT ( 'NONE',  ( -11.53001852656781701, -8.792573082792200623, -10.86551784529266129 ) ) ;
#2145 = CARTESIAN_POINT ( 'NONE',  ( 10.06732907529952215, 10.43624765903850360, -8.358398025117962149 ) ) ;
#2146 = CARTESIAN_POINT ( 'NONE',  ( -1.489794129142316643E-15, 22.00000000000000000, -12.34559719786309451 ) ) ;
#2147 = VECTOR ( 'NONE', #1309, 1000.000000000000000 ) ;
#2148 = DIRECTION ( 'NONE',  ( -1.000000000000000000, 0.000000000000000000, 0.000000000000000000 ) ) ;
#2149 = CARTESIAN_POINT ( 'NONE',  ( 1.796567130364138176, 14.38836057571741200, -11.23415758444835610 ) ) ;
#2150 = DIRECTION ( 'NONE',  ( -0.7071067811865536790, -0.7071067811865413555, 8.659560562355004349E-17 ) ) ;
#2151 = CARTESIAN_POINT ( 'NONE',  ( -1.005660830968236663, 21.97832228265507837, -12.09388434088243081 ) ) ;
#2152 = VERTEX_POINT ( 'NONE', #1835 ) ;
#2153 = CARTESIAN_POINT ( 'NONE',  ( 9.519322845154400525, -10.93820519083853426, -8.610540671612906038 ) ) ;
#2154 = CARTESIAN_POINT ( 'NONE',  ( -0.5182374821870492365, 14.49130107173412796, -8.409507624355038402 ) ) ;
#2155 = FACE_BOUND ( 'NONE', #2081, .T. ) ;
#2156 = CARTESIAN_POINT ( 'NONE',  ( 21.96641898651597913, -1.219914872123364802, -8.755385038765965078 ) ) ;
#2157 = CARTESIAN_POINT ( 'NONE',  ( 0.000000000000000000, 0.000000000000000000, 2.154402802136967665 ) ) ;
#2158 = ORIENTED_EDGE ( 'NONE', *, *, #2135, .F. ) ;
#2159 = CARTESIAN_POINT ( 'NONE',  ( 1.999909027613506751, 14.36141928534989098, -10.47917192924835383 ) ) ;
#2160 = DIRECTION ( 'NONE',  ( -1.000000000000000000, 1.047444401652940007E-14, 1.224646799147352714E-16 ) ) ;
#2161 = VECTOR ( 'NONE', #54, 1000.000000000000000 ) ;
#2162 = CARTESIAN_POINT ( 'NONE',  ( 14.91765066186246536, 16.17029376339952407, -12.14355153469266035 ) ) ;
#2163 = ORIENTED_EDGE ( 'NONE', *, *, #1136, .F. ) ;
#2164 = CARTESIAN_POINT ( 'NONE',  ( -10.34748845273107243, -10.15859049045094942, -8.345687994921382469 ) ) ;
#2165 = EDGE_CURVE ( 'NONE', #1459, #1321, #1656, .T. ) ;
#2166 = CARTESIAN_POINT ( 'NONE',  ( -1.003731041264757540, 14.46562509302745703, -12.08038309875724003 ) ) ;
#2167 = VECTOR ( 'NONE', #1761, 999.9999999999998863 ) ;
#2168 = CARTESIAN_POINT ( 'NONE',  ( 9.276457006675014938, 11.14477098027924029, -8.838392769971893159 ) ) ;
#2169 = AXIS2_PLACEMENT_3D ( 'NONE', #297, #2091, #1046 ) ;
#2170 = FACE_BOUND ( 'NONE', #1954, .T. ) ;
#2171 = ADVANCED_FACE ( 'NONE', ( #1496 ), #2229, .F. ) ;
#2172 = CARTESIAN_POINT ( 'NONE',  ( -22.00000000000000355, 0.000000000000000000, 3.654402802137027173 ) ) ;
#2173 = DIRECTION ( 'NONE',  ( -1.224646799147352714E-16, -0.000000000000000000, -1.000000000000000000 ) ) ;
#2174 = ORIENTED_EDGE ( 'NONE', *, *, #2181, .F. ) ;
#2175 = CARTESIAN_POINT ( 'NONE',  ( 0.2611553720281357682, 14.49999999999999645, -12.34559719786309095 ) ) ;
#2176 = CARTESIAN_POINT ( 'NONE',  ( 22.00000000000000000, 2.694222958129274034E-15, -12.34559719786309806 ) ) ;
#2177 = CARTESIAN_POINT ( 'NONE',  ( -0.2610663882993600193, 22.00000000000000000, -12.34559719786309273 ) ) ;
#2178 = ORIENTED_EDGE ( 'NONE', *, *, #630, .F. ) ;
#2179 = DIRECTION ( 'NONE',  ( 0.000000000000000000, -1.000000000000000000, 0.000000000000000000 ) ) ;
#2180 = CARTESIAN_POINT ( 'NONE',  ( -11.31564297033324706, -9.067057728710361530, -11.56579796533394422 ) ) ;
#2181 = EDGE_CURVE ( 'NONE', #1735, #1877, #1284, .T. ) ;
#2182 = DIRECTION ( 'NONE',  ( 1.000000000000000000, 0.000000000000000000, 0.000000000000000000 ) ) ;
#2183 = CARTESIAN_POINT ( 'NONE',  ( 21.99880129880311586, -0.2630458159575566057, -8.358662887090883231 ) ) ;
#2184 = CARTESIAN_POINT ( 'NONE',  ( 14.83111891457409293, -16.24960749433298446, -12.08082715587264389 ) ) ;
#2185 = ORIENTED_EDGE ( 'NONE', *, *, #906, .T. ) ;
#2186 = CARTESIAN_POINT ( 'NONE',  ( 14.59464441558340297, -16.46223290073492507, -8.837786286423531479 ) ) ;
#2187 = FILL_AREA_STYLE ('',( #750 ) ) ;
#2188 = CARTESIAN_POINT ( 'NONE',  ( 14.36140661634506621, -2.000000000000049738, -10.34559719786309628 ) ) ;
#2189 = ORIENTED_EDGE ( 'NONE', *, *, #1463, .F. ) ;
#2190 = CARTESIAN_POINT ( 'NONE',  ( -11.32225634661299196, -9.060395969355765189, -9.116793130705074688 ) ) ;
#2191 = CARTESIAN_POINT ( 'NONE',  ( -0.6446091679551660958, 14.48617179312119596, -12.24339818829716897 ) ) ;
#2192 = VECTOR ( 'NONE', #1532, 1000.000000000000000 ) ;
#2193 = CARTESIAN_POINT ( 'NONE',  ( -21.96634392913756528, -1.230379450889726334, -8.747434047494873965 ) ) ;
#2194 = ORIENTED_EDGE ( 'NONE', *, *, #1855, .F. ) ;
#2195 = CARTESIAN_POINT ( 'NONE',  ( 1.003512322872455176, 21.97736831895097964, -12.08051275636668009 ) ) ;
#2196 = B_SPLINE_CURVE_WITH_KNOTS ( 'NONE', 3,
 ( #1296, #2016, #1473, #743, #1970, #521, #394, #380, #548, #2193, #18, #2003, #910, #1437 ),
 .UNSPECIFIED., .F., .F.,
 ( 4, 2, 2, 2, 2, 2, 4 ),
 ( 0.009385019702454646187, 0.009775744869398080711, 0.01016647003634151697, 0.01055719520328495149, 0.01094792037022838602, 0.01172937070411525333, 0.01251082103800211891 ),
 .UNSPECIFIED. ) ;
#2197 = CARTESIAN_POINT ( 'NONE',  ( -21.99090175233655131, 0.6441478852007093137, -12.24355874586975723 ) ) ;
#2198 = CARTESIAN_POINT ( 'NONE',  ( 16.00488266907432688, -15.09498037140717308, -12.24381638214830126 ) ) ;
#2199 = VERTEX_POINT ( 'NONE', #800 ) ;
#2200 = CARTESIAN_POINT ( 'NONE',  ( 14.23331496904451754, -16.77543683794039353, -9.459030265573307616 ) ) ;
#2201 = DIRECTION ( 'NONE',  ( -1.224646799147352714E-16, -0.000000000000000000, -1.000000000000000000 ) ) ;
#2202 = CARTESIAN_POINT ( 'NONE',  ( 21.99999999999987210, 2.694222958124176809E-15, -1026.343244570043453 ) ) ;
#2203 = VECTOR ( 'NONE', #255, 1000.000000000000000 ) ;
#2204 = CARTESIAN_POINT ( 'NONE',  ( 11.50670804550362192, -8.823164668437845748, -10.99094926575742015 ) ) ;
#2205 = DIRECTION ( 'NONE',  ( -1.000000000000000000, 1.224646799147352961E-16, 0.000000000000000000 ) ) ;
#2206 = AXIS2_PLACEMENT_3D ( 'NONE', #550, #1071, #1438 ) ;
#2207 = CARTESIAN_POINT ( 'NONE',  ( -1.228747819505960237, -21.96643704262504571, -8.746172912168576730 ) ) ;
#2208 = ORIENTED_EDGE ( 'NONE', *, *, #1645, .T. ) ;
#2209 = AXIS2_PLACEMENT_3D ( 'NONE', #584, #2063, #597 ) ;
#2210 = CARTESIAN_POINT ( 'NONE',  ( -21.97742727180191480, 1.002265789125792006, -8.609926636499519503 ) ) ;
#2211 = VECTOR ( 'NONE', #896, 1000.000000000000000 ) ;
#2212 = CARTESIAN_POINT ( 'NONE',  ( 21.91803538072950630, -1.897961756668984590, -9.701450002455819899 ) ) ;
#2213 = CARTESIAN_POINT ( 'NONE',  ( 15.64864369139775491, -15.46406784707906290, -12.34569960743100125 ) ) ;
#2214 = VERTEX_POINT ( 'NONE', #1344 ) ;
#2215 = CARTESIAN_POINT ( 'NONE',  ( 1.936489785629160520, -14.37013090274284544, -10.86233516500061214 ) ) ;
#2216 = CARTESIAN_POINT ( 'NONE',  ( 21.96643992068868556, -1.219576750269691923, -11.93610839886779296 ) ) ;
#2217 = CARTESIAN_POINT ( 'NONE',  ( -14.44886444936754977, 1.230656345547121555, -8.747698986181488223 ) ) ;
#2218 = EDGE_CURVE ( 'NONE', #1328, #2262, #520, .T. ) ;
#2219 = EDGE_LOOP ( 'NONE', ( #2060, #763, #879, #1234, #1428, #1606 ) ) ;
#2220 = DIRECTION ( 'NONE',  ( -1.000000000000000000, 0.000000000000000000, 1.246832498358329853E-16 ) ) ;
#2221 = CARTESIAN_POINT ( 'NONE',  ( -1.796715694603893132, -21.92656736294767938, -9.457355150164611146 ) ) ;
#2222 = EDGE_LOOP ( 'NONE', ( #193, #1197 ) ) ;
#2223 = CARTESIAN_POINT ( 'NONE',  ( -22.00000000000012434, 0.000000000000000000, -1026.343244570043453 ) ) ;
#2224 = FACE_OUTER_BOUND ( 'NONE', #409, .T. ) ;
#2225 = CARTESIAN_POINT ( 'NONE',  ( 15.73990172250658937, -15.37113666591730521, -12.33280400955031730 ) ) ;
#2226 = ORIENTED_EDGE ( 'NONE', *, *, #191, .F. ) ;
#2227 = CARTESIAN_POINT ( 'NONE',  ( 15.18532977498988856, -15.91924061874781060, -8.409674334288299136 ) ) ;
#2228 = CARTESIAN_POINT ( 'NONE',  ( 0.000000000000000000, 0.000000000000000000, -5.345597197863094507 ) ) ;
#2229 = CYLINDRICAL_SURFACE ( 'NONE', #1848, 2.000000000000000000 ) ;
#2230 = ORIENTED_EDGE ( 'NONE', *, *, #2041, .F. ) ;
#2231 = CARTESIAN_POINT ( 'NONE',  ( -9.787957899732241174, -10.69862470743423088, -8.447571111611614114 ) ) ;
#2232 = CARTESIAN_POINT ( 'NONE',  ( -1.986840489542123889, -21.91011457438219168, -10.08205447609660688 ) ) ;
#2233 = B_SPLINE_CURVE_WITH_KNOTS ( 'NONE', 3,
 ( #147, #1001, #725, #1607, #1446, #2, #378, #884, #1825, #546, #1791, #1269, #1092, #2321 ),
 .UNSPECIFIED., .F., .F.,
 ( 4, 2, 2, 2, 2, 2, 4 ),
 ( 0.006260373391282174696, 0.007043068042360515688, 0.007825762693438858414, 0.008217110018978027175, 0.008608457344517199405, 0.008999804670056369901, 0.009391151995595540397 ),
 .UNSPECIFIED. ) ;
#2234 = ORIENTED_EDGE ( 'NONE', *, *, #2275, .F. ) ;
#2235 = DIRECTION ( 'NONE',  ( -1.000000000000000000, 0.000000000000000000, 1.182766006347822862E-16 ) ) ;
#2236 = CARTESIAN_POINT ( 'NONE',  ( -14.83111891457398634, 16.24960749433308038, -12.08082715587263678 ) ) ;
#2237 = ORIENTED_EDGE ( 'NONE', *, *, #818, .T. ) ;
#2238 = CARTESIAN_POINT ( 'NONE',  ( 16.77523355995187870, -14.23355467093774074, -9.458399299227460588 ) ) ;
#2239 = FACE_BOUND ( 'NONE', #759, .T. ) ;
#2240 = CARTESIAN_POINT ( 'NONE',  ( -2.465190328815661892E-29, 0.000000000000000000, 0.6544028021369108217 ) ) ;
#2241 = ORIENTED_EDGE ( 'NONE', *, *, #1231, .F. ) ;
#2242 = CARTESIAN_POINT ( 'NONE',  ( 14.36897995213022128, -1.947442882461419389, -9.820810402669005512 ) ) ;
#2243 = DIRECTION ( 'NONE',  ( -0.000000000000000000, -0.000000000000000000, 1.000000000000000000 ) ) ;
#2244 = EDGE_LOOP ( 'NONE', ( #435, #66 ) ) ;
#2245 = EDGE_CURVE ( 'NONE', #713, #251, #930, .T. ) ;
#2246 = LINE ( 'NONE', #1337, #1299 ) ;
#2247 = AXIS2_PLACEMENT_3D ( 'NONE', #189, #381, #898 ) ;
#2248 = EDGE_CURVE ( 'NONE', #961, #1321, #1320, .T. ) ;
#2249 = DIRECTION ( 'NONE',  ( -1.000000000000000000, 0.000000000000000000, 0.000000000000000000 ) ) ;
#2250 = VERTEX_POINT ( 'NONE', #776 ) ;
#2251 = AXIS2_PLACEMENT_3D ( 'NONE', #1431, #2150, #1800 ) ;
#2252 = CARTESIAN_POINT ( 'NONE',  ( -16.73475855144255675, -14.28121598776657031, -9.342086687517165089 ) ) ;
#2253 = VECTOR ( 'NONE', #1230, 1000.000000000000000 ) ;
#2254 = CARTESIAN_POINT ( 'NONE',  ( -9.274953846739339980, 11.14602158242299090, -8.840092575192016966 ) ) ;
#2255 = CARTESIAN_POINT ( 'NONE',  ( -14.39588582138982886, 1.736030377017385051, -9.343965663225100471 ) ) ;
#2256 = CARTESIAN_POINT ( 'NONE',  ( -14.07771982245671794, -16.90614694720263955, -10.34559719786309273 ) ) ;
#2257 = FACE_BOUND ( 'NONE', #2038, .T. ) ;
#2258 = CARTESIAN_POINT ( 'NONE',  ( -1.505482643638160312, -21.94862333718432623, -9.022526216355762685 ) ) ;
#2259 = EDGE_LOOP ( 'NONE', ( #2189, #337, #1512, #1743 ) ) ;
#2260 = CARTESIAN_POINT ( 'NONE',  ( 3.673940397441928227E-16, 0.000000000000000000, 3.654402802137024509 ) ) ;
#2261 = LINE ( 'NONE', #605, #1030 ) ;
#2262 = VERTEX_POINT ( 'NONE', #261 ) ;
#2263 = CARTESIAN_POINT ( 'NONE',  ( -16.73532761313681760, 14.28054999834525951, -9.343542254911570311 ) ) ;
#2264 = CARTESIAN_POINT ( 'NONE',  ( -14.37023866515837689, -1.935693333025719776, -10.86540657523817544 ) ) ;
#2265 = CARTESIAN_POINT ( 'NONE',  ( -14.67141850187377017, -16.39394160526225264, -11.93730004919324550 ) ) ;
#2266 = DIRECTION ( 'NONE',  ( -0.7071067811865536790, -0.7071067811865414665, 8.659560562355004349E-17 ) ) ;
#2267 = VECTOR ( 'NONE', #2266, 1000.000000000000000 ) ;
#2268 = ORIENTED_EDGE ( 'NONE', *, *, #1433, .T. ) ;
#2269 = CYLINDRICAL_SURFACE ( 'NONE', #1257, 14.50000000000000000 ) ;
#2270 = CARTESIAN_POINT ( 'NONE',  ( 0.1322180843726674104, -22.00000000000000711, -12.34559719786309628 ) ) ;
#2271 = LINE ( 'NONE', #2304, #1631 ) ;
#2272 = EDGE_LOOP ( 'NONE', ( #81, #231, #2185, #1790 ) ) ;
#2273 = AXIS2_PLACEMENT_3D ( 'NONE', #2277, #687, #1764 ) ;
#2274 = CARTESIAN_POINT ( 'NONE',  ( -14.07771982245636622, 16.90614694720293087, -10.34559719786309273 ) ) ;
#2275 = EDGE_CURVE ( 'NONE', #948, #26, #524, .T. ) ;
#2276 = CARTESIAN_POINT ( 'NONE',  ( -11.32112473982161305, 9.061811840005102425, -9.114497052419975986 ) ) ;
#2277 = CARTESIAN_POINT ( 'NONE',  ( 0.000000000000000000, 0.000000000000000000, 0.000000000000000000 ) ) ;
#2278 = CARTESIAN_POINT ( 'NONE',  ( -14.07771982245672149, -16.90614694720263600, -10.60997183886108353 ) ) ;
#2279 = EDGE_CURVE ( 'NONE', #121, #2043, #981, .T. ) ;
#2280 = CARTESIAN_POINT ( 'NONE',  ( 16.17039155780985737, 14.91754416410512363, -8.547718362238887480 ) ) ;
#2281 = ORIENTED_EDGE ( 'NONE', *, *, #1925, .F. ) ;
#2282 = CARTESIAN_POINT ( 'NONE',  ( -1.257709381586202618E-13, 0.000000000000000000, -1026.343244570043453 ) ) ;
#2283 = CARTESIAN_POINT ( 'NONE',  ( -5.542876759145976466E-16, -22.00000000000000000, -8.345597197863094507 ) ) ;
#2284 = CARTESIAN_POINT ( 'NONE',  ( -14.44900610650207895, -1.219877450813404041, -8.755320241790768065 ) ) ;
#2285 = CIRCLE ( 'NONE', #957, 20.00000000000000355 ) ;
#2286 = CARTESIAN_POINT ( 'NONE',  ( -15.64813433760022399, -15.46457008056733429, -8.345550171331709066 ) ) ;
#2287 = CIRCLE ( 'NONE', #431, 22.00000000000000000 ) ;
#2288 =( LENGTH_UNIT ( ) NAMED_UNIT ( * ) SI_UNIT ( .MILLI., .METRE. ) );
#2289 = EDGE_CURVE ( 'NONE', #1949, #843, #2080, .T. ) ;
#2290 = CARTESIAN_POINT ( 'NONE',  ( 8.740834443421794830, -11.56926156816809126, -10.34559719786309628 ) ) ;
#2291 = CARTESIAN_POINT ( 'NONE',  ( 14.39473278266590661, 1.746944141933350902, -9.337652306617327369 ) ) ;
#2292 = ORIENTED_EDGE ( 'NONE', *, *, #787, .T. ) ;
#2293 = CARTESIAN_POINT ( 'NONE',  ( -11.53027758765417232, 8.792232866000569302, -10.86383290977499883 ) ) ;
#2294 = CARTESIAN_POINT ( 'NONE',  ( 0.000000000000000000, 0.000000000000000000, 3.654402802137024509 ) ) ;
#2295 = CARTESIAN_POINT ( 'NONE',  ( -0.1323143903708700886, -14.50000000000000000, -12.34559719786309273 ) ) ;
#2296 = CARTESIAN_POINT ( 'NONE',  ( -16.64046224297577936, 14.39098033194250625, -9.126172643533649875 ) ) ;
#2297 = CARTESIAN_POINT ( 'NONE',  ( -14.44002079307726127, -1.320823692730604959, -11.85317984696088622 ) ) ;
#2298 = CARTESIAN_POINT ( 'NONE',  ( 8.740834443421796607, -11.56926156816809126, -10.47620651877869236 ) ) ;
#2299 = CARTESIAN_POINT ( 'NONE',  ( 14.49131514202085569, 0.5178301605447968026, -8.409402763539272740 ) ) ;
#2300 = ORIENTED_EDGE ( 'NONE', *, *, #1676, .T. ) ;
#2301 = FILL_AREA_STYLE ('',( #1768 ) ) ;
#2302 = ADVANCED_FACE ( 'NONE', ( #960 ), #1355, .F. ) ;
#2303 = CARTESIAN_POINT ( 'NONE',  ( 1.219426380575302504, -21.96644809486309313, -11.93621973104771072 ) ) ;
#2304 = CARTESIAN_POINT ( 'NONE',  ( 13.99999999999999112, -2.000000000000048406, -10.34559719786309628 ) ) ;
#2305 = CARTESIAN_POINT ( 'NONE',  ( 8.740834443421794830, -11.56926156816809126, -10.34559719786309628 ) ) ;
#2306 = FACE_BOUND ( 'NONE', #1907, .T. ) ;
#2307 = CARTESIAN_POINT ( 'NONE',  ( 0.000000000000000000, 0.000000000000000000, 0.6544028021369112658 ) ) ;
#2308 = CARTESIAN_POINT ( 'NONE',  ( 15.91924061874774843, 15.18532977498994718, -8.409674334288299136 ) ) ;
#2309 = ORIENTED_EDGE ( 'NONE', *, *, #1992, .T. ) ;
#2310 = CARTESIAN_POINT ( 'NONE',  ( 22.00000000000000000, 0.000000000000000000, 3.654402802137024509 ) ) ;
#2311 = CARTESIAN_POINT ( 'NONE',  ( 20.00000000000000355, 2.449293598294706907E-15, -2.345597197862983485 ) ) ;
#2312 = EDGE_CURVE ( 'NONE', #1455, #1914, #427, .T. ) ;
#2313 = CARTESIAN_POINT ( 'NONE',  ( -0.5182374821870486814, -14.49130107173412618, -12.28168677137114706 ) ) ;
#2314 = EDGE_CURVE ( 'NONE', #2250, #363, #1564, .T. ) ;
#2315 = LINE ( 'NONE', #317, #2167 ) ;
#2316 = CARTESIAN_POINT ( 'NONE',  ( 0.000000000000000000, 0.000000000000000000, 0.6544028021369138193 ) ) ;
#2317 = AXIS2_PLACEMENT_3D ( 'NONE', #157, #1441, #1959 ) ;
#2318 = DIRECTION ( 'NONE',  ( 1.224646799147352714E-16, 0.000000000000000000, 1.000000000000000000 ) ) ;
#2319 = CARTESIAN_POINT ( 'NONE',  ( 14.50000000000000178, 0.2613098488039691802, -12.34559719786309095 ) ) ;
#2320 = EDGE_LOOP ( 'NONE', ( #1883, #2110 ) ) ;
#2321 = CARTESIAN_POINT ( 'NONE',  ( -14.36140661634505378, 2.000000000000150102, -10.34559719786309273 ) ) ;
#2322 = DIRECTION ( 'NONE',  ( -1.224646799147352714E-16, -0.000000000000000000, -1.000000000000000000 ) ) ;
#2323 = FACE_BOUND ( 'NONE', #327, .T. ) ;
#2324 = DIRECTION ( 'NONE',  ( 1.000000000000000000, 0.000000000000000000, 0.000000000000000000 ) ) ;
#2325 = VERTEX_POINT ( 'NONE', #460 ) ;
#2326 = CARTESIAN_POINT ( 'NONE',  ( 0.000000000000000000, 0.000000000000000000, 0.000000000000000000 ) ) ;
#2327 = CARTESIAN_POINT ( 'NONE',  ( 14.46705069250960562, 1.006254757161518576, -12.09355042091216070 ) ) ;
ENDSEC;
END-ISO-10303-21;
