ISO-10303-21;
HEADER;
FILE_DESCRIPTION (( 'STEP AP214' ),
    '1' );
FILE_NAME ('BulkheadV2_Sensorpressão.STEP',
    '2026-07-02T14:50:22',
    ( '' ),
    ( '' ),
    'SwSTEP 2.0',
    'SolidWorks 2023',
    '' );
FILE_SCHEMA (( 'AUTOMOTIVE_DESIGN' ));
ENDSEC;

DATA;
#1 = CARTESIAN_POINT ( 'NONE',  ( -1.882669717801283449, 21.91960135072731930, -10.84709073237781851 ) ) ;
#2 = CARTESIAN_POINT ( 'NONE',  ( -1.653828630337762506, -21.93805357949027268, -14.38186143982011345 ) ) ;
#3 = DIRECTION ( 'NONE',  ( -1.047444401652940007E-14, 1.000000000000000000, -0.000000000000000000 ) ) ;
#4 = AXIS2_PLACEMENT_3D ( 'NONE', #909, #1011, #517 ) ;
#5 = CARTESIAN_POINT ( 'NONE',  ( 14.86810114881627598, -1.998320596987777753, -14.03710895542393189 ) ) ;
#6 = CARTESIAN_POINT ( 'NONE',  ( -2.372126299420753259, -21.87182982029375822, -13.30593262608005034 ) ) ;
#7 = PRODUCT_DEFINITION_FORMATION_WITH_SPECIFIED_SOURCE ( 'ANY', '', #280, .NOT_KNOWN. ) ;
#8 = DIRECTION ( 'NONE',  ( -0.000000000000000000, -0.000000000000000000, 1.000000000000000000 ) ) ;
#9 = CARTESIAN_POINT ( 'NONE',  ( 21.85939360292231015, -2.483534032254269164, -12.17044288803512586 ) ) ;
#10 = CARTESIAN_POINT ( 'NONE',  ( -1.253092671842523043, 21.96471043806710099, -10.33048857550062216 ) ) ;
#11 =( NAMED_UNIT ( * ) SI_UNIT ( $, .STERADIAN. ) SOLID_ANGLE_UNIT ( ) );
#12 = CARTESIAN_POINT ( 'NONE',  ( 14.92292678812147244, -1.524746365822093663, -14.48791754438988910 ) ) ;
#13 = CARTESIAN_POINT ( 'NONE',  ( 14.98868157663629574, 0.6560034371432841294, -10.06571399227707353 ) ) ;
#14 = LINE ( 'NONE', #908, #662 ) ;
#15 = DIRECTION ( 'NONE',  ( 1.000000000000000000, 0.000000000000000000, 0.000000000000000000 ) ) ;
#16 = CARTESIAN_POINT ( 'NONE',  ( 0.000000000000000000, 0.000000000000000000, -19.99999999999999645 ) ) ;
#17 = CARTESIAN_POINT ( 'NONE',  ( 21.99813803720676830, 0.3278594320300151077, -14.98376240628738110 ) ) ;
#18 = ADVANCED_FACE ( 'NONE', ( #1149, #588 ), #961, .F. ) ;
#19 = CARTESIAN_POINT ( 'NONE',  ( 0.6462656219364076859, -14.98692689015469881, -10.07947164278905205 ) ) ;
#20 = DIRECTION ( 'NONE',  ( 1.000000000000000000, 0.000000000000000000, 0.000000000000000000 ) ) ;
#21 = EDGE_LOOP ( 'NONE', ( #704, #1070 ) ) ;
#22 = ORIENTED_EDGE ( 'NONE', *, *, #619, .T. ) ;
#23 = CARTESIAN_POINT ( 'NONE',  ( 15.00000000000000178, 1.118068338187844452E-22, -9.999999999999996447 ) ) ;
#24 = CARTESIAN_POINT ( 'NONE',  ( 2.433457143917098442, -21.86536246516537929, -13.15899332099816732 ) ) ;
#25 = CARTESIAN_POINT ( 'NONE',  ( -18.99999999999999645, 2.326828918379970576E-15, 0.000000000000000000 ) ) ;
#26 = ORIENTED_EDGE ( 'NONE', *, *, #549, .F. ) ;
#27 = CARTESIAN_POINT ( 'NONE',  ( 21.88501482311159663, 2.247242501584559182, -11.39240820680772259 ) ) ;
#28 = CARTESIAN_POINT ( 'NONE',  ( -22.00000000000000000, 2.694222932038291239E-15, -14.99999999999999822 ) ) ;
#29 = AXIS2_PLACEMENT_3D ( 'NONE', #709, #1068, #521 ) ;
#30 = LINE ( 'NONE', #25, #92 ) ;
#31 = EDGE_LOOP ( 'NONE', ( #625, #42, #1065, #418 ) ) ;
#32 = CARTESIAN_POINT ( 'NONE',  ( 14.81148604729126639, 2.371485010187309506, -11.69193636170322925 ) ) ;
#33 = CARTESIAN_POINT ( 'NONE',  ( -21.93824719045283089, -1.651269293255042570, -14.38410756292445747 ) ) ;
#34 = CARTESIAN_POINT ( 'NONE',  ( 1.251333443343993990, -14.94833821257027573, -10.32954296118126258 ) ) ;
#35 = ORIENTED_EDGE ( 'NONE', *, *, #936, .F. ) ;
#36 = FACE_OUTER_BOUND ( 'NONE', #102, .T. ) ;
#37 = CARTESIAN_POINT ( 'NONE',  ( 14.97887853606511754, 0.8098636558908917094, -14.87078418765327648 ) ) ;
#38 = B_SPLINE_CURVE_WITH_KNOTS ( 'NONE', 3,
 ( #46, #76, #331, #612, #514, #997, #991, #421, #810, #335, #900, #1160, #62, #242, #348, #54, #606, #1170, #235, #166, #528, #790, #508, #442, #1080, #436, #146, #696, #342, #255, #501, #1055 ),
 .UNSPECIFIED., .F., .F.,
 ( 4, 2, 2, 2, 2, 2, 2, 2, 2, 2, 2, 2, 2, 2, 2, 4 ),
 ( 1.788112030672749005E-18, 0.0004893622947243720994, 0.0009787245894487424640, 0.001468086884173112937, 0.001957449178897483193, 0.002936173768346225441, 0.003425536063070596347, 0.003914898357794966387, 0.004404260652519336426, 0.004893622947243707333, 0.005382985241968077372, 0.005872347536692448279, 0.006361709831416817451, 0.006851072126141187491, 0.007340434420865556663, 0.007829796715589925835 ),
 .UNSPECIFIED. ) ;
#39 = B_SPLINE_CURVE_WITH_KNOTS ( 'NONE', 3,
 ( #850, #1135, #756, #205, #565, #1038, #1047, #306, #655, #489, #130, #120, #220, #864, #299, #940, #405, #19, #319, #665, #34, #1032, #115, #1042, #391, #773, #859, #571, #946, #215 ),
 .UNSPECIFIED., .F., .F.,
 ( 4, 2, 2, 2, 2, 2, 2, 2, 2, 2, 2, 2, 2, 2, 4 ),
 ( 0.007829796715589924100, 0.008808276655625656495, 0.009297516625643520091, 0.009786756595661383687, 0.01027599656567924902, 0.01076523653569711261, 0.01125447650571497621, 0.01174371647573283980, 0.01223295644575070340, 0.01272219641576856700, 0.01321143638578643059, 0.01370067635580429419, 0.01467915629584002138, 0.01516839626585788151, 0.01565763623587574163 ),
 .UNSPECIFIED. ) ;
#40 = CARTESIAN_POINT ( 'NONE',  ( -21.93812273727902351, 1.652915290312098495, -10.61733554708628091 ) ) ;
#41 = CARTESIAN_POINT ( 'NONE',  ( 1.987557621561893528, 21.91022319570532417, -10.97483743461819117 ) ) ;
#42 = ORIENTED_EDGE ( 'NONE', *, *, #1087, .T. ) ;
#43 = ORIENTED_EDGE ( 'NONE', *, *, #1058, .F. ) ;
#44 = CIRCLE ( 'NONE', #204, 21.99999999999999645 ) ;
#45 = CARTESIAN_POINT ( 'NONE',  ( -21.91018038262051704, 1.988028014288404810, -14.02455120428997049 ) ) ;
#46 = CARTESIAN_POINT ( 'NONE',  ( -2.500000000000155431, 14.79019945774901679, -12.49999999999999822 ) ) ;
#47 = AXIS2_PLACEMENT_3D ( 'NONE', #96, #387, #268 ) ;
#48 = EDGE_LOOP ( 'NONE', ( #1043, #131, #438, #392, #911, #1048, #553, #823 ) ) ;
#49 = AXIS2_PLACEMENT_3D ( 'NONE', #1088, #811, #261 ) ;
#50 = CARTESIAN_POINT ( 'NONE',  ( 2.247286451210299685, 14.83083556013114723, -11.39264975929544654 ) ) ;
#51 = CARTESIAN_POINT ( 'NONE',  ( -2.484175707895583507, -21.85932089784034815, -12.82547219812277284 ) ) ;
#52 = CARTESIAN_POINT ( 'NONE',  ( 0.000000000000000000, 0.000000000000000000, 0.000000000000000000 ) ) ;
#53 = CARTESIAN_POINT ( 'NONE',  ( 2.500000000000051514, -14.79019945774903277, -12.49999999999999822 ) ) ;
#54 = CARTESIAN_POINT ( 'NONE',  ( 0.1624344053887212258, 15.00001026027653772, -15.00006156166348781 ) ) ;
#55 = EDGE_LOOP ( 'NONE', ( #1148, #687 ) ) ;
#56 = ORIENTED_EDGE ( 'NONE', *, *, #1141, .F. ) ;
#57 = CARTESIAN_POINT ( 'NONE',  ( 0.8080712868732728982, 14.97898730644486243, -10.12851718214417041 ) ) ;
#58 = ORIENTED_EDGE ( 'NONE', *, *, #311, .F. ) ;
#59 = AXIS2_PLACEMENT_3D ( 'NONE', #701, #963, #1050 ) ;
#60 = FACE_OUTER_BOUND ( 'NONE', #637, .T. ) ;
#61 = CARTESIAN_POINT ( 'NONE',  ( -21.89300751915558862, 2.168981685206541776, -13.75380628860126997 ) ) ;
#62 = CARTESIAN_POINT ( 'NONE',  ( -0.6496219739414582639, 14.98679690877780857, -14.91972873638424879 ) ) ;
#63 = AXIS2_PLACEMENT_3D ( 'NONE', #720, #171, #532 ) ;
#64 = CARTESIAN_POINT ( 'NONE',  ( 0.3299441087382749549, 14.99722332253994317, -10.01651462928420777 ) ) ;
#65 = ORIENTED_EDGE ( 'NONE', *, *, #1152, .T. ) ;
#66 = AXIS2_PLACEMENT_3D ( 'NONE', #555, #1034, #290 ) ;
#67 = CARTESIAN_POINT ( 'NONE',  ( 14.80344782406599080, 2.420530308301032996, -13.14625777822864272 ) ) ;
#68 = CARTESIAN_POINT ( 'NONE',  ( -14.84267636493808240, -2.168708731058762496, -13.75426410340664596 ) ) ;
#69 = CARTESIAN_POINT ( 'NONE',  ( -21.97254445396936262, 1.109163278444003975, -10.25353444762527211 ) ) ;
#70 = CARTESIAN_POINT ( 'NONE',  ( -14.79021646869765050, 2.499899361851833035, -12.66668370782974584 ) ) ;
#71 = CARTESIAN_POINT ( 'NONE',  ( 1.525365273026733082, 14.92286078814608175, -10.51258305380699198 ) ) ;
#72 = STYLED_ITEM ( 'NONE', ( #543 ), #806 ) ;
#73 = CARTESIAN_POINT ( 'NONE',  ( 14.94995795112519232, 1.260746848851914681, -14.68323260449938950 ) ) ;
#74 = CARTESIAN_POINT ( 'NONE',  ( -14.79292830875091269, -2.484015620832729532, -12.17325573488254342 ) ) ;
#75 = CARTESIAN_POINT ( 'NONE',  ( 22.00000000000000000, -6.788806661118288209E-17, -14.99999999999999822 ) ) ;
#76 = CARTESIAN_POINT ( 'NONE',  ( -2.500000000000155431, 14.79019945774901501, -12.66549235002043261 ) ) ;
#77 = CARTESIAN_POINT ( 'NONE',  ( -1.651520914051026745, 14.90925587235635597, -10.61613815620780699 ) ) ;
#78 = DIRECTION ( 'NONE',  ( -0.000000000000000000, -0.000000000000000000, 1.000000000000000000 ) ) ;
#79 = DIRECTION ( 'NONE',  ( 1.000000000000000000, 0.000000000000000000, 0.000000000000000000 ) ) ;
#80 = ORIENTED_EDGE ( 'NONE', *, *, #362, .F. ) ;
#81 = ADVANCED_FACE ( 'NONE', ( #36 ), #493, .T. ) ;
#82 = CARTESIAN_POINT ( 'NONE',  ( -2.246769588920106919, -14.83091538126965148, -13.60852318156936391 ) ) ;
#83 = CARTESIAN_POINT ( 'NONE',  ( -14.92262809724313932, 1.539076963317370206, -10.50323566473297277 ) ) ;
#84 = DIRECTION ( 'NONE',  ( 3.491481338843134144E-15, -1.000000000000000000, -0.000000000000000000 ) ) ;
#85 = LINE ( 'NONE', #999, #1069 ) ;
#86 = CARTESIAN_POINT ( 'NONE',  ( -0.3280850848413719434, -21.99813839183710940, -10.01623253098149924 ) ) ;
#87 = CARTESIAN_POINT ( 'NONE',  ( 2.499999999999845013, 14.79019945774906653, -12.49999999999999645 ) ) ;
#88 =( LENGTH_UNIT ( ) NAMED_UNIT ( * ) SI_UNIT ( .MILLI., .METRE. ) );
#89 = DIRECTION ( 'NONE',  ( 0.000000000000000000, 0.000000000000000000, 1.000000000000000000 ) ) ;
#90 = CARTESIAN_POINT ( 'NONE',  ( -21.97265688446556098, -1.106807772941591939, -14.74755142315275691 ) ) ;
#91 = CARTESIAN_POINT ( 'NONE',  ( 1.882669717801130904, -21.91960135072733706, -10.84709073237781851 ) ) ;
#92 = VECTOR ( 'NONE', #226, 1000.000000000000000 ) ;
#93 = CARTESIAN_POINT ( 'NONE',  ( -22.00000000000000000, 2.694222958124176809E-15, 0.000000000000000000 ) ) ;
#94 = CARTESIAN_POINT ( 'NONE',  ( 1.537141538729638102, -14.92283345945290840, -14.49829515645435585 ) ) ;
#95 = DIRECTION ( 'NONE',  ( -1.000000000000000000, 0.000000000000000000, 0.000000000000000000 ) ) ;
#96 = CARTESIAN_POINT ( 'NONE',  ( -15.00000000000000178, 0.000000000000000000, -7.500000000000000000 ) ) ;
#97 = CARTESIAN_POINT ( 'NONE',  ( -21.85939360292231370, -2.483534032254268276, -12.82955711196486881 ) ) ;
#98 = DIRECTION ( 'NONE',  ( -1.000000000000000000, -1.110223024625156540E-14, 0.000000000000000000 ) ) ;
#99 = CARTESIAN_POINT ( 'NONE',  ( 14.81146652047161538, -2.371591099940534075, -13.30750023038374152 ) ) ;
#100 = CARTESIAN_POINT ( 'NONE',  ( -14.86781845759795040, 1.989060820158212062, -10.97672878403516705 ) ) ;
#101 = CARTESIAN_POINT ( 'NONE',  ( 1.253811673208906630, 21.96466151576445469, -10.33102135436062952 ) ) ;
#102 = EDGE_LOOP ( 'NONE', ( #477, #65, #56, #770 ) ) ;
#103 =( NAMED_UNIT ( * ) PLANE_ANGLE_UNIT ( ) SI_UNIT ( $, .RADIAN. ) );
#104 = VERTEX_POINT ( 'NONE', #275 ) ;
#105 = CARTESIAN_POINT ( 'NONE',  ( -1.881830865453009594, 21.91967355718284338, -14.15386095054183180 ) ) ;
#106 = CARTESIAN_POINT ( 'NONE',  ( 21.97265688446556808, -1.106807772941593715, -10.25244857684723954 ) ) ;
#107 = FACE_BOUND ( 'NONE', #232, .T. ) ;
#108 = ORIENTED_EDGE ( 'NONE', *, *, #208, .F. ) ;
#109 = EDGE_CURVE ( 'NONE', #300, #384, #575, .T. ) ;
#110 = CARTESIAN_POINT ( 'NONE',  ( -15.00000000000000000, -0.1633121688396636517, -14.99999999999999645 ) ) ;
#111 = CARTESIAN_POINT ( 'NONE',  ( 14.81133328003143390, -2.372433769913403712, -11.69473206675428401 ) ) ;
#112 = EDGE_CURVE ( 'NONE', #1156, #502, #975, .T. ) ;
#113 = VECTOR ( 'NONE', #932, 1000.000000000000000 ) ;
#114 = CARTESIAN_POINT ( 'NONE',  ( 22.00000000000000000, -6.788806661118288209E-17, -14.99999999999999822 ) ) ;
#115 = CARTESIAN_POINT ( 'NONE',  ( 1.651520914050925048, -14.90925587235636662, -10.61613815620781054 ) ) ;
#116 = ORIENTED_EDGE ( 'NONE', *, *, #338, .F. ) ;
#117 = CARTESIAN_POINT ( 'NONE',  ( -14.97909145961874700, -0.8060905699374042443, -14.87213343815152200 ) ) ;
#118 = CARTESIAN_POINT ( 'NONE',  ( 21.93812273727902706, 1.652915290312098495, -14.38266445291371554 ) ) ;
#119 = CARTESIAN_POINT ( 'NONE',  ( 2.246013834931643860, -21.88514037433577286, -13.60991815932357341 ) ) ;
#120 = CARTESIAN_POINT ( 'NONE',  ( -0.8080712868733773702, -14.97898730644485532, -10.12851718214417218 ) ) ;
#121 = ORIENTED_EDGE ( 'NONE', *, *, #423, .F. ) ;
#122 = CARTESIAN_POINT ( 'NONE',  ( 21.93805054253645892, -1.653867570296512213, -14.38182502279616948 ) ) ;
#123 = CARTESIAN_POINT ( 'NONE',  ( -21.93805054253644826, -1.653867570296511991, -10.61817497720381809 ) ) ;
#124 = EDGE_CURVE ( 'NONE', #671, #243, #394, .T. ) ;
#125 = CYLINDRICAL_SURFACE ( 'NONE', #566, 2.500000000000000444 ) ;
#126 = ORIENTED_EDGE ( 'NONE', *, *, #635, .F. ) ;
#127 = CARTESIAN_POINT ( 'NONE',  ( 21.91954500599448608, 1.883322840898172146, -14.15216508744243207 ) ) ;
#128 = CARTESIAN_POINT ( 'NONE',  ( -21.85747907801480494, -2.500121670901561011, -12.33660381886705792 ) ) ;
#129 = AXIS2_PLACEMENT_3D ( 'NONE', #1025, #465, #461 ) ;
#130 = CARTESIAN_POINT ( 'NONE',  ( -1.111027708147418913, -14.95956741898087472, -10.25444274359720254 ) ) ;
#131 = ORIENTED_EDGE ( 'NONE', *, *, #324, .T. ) ;
#132 = DIRECTION ( 'NONE',  ( -0.000000000000000000, -0.000000000000000000, 1.000000000000000000 ) ) ;
#133 = CARTESIAN_POINT ( 'NONE',  ( -21.96462144570043407, 1.254508820498300814, -14.66857420116712873 ) ) ;
#134 = CARTESIAN_POINT ( 'NONE',  ( 2.499999999999770850, 21.85749299439441984, -12.49999999999999645 ) ) ;
#135 = UNCERTAINTY_MEASURE_WITH_UNIT (LENGTH_MEASURE( 1.000000000000000082E-05 ), #201, 'distance_accuracy_value', 'NONE');
#136 = ORIENTED_EDGE ( 'NONE', *, *, #432, .T. ) ;
#137 = ORIENTED_EDGE ( 'NONE', *, *, #694, .T. ) ;
#138 = CARTESIAN_POINT ( 'NONE',  ( 0.000000000000000000, 0.000000000000000000, 6.000000000000000000 ) ) ;
#139 = CARTESIAN_POINT ( 'NONE',  ( -14.79293157716243101, 2.483990701801981338, -12.17380024113095693 ) ) ;
#140 = VERTEX_POINT ( 'NONE', #732 ) ;
#141 = CARTESIAN_POINT ( 'NONE',  ( -0.1636549424775062267, 15.00001654778840532, -9.999900713251928863 ) ) ;
#142 = AXIS2_PLACEMENT_3D ( 'NONE', #652, #295, #642 ) ;
#143 = AXIS2_PLACEMENT_3D ( 'NONE', #1082, #1072, #257 ) ;
#144 = EDGE_CURVE ( 'NONE', #104, #942, #1031, .T. ) ;
#145 = CARTESIAN_POINT ( 'NONE',  ( -22.00000000000000000, 2.694222932038291239E-15, -14.99999999999999822 ) ) ;
#146 = CARTESIAN_POINT ( 'NONE',  ( 2.246769588920004335, 14.83091538126966924, -13.60852318156936214 ) ) ;
#147 = VECTOR ( 'NONE', #84, 1000.000000000000000 ) ;
#148 = EDGE_LOOP ( 'NONE', ( #1118, #35 ) ) ;
#149 = CARTESIAN_POINT ( 'NONE',  ( 15.00000000000000355, -0.1633121688396657889, -9.999999999999996447 ) ) ;
#150 = CARTESIAN_POINT ( 'NONE',  ( -2.499999999999923173, -21.85749299439440563, -12.33677144426187766 ) ) ;
#151 = CARTESIAN_POINT ( 'NONE',  ( -21.99104819409528133, 0.6475864700198635804, -10.07983486887676250 ) ) ;
#152 = CARTESIAN_POINT ( 'NONE',  ( -15.00000000000000355, 0.3265428542721541261, -14.99999999999999645 ) ) ;
#153 = CARTESIAN_POINT ( 'NONE',  ( 0.000000000000000000, 0.000000000000000000, 6.000000000000000000 ) ) ;
#154 = CARTESIAN_POINT ( 'NONE',  ( -15.00000000000000178, 1.836970198721029983E-15, 0.000000000000000000 ) ) ;
#155 = DIRECTION ( 'NONE',  ( -0.000000000000000000, -0.000000000000000000, 1.000000000000000000 ) ) ;
#156 = CARTESIAN_POINT ( 'NONE',  ( -7.681608093588804977E-14, 22.00100000000007583, -12.49999999999999645 ) ) ;
#157 = CARTESIAN_POINT ( 'NONE',  ( -14.80359574073695939, 2.419628181687409896, -13.14958526696861973 ) ) ;
#158 = B_SPLINE_CURVE_WITH_KNOTS ( 'NONE', 3,
 ( #718, #530, #993, #50, #889, #354, #710, #885, #71, #601, #618, #57, #998, #64, #167, #141, #245, #608, #901, #419, #425, #1064, #77, #443, #803, #1076, #792, #1177, #987, #430 ),
 .UNSPECIFIED., .F., .F.,
 ( 4, 2, 2, 2, 2, 2, 2, 2, 2, 2, 2, 2, 2, 2, 4 ),
 ( 0.007829796715589925835, 0.008808276655625654761, 0.009297516625643516622, 0.009786756595661378483, 0.01027599656567924208, 0.01076523653569710394, 0.01125447650571496580, 0.01174371647573282940, 0.01223295644575069126, 0.01272219641576855312, 0.01321143638578641671, 0.01370067635580427684, 0.01467915629584000577, 0.01516839626585787110, 0.01565763623587573816 ),
 .UNSPECIFIED. ) ;
#159 = EDGE_CURVE ( 'NONE', #228, #475, #1199, .T. ) ;
#160 = AXIS2_PLACEMENT_3D ( 'NONE', #263, #1004, #176 ) ;
#161 = LINE ( 'NONE', #1071, #471 ) ;
#162 = VECTOR ( 'NONE', #751, 1000.000000000000000 ) ;
#163 = CARTESIAN_POINT ( 'NONE',  ( 15.00000000000000178, -2.105391304433167785E-16, -14.99999999999999822 ) ) ;
#164 = CARTESIAN_POINT ( 'NONE',  ( -14.86810114881627598, -1.998320596987776865, -10.96289104457606278 ) ) ;
#165 = CARTESIAN_POINT ( 'NONE',  ( -1.884185137447601299, -14.88165267448386864, -14.15134646383204320 ) ) ;
#166 = CARTESIAN_POINT ( 'NONE',  ( 1.108328393018257030, 14.95976810428430070, -14.74688854272730687 ) ) ;
#167 = CARTESIAN_POINT ( 'NONE',  ( 0.1666744316137023785, 14.99998330025635163, -10.00010019847961296 ) ) ;
#168 = ORIENTED_EDGE ( 'NONE', *, *, #1198, .F. ) ;
#169 = CIRCLE ( 'NONE', #724, 18.99999999999999645 ) ;
#170 = ADVANCED_FACE ( 'NONE', ( #969 ), #520, .F. ) ;
#171 = DIRECTION ( 'NONE',  ( 0.000000000000000000, 0.000000000000000000, 1.000000000000000000 ) ) ;
#172 = CARTESIAN_POINT ( 'NONE',  ( -2.168577347913988707, -21.89304771087767065, -11.24549673735549682 ) ) ;
#173 = CARTESIAN_POINT ( 'NONE',  ( 0.6491325906006386592, 21.99100206305303118, -14.91974715506596816 ) ) ;
#174 = ORIENTED_EDGE ( 'NONE', *, *, #873, .T. ) ;
#175 = CARTESIAN_POINT ( 'NONE',  ( -2.500000000000229150, 21.85749299439436300, -12.49999999999999645 ) ) ;
#176 = DIRECTION ( 'NONE',  ( 1.000000000000000000, 0.000000000000000000, 0.000000000000000000 ) ) ;
#177 = CARTESIAN_POINT ( 'NONE',  ( -14.79018900137145032, -2.500061860768668875, -12.66242783609619416 ) ) ;
#178 = VECTOR ( 'NONE', #554, 1000.000000000000000 ) ;
#179 = CARTESIAN_POINT ( 'NONE',  ( -1.107327015447491458, 21.97263729921869313, -14.74736990035620288 ) ) ;
#180 = CARTESIAN_POINT ( 'NONE',  ( -14.94995795112519055, 1.260746848851914459, -10.31676739550060695 ) ) ;
#181 = CARTESIAN_POINT ( 'NONE',  ( -4.950000000000000178, 0.000000000000000000, 0.001000000000000132727 ) ) ;
#182 = CARTESIAN_POINT ( 'NONE',  ( -1.110480498374098346, -21.97247737158160774, -14.74581138282120385 ) ) ;
#183 = CARTESIAN_POINT ( 'NONE',  ( 1.988197773987474548, -21.91016602765142807, -10.97561389270530618 ) ) ;
#184 = FACE_BOUND ( 'NONE', #21, .T. ) ;
#185 = CARTESIAN_POINT ( 'NONE',  ( 1.884112982664389868, 21.91947677896684255, -14.15126311827085459 ) ) ;
#186 = ADVANCED_FACE ( 'NONE', ( #782 ), #882, .F. ) ;
#187 = LINE ( 'NONE', #197, #647 ) ;
#188 = CARTESIAN_POINT ( 'NONE',  ( -21.96459097646814129, -1.255170953908268938, -10.33169418145333474 ) ) ;
#189 = FACE_OUTER_BOUND ( 'NONE', #332, .T. ) ;
#190 = CYLINDRICAL_SURFACE ( 'NONE', #303, 22.00000000000000000 ) ;
#191 = CARTESIAN_POINT ( 'NONE',  ( -2.499999999999924505, -21.85749299439440563, -12.66318983936275444 ) ) ;
#192 = CARTESIAN_POINT ( 'NONE',  ( 21.89301216425256413, -2.168946296325211964, -11.24607568585784456 ) ) ;
#193 = CARTESIAN_POINT ( 'NONE',  ( 4.950000000000000178, 6.062001655779397525E-16, 0.001000000000000132727 ) ) ;
#194 = EDGE_LOOP ( 'NONE', ( #585, #870 ) ) ;
#195 = CARTESIAN_POINT ( 'NONE',  ( 15.00000000000000355, -0.1654916451219537732, -15.00000000000000178 ) ) ;
#196 = LINE ( 'NONE', #919, #781 ) ;
#197 = CARTESIAN_POINT ( 'NONE',  ( 22.00000000000000000, 0.000000000000000000, 0.000000000000000000 ) ) ;
#198 = ORIENTED_EDGE ( 'NONE', *, *, #491, .T. ) ;
#199 = ADVANCED_FACE ( 'NONE', ( #676, #593 ), #330, .T. ) ;
#200 = ADVANCED_FACE ( 'NONE', ( #990 ), #789, .F. ) ;
#201 =( LENGTH_UNIT ( ) NAMED_UNIT ( * ) SI_UNIT ( .MILLI., .METRE. ) );
#202 = CARTESIAN_POINT ( 'NONE',  ( 14.79297626665067433, -2.483727951080204832, -12.17158324242009471 ) ) ;
#203 = CARTESIAN_POINT ( 'NONE',  ( 22.00000000000000000, -6.788806661118288209E-17, -14.99999999999999822 ) ) ;
#204 = AXIS2_PLACEMENT_3D ( 'NONE', #253, #910, #445 ) ;
#205 = CARTESIAN_POINT ( 'NONE',  ( -2.247286451210404490, -14.83083556013112592, -11.39264975929544477 ) ) ;
#206 = CIRCLE ( 'NONE', #240, 18.99999999999999645 ) ;
#207 = CARTESIAN_POINT ( 'NONE',  ( -14.94803396949450125, -1.254884309730900371, -14.66835194969599421 ) ) ;
#208 = EDGE_CURVE ( 'NONE', #942, #104, #1190, .T. ) ;
#209 = ORIENTED_EDGE ( 'NONE', *, *, #983, .T. ) ;
#210 = CARTESIAN_POINT ( 'NONE',  ( 21.97258887648235870, 1.108285147632030565, -10.25310170654656261 ) ) ;
#211 = CARTESIAN_POINT ( 'NONE',  ( -0.3295565019296460840, -21.99811213194029236, -14.98353416055947562 ) ) ;
#212 = CARTESIAN_POINT ( 'NONE',  ( 2.483638611086247394, 21.85938187921190945, -12.17096290442066042 ) ) ;
#213 = CARTESIAN_POINT ( 'NONE',  ( 14.84268478741295816, 2.168658395119301474, -11.24561377221621505 ) ) ;
#214 = CARTESIAN_POINT ( 'NONE',  ( -2.170005303695750953, -21.89290941846850558, -13.75222628014883242 ) ) ;
#215 = CARTESIAN_POINT ( 'NONE',  ( 2.500000000000051514, -14.79019945774903277, -12.49999999999999822 ) ) ;
#216 = CIRCLE ( 'NONE', #672, 22.00000000000000000 ) ;
#217 = CARTESIAN_POINT ( 'NONE',  ( 21.97254445396936973, 1.109163278444004419, -14.74646555237472434 ) ) ;
#218 = CARTESIAN_POINT ( 'NONE',  ( -21.98574864226418413, -0.8059346424334239423, -14.87212567080363534 ) ) ;
#219 = AXIS2_PLACEMENT_3D ( 'NONE', #1111, #284, #15 ) ;
#220 = CARTESIAN_POINT ( 'NONE',  ( -0.6495891646717781853, -14.98678098919738488, -10.08037262815293822 ) ) ;
#221 = ORIENTED_EDGE ( 'NONE', *, *, #656, .T. ) ;
#222 = ORIENTED_EDGE ( 'NONE', *, *, #936, .T. ) ;
#223 = CARTESIAN_POINT ( 'NONE',  ( 21.96459097646814485, -1.255170953908268494, -14.66830581854665994 ) ) ;
#224 = CARTESIAN_POINT ( 'NONE',  ( -21.94748839423878550, 1.525169111405419553, -14.48755267308579953 ) ) ;
#225 = MECHANICAL_DESIGN_GEOMETRIC_PRESENTATION_REPRESENTATION (  '', ( #72 ), #721 ) ;
#226 = DIRECTION ( 'NONE',  ( -0.000000000000000000, -0.000000000000000000, 1.000000000000000000 ) ) ;
#227 = ORIENTED_EDGE ( 'NONE', *, *, #656, .F. ) ;
#228 = VERTEX_POINT ( 'NONE', #1151 ) ;
#229 = ORIENTED_EDGE ( 'NONE', *, *, #208, .T. ) ;
#230 = DIRECTION ( 'NONE',  ( 3.491481338843134144E-15, -1.000000000000000000, -0.000000000000000000 ) ) ;
#231 = CARTESIAN_POINT ( 'NONE',  ( -14.94819114751942735, 1.253123355174253106, -14.66946071478076163 ) ) ;
#232 = EDGE_LOOP ( 'NONE', ( #960, #791 ) ) ;
#233 = EDGE_CURVE ( 'NONE', #1131, #1154, #752, .T. ) ;
#234 = CARTESIAN_POINT ( 'NONE',  ( -21.87186733164128682, 2.371782049554976179, -11.69305583480036148 ) ) ;
#235 = CARTESIAN_POINT ( 'NONE',  ( 0.8052788188080420850, 14.97913814559140810, -14.87243039396077471 ) ) ;
#236 = ORIENTED_EDGE ( 'NONE', *, *, #809, .T. ) ;
#237 = ORIENTED_EDGE ( 'NONE', *, *, #854, .F. ) ;
#238 = CARTESIAN_POINT ( 'NONE',  ( 14.98676051605198545, -0.6502307359281113142, -10.08049771225858393 ) ) ;
#239 = CARTESIAN_POINT ( 'NONE',  ( -14.86798121760249103, -1.987831418275114004, -14.02479580724218167 ) ) ;
#240 = AXIS2_PLACEMENT_3D ( 'NONE', #569, #132, #312 ) ;
#241 = CARTESIAN_POINT ( 'NONE',  ( -21.85936714297778138, 2.483767653658349506, -12.82808362265748237 ) ) ;
#242 = CARTESIAN_POINT ( 'NONE',  ( -0.3267433040060221949, 14.99731072916964258, -14.98401583730830033 ) ) ;
#243 = VERTEX_POINT ( 'NONE', #75 ) ;
#244 = CIRCLE ( 'NONE', #1172, 22.00000000000000000 ) ;
#245 = CARTESIAN_POINT ( 'NONE',  ( -0.3262035879838903751, 14.99730736112737439, -10.01600966158367179 ) ) ;
#246 = CARTESIAN_POINT ( 'NONE',  ( 14.98670335942011533, 0.6517788203636503130, -14.91915119314535509 ) ) ;
#247 = CARTESIAN_POINT ( 'NONE',  ( -1.253811673209060951, -21.96466151576444403, -10.33102135436062952 ) ) ;
#248 = ADVANCED_FACE ( 'NONE', ( #736, #1085 ), #190, .T. ) ;
#249 = CARTESIAN_POINT ( 'NONE',  ( -21.85748618885906325, 2.500059500780351218, -12.66229147930194898 ) ) ;
#250 = CARTESIAN_POINT ( 'NONE',  ( 15.00000000000000178, 1.118068338187844452E-22, -9.999999999999996447 ) ) ;
#251 = CARTESIAN_POINT ( 'NONE',  ( -2.500000000000229150, 21.85749299439436300, -12.49999999999999645 ) ) ;
#252 = CARTESIAN_POINT ( 'NONE',  ( 14.79018260225538484, 2.500099718464173115, -12.66365107875731866 ) ) ;
#253 = CARTESIAN_POINT ( 'NONE',  ( 0.000000000000000000, 0.000000000000000000, -2.999999999999997335 ) ) ;
#254 = CARTESIAN_POINT ( 'NONE',  ( 1.258627215103421459, -14.95013966959071716, -14.68446077175651787 ) ) ;
#255 = CARTESIAN_POINT ( 'NONE',  ( 2.483628131968140806, 14.79299318947819586, -12.82921330347309308 ) ) ;
#256 = CARTESIAN_POINT ( 'NONE',  ( 15.00000000000000178, 1.118068338187844452E-22, -9.999999999999996447 ) ) ;
#257 = DIRECTION ( 'NONE',  ( -1.000000000000000000, 0.000000000000000000, 0.000000000000000000 ) ) ;
#258 = CARTESIAN_POINT ( 'NONE',  ( -2.372333281314663811, -21.87180861275324872, -11.69446767495242590 ) ) ;
#259 = CARTESIAN_POINT ( 'NONE',  ( 2.420108442972868978, 21.86650667543193904, -13.14817916018650656 ) ) ;
#260 = CARTESIAN_POINT ( 'NONE',  ( -14.97887853606512110, 0.8098636558908917094, -10.12921581234671287 ) ) ;
#261 = DIRECTION ( 'NONE',  ( 1.000000000000000000, 0.000000000000000000, 0.000000000000000000 ) ) ;
#262 = AXIS2_PLACEMENT_3D ( 'NONE', #437, #1162, #333 ) ;
#263 = CARTESIAN_POINT ( 'NONE',  ( 0.000000000000000000, 0.000000000000000000, -2.999999999999997335 ) ) ;
#264 = B_SPLINE_CURVE_WITH_KNOTS ( 'NONE', 3,
 ( #1125, #195, #560, #834, #930, #840, #563, #12, #385, #5, #380, #99, #653, #747, #1113, #1120, #202, #742, #111, #472, #847, #613, #879, #516, #1183, #349, #511, #895, #238, #1081, #149, #256 ),
 .UNSPECIFIED., .F., .F.,
 ( 4, 2, 2, 2, 2, 2, 2, 2, 2, 2, 2, 2, 2, 2, 2, 4 ),
 ( 2.045504971891205075E-19, 0.0004893630623245297977, 0.0009787261246490593786, 0.001468089186973588634, 0.001957452249298117456, 0.002936178373947176835, 0.003425541436271708259, 0.003914904498596240116, 0.004404267560920771540, 0.004893630623245304699, 0.005382993685569836123, 0.005872356747894368414, 0.006361719810218900706, 0.006851082872543432997, 0.007340445934867965289, 0.007829808997192495845 ),
 .UNSPECIFIED. ) ;
#265 = CARTESIAN_POINT ( 'NONE',  ( -14.81146652047162071, -2.371591099940534075, -11.69249976961625492 ) ) ;
#266 = CARTESIAN_POINT ( 'NONE',  ( -0.3260021051737089781, 21.99816555771703008, -14.98400451185150395 ) ) ;
#267 = DIRECTION ( 'NONE',  ( -1.000000000000000000, 0.000000000000000000, 0.000000000000000000 ) ) ;
#268 = DIRECTION ( 'NONE',  ( 1.000000000000000000, 0.000000000000000000, 0.000000000000000000 ) ) ;
#269 = CARTESIAN_POINT ( 'NONE',  ( -21.97249891709331493, -1.109922203989560874, -10.25398807532938505 ) ) ;
#270 = DIRECTION ( 'NONE',  ( 0.000000000000000000, 0.000000000000000000, -1.000000000000000000 ) ) ;
#271 = FACE_OUTER_BOUND ( 'NONE', #336, .T. ) ;
#272 = AXIS2_PLACEMENT_3D ( 'NONE', #1163, #230, #318 ) ;
#273 = VERTEX_POINT ( 'NONE', #535 ) ;
#274 = CARTESIAN_POINT ( 'NONE',  ( 2.499999999999771738, 21.85749299439442339, -12.66318983936275799 ) ) ;
#275 = CARTESIAN_POINT ( 'NONE',  ( -22.00000000000000000, 2.694222932038291239E-15, -14.99999999999999822 ) ) ;
#276 = CARTESIAN_POINT ( 'NONE',  ( -15.00000000000000888, 0.1654503597015226091, -10.00000000000000000 ) ) ;
#277 = CARTESIAN_POINT ( 'NONE',  ( -2.420165369323333593, 21.86650002740144316, -11.85241454316041931 ) ) ;
#278 = CARTESIAN_POINT ( 'NONE',  ( 1.985354681028999257, -21.91042697126141547, -14.02819193851562218 ) ) ;
#279 = CARTESIAN_POINT ( 'NONE',  ( -14.90928215957856295, -1.651376758535587852, -14.38415839407289276 ) ) ;
#280 = PRODUCT ( 'BulkheadV2_Sensorpress\X2\00e3\X0\o', 'BulkheadV2_Sensorpress\X2\00e3\X0\o', '', ( #596 ) ) ;
#281 = CARTESIAN_POINT ( 'NONE',  ( -1.987387712275107576, -14.86804084723394404, -14.02537650148421911 ) ) ;
#282 = CARTESIAN_POINT ( 'NONE',  ( 21.88516204358886341, -2.245813157860506948, -11.38952327702360279 ) ) ;
#283 = CARTESIAN_POINT ( 'NONE',  ( 0.3280850848412169563, 21.99813839183711295, -10.01623253098149924 ) ) ;
#284 = DIRECTION ( 'NONE',  ( -0.000000000000000000, -0.000000000000000000, 1.000000000000000000 ) ) ;
#285 = AXIS2_PLACEMENT_3D ( 'NONE', #808, #925, #435 ) ;
#286 = CARTESIAN_POINT ( 'NONE',  ( -2.500000000000228262, 21.85749299439436300, -12.83057085763666727 ) ) ;
#287 = SURFACE_SIDE_STYLE ('',( #630 ) ) ;
#288 = CARTESIAN_POINT ( 'NONE',  ( 0.6488332366401948770, 21.99101516438802051, -10.08013304207014471 ) ) ;
#289 = EDGE_LOOP ( 'NONE', ( #26, #58 ) ) ;
#290 = DIRECTION ( 'NONE',  ( 1.000000000000000000, 0.000000000000000000, 0.000000000000000000 ) ) ;
#291 = CARTESIAN_POINT ( 'NONE',  ( -1.651266225227844275, 21.93824733457652343, -14.38410809226022025 ) ) ;
#292 = CARTESIAN_POINT ( 'NONE',  ( 14.94819114751942379, 1.253123355174252662, -10.33053928521923126 ) ) ;
#293 = CARTESIAN_POINT ( 'NONE',  ( -22.00000000000000000, 2.694222958124176809E-15, -19.99999999999999645 ) ) ;
#294 = ADVANCED_FACE ( 'NONE', ( #905 ), #1013, .F. ) ;
#295 = DIRECTION ( 'NONE',  ( -0.000000000000000000, -0.000000000000000000, 1.000000000000000000 ) ) ;
#296 = DIRECTION ( 'NONE',  ( -0.000000000000000000, -0.000000000000000000, 1.000000000000000000 ) ) ;
#297 = CARTESIAN_POINT ( 'NONE',  ( 21.91943857381762584, 1.884651092172159759, -10.84914730421488649 ) ) ;
#298 = CARTESIAN_POINT ( 'NONE',  ( -21.89301216425257479, -2.168946296325210188, -13.75392431414215189 ) ) ;
#299 = CARTESIAN_POINT ( 'NONE',  ( -0.1666744316138084880, -14.99998330025635163, -10.00010019847961296 ) ) ;
#300 = VERTEX_POINT ( 'NONE', #912 ) ;
#301 = VECTOR ( 'NONE', #634, 1000.000000000000000 ) ;
#302 = ORIENTED_EDGE ( 'NONE', *, *, #913, .T. ) ;
#303 = AXIS2_PLACEMENT_3D ( 'NONE', #352, #556, #441 ) ;
#304 = CARTESIAN_POINT ( 'NONE',  ( 14.86803497713260391, 1.987437257370135102, -10.97466161420091879 ) ) ;
#305 = CARTESIAN_POINT ( 'NONE',  ( -21.87189742127333858, -2.371517996444199028, -13.30792183089273450 ) ) ;
#306 = CARTESIAN_POINT ( 'NONE',  ( -1.653760437959774787, -14.90900802119016788, -10.61807969802649687 ) ) ;
#307 = UNCERTAINTY_MEASURE_WITH_UNIT (LENGTH_MEASURE( 1.000000000000000082E-05 ), #88, 'distance_accuracy_value', 'NONE');
#308 = ORIENTED_EDGE ( 'NONE', *, *, #717, .F. ) ;
#309 = CARTESIAN_POINT ( 'NONE',  ( 0.000000000000000000, 0.000000000000000000, 0.000000000000000000 ) ) ;
#310 = VERTEX_POINT ( 'NONE', #87 ) ;
#311 = EDGE_CURVE ( 'NONE', #878, #402, #650, .T. ) ;
#312 = DIRECTION ( 'NONE',  ( 1.000000000000000000, 0.000000000000000000, 0.000000000000000000 ) ) ;
#313 = CARTESIAN_POINT ( 'NONE',  ( -1.253929039201335582, -21.96465694224130871, -14.66894362872896984 ) ) ;
#314 = CARTESIAN_POINT ( 'NONE',  ( 2.419638138995861443, 21.86655867227427663, -11.85032512972843044 ) ) ;
#315 = ORIENTED_EDGE ( 'NONE', *, *, #109, .F. ) ;
#316 = ORIENTED_EDGE ( 'NONE', *, *, #967, .F. ) ;
#317 = CARTESIAN_POINT ( 'NONE',  ( 21.93824919412140773, 1.651338677322523818, -10.61577471219989022 ) ) ;
#318 = DIRECTION ( 'NONE',  ( 1.000000000000000000, 4.163336342344337027E-15, 0.000000000000000000 ) ) ;
#319 = CARTESIAN_POINT ( 'NONE',  ( 0.8054586190023311776, -14.97912483301677611, -10.12765785574106836 ) ) ;
#320 = VERTEX_POINT ( 'NONE', #648 ) ;
#321 = DIRECTION ( 'NONE',  ( 1.000000000000000000, 0.000000000000000000, 0.000000000000000000 ) ) ;
#322 = B_SPLINE_CURVE_WITH_KNOTS ( 'NONE', 3,
 ( #450, #817, #494, #1150, #866, #339, #455, #183, #91, #826, #546, #916, #621, #1073, #995, #434, #700, #340, #86, #1179, #1000, #982, #247, #1083, #346, #1066, #904, #172, #518, #258, #533, #610, #150, #813 ),
 .UNSPECIFIED., .F., .F.,
 ( 4, 2, 2, 2, 2, 2, 2, 2, 2, 2, 2, 2, 2, 2, 2, 2, 4 ),
 ( 1.788112030672749005E-18, 0.0004889032446265461837, 0.0009778064892530906327, 0.001466709733879635299, 0.001955612978506179531, 0.002444516223132723546, 0.002933419467759267128, 0.003422322712385811577, 0.003911225957012355592, 0.004400129201638900041, 0.004889032446265444490, 0.005377935690891988939, 0.005866838935518532520, 0.006355742180145077837, 0.006844645424771622286, 0.007333548669398166735, 0.007822451914024711184 ),
 .UNSPECIFIED. ) ;
#323 = CARTESIAN_POINT ( 'NONE',  ( -21.85933488453299134, 2.484053660417478326, -12.17356575302031452 ) ) ;
#324 = EDGE_CURVE ( 'NONE', #498, #1053, #244, .T. ) ;
#325 = CARTESIAN_POINT ( 'NONE',  ( -15.00000000000000178, 1.836970310527797932E-15, -14.99999999999999822 ) ) ;
#326 = EDGE_CURVE ( 'NONE', #671, #692, #264, .T. ) ;
#327 = ORIENTED_EDGE ( 'NONE', *, *, #1130, .F. ) ;
#328 = ORIENTED_EDGE ( 'NONE', *, *, #928, .T. ) ;
#329 = ORIENTED_EDGE ( 'NONE', *, *, #233, .T. ) ;
#330 = PLANE ( 'NONE',  #788 ) ;
#331 = CARTESIAN_POINT ( 'NONE',  ( -2.483730033936427439, 14.79297560270275547, -12.82816006316695301 ) ) ;
#332 = EDGE_LOOP ( 'NONE', ( #237, #767, #679, #937 ) ) ;
#333 = DIRECTION ( 'NONE',  ( -1.000000000000000000, 0.000000000000000000, -0.000000000000000000 ) ) ;
#334 = CARTESIAN_POINT ( 'NONE',  ( -21.87177914987252692, 2.372603946710043044, -13.30474154442952894 ) ) ;
#335 = CARTESIAN_POINT ( 'NONE',  ( -1.537141538729740908, 14.92283345945289774, -14.49829515645435407 ) ) ;
#336 = EDGE_LOOP ( 'NONE', ( #667, #1197, #785, #711, #828, #1129, #774, #902 ) ) ;
#337 = DIRECTION ( 'NONE',  ( -0.000000000000000000, -0.000000000000000000, 1.000000000000000000 ) ) ;
#338 = EDGE_CURVE ( 'NONE', #310, #320, #158, .T. ) ;
#339 = CARTESIAN_POINT ( 'NONE',  ( 2.246467399018135414, -21.88509468221378640, -11.39084064805538077 ) ) ;
#340 = CARTESIAN_POINT ( 'NONE',  ( -0.1622928491711151944, -22.00000675440166731, -9.999940561261402294 ) ) ;
#341 = DIRECTION ( 'NONE',  ( 3.491481338843134144E-15, -1.000000000000000000, -0.000000000000000000 ) ) ;
#342 = CARTESIAN_POINT ( 'NONE',  ( 2.419503606102570537, 14.80361639944471897, -13.15022488197846329 ) ) ;
#343 = DIRECTION ( 'NONE',  ( -0.000000000000000000, -0.000000000000000000, 1.000000000000000000 ) ) ;
#344 = VERTEX_POINT ( 'NONE', #1166 ) ;
#345 = CARTESIAN_POINT ( 'NONE',  ( 14.81134663187470579, 2.372346008454341071, -13.30544626635943573 ) ) ;
#346 = CARTESIAN_POINT ( 'NONE',  ( -1.650858423625680471, -21.93828549840419484, -10.61535388252892709 ) ) ;
#347 = CARTESIAN_POINT ( 'NONE',  ( 0.1643238805014221038, -14.99998968022153178, -14.99993808132487239 ) ) ;
#348 = CARTESIAN_POINT ( 'NONE',  ( -0.1643238805015267423, 14.99998968022153178, -14.99993808132487416 ) ) ;
#349 = CARTESIAN_POINT ( 'NONE',  ( 14.94803396949451013, -1.254884309730902148, -10.33164805030400046 ) ) ;
#350 = CARTESIAN_POINT ( 'NONE',  ( 2.499999999999770850, 21.85749299439441984, -12.49999999999999645 ) ) ;
#351 = DIRECTION ( 'NONE',  ( 1.000000000000000000, 0.000000000000000000, 0.000000000000000000 ) ) ;
#352 = CARTESIAN_POINT ( 'NONE',  ( 0.000000000000000000, 0.000000000000000000, 0.000000000000000000 ) ) ;
#353 = CARTESIAN_POINT ( 'NONE',  ( 21.87177195636275329, -2.372669404848942953, -13.30453970204174396 ) ) ;
#354 = CARTESIAN_POINT ( 'NONE',  ( 1.987251546976597005, 14.86806291280874603, -10.97431752172382424 ) ) ;
#355 = DIRECTION ( 'NONE',  ( 1.000000000000000000, 0.000000000000000000, 0.000000000000000000 ) ) ;
#356 = AXIS2_PLACEMENT_3D ( 'NONE', #713, #155, #79 ) ;
#357 = CARTESIAN_POINT ( 'NONE',  ( -14.98684701477776748, -0.6481003630459276632, -10.07996475731394881 ) ) ;
#358 = CARTESIAN_POINT ( 'NONE',  ( -0.1633980867406694126, 22.00001381476454654, -15.00012156996100821 ) ) ;
#359 = CIRCLE ( 'NONE', #505, 4.950000000000000178 ) ;
#360 = CYLINDRICAL_SURFACE ( 'NONE', #1114, 4.950000000000000178 ) ;
#361 = CARTESIAN_POINT ( 'NONE',  ( -1.988197773987627981, 21.91016602765142096, -10.97561389270530974 ) ) ;
#362 = EDGE_CURVE ( 'NONE', #692, #300, #161, .T. ) ;
#363 = CARTESIAN_POINT ( 'NONE',  ( 14.79301696464665028, 2.483484744559109281, -12.17005291299847336 ) ) ;
#364 = CARTESIAN_POINT ( 'NONE',  ( -14.81133328003143745, -2.372433769913404600, -13.30526793324571067 ) ) ;
#365 = ORIENTED_EDGE ( 'NONE', *, *, #967, .T. ) ;
#366 = CARTESIAN_POINT ( 'NONE',  ( 0.3267433040059175009, -14.99731072916964614, -14.98401583730830033 ) ) ;
#367 = CARTESIAN_POINT ( 'NONE',  ( 21.99818436890176088, -0.3254725815498449304, -10.01582429350976078 ) ) ;
#368 = DIRECTION ( 'NONE',  ( 1.000000000000000000, 0.000000000000000000, 0.000000000000000000 ) ) ;
#369 = CARTESIAN_POINT ( 'NONE',  ( 1.250916550372889846, -21.96482972915505627, -14.67068611540618228 ) ) ;
#370 = CARTESIAN_POINT ( 'NONE',  ( 22.00000000000000000, 0.000000000000000000, 6.000000000000000000 ) ) ;
#371 = CARTESIAN_POINT ( 'NONE',  ( -0.6492911563705423550, -14.98680043806512074, -14.91974860570620898 ) ) ;
#372 = DIRECTION ( 'NONE',  ( 1.000000000000000000, 0.000000000000000000, 0.000000000000000000 ) ) ;
#373 = CARTESIAN_POINT ( 'NONE',  ( -14.88167880599687898, 1.883887661739577002, -10.84850864206090115 ) ) ;
#374 = CARTESIAN_POINT ( 'NONE',  ( -0.3264340483939804916, 21.99817047859173513, -10.01594629589531671 ) ) ;
#375 = CARTESIAN_POINT ( 'NONE',  ( -21.99818436890175732, -0.3254725815498430985, -14.98417570649023922 ) ) ;
#376 = CIRCLE ( 'NONE', #1046, 15.00000000000000178 ) ;
#377 = AXIS2_PLACEMENT_3D ( 'NONE', #456, #3, #98 ) ;
#378 = EDGE_CURVE ( 'NONE', #838, #497, #1019, .T. ) ;
#379 = CARTESIAN_POINT ( 'NONE',  ( 2.499999999999923173, 22.00100000000008649, -12.49999999999999645 ) ) ;
#380 = CARTESIAN_POINT ( 'NONE',  ( 14.84062064304877104, -2.184472077777508847, -13.75860462853041888 ) ) ;
#381 = CARTESIAN_POINT ( 'NONE',  ( 21.85747907801481205, -2.500121670901560567, -12.66339618113294030 ) ) ;
#382 = CARTESIAN_POINT ( 'NONE',  ( -0.1641189310407498991, 21.99999320770543676, -10.00005977219610465 ) ) ;
#383 = LINE ( 'NONE', #379, #1187 ) ;
#384 = VERTEX_POINT ( 'NONE', #796 ) ;
#385 = CARTESIAN_POINT ( 'NONE',  ( 14.90908182598872855, -1.653090545286887592, -14.38249540142349581 ) ) ;
#386 = CARTESIAN_POINT ( 'NONE',  ( 21.91029920893024752, 1.986759559870682201, -14.02637056136891403 ) ) ;
#387 = DIRECTION ( 'NONE',  ( 0.000000000000000000, -0.000000000000000000, 1.000000000000000000 ) ) ;
#388 = LINE ( 'NONE', #734, #1033 ) ;
#389 = CARTESIAN_POINT ( 'NONE',  ( -1.522678120594928464, 21.94766476388393528, -14.48950289486494825 ) ) ;
#390 = CARTESIAN_POINT ( 'NONE',  ( 21.89295854503664884, 2.169514028277673923, -13.75308799390050041 ) ) ;
#391 = CARTESIAN_POINT ( 'NONE',  ( 2.183244660825496286, -14.84080368260242722, -11.23927699094950761 ) ) ;
#392 = ORIENTED_EDGE ( 'NONE', *, *, #807, .F. ) ;
#393 = CARTESIAN_POINT ( 'NONE',  ( 21.98573623930279552, 0.8064458913755612190, -14.87202354131201254 ) ) ;
#394 = LINE ( 'NONE', #832, #178 ) ;
#395 = CARTESIAN_POINT ( 'NONE',  ( 2.168577347913835052, 21.89304771087768842, -11.24549673735549682 ) ) ;
#396 = EDGE_CURVE ( 'NONE', #1057, #1060, #1192, .T. ) ;
#397 = VECTOR ( 'NONE', #783, 1000.000000000000000 ) ;
#398 = DIRECTION ( 'NONE',  ( -1.047444401652940007E-14, 1.000000000000000000, -0.000000000000000000 ) ) ;
#399 = CARTESIAN_POINT ( 'NONE',  ( -2.247553033020222912, -21.88498179647532993, -13.60680438287237415 ) ) ;
#400 = LINE ( 'NONE', #964, #761 ) ;
#401 = EDGE_LOOP ( 'NONE', ( #685, #116 ) ) ;
#402 = VERTEX_POINT ( 'NONE', #251 ) ;
#403 = CARTESIAN_POINT ( 'NONE',  ( 21.91947663125498735, -1.884113520685330112, -14.15126000304949727 ) ) ;
#404 = CARTESIAN_POINT ( 'NONE',  ( -21.88500143459483382, -2.247371981587482193, -11.39267736714035451 ) ) ;
#405 = CARTESIAN_POINT ( 'NONE',  ( 0.3262035879837847374, -14.99730736112737794, -10.01600966158367179 ) ) ;
#406 = ORIENTED_EDGE ( 'NONE', *, *, #499, .F. ) ;
#407 = APPLICATION_PROTOCOL_DEFINITION ( 'draft international standard', 'automotive_design', 1998, #1144 ) ;
#408 = LINE ( 'NONE', #154, #301 ) ;
#409 = ADVANCED_FACE ( 'NONE', ( #1171 ), #698, .T. ) ;
#410 = CARTESIAN_POINT ( 'NONE',  ( -22.00000000000000000, 0.1632285477338814017, -14.99999999999999467 ) ) ;
#411 = DIRECTION ( 'NONE',  ( -0.000000000000000000, -0.000000000000000000, 1.000000000000000000 ) ) ;
#412 = ORIENTED_EDGE ( 'NONE', *, *, #849, .T. ) ;
#413 = ORIENTED_EDGE ( 'NONE', *, *, #233, .F. ) ;
#414 = CARTESIAN_POINT ( 'NONE',  ( -21.96472691051775428, 1.252716034586416338, -10.33034883663851211 ) ) ;
#415 = AXIS2_PLACEMENT_3D ( 'NONE', #153, #981, #786 ) ;
#416 = ADVANCED_FACE ( 'NONE', ( #504, #703 ), #523, .F. ) ;
#417 = LINE ( 'NONE', #978, #800 ) ;
#418 = ORIENTED_EDGE ( 'NONE', *, *, #124, .F. ) ;
#419 = CARTESIAN_POINT ( 'NONE',  ( -1.107789760373743215, 14.95980435021915333, -10.25287457333517693 ) ) ;
#420 = CARTESIAN_POINT ( 'NONE',  ( -21.86653775262955079, 2.419828691213692373, -11.85076120678621514 ) ) ;
#421 = CARTESIAN_POINT ( 'NONE',  ( -1.987937369216044026, 14.86796883309246375, -14.02472014668611777 ) ) ;
#422 = VERTEX_POINT ( 'NONE', #453 ) ;
#423 = EDGE_CURVE ( 'NONE', #884, #140, #1021, .T. ) ;
#424 = ORIENTED_EDGE ( 'NONE', *, *, #326, .F. ) ;
#425 = CARTESIAN_POINT ( 'NONE',  ( -1.251333443344097685, 14.94833821257026507, -10.32954296118126258 ) ) ;
#426 = ORIENTED_EDGE ( 'NONE', *, *, #1087, .F. ) ;
#427 = CARTESIAN_POINT ( 'NONE',  ( -14.80357972384035037, -2.419729098946395318, -11.85037972088286828 ) ) ;
#428 = CARTESIAN_POINT ( 'NONE',  ( 2.420036362626851290, -14.80352883832772370, -13.14809560413480582 ) ) ;
#429 = CARTESIAN_POINT ( 'NONE',  ( -14.92283296000867487, 1.525710711026232902, -14.48723042511935866 ) ) ;
#430 = CARTESIAN_POINT ( 'NONE',  ( -2.500000000000155431, 14.79019945774901679, -12.49999999999999822 ) ) ;
#431 = B_SPLINE_CURVE_WITH_KNOTS ( 'NONE', 3,
 ( #114, #582, #17, #954, #393, #217, #842, #944, #118, #127, #386, #390, #1121, #754, #1143, #1036, #564, #589, #1126, #1136, #1040, #27, #962, #487, #297, #317, #675, #659, #210, #483, #1132, #948, #479, #1049 ),
 .UNSPECIFIED., .F., .F.,
 ( 4, 2, 2, 2, 2, 2, 2, 2, 2, 2, 2, 2, 2, 2, 2, 2, 4 ),
 ( 6.596638267038550235E-20, 0.0004889034085889173162, 0.0009778068171778344156, 0.001466710225766751623, 0.001955613634355668831, 0.002444517042944586039, 0.002933420451533503247, 0.003422323860122420455, 0.003911227268711337662, 0.004400130677300254436, 0.004889034085889172078, 0.005377937494478089719, 0.005866840903067006494, 0.006355744311655923268, 0.006844647720244840909, 0.007333551128833758551, 0.007822454537422675325 ),
 .UNSPECIFIED. ) ;
#432 = EDGE_CURVE ( 'NONE', #838, #1060, #187, .T. ) ;
#433 = CARTESIAN_POINT ( 'NONE',  ( 2.500000000000230482, -22.00100000000020017, -12.49999999999999645 ) ) ;
#434 = CARTESIAN_POINT ( 'NONE',  ( 0.3264340483938253934, -21.99817047859173869, -10.01594629589531493 ) ) ;
#435 = DIRECTION ( 'NONE',  ( -1.000000000000000000, -1.110223024625156540E-14, 0.000000000000000000 ) ) ;
#436 = CARTESIAN_POINT ( 'NONE',  ( 2.168366735465459438, 14.84272664487377114, -13.75485819545824029 ) ) ;
#437 = CARTESIAN_POINT ( 'NONE',  ( -18.99999999999999645, 0.000000000000000000, -6.599999999999997868 ) ) ;
#438 = ORIENTED_EDGE ( 'NONE', *, *, #717, .T. ) ;
#439 = DIRECTION ( 'NONE',  ( 0.000000000000000000, 0.000000000000000000, -1.000000000000000000 ) ) ;
#440 = CARTESIAN_POINT ( 'NONE',  ( -14.79297626665067433, -2.483727951080204388, -12.82841675757990352 ) ) ;
#441 = DIRECTION ( 'NONE',  ( 1.000000000000000000, 0.000000000000000000, 0.000000000000000000 ) ) ;
#442 = CARTESIAN_POINT ( 'NONE',  ( 1.884185137447497160, 14.88165267448388107, -14.15134646383203609 ) ) ;
#443 = CARTESIAN_POINT ( 'NONE',  ( -1.996790617751563079, 14.86830707298651255, -10.96095668253486188 ) ) ;
#444 = CARTESIAN_POINT ( 'NONE',  ( 14.86781845759795040, 1.989060820158212062, -14.02327121596482939 ) ) ;
#445 = DIRECTION ( 'NONE',  ( 1.000000000000000000, 0.000000000000000000, 0.000000000000000000 ) ) ;
#446 = CARTESIAN_POINT ( 'NONE',  ( -2.483628131968244723, -14.79299318947817987, -12.82921330347309485 ) ) ;
#447 = FILL_AREA_STYLE ('',( #715 ) ) ;
#448 = EDGE_CURVE ( 'NONE', #942, #691, #727, .T. ) ;
#449 = DIRECTION ( 'NONE',  ( -0.000000000000000000, -0.000000000000000000, 1.000000000000000000 ) ) ;
#450 = CARTESIAN_POINT ( 'NONE',  ( 2.500000000000076383, -21.85749299439438431, -12.49999999999999467 ) ) ;
#451 = CARTESIAN_POINT ( 'NONE',  ( -22.00000000000000000, 2.694222958124176809E-15, 6.000000000000000000 ) ) ;
#452 = CARTESIAN_POINT ( 'NONE',  ( 2.372126299420600049, 21.87182982029377243, -13.30593262608004679 ) ) ;
#453 = CARTESIAN_POINT ( 'NONE',  ( -15.00000000000000178, 1.836970198721029983E-15, -19.99999999999999645 ) ) ;
#454 = CARTESIAN_POINT ( 'NONE',  ( -21.94728502951468130, -1.528198521240488494, -10.51465027615870440 ) ) ;
#455 = CARTESIAN_POINT ( 'NONE',  ( 2.169653891306006166, -21.89294196173004892, -11.24728878645453989 ) ) ;
#456 = CARTESIAN_POINT ( 'NONE',  ( 2.304482428076657270E-13, -22.00100000000022860, -12.49999999999999645 ) ) ;
#457 = ORIENTED_EDGE ( 'NONE', *, *, #769, .T. ) ;
#458 = CARTESIAN_POINT ( 'NONE',  ( -0.3284235286432328760, -14.99726322906827569, -14.98372709982229800 ) ) ;
#459 = CARTESIAN_POINT ( 'NONE',  ( 0.000000000000000000, 0.000000000000000000, -7.499999999999999112 ) ) ;
#460 = CARTESIAN_POINT ( 'NONE',  ( 21.91967056424063287, -1.881866739017646228, -10.84617740851829559 ) ) ;
#461 = DIRECTION ( 'NONE',  ( 1.000000000000000000, 0.000000000000000000, 0.000000000000000000 ) ) ;
#462 = CARTESIAN_POINT ( 'NONE',  ( -1.987459127976028306, -21.91023532593749934, -14.02545071680073185 ) ) ;
#463 = DIRECTION ( 'NONE',  ( 1.000000000000000000, 0.000000000000000000, 0.000000000000000000 ) ) ;
#464 = CARTESIAN_POINT ( 'NONE',  ( -2.500000000000229150, 21.85749299439436300, -12.49999999999999645 ) ) ;
#465 = DIRECTION ( 'NONE',  ( -0.000000000000000000, -0.000000000000000000, 1.000000000000000000 ) ) ;
#466 = ORIENTED_EDGE ( 'NONE', *, *, #677, .F. ) ;
#467 = AXIS2_PLACEMENT_3D ( 'NONE', #1012, #1017, #846 ) ;
#468 = CARTESIAN_POINT ( 'NONE',  ( -1.985354681029150914, 21.91042697126140482, -14.02819193851562751 ) ) ;
#469 = CARTESIAN_POINT ( 'NONE',  ( -14.81134663187470579, 2.372346008454341071, -11.69455373364055717 ) ) ;
#470 = CARTESIAN_POINT ( 'NONE',  ( -1.107757681900305435, 21.97260880692589069, -10.25291693686578043 ) ) ;
#471 = VECTOR ( 'NONE', #337, 1000.000000000000000 ) ;
#472 = CARTESIAN_POINT ( 'NONE',  ( 14.83089638784086084, -2.246897384822245325, -11.39169021522937619 ) ) ;
#473 = CARTESIAN_POINT ( 'NONE',  ( 21.88500143459483738, -2.247371981587481748, -13.60732263285964372 ) ) ;
#474 = FACE_OUTER_BOUND ( 'NONE', #524, .T. ) ;
#475 = VERTEX_POINT ( 'NONE', #1009 ) ;
#476 = CARTESIAN_POINT ( 'NONE',  ( -14.99724675895545367, -0.3292118260945319230, -14.98362857607393117 ) ) ;
#477 = ORIENTED_EDGE ( 'NONE', *, *, #378, .T. ) ;
#478 = VECTOR ( 'NONE', #1061, 1000.000000000000000 ) ;
#479 = CARTESIAN_POINT ( 'NONE',  ( 22.00000000000000000, 0.1632285477338797086, -9.999999999999996447 ) ) ;
#480 = CARTESIAN_POINT ( 'NONE',  ( -21.88516204358885986, -2.245813157860506504, -13.61047672297639188 ) ) ;
#481 = FACE_OUTER_BOUND ( 'NONE', #856, .T. ) ;
#482 = ORIENTED_EDGE ( 'NONE', *, *, #558, .F. ) ;
#483 = CARTESIAN_POINT ( 'NONE',  ( 21.98576975837790926, 0.8055346267996054133, -10.12766741905512902 ) ) ;
#484 = CARTESIAN_POINT ( 'NONE',  ( 1.107327015447341578, -21.97263729921870379, -14.74736990035620288 ) ) ;
#485 = DIRECTION ( 'NONE',  ( 0.000000000000000000, 0.000000000000000000, 1.000000000000000000 ) ) ;
#486 = AXIS2_PLACEMENT_3D ( 'NONE', #624, #343, #693 ) ;
#487 = CARTESIAN_POINT ( 'NONE',  ( 21.91018038262052059, 1.988028014288403478, -10.97544879571001886 ) ) ;
#488 = CARTESIAN_POINT ( 'NONE',  ( 0.8045422925575184125, -21.98580620995379320, -14.87266860046927164 ) ) ;
#489 = CARTESIAN_POINT ( 'NONE',  ( -1.254408682611879433, -14.94807586867058014, -10.33135429561227703 ) ) ;
#490 = ORIENTED_EDGE ( 'NONE', *, *, #992, .T. ) ;
#491 = EDGE_CURVE ( 'NONE', #880, #1063, #822, .T. ) ;
#492 = ADVANCED_FACE ( 'NONE', ( #1015, #1117 ), #927, .F. ) ;
#493 = CYLINDRICAL_SURFACE ( 'NONE', #733, 22.00000000000000000 ) ;
#494 = CARTESIAN_POINT ( 'NONE',  ( 2.483762383305878174, -21.85936751798858069, -12.17214063677233682 ) ) ;
#495 = CARTESIAN_POINT ( 'NONE',  ( -21.98576975837790926, 0.8055346267996070786, -14.87233258094486565 ) ) ;
#496 = CARTESIAN_POINT ( 'NONE',  ( 2.499999999999770406, 21.85749299439441984, -12.33677144426187589 ) ) ;
#497 = VERTEX_POINT ( 'NONE', #544 ) ;
#498 = VERTEX_POINT ( 'NONE', #293 ) ;
#499 = EDGE_CURVE ( 'NONE', #768, #942, #14, .T. ) ;
#500 = CARTESIAN_POINT ( 'NONE',  ( -21.98573623930279552, 0.8064458913755603309, -10.12797645868798213 ) ) ;
#501 = CARTESIAN_POINT ( 'NONE',  ( 2.499999999999845013, 14.79019945774907008, -12.66331201686068475 ) ) ;
#502 = VERTEX_POINT ( 'NONE', #843 ) ;
#503 = ORIENTED_EDGE ( 'NONE', *, *, #619, .F. ) ;
#504 = FACE_BOUND ( 'NONE', #1157, .T. ) ;
#505 = AXIS2_PLACEMENT_3D ( 'NONE', #988, #439, #804 ) ;
#506 = ORIENTED_EDGE ( 'NONE', *, *, #515, .T. ) ;
#507 = CARTESIAN_POINT ( 'NONE',  ( 2.483730033936324411, -14.79297560270277323, -12.82816006316695301 ) ) ;
#508 = CARTESIAN_POINT ( 'NONE',  ( 1.651383765897189493, 14.90928139159908383, -14.38415244434200169 ) ) ;
#509 = ORIENTED_EDGE ( 'NONE', *, *, #558, .T. ) ;
#510 = VERTEX_POINT ( 'NONE', #651 ) ;
#511 = CARTESIAN_POINT ( 'NONE',  ( 14.95974914407817202, -1.108543417651206786, -10.25323998911304635 ) ) ;
#512 = PLANE ( 'NONE',  #836 ) ;
#513 = CARTESIAN_POINT ( 'NONE',  ( 2.500000000000051958, -14.79019945774902745, -12.66549235002043261 ) ) ;
#514 = CARTESIAN_POINT ( 'NONE',  ( -2.371818476130902464, 14.81143197799691258, -13.30704296345001225 ) ) ;
#515 = EDGE_CURVE ( 'NONE', #1154, #1156, #562, .T. ) ;
#516 = CARTESIAN_POINT ( 'NONE',  ( 14.90928215957856651, -1.651376758535590072, -10.61584160592710369 ) ) ;
#517 = DIRECTION ( 'NONE',  ( 1.000000000000000000, 0.000000000000000000, 0.000000000000000000 ) ) ;
#518 = CARTESIAN_POINT ( 'NONE',  ( -2.246900326133395076, -21.88505005968600514, -11.39171914716917833 ) ) ;
#519 = CIRCLE ( 'NONE', #4, 18.99999999999999645 ) ;
#520 = CYLINDRICAL_SURFACE ( 'NONE', #633, 2.500000000000000000 ) ;
#521 = DIRECTION ( 'NONE',  ( 1.000000000000000000, 0.000000000000000000, 0.000000000000000000 ) ) ;
#522 =( GEOMETRIC_REPRESENTATION_CONTEXT ( 3 ) GLOBAL_UNCERTAINTY_ASSIGNED_CONTEXT ( ( #135 ) ) GLOBAL_UNIT_ASSIGNED_CONTEXT ( ( #201, #103, #11 ) ) REPRESENTATION_CONTEXT ( 'NONE', 'WORKASPACE' ) );
#523 = PLANE ( 'NONE',  #262 ) ;
#524 = EDGE_LOOP ( 'NONE', ( #126, #209, #221, #482 ) ) ;
#525 = CARTESIAN_POINT ( 'NONE',  ( 15.00000000000000178, 0.1654503597015220262, -14.99999999999999822 ) ) ;
#526 = DIRECTION ( 'NONE',  ( 0.000000000000000000, -0.000000000000000000, 1.000000000000000000 ) ) ;
#527 = CARTESIAN_POINT ( 'NONE',  ( 1.653828630337611516, 21.93805357949029045, -14.38186143982011167 ) ) ;
#528 = CARTESIAN_POINT ( 'NONE',  ( 1.254289495429277368, 14.94808394957610886, -14.66869437817645050 ) ) ;
#529 = VECTOR ( 'NONE', #1003, 1000.000000000000000 ) ;
#530 = CARTESIAN_POINT ( 'NONE',  ( 2.499999999999844569, 14.79019945774906830, -12.17345761169653251 ) ) ;
#531 = ADVANCED_FACE ( 'NONE', ( #920, #107 ), #816, .T. ) ;
#532 = DIRECTION ( 'NONE',  ( 1.000000000000000000, 0.000000000000000000, 0.000000000000000000 ) ) ;
#533 = CARTESIAN_POINT ( 'NONE',  ( -2.419638138996014654, -21.86655867227426242, -11.85032512972843044 ) ) ;
#534 = EDGE_CURVE ( 'NONE', #880, #884, #941, .T. ) ;
#535 = CARTESIAN_POINT ( 'NONE',  ( 18.99999999999999645, 0.000000000000000000, -2.999999999999997335 ) ) ;
#536 = ORIENTED_EDGE ( 'NONE', *, *, #825, .T. ) ;
#537 = CARTESIAN_POINT ( 'NONE',  ( 21.86654643227758044, -2.419747321910842963, -11.85086821251992362 ) ) ;
#538 = CARTESIAN_POINT ( 'NONE',  ( -2.372024049302063897, 21.87184233058216876, -11.69355585910064654 ) ) ;
#539 = AXIS2_PLACEMENT_3D ( 'NONE', #459, #1202, #737 ) ;
#540 = FACE_OUTER_BOUND ( 'NONE', #31, .T. ) ;
#541 = CARTESIAN_POINT ( 'NONE',  ( 22.00000000000000000, 0.000000000000000000, -19.99999999999999645 ) ) ;
#542 = CARTESIAN_POINT ( 'NONE',  ( 0.8075079715088049337, -14.97900649334484946, -14.87158885737711422 ) ) ;
#543 = PRESENTATION_STYLE_ASSIGNMENT (( #738 ) ) ;
#544 = CARTESIAN_POINT ( 'NONE',  ( -21.99999999999999645, 2.694222958124176415E-15, -2.999999999999997335 ) ) ;
#545 = CARTESIAN_POINT ( 'NONE',  ( -21.91023424338312253, -1.987446869864772925, -14.02535542133774271 ) ) ;
#546 = CARTESIAN_POINT ( 'NONE',  ( 1.526376908303441970, -21.94741259023845359, -10.51324520912709737 ) ) ;
#547 = PLANE ( 'NONE',  #775 ) ;
#548 = CARTESIAN_POINT ( 'NONE',  ( 0.1670972045339343681, 21.99998602974143935, -14.99987706169155643 ) ) ;
#549 = EDGE_CURVE ( 'NONE', #402, #878, #862, .T. ) ;
#550 = CARTESIAN_POINT ( 'NONE',  ( 21.94747638733189987, -1.525456680342556437, -10.51254532518240481 ) ) ;
#551 = CARTESIAN_POINT ( 'NONE',  ( -2.500000000000076827, 22.00100000000006517, -12.49999999999999645 ) ) ;
#552 = CIRCLE ( 'NONE', #29, 22.00000000000000000 ) ;
#553 = ORIENTED_EDGE ( 'NONE', *, *, #448, .F. ) ;
#554 = DIRECTION ( 'NONE',  ( 1.000000000000000000, -0.000000000000000000, -0.000000000000000000 ) ) ;
#555 = CARTESIAN_POINT ( 'NONE',  ( 0.000000000000000000, 0.000000000000000000, 6.000000000000000000 ) ) ;
#556 = DIRECTION ( 'NONE',  ( -0.000000000000000000, -0.000000000000000000, 1.000000000000000000 ) ) ;
#557 = CARTESIAN_POINT ( 'NONE',  ( 1.107595720774388282, 21.97262398825696650, -10.25275936340004179 ) ) ;
#558 = EDGE_CURVE ( 'NONE', #760, #273, #169, .T. ) ;
#559 = ORIENTED_EDGE ( 'NONE', *, *, #1039, .F. ) ;
#560 = CARTESIAN_POINT ( 'NONE',  ( 14.99726402656820490, -0.3281603911762283055, -14.98373014115579771 ) ) ;
#561 = CARTESIAN_POINT ( 'NONE',  ( -14.84242050107707200, 2.170470525850520804, -11.24869035003737139 ) ) ;
#562 = LINE ( 'NONE', #551, #147 ) ;
#563 = CARTESIAN_POINT ( 'NONE',  ( 14.94818098475535884, -1.253188194454248894, -14.66937479303630454 ) ) ;
#564 = CARTESIAN_POINT ( 'NONE',  ( 21.85749983814975295, 2.499940165061994790, -12.66411947722899889 ) ) ;
#565 = CARTESIAN_POINT ( 'NONE',  ( -2.169471268799555208, -14.84256911400627743, -11.24689579470283540 ) ) ;
#566 = AXIS2_PLACEMENT_3D ( 'NONE', #1146, #855, #485 ) ;
#567 = CARTESIAN_POINT ( 'NONE',  ( -14.92285450293585214, -1.525407377777375784, -14.48736437031098312 ) ) ;
#568 = ADVANCED_FACE ( 'NONE', ( #474 ), #759, .T. ) ;
#569 = CARTESIAN_POINT ( 'NONE',  ( 0.000000000000000000, 0.000000000000000000, -6.599999999999997868 ) ) ;
#570 = CARTESIAN_POINT ( 'NONE',  ( 0.1633980867405173398, -22.00001381476455009, -15.00012156996100821 ) ) ;
#571 = CARTESIAN_POINT ( 'NONE',  ( 2.483735776871174750, -14.79297562946810451, -12.17111670648086985 ) ) ;
#572 = PRODUCT_DEFINITION_SHAPE ( 'NONE', 'NONE',  #1167 ) ;
#573 = APPLICATION_PROTOCOL_DEFINITION ( 'draft international standard', 'automotive_design', 1998, #881 ) ;
#574 = ORIENTED_EDGE ( 'NONE', *, *, #491, .F. ) ;
#575 = CIRCLE ( 'NONE', #539, 15.00000000000000178 ) ;
#576 = CARTESIAN_POINT ( 'NONE',  ( 21.91004659097514562, -1.989507255007780362, -14.02267235326253214 ) ) ;
#577 = CARTESIAN_POINT ( 'NONE',  ( -0.6491325906007908708, -21.99100206305302407, -14.91974715506596816 ) ) ;
#578 = CARTESIAN_POINT ( 'NONE',  ( 2.372333281314511044, 21.87180861275327004, -11.69446767495242590 ) ) ;
#579 = ORIENTED_EDGE ( 'NONE', *, *, #378, .F. ) ;
#580 = DIRECTION ( 'NONE',  ( 1.000000000000000000, 0.000000000000000000, 0.000000000000000000 ) ) ;
#581 = CIRCLE ( 'NONE', #219, 15.00000000000000178 ) ;
#582 = CARTESIAN_POINT ( 'NONE',  ( 22.00000000000000000, 0.1653244915803077086, -14.99999999999999822 ) ) ;
#583 = CARTESIAN_POINT ( 'NONE',  ( 1.651266225227695061, -21.93824733457653409, -14.38410809226021492 ) ) ;
#584 = CARTESIAN_POINT ( 'NONE',  ( 1.884230952082812660, 21.91947485373590609, -10.84866773719909894 ) ) ;
#585 = ORIENTED_EDGE ( 'NONE', *, *, #769, .F. ) ;
#586 = B_SPLINE_CURVE_WITH_KNOTS ( 'NONE', 3,
 ( #649, #1203, #367, #1101, #926, #106, #1014, #550, #1086, #460, #1109, #192, #282, #1020, #537, #9, #1181, #381, #1115, #1024, #353, #473, #764, #576, #403, #122, #748, #223, #939, #771, #848, #203 ),
 .UNSPECIFIED., .F., .F.,
 ( 4, 2, 2, 2, 2, 2, 2, 2, 2, 2, 2, 2, 2, 2, 2, 4 ),
 ( 0.007822454537422675325, 0.008311242035467014677, 0.008800029533511352295, 0.009288817031555689913, 0.009777604529600029265, 0.01026639202764436862, 0.01075517952568870624, 0.01124396702373304385, 0.01173275452177738321, 0.01222154201982172256, 0.01271032951786606018, 0.01319911701591039779, 0.01368790451395473715, 0.01417669201199907650, 0.01466547951004341412, 0.01564305450613209109 ),
 .UNSPECIFIED. ) ;
#587 = AXIS2_PLACEMENT_3D ( 'NONE', #743, #1094, #267 ) ;
#588 = FACE_OUTER_BOUND ( 'NONE', #865, .T. ) ;
#589 = CARTESIAN_POINT ( 'NONE',  ( 21.85748618885906325, 2.500059500780350774, -12.33770852069804747 ) ) ;
#590 = CARTESIAN_POINT ( 'NONE',  ( -21.97258887648235870, 1.108285147632031897, -14.74689829345343206 ) ) ;
#591 = DIRECTION ( 'NONE',  ( -0.000000000000000000, -0.000000000000000000, 1.000000000000000000 ) ) ;
#592 = ORIENTED_EDGE ( 'NONE', *, *, #749, .T. ) ;
#593 = FACE_BOUND ( 'NONE', #148, .T. ) ;
#594 = CARTESIAN_POINT ( 'NONE',  ( -14.90927323761718704, 1.651377842369136539, -14.38401131411345268 ) ) ;
#595 = EDGE_LOOP ( 'NONE', ( #924, #972, #136, #1161 ) ) ;
#596 = PRODUCT_CONTEXT ( 'NONE', #881, 'mechanical' ) ;
#597 = CARTESIAN_POINT ( 'NONE',  ( -21.86653322829056023, 2.419867398210235887, -13.14883156203654657 ) ) ;
#598 = LINE ( 'NONE', #1176, #860 ) ;
#599 = ORIENTED_EDGE ( 'NONE', *, *, #983, .F. ) ;
#600 = ORIENTED_EDGE ( 'NONE', *, *, #124, .T. ) ;
#601 = CARTESIAN_POINT ( 'NONE',  ( 1.254408682611774406, 14.94807586867059257, -10.33135429561227170 ) ) ;
#602 = AXIS2_PLACEMENT_3D ( 'NONE', #620, #812, #270 ) ;
#603 = CARTESIAN_POINT ( 'NONE',  ( -14.88165381290263234, -1.884176081336284003, -14.15135657781930689 ) ) ;
#604 = ADVANCED_FACE ( 'NONE', ( #868 ), #778, .F. ) ;
#605 = CARTESIAN_POINT ( 'NONE',  ( -21.93824919412140773, 1.651338677322524262, -14.38422528780009912 ) ) ;
#606 = CARTESIAN_POINT ( 'NONE',  ( 0.3284235286431283485, 14.99726322906827924, -14.98372709982229800 ) ) ;
#607 = EDGE_LOOP ( 'NONE', ( #929, #1158 ) ) ;
#608 = CARTESIAN_POINT ( 'NONE',  ( -0.6462656219365132682, 14.98692689015469881, -10.07947164278905205 ) ) ;
#609 = DIRECTION ( 'NONE',  ( -1.047444401652940007E-14, 1.000000000000000000, -0.000000000000000000 ) ) ;
#610 = CARTESIAN_POINT ( 'NONE',  ( -2.483638611086400161, -21.85938187921189169, -12.17096290442066220 ) ) ;
#611 = CARTESIAN_POINT ( 'NONE',  ( -21.85749983814975295, 2.499940165061994790, -12.33588052277099756 ) ) ;
#612 = CARTESIAN_POINT ( 'NONE',  ( -2.420036362626955651, 14.80352883832770949, -13.14809560413480582 ) ) ;
#613 = CARTESIAN_POINT ( 'NONE',  ( 14.86798121760249636, -1.987831418275115336, -10.97520419275781478 ) ) ;
#614 = LINE ( 'NONE', #433, #1035 ) ;
#615 = DIRECTION ( 'NONE',  ( 1.000000000000000000, 0.000000000000000000, 0.000000000000000000 ) ) ;
#616 = CARTESIAN_POINT ( 'NONE',  ( -1.108328393018361613, -14.95976810428429360, -14.74688854272730687 ) ) ;
#617 = CARTESIAN_POINT ( 'NONE',  ( -14.86803497713260747, 1.987437257370136878, -14.02533838579907588 ) ) ;
#618 = CARTESIAN_POINT ( 'NONE',  ( 1.111027708147313886, 14.95956741898088183, -10.25444274359720254 ) ) ;
#619 = EDGE_CURVE ( 'NONE', #1154, #1131, #39, .T. ) ;
#620 = CARTESIAN_POINT ( 'NONE',  ( -22.00100000000000122, 0.000000000000000000, -12.49999999999999645 ) ) ;
#621 = CARTESIAN_POINT ( 'NONE',  ( 1.107757681900150892, -21.97260880692590135, -10.25291693686578043 ) ) ;
#622 = CARTESIAN_POINT ( 'NONE',  ( 1.525361107344940681, 21.94747744315735716, -14.48744257581327233 ) ) ;
#623 = CARTESIAN_POINT ( 'NONE',  ( -18.99999999999999645, 2.326828918379970576E-15, -2.999999999999997335 ) ) ;
#624 = CARTESIAN_POINT ( 'NONE',  ( 0.000000000000000000, 0.000000000000000000, 0.000000000000000000 ) ) ;
#625 = ORIENTED_EDGE ( 'NONE', *, *, #326, .T. ) ;
#626 = ADVANCED_FACE ( 'NONE', ( #481 ), #125, .F. ) ;
#627 = FACE_OUTER_BOUND ( 'NONE', #986, .T. ) ;
#628 = CARTESIAN_POINT ( 'NONE',  ( -14.79020997506362001, -2.499937778723236192, -12.33567345886520705 ) ) ;
#629 = CARTESIAN_POINT ( 'NONE',  ( -0.6457070235253274948, 21.99110337652650315, -14.92066483166226654 ) ) ;
#630 = SURFACE_STYLE_FILL_AREA ( #447 ) ;
#631 = CARTESIAN_POINT ( 'NONE',  ( -22.00000000000000000, 2.694222958124176809E-15, 0.000000000000000000 ) ) ;
#632 = CARTESIAN_POINT ( 'NONE',  ( -1.884112982664541525, -21.91947677896682833, -14.15126311827086170 ) ) ;
#633 = AXIS2_PLACEMENT_3D ( 'NONE', #156, #341, #887 ) ;
#634 = DIRECTION ( 'NONE',  ( -0.000000000000000000, -0.000000000000000000, 1.000000000000000000 ) ) ;
#635 = EDGE_CURVE ( 'NONE', #344, #760, #30, .T. ) ;
#636 = CARTESIAN_POINT ( 'NONE',  ( 0.000000000000000000, 0.000000000000000000, 0.000000000000000000 ) ) ;
#637 = EDGE_LOOP ( 'NONE', ( #536, #686, #316, #227 ) ) ;
#638 = CARTESIAN_POINT ( 'NONE',  ( 1.110480498373944469, 21.97247737158161129, -14.74581138282120207 ) ) ;
#639 = DIRECTION ( 'NONE',  ( -0.000000000000000000, -0.000000000000000000, -1.000000000000000000 ) ) ;
#640 = DIRECTION ( 'NONE',  ( -0.000000000000000000, -0.000000000000000000, -1.000000000000000000 ) ) ;
#641 = CARTESIAN_POINT ( 'NONE',  ( -21.86644450701124498, -2.420665241105045773, -11.85429461630334913 ) ) ;
#642 = DIRECTION ( 'NONE',  ( 1.000000000000000000, 0.000000000000000000, 0.000000000000000000 ) ) ;
#643 = CARTESIAN_POINT ( 'NONE',  ( -2.499999999999949374, -14.79019945774905054, -12.66331201686068653 ) ) ;
#644 = CARTESIAN_POINT ( 'NONE',  ( -14.99726404368439070, 0.3288835932972016263, -10.01626416299334110 ) ) ;
#645 = B_SPLINE_CURVE_WITH_KNOTS ( 'NONE', 3,
 ( #325, #152, #888, #802, #231, #429, #594, #795, #617, #702, #1075, #683, #157, #894, #70, #970, #139, #875, #469, #821, #561, #100, #373, #83, #180, #260, #835, #644, #276, #1195 ),
 .UNSPECIFIED., .F., .F.,
 ( 4, 2, 2, 2, 2, 2, 2, 2, 2, 2, 2, 2, 2, 2, 4 ),
 ( 0.007829808997192497580, 0.008808290957735793320, 0.009297531938007440322, 0.009786772918279085590, 0.01027601389855073259, 0.01076525487882237959, 0.01125449585909402486, 0.01174373683936567186, 0.01223297781963731887, 0.01272221879990896587, 0.01321145978018061287, 0.01370070076045225987, 0.01467918272099555041, 0.01516842370126719741, 0.01565766468153884095 ),
 .UNSPECIFIED. ) ;
#646 = CARTESIAN_POINT ( 'NONE',  ( 0.8047438471607155641, 21.98579906554365593, -10.12739676727838933 ) ) ;
#647 = VECTOR ( 'NONE', #449, 1000.000000000000000 ) ;
#648 = CARTESIAN_POINT ( 'NONE',  ( -2.500000000000155431, 14.79019945774901679, -12.49999999999999822 ) ) ;
#649 = CARTESIAN_POINT ( 'NONE',  ( 22.00000000000000000, -2.608644684430102889E-23, -9.999999999999996447 ) ) ;
#650 = B_SPLINE_CURVE_WITH_KNOTS ( 'NONE', 3,
 ( #801, #274, #730, #259, #452, #1099, #714, #708, #185, #527, #622, #1186, #638, #1001, #173, #819, #548, #358, #266, #629, #1007, #179, #918, #389, #291, #105, #468, #938, #753, #1023, #286, #464 ),
 .UNSPECIFIED., .F., .F.,
 ( 4, 2, 2, 2, 2, 2, 2, 2, 2, 2, 2, 2, 2, 2, 2, 4 ),
 ( 0.007822451914024711184, 0.008311239195108932262, 0.008800026476193153341, 0.009288813757277372685, 0.009777601038361593763, 0.01026638831944581484, 0.01075517560053003419, 0.01124396288161425526, 0.01173275016269847634, 0.01222153744378269742, 0.01271032472486691850, 0.01319911200595113784, 0.01368789928703535892, 0.01417668656811958000, 0.01466547384920379934, 0.01564304841137224497 ),
 .UNSPECIFIED. ) ;
#651 = CARTESIAN_POINT ( 'NONE',  ( -15.00000000000000178, 1.836970310527797932E-15, -14.99999999999999822 ) ) ;
#652 = CARTESIAN_POINT ( 'NONE',  ( 0.000000000000000000, 0.000000000000000000, -19.99999999999999645 ) ) ;
#653 = CARTESIAN_POINT ( 'NONE',  ( 14.80357972384034859, -2.419729098946395318, -13.14962027911713172 ) ) ;
#654 = CARTESIAN_POINT ( 'NONE',  ( 14.92283296000866244, 1.525710711026231570, -10.51276957488063424 ) ) ;
#655 = CARTESIAN_POINT ( 'NONE',  ( -1.525365273026838109, -14.92286078814606931, -10.51258305380699198 ) ) ;
#656 = EDGE_CURVE ( 'NONE', #976, #273, #400, .T. ) ;
#657 = DIRECTION ( 'NONE',  ( -0.000000000000000000, -0.000000000000000000, 1.000000000000000000 ) ) ;
#658 = AXIS2_PLACEMENT_3D ( 'NONE', #636, #657, #20 ) ;
#659 = CARTESIAN_POINT ( 'NONE',  ( 21.96462144570043407, 1.254508820498300592, -10.33142579883286416 ) ) ;
#660 = CARTESIAN_POINT ( 'NONE',  ( -21.85750706754394201, -2.499876958458889131, -12.66709839582346042 ) ) ;
#661 = CARTESIAN_POINT ( 'NONE',  ( 2.246900326133241865, 21.88505005968601225, -11.39171914716917655 ) ) ;
#662 = VECTOR ( 'NONE', #914, 1000.000000000000000 ) ;
#663 = CARTESIAN_POINT ( 'NONE',  ( 21.99999999999999645, 0.000000000000000000, -2.999999999999997335 ) ) ;
#664 = CARTESIAN_POINT ( 'NONE',  ( -21.89283878017968377, -2.170689033807221779, -11.24908859960917340 ) ) ;
#665 = CARTESIAN_POINT ( 'NONE',  ( 1.107789760373637966, -14.95980435021916399, -10.25287457333517516 ) ) ;
#666 = ORIENTED_EDGE ( 'NONE', *, *, #423, .T. ) ;
#667 = ORIENTED_EDGE ( 'NONE', *, *, #928, .F. ) ;
#668 = CARTESIAN_POINT ( 'NONE',  ( 14.88192730507121198, 1.881944988242674421, -10.84626771477256924 ) ) ;
#669 = CARTESIAN_POINT ( 'NONE',  ( 2.500000000000076383, -21.85749299439438431, -12.49999999999999467 ) ) ;
#670 = CARTESIAN_POINT ( 'NONE',  ( 22.00100000000000122, 0.000000000000000000, -12.49999999999999645 ) ) ;
#671 = VERTEX_POINT ( 'NONE', #1138 ) ;
#672 = AXIS2_PLACEMENT_3D ( 'NONE', #989, #1185, #615 ) ;
#673 = AXIS2_PLACEMENT_3D ( 'NONE', #309, #953, #580 ) ;
#674 = DIRECTION ( 'NONE',  ( -0.000000000000000000, -0.000000000000000000, 1.000000000000000000 ) ) ;
#675 = CARTESIAN_POINT ( 'NONE',  ( 21.94748839423878550, 1.525169111405419331, -10.51244732691419870 ) ) ;
#676 = FACE_OUTER_BOUND ( 'NONE', #780, .T. ) ;
#677 = EDGE_CURVE ( 'NONE', #510, #104, #883, .T. ) ;
#678 = CARTESIAN_POINT ( 'NONE',  ( 0.000000000000000000, 0.000000000000000000, 0.000000000000000000 ) ) ;
#679 = ORIENTED_EDGE ( 'NONE', *, *, #841, .T. ) ;
#680 = VECTOR ( 'NONE', #640, 1000.000000000000000 ) ;
#681 = ORIENTED_EDGE ( 'NONE', *, *, #1141, .T. ) ;
#682 = DIRECTION ( 'NONE',  ( 1.000000000000000000, 0.000000000000000000, -0.000000000000000000 ) ) ;
#683 = CARTESIAN_POINT ( 'NONE',  ( -14.81148604729126639, 2.371485010187310838, -13.30806363829676897 ) ) ;
#684 = ORIENTED_EDGE ( 'NONE', *, *, #499, .T. ) ;
#685 = ORIENTED_EDGE ( 'NONE', *, *, #694, .F. ) ;
#686 = ORIENTED_EDGE ( 'NONE', *, *, #635, .T. ) ;
#687 = ORIENTED_EDGE ( 'NONE', *, *, #716, .T. ) ;
#688 = B_SPLINE_CURVE_WITH_KNOTS ( 'NONE', 3,
 ( #23, #857, #13, #1030, #292, #654, #757, #668, #304, #213, #861, #32, #1178, #363, #798, #252, #1173, #67, #345, #699, #994, #444, #1191, #897, #73, #37, #246, #1097, #525, #163 ),
 .UNSPECIFIED., .F., .F.,
 ( 4, 2, 2, 2, 2, 2, 2, 2, 2, 2, 2, 2, 2, 2, 4 ),
 ( 0.007829808997192495845, 0.008808290957735789850, 0.009297531938007436852, 0.009786772918279083855, 0.01027601389855072912, 0.01076525487882237613, 0.01125449585909402313, 0.01174373683936567013, 0.01223297781963731887, 0.01272221879990896413, 0.01321145978018061287, 0.01370070076045225987, 0.01467918272099555041, 0.01516842370126719568, 0.01565766468153884095 ),
 .UNSPECIFIED. ) ;
#689 = CARTESIAN_POINT ( 'NONE',  ( -21.99813803720676830, 0.3278594320300149967, -10.01623759371262068 ) ) ;
#690 = DIRECTION ( 'NONE',  ( -0.000000000000000000, -0.000000000000000000, 1.000000000000000000 ) ) ;
#691 = VERTEX_POINT ( 'NONE', #1164 ) ;
#692 = VERTEX_POINT ( 'NONE', #250 ) ;
#693 = DIRECTION ( 'NONE',  ( 1.000000000000000000, 0.000000000000000000, 0.000000000000000000 ) ) ;
#694 = EDGE_CURVE ( 'NONE', #320, #310, #38, .T. ) ;
#695 = CARTESIAN_POINT ( 'NONE',  ( -22.00000000000000000, -6.788806661118288209E-17, -9.999999999999996447 ) ) ;
#696 = CARTESIAN_POINT ( 'NONE',  ( 2.372136715205131363, 14.81138049057050665, -13.30607979390889106 ) ) ;
#697 = ORIENTED_EDGE ( 'NONE', *, *, #1006, .T. ) ;
#698 = CYLINDRICAL_SURFACE ( 'NONE', #486, 22.00000000000000000 ) ;
#699 = CARTESIAN_POINT ( 'NONE',  ( 14.83085966943328415, 2.247135086939057835, -13.60776945835719864 ) ) ;
#700 = CARTESIAN_POINT ( 'NONE',  ( 0.1641189310405946344, -21.99999320770544031, -10.00005977219610820 ) ) ;
#701 = CARTESIAN_POINT ( 'NONE',  ( -22.00100000000000122, 0.000000000000000000, -12.49999999999999645 ) ) ;
#702 = CARTESIAN_POINT ( 'NONE',  ( -14.84268478741295816, 2.168658395119302806, -13.75438622778378139 ) ) ;
#703 = FACE_OUTER_BOUND ( 'NONE', #55, .T. ) ;
#704 = ORIENTED_EDGE ( 'NONE', *, *, #1104, .T. ) ;
#705 = CYLINDRICAL_SURFACE ( 'NONE', #143, 4.950000000000000178 ) ;
#706 = FACE_OUTER_BOUND ( 'NONE', #979, .T. ) ;
#707 = EDGE_CURVE ( 'NONE', #958, #671, #598, .T. ) ;
#708 = CARTESIAN_POINT ( 'NONE',  ( 1.987459127975875539, 21.91023532593751710, -14.02545071680073185 ) ) ;
#709 = CARTESIAN_POINT ( 'NONE',  ( 0.000000000000000000, 0.000000000000000000, -6.599999999999996980 ) ) ;
#710 = CARTESIAN_POINT ( 'NONE',  ( 1.884036828533116381, 14.88166149967148755, -10.84865120647653036 ) ) ;
#711 = ORIENTED_EDGE ( 'NONE', *, *, #849, .F. ) ;
#712 = CARTESIAN_POINT ( 'NONE',  ( -4.950000000000000178, 0.000000000000000000, 6.000000000000000000 ) ) ;
#713 = CARTESIAN_POINT ( 'NONE',  ( 0.000000000000000000, 0.000000000000000000, 0.000000000000000000 ) ) ;
#714 = CARTESIAN_POINT ( 'NONE',  ( 2.170005303695597743, 21.89290941846851979, -13.75222628014882886 ) ) ;
#715 = FILL_AREA_STYLE_COLOUR ( '', #726 ) ;
#716 = EDGE_CURVE ( 'NONE', #691, #475, #552, .T. ) ;
#717 = EDGE_CURVE ( 'NONE', #1053, #243, #417, .T. ) ;
#718 = CARTESIAN_POINT ( 'NONE',  ( 2.499999999999845013, 14.79019945774906653, -12.49999999999999645 ) ) ;
#719 = CIRCLE ( 'NONE', #142, 15.00000000000000178 ) ;
#720 = CARTESIAN_POINT ( 'NONE',  ( 0.000000000000000000, 0.000000000000000000, 6.000000000000000000 ) ) ;
#721 =( GEOMETRIC_REPRESENTATION_CONTEXT ( 3 ) GLOBAL_UNCERTAINTY_ASSIGNED_CONTEXT ( ( #307 ) ) GLOBAL_UNIT_ASSIGNED_CONTEXT ( ( #88, #1002, #1008 ) ) REPRESENTATION_CONTEXT ( 'NONE', 'WORKASPACE' ) );
#722 = CARTESIAN_POINT ( 'NONE',  ( -14.95966471396675779, -1.109695397967913166, -10.25379892293421058 ) ) ;
#723 = CARTESIAN_POINT ( 'NONE',  ( -1.254289495429381285, -14.94808394957610354, -14.66869437817645050 ) ) ;
#724 = AXIS2_PLACEMENT_3D ( 'NONE', #951, #411, #1128 ) ;
#725 = CARTESIAN_POINT ( 'NONE',  ( -15.00000000000000178, -2.105391304433167785E-16, -9.999999999999996447 ) ) ;
#726 = COLOUR_RGB ( '',0.7921568627450980005, 0.8196078431372548767, 0.9333333333333333481 ) ;
#727 = LINE ( 'NONE', #631, #113 ) ;
#728 = CYLINDRICAL_SURFACE ( 'NONE', #602, 2.500000000000000444 ) ;
#729 = CARTESIAN_POINT ( 'NONE',  ( -14.95974914407816847, -1.108543417651205010, -14.74676001088695187 ) ) ;
#730 = CARTESIAN_POINT ( 'NONE',  ( 2.484175707895430740, 21.85932089784036947, -12.82547219812277106 ) ) ;
#731 = CARTESIAN_POINT ( 'NONE',  ( -2.500000000000229594, 21.85749299439436655, -12.33467535763302436 ) ) ;
#732 = CARTESIAN_POINT ( 'NONE',  ( 4.950000000000000178, 6.062001655779397525E-16, -7.500000000000000000 ) ) ;
#733 = AXIS2_PLACEMENT_3D ( 'NONE', #787, #8, #372 ) ;
#734 = CARTESIAN_POINT ( 'NONE',  ( -22.00100000000000122, 3.061616997868383141E-16, -9.999999999999996447 ) ) ;
#735 = EDGE_CURVE ( 'NONE', #510, #768, #645, .T. ) ;
#736 = FACE_BOUND ( 'NONE', #289, .T. ) ;
#737 = DIRECTION ( 'NONE',  ( 1.000000000000000000, 0.000000000000000000, 0.000000000000000000 ) ) ;
#738 = SURFACE_STYLE_USAGE ( .BOTH. , #287 ) ;
#739 = CIRCLE ( 'NONE', #160, 18.99999999999999645 ) ;
#740 = CARTESIAN_POINT ( 'NONE',  ( -0.6492391138678739182, 21.99101071270167651, -10.08017137676005959 ) ) ;
#741 = LINE ( 'NONE', #93, #162 ) ;
#742 = CARTESIAN_POINT ( 'NONE',  ( 14.80357585234893847, -2.419750678152277068, -11.85071673576321238 ) ) ;
#743 = CARTESIAN_POINT ( 'NONE',  ( 0.000000000000000000, 0.000000000000000000, -7.500000000000000000 ) ) ;
#744 = ADVANCED_BREP_SHAPE_REPRESENTATION ( 'BulkheadV2_Sensorpress\X2\00e3\X0\o', ( #806, #673 ), #522 ) ;
#745 = CARTESIAN_POINT ( 'NONE',  ( 1.650858423625527038, 21.93828549840420905, -10.61535388252892531 ) ) ;
#746 = PRESENTATION_LAYER_ASSIGNMENT (  '', '', ( #72 ) ) ;
#747 = CARTESIAN_POINT ( 'NONE',  ( 14.79292830875091269, -2.484015620832729088, -12.82674426511745835 ) ) ;
#748 = CARTESIAN_POINT ( 'NONE',  ( 21.94728502951468130, -1.528198521240488050, -14.48534972384129382 ) ) ;
#749 = EDGE_CURVE ( 'NONE', #768, #384, #196, .T. ) ;
#750 = CARTESIAN_POINT ( 'NONE',  ( -1.652171485012450258, 21.93817900431220025, -10.61668279426196904 ) ) ;
#751 = DIRECTION ( 'NONE',  ( -0.000000000000000000, -0.000000000000000000, 1.000000000000000000 ) ) ;
#752 = B_SPLINE_CURVE_WITH_KNOTS ( 'NONE', 3,
 ( #53, #513, #507, #428, #794, #1169, #1201, #1107, #1194, #94, #254, #542, #899, #366, #347, #1079, #458, #371, #829, #616, #723, #814, #996, #165, #281, #1093, #82, #1175, #1180, #446, #643, #1018 ),
 .UNSPECIFIED., .F., .F.,
 ( 4, 2, 2, 2, 2, 2, 2, 2, 2, 2, 2, 2, 2, 2, 2, 4 ),
 ( 1.788112030672749005E-18, 0.0004893622947243718825, 0.0009787245894487420304, 0.001468086884173112287, 0.001957449178897482326, 0.002936173768346222838, 0.003425536063070592878, 0.003914898357794962917, 0.004404260652519332957, 0.004893622947243702996, 0.005382985241968073035, 0.005872347536692443942, 0.006361709831416813982, 0.006851072126141184021, 0.007340434420865554060, 0.007829796715589924100 ),
 .UNSPECIFIED. ) ;
#753 = CARTESIAN_POINT ( 'NONE',  ( -2.246013834931795294, 21.88514037433575155, -13.60991815932357518 ) ) ;
#754 = CARTESIAN_POINT ( 'NONE',  ( 21.87186733164128682, 2.371782049554976179, -13.30694416519963319 ) ) ;
#755 = CARTESIAN_POINT ( 'NONE',  ( 2.500000000000076383, -21.85749299439438076, -12.83057085763667082 ) ) ;
#756 = CARTESIAN_POINT ( 'NONE',  ( -2.434286619586713218, -14.80169476362339864, -11.84400270486006868 ) ) ;
#757 = CARTESIAN_POINT ( 'NONE',  ( 14.90927323761718171, 1.651377842369134319, -10.61598868588654199 ) ) ;
#758 = CARTESIAN_POINT ( 'NONE',  ( 2.168308545511778540, -21.89307838847529908, -13.75516606944600184 ) ) ;
#759 = CYLINDRICAL_SURFACE ( 'NONE', #1134, 18.99999999999999645 ) ;
#760 = VERTEX_POINT ( 'NONE', #623 ) ;
#761 = VECTOR ( 'NONE', #766, 1000.000000000000000 ) ;
#762 = ADVANCED_FACE ( 'NONE', ( #815 ), #360, .F. ) ;
#763 = EDGE_LOOP ( 'NONE', ( #413, #503 ) ) ;
#764 = CARTESIAN_POINT ( 'NONE',  ( 21.89283878017968377, -2.170689033807220891, -13.75091140039082482 ) ) ;
#765 = CARTESIAN_POINT ( 'NONE',  ( -0.8079234289886049192, -21.98568144303983374, -14.87151753891254735 ) ) ;
#766 = DIRECTION ( 'NONE',  ( -0.000000000000000000, -0.000000000000000000, 1.000000000000000000 ) ) ;
#767 = ORIENTED_EDGE ( 'NONE', *, *, #338, .T. ) ;
#768 = VERTEX_POINT ( 'NONE', #725 ) ;
#769 = EDGE_CURVE ( 'NONE', #1063, #140, #844, .T. ) ;
#770 = ORIENTED_EDGE ( 'NONE', *, *, #432, .F. ) ;
#771 = CARTESIAN_POINT ( 'NONE',  ( 21.99218657733324989, -0.6589942261262881074, -14.93345722555763899 ) ) ;
#772 = CARTESIAN_POINT ( 'NONE',  ( -21.91029920893024752, 1.986759559870682201, -10.97362943863108065 ) ) ;
#773 = CARTESIAN_POINT ( 'NONE',  ( 2.370786900262392916, -14.81159587188991544, -11.69014543763246117 ) ) ;
#774 = ORIENTED_EDGE ( 'NONE', *, *, #749, .F. ) ;
#775 = AXIS2_PLACEMENT_3D ( 'NONE', #1022, #943, #463 ) ;
#776 = CARTESIAN_POINT ( 'NONE',  ( 18.99999999999999645, 0.000000000000000000, -6.599999999999997868 ) ) ;
#777 = CARTESIAN_POINT ( 'NONE',  ( -21.88503005331267204, 2.247084829086225088, -11.39224608001980776 ) ) ;
#778 = CYLINDRICAL_SURFACE ( 'NONE', #959, 2.500000000000000444 ) ;
#779 = ORIENTED_EDGE ( 'NONE', *, *, #825, .F. ) ;
#780 = EDGE_LOOP ( 'NONE', ( #681, #876 ) ) ;
#781 = VECTOR ( 'NONE', #931, 1000.000000000000000 ) ;
#782 = FACE_OUTER_BOUND ( 'NONE', #933, .T. ) ;
#783 = DIRECTION ( 'NONE',  ( -1.000000000000000000, -0.000000000000000000, -0.000000000000000000 ) ) ;
#784 = PRODUCT_RELATED_PRODUCT_CATEGORY ( 'part', '', ( #280 ) ) ;
#785 = ORIENTED_EDGE ( 'NONE', *, *, #707, .T. ) ;
#786 = DIRECTION ( 'NONE',  ( 1.000000000000000000, 0.000000000000000000, 0.000000000000000000 ) ) ;
#787 = CARTESIAN_POINT ( 'NONE',  ( 0.000000000000000000, 0.000000000000000000, 0.000000000000000000 ) ) ;
#788 = AXIS2_PLACEMENT_3D ( 'NONE', #138, #1145, #682 ) ;
#789 = CYLINDRICAL_SURFACE ( 'NONE', #59, 2.500000000000000444 ) ;
#790 = CARTESIAN_POINT ( 'NONE',  ( 1.524826146210914946, 14.92291396228467093, -14.48780850891373895 ) ) ;
#791 = ORIENTED_EDGE ( 'NONE', *, *, #112, .F. ) ;
#792 = CARTESIAN_POINT ( 'NONE',  ( -2.419151954707781993, 14.80367438183442097, -11.84822438669441880 ) ) ;
#793 = CARTESIAN_POINT ( 'NONE',  ( -14.99726402656820667, -0.3281603911762283610, -10.01626985884420051 ) ) ;
#794 = CARTESIAN_POINT ( 'NONE',  ( 2.371818476130799436, -14.81143197799693034, -13.30704296345001225 ) ) ;
#795 = CARTESIAN_POINT ( 'NONE',  ( -14.88192730507121198, 1.881944988242676198, -14.15373228522741833 ) ) ;
#796 = CARTESIAN_POINT ( 'NONE',  ( -15.00000000000000178, 1.836970198721029983E-15, -7.499999999999999112 ) ) ;
#797 = EDGE_LOOP ( 'NONE', ( #1147, #934, #1092, #406 ) ) ;
#798 = CARTESIAN_POINT ( 'NONE',  ( 14.79021646869765227, 2.499899361851833035, -12.33331629217025061 ) ) ;
#799 = CARTESIAN_POINT ( 'NONE',  ( -15.00000000000000178, -2.105391304433167785E-16, -9.999999999999996447 ) ) ;
#800 = VECTOR ( 'NONE', #690, 1000.000000000000000 ) ;
#801 = CARTESIAN_POINT ( 'NONE',  ( 2.499999999999770850, 21.85749299439441984, -12.49999999999999645 ) ) ;
#802 = CARTESIAN_POINT ( 'NONE',  ( -14.95982851372033018, 1.107366162981017421, -14.74727888797086273 ) ) ;
#803 = CARTESIAN_POINT ( 'NONE',  ( -2.183244660825598871, 14.84080368260240945, -11.23927699094950228 ) ) ;
#804 = DIRECTION ( 'NONE',  ( -1.000000000000000000, 0.000000000000000000, 0.000000000000000000 ) ) ;
#805 = CARTESIAN_POINT ( 'NONE',  ( -14.94818098475535528, -1.253188194454249116, -10.33062520696369013 ) ) ;
#806 = MANIFOLD_SOLID_BREP ( 'Ressalto-extrusão1', #1059 ) ;
#807 = EDGE_CURVE ( 'NONE', #228, #243, #586, .T. ) ;
#808 = CARTESIAN_POINT ( 'NONE',  ( 2.304482428076657270E-13, -22.00100000000022860, -12.49999999999999645 ) ) ;
#809 = EDGE_CURVE ( 'NONE', #243, #228, #431, .T. ) ;
#810 = CARTESIAN_POINT ( 'NONE',  ( -1.882520183257547997, 14.88185332550323814, -14.15306221002954423 ) ) ;
#811 = DIRECTION ( 'NONE',  ( -0.000000000000000000, -0.000000000000000000, 1.000000000000000000 ) ) ;
#812 = DIRECTION ( 'NONE',  ( 1.000000000000000000, -0.000000000000000000, -0.000000000000000000 ) ) ;
#813 = CARTESIAN_POINT ( 'NONE',  ( -2.499999999999923617, -21.85749299439440207, -12.49999999999999645 ) ) ;
#814 = CARTESIAN_POINT ( 'NONE',  ( -1.524826146211018196, -14.92291396228466027, -14.48780850891374072 ) ) ;
#815 = FACE_OUTER_BOUND ( 'NONE', #952, .T. ) ;
#816 = CYLINDRICAL_SURFACE ( 'NONE', #129, 22.00000000000000000 ) ;
#817 = CARTESIAN_POINT ( 'NONE',  ( 2.500000000000076827, -21.85749299439437365, -12.33467535763302259 ) ) ;
#818 = CARTESIAN_POINT ( 'NONE',  ( -15.00000000000000355, -0.1654916451219538842, -10.00000000000000000 ) ) ;
#819 = CARTESIAN_POINT ( 'NONE',  ( 0.3295565019294935949, 21.99811213194028880, -14.98353416055948095 ) ) ;
#820 = AXIS2_PLACEMENT_3D ( 'NONE', #1196, #89, #368 ) ;
#821 = CARTESIAN_POINT ( 'NONE',  ( -14.83085966943328415, 2.247135086939058279, -11.39223054164280491 ) ) ;
#822 = LINE ( 'NONE', #181, #680 ) ;
#823 = ORIENTED_EDGE ( 'NONE', *, *, #144, .F. ) ;
#824 = CARTESIAN_POINT ( 'NONE',  ( -21.86654643227758399, -2.419747321910842963, -13.14913178748007461 ) ) ;
#825 = EDGE_CURVE ( 'NONE', #976, #344, #206, .T. ) ;
#826 = CARTESIAN_POINT ( 'NONE',  ( 1.652171485012297270, -21.93817900431221446, -10.61668279426196904 ) ) ;
#827 = CARTESIAN_POINT ( 'NONE',  ( -4.950000000000000178, 0.000000000000000000, -7.500000000000000000 ) ) ;
#828 = ORIENTED_EDGE ( 'NONE', *, *, #362, .T. ) ;
#829 = CARTESIAN_POINT ( 'NONE',  ( -0.8052788188081467791, -14.97913814559140100, -14.87243039396077648 ) ) ;
#830 = CARTESIAN_POINT ( 'NONE',  ( 0.000000000000000000, 0.000000000000000000, 0.001000000000000132727 ) ) ;
#831 = CARTESIAN_POINT ( 'NONE',  ( -2.169653891306159821, 21.89294196173003471, -11.24728878645453989 ) ) ;
#832 = CARTESIAN_POINT ( 'NONE',  ( -22.00100000000000122, 0.000000000000000000, -14.99999999999999822 ) ) ;
#833 = CARTESIAN_POINT ( 'NONE',  ( 2.500000000000051514, -14.79019945774903277, -12.49999999999999822 ) ) ;
#834 = CARTESIAN_POINT ( 'NONE',  ( 14.98684701477777104, -0.6481003630459274412, -14.92003524268604231 ) ) ;
#835 = CARTESIAN_POINT ( 'NONE',  ( -14.98670335942011356, 0.6517788203636493138, -10.08084880685463958 ) ) ;
#836 = AXIS2_PLACEMENT_3D ( 'NONE', #1078, #526, #351 ) ;
#837 = CARTESIAN_POINT ( 'NONE',  ( -0.8069458145496889445, 21.98571134433424135, -10.12821842767627167 ) ) ;
#838 = VERTEX_POINT ( 'NONE', #663 ) ;
#839 = ORIENTED_EDGE ( 'NONE', *, *, #841, .F. ) ;
#840 = CARTESIAN_POINT ( 'NONE',  ( 14.95966471396675779, -1.109695397967913166, -14.74620107706578587 ) ) ;
#841 = EDGE_CURVE ( 'NONE', #320, #402, #1044, .T. ) ;
#842 = CARTESIAN_POINT ( 'NONE',  ( 21.96472691051775072, 1.252716034586416782, -14.66965116336148434 ) ) ;
#843 = CARTESIAN_POINT ( 'NONE',  ( 2.500000000000076383, -21.85749299439438431, -12.49999999999999467 ) ) ;
#844 = CIRCLE ( 'NONE', #587, 4.950000000000000178 ) ;
#845 = EDGE_LOOP ( 'NONE', ( #365, #509 ) ) ;
#846 = DIRECTION ( 'NONE',  ( 1.000000000000000000, 0.000000000000000000, 0.000000000000000000 ) ) ;
#847 = CARTESIAN_POINT ( 'NONE',  ( 14.84267636493808240, -2.168708731058762940, -11.24573589659335049 ) ) ;
#848 = CARTESIAN_POINT ( 'NONE',  ( 22.00000000000000000, -0.3305705920039384016, -14.99999999999999822 ) ) ;
#849 = EDGE_CURVE ( 'NONE', #692, #671, #688, .T. ) ;
#850 = CARTESIAN_POINT ( 'NONE',  ( -2.499999999999948486, -14.79019945774904876, -12.49999999999999645 ) ) ;
#851 = DIRECTION ( 'NONE',  ( 1.000000000000000000, -0.000000000000000000, -0.000000000000000000 ) ) ;
#852 = CARTESIAN_POINT ( 'NONE',  ( -2.499999999999769962, -22.00100000000025702, -12.49999999999999645 ) ) ;
#853 = CARTESIAN_POINT ( 'NONE',  ( -21.87177195636274618, -2.372669404848942065, -11.69546029795824360 ) ) ;
#854 = EDGE_CURVE ( 'NONE', #310, #878, #614, .T. ) ;
#855 = DIRECTION ( 'NONE',  ( -1.000000000000000000, -0.000000000000000000, -0.000000000000000000 ) ) ;
#856 = EDGE_LOOP ( 'NONE', ( #466, #1112, #684, #229 ) ) ;
#857 = CARTESIAN_POINT ( 'NONE',  ( 14.99999999999999822, 0.3265428542721525162, -9.999999999999994671 ) ) ;
#858 = CARTESIAN_POINT ( 'NONE',  ( -21.99218657733324989, -0.6589942261262863310, -10.06654277444235746 ) ) ;
#859 = CARTESIAN_POINT ( 'NONE',  ( 2.419151954707678076, -14.80367438183443873, -11.84822438669442590 ) ) ;
#860 = VECTOR ( 'NONE', #985, 1000.000000000000000 ) ;
#861 = CARTESIAN_POINT ( 'NONE',  ( 14.83109890262119457, 2.245565724559238863, -11.38899029087714254 ) ) ;
#862 = B_SPLINE_CURVE_WITH_KNOTS ( 'NONE', 3,
 ( #175, #731, #1102, #277, #538, #1189, #831, #361, #1, #750, #1095, #10, #470, #837, #740, #374, #382, #1110, #283, #288, #646, #557, #101, #1123, #745, #584, #41, #395, #661, #578, #314, #212, #496, #134 ),
 .UNSPECIFIED., .F., .F.,
 ( 4, 2, 2, 2, 2, 2, 2, 2, 2, 2, 2, 2, 2, 2, 2, 2, 4 ),
 ( 0.000000000000000000, 0.0004889032446265446658, 0.0009778064892530893316, 0.001466709733879633997, 0.001955612978506178663, 0.002444516223132723112, 0.002933419467759267995, 0.003422322712385812878, 0.003911225957012357327, 0.004400129201638901776, 0.004889032446265446225, 0.005377935690891991541, 0.005866838935518535990, 0.006355742180145079571, 0.006844645424771623153, 0.007333548669398167602, 0.007822451914024711184 ),
 .UNSPECIFIED. ) ;
#863 = CARTESIAN_POINT ( 'NONE',  ( 0.6457070235251761714, -21.99110337652651381, -14.92066483166226831 ) ) ;
#864 = CARTESIAN_POINT ( 'NONE',  ( -0.3299441087383809257, -14.99722332253993784, -10.01651462928420777 ) ) ;
#865 = EDGE_LOOP ( 'NONE', ( #1139, #328, #43, #592, #973, #80, #424, #947 ) ) ;
#866 = CARTESIAN_POINT ( 'NONE',  ( 2.372024049301910686, -21.87184233058219007, -11.69355585910064832 ) ) ;
#867 = CARTESIAN_POINT ( 'NONE',  ( -21.99098988315375536, 0.6496761332917163623, -14.91963785410641385 ) ) ;
#868 = FACE_OUTER_BOUND ( 'NONE', #797, .T. ) ;
#869 = EDGE_LOOP ( 'NONE', ( #315, #168 ) ) ;
#870 = ORIENTED_EDGE ( 'NONE', *, *, #873, .F. ) ;
#871 = ADVANCED_FACE ( 'NONE', ( #540 ), #728, .F. ) ;
#872 = EDGE_LOOP ( 'NONE', ( #1106, #22, #906, #490 ) ) ;
#873 = EDGE_CURVE ( 'NONE', #140, #1063, #359, .T. ) ;
#874 = CARTESIAN_POINT ( 'NONE',  ( -21.89295854503664884, 2.169514028277673923, -11.24691200609949426 ) ) ;
#875 = CARTESIAN_POINT ( 'NONE',  ( -14.80344782406599258, 2.420530308301032552, -11.85374222177134662 ) ) ;
#876 = ORIENTED_EDGE ( 'NONE', *, *, #396, .T. ) ;
#877 = VECTOR ( 'NONE', #398, 1000.000000000000000 ) ;
#878 = VERTEX_POINT ( 'NONE', #350 ) ;
#879 = CARTESIAN_POINT ( 'NONE',  ( 14.88165381290263056, -1.884176081336285336, -10.84864342218068778 ) ) ;
#880 = VERTEX_POINT ( 'NONE', #712 ) ;
#881 = APPLICATION_CONTEXT ( 'automotive_design' ) ;
#882 = CYLINDRICAL_SURFACE ( 'NONE', #272, 2.500000000000000000 ) ;
#883 = LINE ( 'NONE', #1062, #397 ) ;
#884 = VERTEX_POINT ( 'NONE', #1077 ) ;
#885 = CARTESIAN_POINT ( 'NONE',  ( 1.653760437959669094, 14.90900802119018032, -10.61807969802649332 ) ) ;
#886 = CYLINDRICAL_SURFACE ( 'NONE', #356, 18.99999999999999645 ) ;
#887 = DIRECTION ( 'NONE',  ( 1.000000000000000000, 4.163336342344337027E-15, 0.000000000000000000 ) ) ;
#888 = CARTESIAN_POINT ( 'NONE',  ( -14.98868157663629397, 0.6560034371432842404, -14.93428600772291404 ) ) ;
#889 = CARTESIAN_POINT ( 'NONE',  ( 2.169471268799451735, 14.84256911400628809, -11.24689579470283363 ) ) ;
#890 = CIRCLE ( 'NONE', #63, 4.950000000000000178 ) ;
#891 = CARTESIAN_POINT ( 'NONE',  ( -22.00000000000000000, -6.788806661118288209E-17, -9.999999999999996447 ) ) ;
#892 = CARTESIAN_POINT ( 'NONE',  ( -14.92292678812147244, -1.524746365822094329, -10.51208245561010735 ) ) ;
#893 = CARTESIAN_POINT ( 'NONE',  ( -21.94754554965307136, 1.524391702560848660, -10.51180645530939195 ) ) ;
#894 = CARTESIAN_POINT ( 'NONE',  ( -14.79301696464665028, 2.483484744559109725, -12.82994708700151776 ) ) ;
#895 = CARTESIAN_POINT ( 'NONE',  ( 14.97909145961875055, -0.8060905699374054656, -10.12786656184847445 ) ) ;
#896 = ADVANCED_FACE ( 'NONE', ( #627 ), #705, .F. ) ;
#897 = CARTESIAN_POINT ( 'NONE',  ( 14.92262809724313577, 1.539076963317369984, -14.49676433526702191 ) ) ;
#898 = CARTESIAN_POINT ( 'NONE',  ( -14.84062064304877815, -2.184472077777509735, -11.24139537146957757 ) ) ;
#899 = CARTESIAN_POINT ( 'NONE',  ( 0.6496219739413539029, -14.98679690877781390, -14.91972873638425057 ) ) ;
#900 = CARTESIAN_POINT ( 'NONE',  ( -1.258627215103525598, 14.95013966959070473, -14.68446077175651965 ) ) ;
#901 = CARTESIAN_POINT ( 'NONE',  ( -0.8054586190024363157, 14.97912483301676900, -10.12765785574106658 ) ) ;
#902 = ORIENTED_EDGE ( 'NONE', *, *, #735, .F. ) ;
#903 = DIRECTION ( 'NONE',  ( -0.000000000000000000, -0.000000000000000000, 1.000000000000000000 ) ) ;
#904 = CARTESIAN_POINT ( 'NONE',  ( -1.987557621562046739, -21.91022319570530641, -10.97483743461819294 ) ) ;
#905 = FACE_OUTER_BOUND ( 'NONE', #921, .T. ) ;
#906 = ORIENTED_EDGE ( 'NONE', *, *, #1116, .T. ) ;
#907 = AXIS2_PLACEMENT_3D ( 'NONE', #52, #674, #321 ) ;
#908 = CARTESIAN_POINT ( 'NONE',  ( 22.00100000000000122, 0.000000000000000000, -9.999999999999996447 ) ) ;
#909 = CARTESIAN_POINT ( 'NONE',  ( 0.000000000000000000, 0.000000000000000000, -6.599999999999997868 ) ) ;
#910 = DIRECTION ( 'NONE',  ( -0.000000000000000000, -0.000000000000000000, 1.000000000000000000 ) ) ;
#911 = ORIENTED_EDGE ( 'NONE', *, *, #159, .T. ) ;
#912 = CARTESIAN_POINT ( 'NONE',  ( 15.00000000000000178, 0.000000000000000000, -7.499999999999999112 ) ) ;
#913 = EDGE_CURVE ( 'NONE', #498, #104, #85, .T. ) ;
#914 = DIRECTION ( 'NONE',  ( -1.000000000000000000, -0.000000000000000000, -0.000000000000000000 ) ) ;
#915 = CARTESIAN_POINT ( 'NONE',  ( -22.00000000000000355, -0.3305705920039391787, -10.00000000000000000 ) ) ;
#916 = CARTESIAN_POINT ( 'NONE',  ( 1.253092671842369832, -21.96471043806712586, -10.33048857550062394 ) ) ;
#917 = CYLINDRICAL_SURFACE ( 'NONE', #658, 15.00000000000000178 ) ;
#918 = CARTESIAN_POINT ( 'NONE',  ( -1.250916550373040614, 21.96482972915504917, -14.67068611540618228 ) ) ;
#919 = CARTESIAN_POINT ( 'NONE',  ( -15.00000000000000178, 1.836970198721029983E-15, 0.000000000000000000 ) ) ;
#920 = FACE_OUTER_BOUND ( 'NONE', #48, .T. ) ;
#921 = EDGE_LOOP ( 'NONE', ( #137, #966, #1140, #839 ) ) ;
#922 = CARTESIAN_POINT ( 'NONE',  ( -22.00000000000000355, -0.1631898490675842139, -14.99999999999999822 ) ) ;
#923 = CYLINDRICAL_SURFACE ( 'NONE', #377, 2.500000000000000000 ) ;
#924 = ORIENTED_EDGE ( 'NONE', *, *, #1152, .F. ) ;
#925 = DIRECTION ( 'NONE',  ( -1.047444401652940007E-14, 1.000000000000000000, -0.000000000000000000 ) ) ;
#926 = CARTESIAN_POINT ( 'NONE',  ( 21.98574864226418768, -0.8059346424334261627, -10.12787432919635577 ) ) ;
#927 = PLANE ( 'NONE',  #47 ) ;
#928 = EDGE_CURVE ( 'NONE', #422, #510, #408, .T. ) ;
#929 = ORIENTED_EDGE ( 'NONE', *, *, #1006, .F. ) ;
#930 = CARTESIAN_POINT ( 'NONE',  ( 14.97904070842529656, -0.8070512288020725844, -14.87181606980214887 ) ) ;
#931 = DIRECTION ( 'NONE',  ( -0.000000000000000000, -0.000000000000000000, 1.000000000000000000 ) ) ;
#932 = DIRECTION ( 'NONE',  ( -0.000000000000000000, -0.000000000000000000, 1.000000000000000000 ) ) ;
#933 = EDGE_LOOP ( 'NONE', ( #329, #506, #1052, #965 ) ) ;
#934 = ORIENTED_EDGE ( 'NONE', *, *, #677, .T. ) ;
#935 = FACE_BOUND ( 'NONE', #401, .T. ) ;
#936 = EDGE_CURVE ( 'NONE', #884, #880, #890, .T. ) ;
#937 = ORIENTED_EDGE ( 'NONE', *, *, #549, .T. ) ;
#938 = CARTESIAN_POINT ( 'NONE',  ( -2.168308545511929974, 21.89307838847528132, -13.75516606944600007 ) ) ;
#939 = CARTESIAN_POINT ( 'NONE',  ( 21.97249891709331848, -1.109922203989561318, -14.74601192467060784 ) ) ;
#940 = CARTESIAN_POINT ( 'NONE',  ( 0.1636549424774003947, -15.00001654778840887, -9.999900713251927087 ) ) ;
#941 = CIRCLE ( 'NONE', #820, 4.950000000000000178 ) ;
#942 = VERTEX_POINT ( 'NONE', #891 ) ;
#943 = DIRECTION ( 'NONE',  ( 0.000000000000000000, -0.000000000000000000, 1.000000000000000000 ) ) ;
#944 = CARTESIAN_POINT ( 'NONE',  ( 21.94754554965306781, 1.524391702560849104, -14.48819354469060805 ) ) ;
#945 = CARTESIAN_POINT ( 'NONE',  ( -1.525361107345093448, -21.94747744315734295, -14.48744257581327410 ) ) ;
#946 = CARTESIAN_POINT ( 'NONE',  ( 2.500000000000051514, -14.79019945774902745, -12.33454901770110901 ) ) ;
#947 = ORIENTED_EDGE ( 'NONE', *, *, #707, .F. ) ;
#948 = CARTESIAN_POINT ( 'NONE',  ( 21.99812378148272884, 0.3290367968839611468, -10.01636129650669105 ) ) ;
#949 = CARTESIAN_POINT ( 'NONE',  ( -21.91967056424063287, -1.881866739017644230, -14.15382259148170085 ) ) ;
#950 = EDGE_CURVE ( 'NONE', #422, #958, #376, .T. ) ;
#951 = CARTESIAN_POINT ( 'NONE',  ( 0.000000000000000000, 0.000000000000000000, -2.999999999999997335 ) ) ;
#952 = EDGE_LOOP ( 'NONE', ( #980, #666, #174, #574 ) ) ;
#953 = DIRECTION ( 'NONE',  ( 0.000000000000000000, 0.000000000000000000, 1.000000000000000000 ) ) ;
#954 = CARTESIAN_POINT ( 'NONE',  ( 21.99104819409528133, 0.6475864700198636914, -14.92016513112322684 ) ) ;
#955 = CARTESIAN_POINT ( 'NONE',  ( -21.94747638733190342, -1.525456680342556215, -14.48745467481758631 ) ) ;
#956 = DIRECTION ( 'NONE',  ( 1.000000000000000000, 0.000000000000000000, 0.000000000000000000 ) ) ;
#957 = PRODUCT_DEFINITION_CONTEXT ( 'detailed design', #1144, 'design' ) ;
#958 = VERTEX_POINT ( 'NONE', #1090 ) ;
#959 = AXIS2_PLACEMENT_3D ( 'NONE', #670, #1153, #1051 ) ;
#960 = ORIENTED_EDGE ( 'NONE', *, *, #992, .F. ) ;
#961 = CYLINDRICAL_SURFACE ( 'NONE', #907, 15.00000000000000178 ) ;
#962 = CARTESIAN_POINT ( 'NONE',  ( 21.89300751915558152, 2.168981685206540444, -11.24619371139872293 ) ) ;
#963 = DIRECTION ( 'NONE',  ( 1.000000000000000000, -0.000000000000000000, -0.000000000000000000 ) ) ;
#964 = CARTESIAN_POINT ( 'NONE',  ( 18.99999999999999645, 0.000000000000000000, 0.000000000000000000 ) ) ;
#965 = ORIENTED_EDGE ( 'NONE', *, *, #1116, .F. ) ;
#966 = ORIENTED_EDGE ( 'NONE', *, *, #854, .T. ) ;
#967 = EDGE_CURVE ( 'NONE', #273, #760, #739, .T. ) ;
#968 = ORIENTED_EDGE ( 'NONE', *, *, #448, .T. ) ;
#969 = FACE_OUTER_BOUND ( 'NONE', #872, .T. ) ;
#970 = CARTESIAN_POINT ( 'NONE',  ( -14.79018260225538484, 2.500099718464173559, -12.33634892124267601 ) ) ;
#971 = B_SPLINE_CURVE_WITH_KNOTS ( 'NONE', 3,
 ( #799, #818, #793, #357, #1005, #722, #805, #892, #1091, #164, #898, #265, #427, #74, #628, #177, #440, #1193, #364, #1168, #68, #239, #603, #279, #567, #207, #729, #117, #1119, #476, #110, #1200 ),
 .UNSPECIFIED., .F., .F.,
 ( 4, 2, 2, 2, 2, 2, 2, 2, 2, 2, 2, 2, 2, 2, 2, 4 ),
 ( 2.045504971891205075E-19, 0.0004893630623245295809, 0.0009787261246490591617, 0.001468089186973588200, 0.001957452249298117456, 0.002936178373947176835, 0.003425541436271709126, 0.003914904498596240984, 0.004404267560920773275, 0.004893630623245304699, 0.005382993685569836990, 0.005872356747894368414, 0.006361719810218900706, 0.006851082872543432997, 0.007340445934867964421, 0.007829808997192497580 ),
 .UNSPECIFIED. ) ;
#972 = ORIENTED_EDGE ( 'NONE', *, *, #1039, .T. ) ;
#973 = ORIENTED_EDGE ( 'NONE', *, *, #1198, .T. ) ;
#974 = SHAPE_DEFINITION_REPRESENTATION ( #572, #744 ) ;
#975 = B_SPLINE_CURVE_WITH_KNOTS ( 'NONE', 3,
 ( #1108, #191, #51, #1122, #6, #399, #214, #462, #632, #2, #945, #313, #182, #765, #577, #211, #1127, #570, #1103, #863, #488, #484, #369, #1045, #583, #1016, #278, #758, #119, #24, #755, #669 ),
 .UNSPECIFIED., .F., .F.,
 ( 4, 2, 2, 2, 2, 2, 2, 2, 2, 2, 2, 2, 2, 2, 2, 4 ),
 ( 0.007822451914024711184, 0.008311239195108932262, 0.008800026476193153341, 0.009288813757277374419, 0.009777601038361595498, 0.01026638831944581658, 0.01075517560053003766, 0.01124396288161425873, 0.01173275016269847981, 0.01222153744378270089, 0.01271032472486692197, 0.01319911200595114305, 0.01368789928703536413, 0.01417668656811958521, 0.01466547384920380628, 0.01564304841137224844 ),
 .UNSPECIFIED. ) ;
#976 = VERTEX_POINT ( 'NONE', #776 ) ;
#977 = CARTESIAN_POINT ( 'NONE',  ( -21.91943857381762584, 1.884651092172160203, -14.15085269578510996 ) ) ;
#978 = CARTESIAN_POINT ( 'NONE',  ( 22.00000000000000000, 0.000000000000000000, 0.000000000000000000 ) ) ;
#979 = EDGE_LOOP ( 'NONE', ( #579, #559 ) ) ;
#980 = ORIENTED_EDGE ( 'NONE', *, *, #534, .T. ) ;
#981 = DIRECTION ( 'NONE',  ( 0.000000000000000000, 0.000000000000000000, 1.000000000000000000 ) ) ;
#982 = CARTESIAN_POINT ( 'NONE',  ( -1.107595720774542158, -21.97262398825695939, -10.25275936340003824 ) ) ;
#983 = EDGE_CURVE ( 'NONE', #344, #976, #519, .T. ) ;
#984 = CARTESIAN_POINT ( 'NONE',  ( -21.99812378148272884, 0.3290367968839633117, -14.98363870349330718 ) ) ;
#985 = DIRECTION ( 'NONE',  ( -0.000000000000000000, -0.000000000000000000, 1.000000000000000000 ) ) ;
#986 = EDGE_LOOP ( 'NONE', ( #121, #222, #198, #457 ) ) ;
#987 = CARTESIAN_POINT ( 'NONE',  ( -2.500000000000155431, 14.79019945774901856, -12.33454901770111256 ) ) ;
#988 = CARTESIAN_POINT ( 'NONE',  ( 0.000000000000000000, 0.000000000000000000, -7.500000000000000000 ) ) ;
#989 = CARTESIAN_POINT ( 'NONE',  ( 0.000000000000000000, 0.000000000000000000, -19.99999999999999645 ) ) ;
#990 = FACE_OUTER_BOUND ( 'NONE', #1142, .T. ) ;
#991 = CARTESIAN_POINT ( 'NONE',  ( -2.169387573297976157, 14.84257894580840009, -13.75316561812736005 ) ) ;
#992 = EDGE_CURVE ( 'NONE', #502, #1156, #322, .T. ) ;
#993 = CARTESIAN_POINT ( 'NONE',  ( 2.434286619586607969, 14.80169476362341641, -11.84400270486006512 ) ) ;
#994 = CARTESIAN_POINT ( 'NONE',  ( 14.84242050107707378, 2.170470525850520804, -13.75130964996263216 ) ) ;
#995 = CARTESIAN_POINT ( 'NONE',  ( 0.6492391138677187090, -21.99101071270167651, -10.08017137676006136 ) ) ;
#996 = CARTESIAN_POINT ( 'NONE',  ( -1.651383765897293854, -14.90928139159906607, -14.38415244434200169 ) ) ;
#997 = CARTESIAN_POINT ( 'NONE',  ( -2.246209738081304419, 14.83100070578833929, -13.60967699855353352 ) ) ;
#998 = CARTESIAN_POINT ( 'NONE',  ( 0.6495891646716723811, 14.98678098919738844, -10.08037262815293822 ) ) ;
#999 = CARTESIAN_POINT ( 'NONE',  ( -22.00000000000000000, 2.694222958124176809E-15, 0.000000000000000000 ) ) ;
#1000 = CARTESIAN_POINT ( 'NONE',  ( -0.8047438471608702182, -21.98579906554365238, -10.12739676727838933 ) ) ;
#1001 = CARTESIAN_POINT ( 'NONE',  ( 0.8079234289884508202, 21.98568144303984795, -14.87151753891254913 ) ) ;
#1002 =( NAMED_UNIT ( * ) PLANE_ANGLE_UNIT ( ) SI_UNIT ( $, .RADIAN. ) );
#1003 = DIRECTION ( 'NONE',  ( -0.000000000000000000, -0.000000000000000000, -1.000000000000000000 ) ) ;
#1004 = DIRECTION ( 'NONE',  ( -0.000000000000000000, -0.000000000000000000, 1.000000000000000000 ) ) ;
#1005 = CARTESIAN_POINT ( 'NONE',  ( -14.97904070842529833, -0.8070512288020726954, -10.12818393019784580 ) ) ;
#1006 = EDGE_CURVE ( 'NONE', #1053, #498, #216, .T. ) ;
#1007 = CARTESIAN_POINT ( 'NONE',  ( -0.8045422925576695139, 21.98580620995379320, -14.87266860046927164 ) ) ;
#1008 =( NAMED_UNIT ( * ) SI_UNIT ( $, .STERADIAN. ) SOLID_ANGLE_UNIT ( ) );
#1009 = CARTESIAN_POINT ( 'NONE',  ( 22.00000000000000000, 0.000000000000000000, -6.599999999999996980 ) ) ;
#1010 = CARTESIAN_POINT ( 'NONE',  ( -21.96475944397390379, -1.252230180299353623, -14.67000316672659999 ) ) ;
#1011 = DIRECTION ( 'NONE',  ( -0.000000000000000000, -0.000000000000000000, 1.000000000000000000 ) ) ;
#1012 = CARTESIAN_POINT ( 'NONE',  ( 0.000000000000000000, 0.000000000000000000, -6.599999999999996980 ) ) ;
#1013 = CYLINDRICAL_SURFACE ( 'NONE', #285, 2.500000000000000000 ) ;
#1014 = CARTESIAN_POINT ( 'NONE',  ( 21.96475944397390734, -1.252230180299354290, -10.32999683327339113 ) ) ;
#1015 = FACE_BOUND ( 'NONE', #194, .T. ) ;
#1016 = CARTESIAN_POINT ( 'NONE',  ( 1.881830865452859936, -21.91967355718284693, -14.15386095054183002 ) ) ;
#1017 = DIRECTION ( 'NONE',  ( -0.000000000000000000, -0.000000000000000000, 1.000000000000000000 ) ) ;
#1018 = CARTESIAN_POINT ( 'NONE',  ( -2.499999999999948486, -14.79019945774904876, -12.49999999999999645 ) ) ;
#1019 = CIRCLE ( 'NONE', #49, 21.99999999999999645 ) ;
#1020 = CARTESIAN_POINT ( 'NONE',  ( 21.87189742127333503, -2.371517996444200360, -11.69207816910726550 ) ) ;
#1021 = LINE ( 'NONE', #193, #529 ) ;
#1022 = CARTESIAN_POINT ( 'NONE',  ( -22.00000000000000000, 0.000000000000000000, -19.99999999999999645 ) ) ;
#1023 = CARTESIAN_POINT ( 'NONE',  ( -2.433457143917249432, 21.86536246516535442, -13.15899332099817443 ) ) ;
#1024 = CARTESIAN_POINT ( 'NONE',  ( 21.86644450701124853, -2.420665241105046217, -13.14570538369663666 ) ) ;
#1025 = CARTESIAN_POINT ( 'NONE',  ( 0.000000000000000000, 0.000000000000000000, 0.000000000000000000 ) ) ;
#1026 = ADVANCED_FACE ( 'NONE', ( #706, #1174 ), #512, .F. ) ;
#1027 = ADVANCED_FACE ( 'NONE', ( #60 ), #886, .T. ) ;
#1028 = CARTESIAN_POINT ( 'NONE',  ( -2.499999999999948486, -14.79019945774904876, -12.49999999999999645 ) ) ;
#1029 = DIRECTION ( 'NONE',  ( 1.000000000000000000, 0.000000000000000000, 0.000000000000000000 ) ) ;
#1030 = CARTESIAN_POINT ( 'NONE',  ( 14.95982851372032663, 1.107366162981016977, -10.25272111202913372 ) ) ;
#1031 = B_SPLINE_CURVE_WITH_KNOTS ( 'NONE', 3,
 ( #28, #922, #375, #1133, #218, #90, #1010, #955, #33, #949, #545, #298, #480, #305, #824, #97, #660, #128, #1037, #641, #853, #404, #664, #1041, #1096, #123, #454, #188, #269, #858, #915, #1137 ),
 .UNSPECIFIED., .F., .F.,
 ( 4, 2, 2, 2, 2, 2, 2, 2, 2, 2, 2, 2, 2, 2, 2, 4 ),
 ( 0.007822454537422673590, 0.008311242035467011208, 0.008800029533511350560, 0.009288817031555688178, 0.009777604529600027530, 0.01026639202764436515, 0.01075517952568870450, 0.01124396702373304385, 0.01173275452177738321, 0.01222154201982172082, 0.01271032951786605844, 0.01319911701591039779, 0.01368790451395473541, 0.01417669201199907476, 0.01466547951004341238, 0.01564305450613209109 ),
 .UNSPECIFIED. ) ;
#1032 = CARTESIAN_POINT ( 'NONE',  ( 1.523297897880096841, -14.92307656678520900, -10.51095936238018069 ) ) ;
#1033 = VECTOR ( 'NONE', #851, 1000.000000000000000 ) ;
#1034 = DIRECTION ( 'NONE',  ( 0.000000000000000000, 0.000000000000000000, 1.000000000000000000 ) ) ;
#1035 = VECTOR ( 'NONE', #609, 1000.000000000000000 ) ;
#1036 = CARTESIAN_POINT ( 'NONE',  ( 21.85933488453299134, 2.484053660417478326, -12.82643424697967838 ) ) ;
#1037 = CARTESIAN_POINT ( 'NONE',  ( -21.85933980589635084, -2.484004597027104300, -12.17399875157111033 ) ) ;
#1038 = CARTESIAN_POINT ( 'NONE',  ( -1.987251546976700700, -14.86806291280873182, -10.97431752172382602 ) ) ;
#1039 = EDGE_CURVE ( 'NONE', #497, #838, #44, .T. ) ;
#1040 = CARTESIAN_POINT ( 'NONE',  ( 21.87177914987252692, 2.372603946710043044, -11.69525845557046573 ) ) ;
#1041 = CARTESIAN_POINT ( 'NONE',  ( -21.91004659097515272, -1.989507255007780584, -10.97732764673746075 ) ) ;
#1042 = CARTESIAN_POINT ( 'NONE',  ( 1.996790617751462493, -14.86830707298653032, -10.96095668253486366 ) ) ;
#1043 = ORIENTED_EDGE ( 'NONE', *, *, #913, .F. ) ;
#1044 = LINE ( 'NONE', #852, #877 ) ;
#1045 = CARTESIAN_POINT ( 'NONE',  ( 1.522678120594777473, -21.94766476388393173, -14.48950289486493936 ) ) ;
#1046 = AXIS2_PLACEMENT_3D ( 'NONE', #1184, #903, #355 ) ;
#1047 = CARTESIAN_POINT ( 'NONE',  ( -1.884036828533221852, -14.88166149967147334, -10.84865120647653214 ) ) ;
#1048 = ORIENTED_EDGE ( 'NONE', *, *, #716, .F. ) ;
#1049 = CARTESIAN_POINT ( 'NONE',  ( 22.00000000000000000, -2.608644684430102889E-23, -9.999999999999996447 ) ) ;
#1050 = DIRECTION ( 'NONE',  ( 0.000000000000000000, 0.000000000000000000, -1.000000000000000000 ) ) ;
#1051 = DIRECTION ( 'NONE',  ( 0.000000000000000000, 0.000000000000000000, 1.000000000000000000 ) ) ;
#1052 = ORIENTED_EDGE ( 'NONE', *, *, #112, .T. ) ;
#1053 = VERTEX_POINT ( 'NONE', #541 ) ;
#1054 = CARTESIAN_POINT ( 'NONE',  ( 22.00000000000000000, 0.000000000000000000, 0.000000000000000000 ) ) ;
#1055 = CARTESIAN_POINT ( 'NONE',  ( 2.499999999999845013, 14.79019945774906653, -12.49999999999999645 ) ) ;
#1056 = ORIENTED_EDGE ( 'NONE', *, *, #159, .F. ) ;
#1057 = VERTEX_POINT ( 'NONE', #451 ) ;
#1058 = EDGE_CURVE ( 'NONE', #768, #510, #971, .T. ) ;
#1059 = CLOSED_SHELL ( 'NONE', ( #762, #186, #871, #294, #604, #18, #248, #1027, #81, #409, #1026, #568, #416, #531, #1188, #1089, #492, #626, #1182, #200, #170, #896, #199 ) ) ;
#1060 = VERTEX_POINT ( 'NONE', #370 ) ;
#1061 = DIRECTION ( 'NONE',  ( -0.000000000000000000, -0.000000000000000000, 1.000000000000000000 ) ) ;
#1062 = CARTESIAN_POINT ( 'NONE',  ( 22.00100000000000122, 3.061616997868383141E-16, -14.99999999999999822 ) ) ;
#1063 = VERTEX_POINT ( 'NONE', #827 ) ;
#1064 = CARTESIAN_POINT ( 'NONE',  ( -1.523297897880199647, 14.92307656678520011, -10.51095936238018247 ) ) ;
#1065 = ORIENTED_EDGE ( 'NONE', *, *, #807, .T. ) ;
#1066 = CARTESIAN_POINT ( 'NONE',  ( -1.884230952082966537, -21.91947485373589544, -10.84866773719910071 ) ) ;
#1067 = CARTESIAN_POINT ( 'NONE',  ( -21.91954500599448608, 1.883322840898172146, -10.84783491255756260 ) ) ;
#1068 = DIRECTION ( 'NONE',  ( -0.000000000000000000, -0.000000000000000000, 1.000000000000000000 ) ) ;
#1069 = VECTOR ( 'NONE', #78, 1000.000000000000000 ) ;
#1070 = ORIENTED_EDGE ( 'NONE', *, *, #950, .T. ) ;
#1071 = CARTESIAN_POINT ( 'NONE',  ( 15.00000000000000178, 0.000000000000000000, 0.000000000000000000 ) ) ;
#1072 = DIRECTION ( 'NONE',  ( -0.000000000000000000, -0.000000000000000000, -1.000000000000000000 ) ) ;
#1073 = CARTESIAN_POINT ( 'NONE',  ( 0.8069458145495339574, -21.98571134433423779, -10.12821842767627167 ) ) ;
#1074 = CARTESIAN_POINT ( 'NONE',  ( -21.88501482311159663, 2.247242501584559182, -13.60759179319226497 ) ) ;
#1075 = CARTESIAN_POINT ( 'NONE',  ( -14.83109890262119457, 2.245565724559239751, -13.61100970912285213 ) ) ;
#1076 = CARTESIAN_POINT ( 'NONE',  ( -2.370786900262497277, 14.81159587188990301, -11.69014543763246294 ) ) ;
#1077 = CARTESIAN_POINT ( 'NONE',  ( 4.950000000000000178, 6.062001655779397525E-16, 6.000000000000000000 ) ) ;
#1078 = CARTESIAN_POINT ( 'NONE',  ( -21.99999999999999645, 0.000000000000000000, -2.999999999999997335 ) ) ;
#1079 = CARTESIAN_POINT ( 'NONE',  ( -0.1624344053888261419, -15.00001026027653772, -15.00006156166348958 ) ) ;
#1080 = CARTESIAN_POINT ( 'NONE',  ( 1.987387712275003882, 14.86804084723395825, -14.02537650148421733 ) ) ;
#1081 = CARTESIAN_POINT ( 'NONE',  ( 14.99724675895545190, -0.3292118260945333663, -10.01637142392606172 ) ) ;
#1082 = CARTESIAN_POINT ( 'NONE',  ( 0.000000000000000000, 0.000000000000000000, 0.001000000000000132727 ) ) ;
#1083 = CARTESIAN_POINT ( 'NONE',  ( -1.524557690870672388, -21.94753113817556311, -10.51197688033515298 ) ) ;
#1084 = CIRCLE ( 'NONE', #66, 22.00000000000000000 ) ;
#1085 = FACE_OUTER_BOUND ( 'NONE', #1155, .T. ) ;
#1086 = CARTESIAN_POINT ( 'NONE',  ( 21.93824719045283089, -1.651269293255044790, -10.61589243707553720 ) ) ;
#1087 = EDGE_CURVE ( 'NONE', #692, #228, #388, .T. ) ;
#1088 = CARTESIAN_POINT ( 'NONE',  ( 0.000000000000000000, 0.000000000000000000, -2.999999999999997335 ) ) ;
#1089 = ADVANCED_FACE ( 'NONE', ( #271, #935 ), #917, .F. ) ;
#1090 = CARTESIAN_POINT ( 'NONE',  ( 15.00000000000000178, 0.000000000000000000, -19.99999999999999645 ) ) ;
#1091 = CARTESIAN_POINT ( 'NONE',  ( -14.90908182598873388, -1.653090545286887814, -10.61750459857650242 ) ) ;
#1092 = ORIENTED_EDGE ( 'NONE', *, *, #144, .T. ) ;
#1093 = CARTESIAN_POINT ( 'NONE',  ( -2.168366735465564243, -14.84272664487375870, -13.75485819545824207 ) ) ;
#1094 = DIRECTION ( 'NONE',  ( 0.000000000000000000, 0.000000000000000000, -1.000000000000000000 ) ) ;
#1095 = CARTESIAN_POINT ( 'NONE',  ( -1.526376908303595181, 21.94741259023843938, -10.51324520912709737 ) ) ;
#1096 = CARTESIAN_POINT ( 'NONE',  ( -21.91947663125498735, -1.884113520685330112, -10.84873999695049740 ) ) ;
#1097 = CARTESIAN_POINT ( 'NONE',  ( 14.99726404368438537, 0.3288835932972036802, -14.98373583700665534 ) ) ;
#1098 = FACE_OUTER_BOUND ( 'NONE', #607, .T. ) ;
#1099 = CARTESIAN_POINT ( 'NONE',  ( 2.247553033020070146, 21.88498179647534414, -13.60680438287237237 ) ) ;
#1100 = CIRCLE ( 'NONE', #467, 22.00000000000000000 ) ;
#1101 = CARTESIAN_POINT ( 'NONE',  ( 21.99104157084235212, -0.6481809616286825504, -10.07989198938577680 ) ) ;
#1102 = CARTESIAN_POINT ( 'NONE',  ( -2.483762383306030497, 21.85936751798855937, -12.17214063677233682 ) ) ;
#1103 = CARTESIAN_POINT ( 'NONE',  ( 0.3260021051735573216, -21.99816555771703008, -14.98400451185150395 ) ) ;
#1104 = EDGE_CURVE ( 'NONE', #958, #422, #719, .T. ) ;
#1105 = DIRECTION ( 'NONE',  ( 3.491481338843134144E-15, -1.000000000000000000, -0.000000000000000000 ) ) ;
#1106 = ORIENTED_EDGE ( 'NONE', *, *, #515, .F. ) ;
#1107 = CARTESIAN_POINT ( 'NONE',  ( 1.987937369215940331, -14.86796883309247974, -14.02472014668611955 ) ) ;
#1108 = CARTESIAN_POINT ( 'NONE',  ( -2.499999999999923617, -21.85749299439440207, -12.49999999999999645 ) ) ;
#1109 = CARTESIAN_POINT ( 'NONE',  ( 21.91023424338311898, -1.987446869864774257, -10.97464457866225551 ) ) ;
#1110 = CARTESIAN_POINT ( 'NONE',  ( 0.1622928491709600407, 22.00000675440166376, -9.999940561261402294 ) ) ;
#1111 = CARTESIAN_POINT ( 'NONE',  ( 0.000000000000000000, 0.000000000000000000, -7.499999999999999112 ) ) ;
#1112 = ORIENTED_EDGE ( 'NONE', *, *, #735, .T. ) ;
#1113 = CARTESIAN_POINT ( 'NONE',  ( 14.79020997506361823, -2.499937778723236192, -12.66432654113478939 ) ) ;
#1114 = AXIS2_PLACEMENT_3D ( 'NONE', #830, #639, #95 ) ;
#1115 = CARTESIAN_POINT ( 'NONE',  ( 21.85933980589635084, -2.484004597027104744, -12.82600124842888611 ) ) ;
#1116 = EDGE_CURVE ( 'NONE', #1131, #502, #383, .T. ) ;
#1117 = FACE_OUTER_BOUND ( 'NONE', #869, .T. ) ;
#1118 = ORIENTED_EDGE ( 'NONE', *, *, #534, .F. ) ;
#1119 = CARTESIAN_POINT ( 'NONE',  ( -14.98676051605198722, -0.6502307359281097598, -14.91950228774141252 ) ) ;
#1120 = CARTESIAN_POINT ( 'NONE',  ( 14.79018900137145209, -2.500061860768669764, -12.33757216390380407 ) ) ;
#1121 = CARTESIAN_POINT ( 'NONE',  ( 21.88503005331267204, 2.247084829086225088, -13.60775391998018868 ) ) ;
#1122 = CARTESIAN_POINT ( 'NONE',  ( -2.420108442973022633, -21.86650667543192128, -13.14817916018650834 ) ) ;
#1123 = CARTESIAN_POINT ( 'NONE',  ( 1.524557690870518734, 21.94753113817557377, -10.51197688033515476 ) ) ;
#1124 = CARTESIAN_POINT ( 'NONE',  ( -2.499999999999923617, -21.85749299439440207, -12.49999999999999645 ) ) ;
#1125 = CARTESIAN_POINT ( 'NONE',  ( 15.00000000000000178, -2.105391304433167785E-16, -14.99999999999999822 ) ) ;
#1126 = CARTESIAN_POINT ( 'NONE',  ( 21.85936714297778138, 2.483767653658349062, -12.17191637734251231 ) ) ;
#1127 = CARTESIAN_POINT ( 'NONE',  ( -0.1670972045340866075, -21.99998602974143935, -14.99987706169155643 ) ) ;
#1128 = DIRECTION ( 'NONE',  ( 1.000000000000000000, 0.000000000000000000, 0.000000000000000000 ) ) ;
#1129 = ORIENTED_EDGE ( 'NONE', *, *, #109, .T. ) ;
#1130 = EDGE_CURVE ( 'NONE', #475, #691, #1100, .T. ) ;
#1131 = VERTEX_POINT ( 'NONE', #833 ) ;
#1132 = CARTESIAN_POINT ( 'NONE',  ( 21.99098988315375536, 0.6496761332917143639, -10.08036214589358082 ) ) ;
#1133 = CARTESIAN_POINT ( 'NONE',  ( -21.99104157084233790, -0.6481809616286811071, -14.92010801061421255 ) ) ;
#1134 = AXIS2_PLACEMENT_3D ( 'NONE', #678, #591, #956 ) ;
#1135 = CARTESIAN_POINT ( 'NONE',  ( -2.499999999999948486, -14.79019945774904699, -12.17345761169653251 ) ) ;
#1136 = CARTESIAN_POINT ( 'NONE',  ( 21.86653322829056023, 2.419867398210235887, -11.85116843796344632 ) ) ;
#1137 = CARTESIAN_POINT ( 'NONE',  ( -22.00000000000000000, -6.788806661118288209E-17, -9.999999999999996447 ) ) ;
#1138 = CARTESIAN_POINT ( 'NONE',  ( 15.00000000000000178, -2.105391304433167785E-16, -14.99999999999999822 ) ) ;
#1139 = ORIENTED_EDGE ( 'NONE', *, *, #950, .F. ) ;
#1140 = ORIENTED_EDGE ( 'NONE', *, *, #311, .T. ) ;
#1141 = EDGE_CURVE ( 'NONE', #1060, #1057, #1084, .T. ) ;
#1142 = EDGE_LOOP ( 'NONE', ( #426, #412, #600, #236 ) ) ;
#1143 = CARTESIAN_POINT ( 'NONE',  ( 21.86653775262955079, 2.419828691213692373, -13.14923879321378308 ) ) ;
#1144 = APPLICATION_CONTEXT ( 'automotive_design' ) ;
#1145 = DIRECTION ( 'NONE',  ( 0.000000000000000000, 0.000000000000000000, 1.000000000000000000 ) ) ;
#1146 = CARTESIAN_POINT ( 'NONE',  ( 22.00100000000000122, 0.000000000000000000, -12.49999999999999645 ) ) ;
#1147 = ORIENTED_EDGE ( 'NONE', *, *, #1058, .T. ) ;
#1148 = ORIENTED_EDGE ( 'NONE', *, *, #1130, .T. ) ;
#1149 = FACE_BOUND ( 'NONE', #763, .T. ) ;
#1150 = CARTESIAN_POINT ( 'NONE',  ( 2.420165369323179938, -21.86650002740146803, -11.85241454316042109 ) ) ;
#1151 = CARTESIAN_POINT ( 'NONE',  ( 22.00000000000000000, -2.608644684430102889E-23, -9.999999999999996447 ) ) ;
#1152 = EDGE_CURVE ( 'NONE', #497, #1057, #741, .T. ) ;
#1153 = DIRECTION ( 'NONE',  ( -1.000000000000000000, -0.000000000000000000, -0.000000000000000000 ) ) ;
#1154 = VERTEX_POINT ( 'NONE', #1028 ) ;
#1155 = EDGE_LOOP ( 'NONE', ( #697, #302, #108, #968, #327, #1056, #1165, #308 ) ) ;
#1156 = VERTEX_POINT ( 'NONE', #1124 ) ;
#1157 = EDGE_LOOP ( 'NONE', ( #779, #599 ) ) ;
#1158 = ORIENTED_EDGE ( 'NONE', *, *, #324, .F. ) ;
#1159 = CARTESIAN_POINT ( 'NONE',  ( -22.00000000000000000, 0.1653244915803077086, -9.999999999999996447 ) ) ;
#1160 = CARTESIAN_POINT ( 'NONE',  ( -0.8075079715089095167, 14.97900649334484058, -14.87158885737711600 ) ) ;
#1161 = ORIENTED_EDGE ( 'NONE', *, *, #396, .F. ) ;
#1162 = DIRECTION ( 'NONE',  ( 0.000000000000000000, 0.000000000000000000, -1.000000000000000000 ) ) ;
#1163 = CARTESIAN_POINT ( 'NONE',  ( -7.681608093588804977E-14, 22.00100000000007583, -12.49999999999999645 ) ) ;
#1164 = CARTESIAN_POINT ( 'NONE',  ( -22.00000000000000000, 2.694222958124176809E-15, -6.599999999999996980 ) ) ;
#1165 = ORIENTED_EDGE ( 'NONE', *, *, #809, .F. ) ;
#1166 = CARTESIAN_POINT ( 'NONE',  ( -18.99999999999999645, 2.326828918379970576E-15, -6.599999999999997868 ) ) ;
#1167 = PRODUCT_DEFINITION ( 'UNKNOWN', '', #7, #957 ) ;
#1168 = CARTESIAN_POINT ( 'NONE',  ( -14.83089638784086617, -2.246897384822244437, -13.60830978477062203 ) ) ;
#1169 = CARTESIAN_POINT ( 'NONE',  ( 2.246209738081200502, -14.83100070578835528, -13.60967699855353175 ) ) ;
#1170 = CARTESIAN_POINT ( 'NONE',  ( 0.6492911563704376610, 14.98680043806512074, -14.91974860570620187 ) ) ;
#1171 = FACE_OUTER_BOUND ( 'NONE', #595, .T. ) ;
#1172 = AXIS2_PLACEMENT_3D ( 'NONE', #16, #296, #1029 ) ;
#1173 = CARTESIAN_POINT ( 'NONE',  ( 14.79293157716243101, 2.483990701801981338, -12.82619975886903951 ) ) ;
#1174 = FACE_BOUND ( 'NONE', #845, .T. ) ;
#1175 = CARTESIAN_POINT ( 'NONE',  ( -2.372136715205233504, -14.81138049057049422, -13.30607979390889284 ) ) ;
#1176 = CARTESIAN_POINT ( 'NONE',  ( 15.00000000000000178, 0.000000000000000000, 0.000000000000000000 ) ) ;
#1177 = CARTESIAN_POINT ( 'NONE',  ( -2.483735776871278222, 14.79297562946808675, -12.17111670648087163 ) ) ;
#1178 = CARTESIAN_POINT ( 'NONE',  ( 14.80359574073695939, 2.419628181687409896, -11.85041473303137671 ) ) ;
#1179 = CARTESIAN_POINT ( 'NONE',  ( -0.6488332366403494200, -21.99101516438802051, -10.08013304207014471 ) ) ;
#1180 = CARTESIAN_POINT ( 'NONE',  ( -2.419503606102674009, -14.80361639944470120, -13.15022488197846151 ) ) ;
#1181 = CARTESIAN_POINT ( 'NONE',  ( 21.85750706754394201, -2.499876958458889575, -12.33290160417653780 ) ) ;
#1182 = ADVANCED_FACE ( 'NONE', ( #189 ), #923, .F. ) ;
#1183 = CARTESIAN_POINT ( 'NONE',  ( 14.92285450293585214, -1.525407377777377116, -10.51263562968900978 ) ) ;
#1184 = CARTESIAN_POINT ( 'NONE',  ( 0.000000000000000000, 0.000000000000000000, -19.99999999999999645 ) ) ;
#1185 = DIRECTION ( 'NONE',  ( -0.000000000000000000, -0.000000000000000000, 1.000000000000000000 ) ) ;
#1186 = CARTESIAN_POINT ( 'NONE',  ( 1.253929039201183260, 21.96465694224131582, -14.66894362872897339 ) ) ;
#1187 = VECTOR ( 'NONE', #1105, 1000.000000000000000 ) ;
#1188 = ADVANCED_FACE ( 'NONE', ( #1098, #184 ), #547, .F. ) ;
#1189 = CARTESIAN_POINT ( 'NONE',  ( -2.246467399018289512, 21.88509468221377574, -11.39084064805538077 ) ) ;
#1190 = B_SPLINE_CURVE_WITH_KNOTS ( 'NONE', 3,
 ( #695, #1159, #689, #151, #500, #69, #414, #893, #40, #1067, #772, #874, #777, #234, #420, #323, #611, #249, #241, #597, #334, #1074, #61, #45, #977, #605, #224, #133, #590, #495, #867, #984, #410, #145 ),
 .UNSPECIFIED., .F., .F.,
 ( 4, 2, 2, 2, 2, 2, 2, 2, 2, 2, 2, 2, 2, 2, 2, 2, 4 ),
 ( 6.596638267038550235E-20, 0.0004889034085889172078, 0.0009778068171778341987, 0.001466710225766751190, 0.001955613634355668397, 0.002444517042944585605, 0.002933420451533502379, 0.003422323860122419587, 0.003911227268711336795, 0.004400130677300253569, 0.004889034085889171211, 0.005377937494478087985, 0.005866840903067004759, 0.006355744311655922400, 0.006844647720244839174, 0.007333551128833756816, 0.007822454537422673590 ),
 .UNSPECIFIED. ) ;
#1191 = CARTESIAN_POINT ( 'NONE',  ( 14.88167880599688075, 1.883887661739577002, -14.15149135793909885 ) ) ;
#1192 = CIRCLE ( 'NONE', #415, 22.00000000000000000 ) ;
#1193 = CARTESIAN_POINT ( 'NONE',  ( -14.80357585234894202, -2.419750678152276180, -13.14928326423678051 ) ) ;
#1194 = CARTESIAN_POINT ( 'NONE',  ( 1.882520183257446078, -14.88185332550325235, -14.15306221002954423 ) ) ;
#1195 = CARTESIAN_POINT ( 'NONE',  ( -15.00000000000000178, -2.105391304433167785E-16, -9.999999999999996447 ) ) ;
#1196 = CARTESIAN_POINT ( 'NONE',  ( 0.000000000000000000, 0.000000000000000000, 6.000000000000000000 ) ) ;
#1197 = ORIENTED_EDGE ( 'NONE', *, *, #1104, .F. ) ;
#1198 = EDGE_CURVE ( 'NONE', #384, #300, #581, .T. ) ;
#1199 = LINE ( 'NONE', #1054, #478 ) ;
#1200 = CARTESIAN_POINT ( 'NONE',  ( -15.00000000000000178, 1.836970310527797932E-15, -14.99999999999999822 ) ) ;
#1201 = CARTESIAN_POINT ( 'NONE',  ( 2.169387573297872240, -14.84257894580841430, -13.75316561812736005 ) ) ;
#1202 = DIRECTION ( 'NONE',  ( -0.000000000000000000, -0.000000000000000000, 1.000000000000000000 ) ) ;
#1203 = CARTESIAN_POINT ( 'NONE',  ( 22.00000000000001066, -0.1631898490675859348, -9.999999999999996447 ) ) ;
ENDSEC;
END-ISO-10303-21;
