ISO-10303-21;
HEADER;
FILE_DESCRIPTION (( 'STEP AP214' ),
    '1' );
FILE_NAME ('Montsimtubo.STEP',
    '2026-07-02T15:29:21',
    ( '' ),
    ( '' ),
    'SwSTEP 2.0',
    'SolidWorks 2023',
    '' );
FILE_SCHEMA (( 'AUTOMOTIVE_DESIGN' ));
ENDSEC;

DATA;
#1 = CARTESIAN_POINT ( 'NONE',  ( 1.002052276569561418, 22.20767059668071397, 167.0057914890689972 ) ) ;
#2 = DIRECTION ( 'NONE',  ( -0.7071067811865487940, 0.7071067811865463515, -0.000000000000000000 ) ) ;
#3 = CARTESIAN_POINT ( 'NONE',  ( 25.40100000000004599, -25.40099999999996072, 165.2700000000000102 ) ) ;
#4 = ORIENTED_EDGE ( 'NONE', *, *, #3274, .T. ) ;
#5 = CARTESIAN_POINT ( 'NONE',  ( 17.32350643177461436, 18.57608218107068154, 163.4720200662190734 ) ) ;
#6 = CARTESIAN_POINT ( 'NONE',  ( 15.62670747985420583, 15.81127306453143611, 163.2698974113437203 ) ) ;
#7 = ORIENTED_EDGE ( 'NONE', *, *, #103, .T. ) ;
#8 = CARTESIAN_POINT ( 'NONE',  ( -16.09910039873741994, 15.33133573722289178, 6.947335196178757499 ) ) ;
#9 = CARTESIAN_POINT ( 'NONE',  ( -0.5420411827939568550, 22.22469563895566580, 3.052437286634693159 ) ) ;
#10 = CARTESIAN_POINT ( 'NONE',  ( 16.53917934341283313, 19.27734931919937011, 165.7878852841657533 ) ) ;
#11 = CARTESIAN_POINT ( 'NONE',  ( -26.81521356237330167, 23.98678643762667306, 165.2700000000000102 ) ) ;
#12 = CARTESIAN_POINT ( 'NONE',  ( -0.01777034590337914222, -25.40099999999999980, 5.000000000000000000 ) ) ;
#13 = LINE ( 'NONE', #2921, #548 ) ;
#14 = AXIS2_PLACEMENT_3D ( 'NONE', #3319, #733, #2778 ) ;
#15 = CARTESIAN_POINT ( 'NONE',  ( -25.32253473881357309, 1.982229654096532956, 5.129783103229283547 ) ) ;
#16 = CARTESIAN_POINT ( 'NONE',  ( -16.65789703124664811, 19.17490543122841018, 5.886544412638694546 ) ) ;
#17 = CARTESIAN_POINT ( 'NONE',  ( 22.13823621771146932, 2.017770345903610707, 5.000000000000000000 ) ) ;
#18 = EDGE_CURVE ( 'NONE', #845, #2149, #2682, .T. ) ;
#19 = ORIENTED_EDGE ( 'NONE', *, *, #2755, .F. ) ;
#20 = DIRECTION ( 'NONE',  ( -1.040834085586083626E-14, 1.000000000000000000, 0.000000000000000000 ) ) ;
#21 = CARTESIAN_POINT ( 'NONE',  ( -17.25053546949166261, 18.64378868730414851, 3.264724706834708279 ) ) ;
#22 = ORIENTED_EDGE ( 'NONE', *, *, #1470, .T. ) ;
#23 = CARTESIAN_POINT ( 'NONE',  ( 0.2799834866805089306, -22.22860463135280540, 3.012982162533941466 ) ) ;
#24 = CARTESIAN_POINT ( 'NONE',  ( -0.2788396406698794849, 22.22978420216927020, 3.000000000000000000 ) ) ;
#25 = CARTESIAN_POINT ( 'NONE',  ( -14.81281240699213342, -16.57672025274951366, 6.598859282404716531 ) ) ;
#26 = ORIENTED_EDGE ( 'NONE', *, *, #1878, .F. ) ;
#27 = CARTESIAN_POINT ( 'NONE',  ( 25.32355613967500929, -1.969301239875791198, 5.261601806620934241 ) ) ;
#28 = CARTESIAN_POINT ( 'NONE',  ( 22.15729442181415010, 1.797149214488615421, 166.1573827995019599 ) ) ;
#29 = DIRECTION ( 'NONE',  ( 1.000000000000000000, 0.000000000000000000, -0.000000000000000000 ) ) ;
#30 = DIRECTION ( 'NONE',  ( -1.000000000000000000, 0.000000000000000000, 0.000000000000000000 ) ) ;
#31 = CARTESIAN_POINT ( 'NONE',  ( -22.22999999999999687, -0.1320224947485383604, 163.2699999999999534 ) ) ;
#32 = CARTESIAN_POINT ( 'NONE',  ( 22.19153482769221952, -1.310437932918967263, 6.501026632554783191 ) ) ;
#33 = EDGE_LOOP ( 'NONE', ( #2144, #1815 ) ) ;
#34 = CARTESIAN_POINT ( 'NONE',  ( -25.35027107316576789, 1.590288880823109041, 166.4898134168981585 ) ) ;
#35 = EDGE_CURVE ( 'NONE', #1053, #3186, #2243, .T. ) ;
#36 = CARTESIAN_POINT ( 'NONE',  ( -22.22441211786269477, 0.5143397929196669160, 3.067725814397816109 ) ) ;
#37 = VERTEX_POINT ( 'NONE', #1182 ) ;
#38 = DIRECTION ( 'NONE',  ( 0.7071067811865415775, 0.7071067811865536790, 0.000000000000000000 ) ) ;
#39 = EDGE_CURVE ( 'NONE', #3269, #220, #780, .T. ) ;
#40 = CARTESIAN_POINT ( 'NONE',  ( 16.51766198679744235, 19.29603293369037686, 4.473047869004760813 ) ) ;
#41 = CARTESIAN_POINT ( 'NONE',  ( -0.01777034590337890976, 22.22999289731794548, 7.000000000000000000 ) ) ;
#42 = CARTESIAN_POINT ( 'NONE',  ( 14.27651438777337134, 17.03979719941404269, 5.517936256915920268 ) ) ;
#43 = VERTEX_POINT ( 'NONE', #3241 ) ;
#44 = FACE_OUTER_BOUND ( 'NONE', #2481, .T. ) ;
#45 = CARTESIAN_POINT ( 'NONE',  ( -22.14144678196120708, 1.982229654096543614, 5.129790095339136435 ) ) ;
#46 = CARTESIAN_POINT ( 'NONE',  ( -25.33745016074366063, 1.782159358145870121, 5.881611477938885280 ) ) ;
#47 = VECTOR ( 'NONE', #1199, 1000.000000000000000 ) ;
#48 = DIRECTION ( 'NONE',  ( 0.7071067811865389130, 0.7071067811865561215, -0.000000000000000000 ) ) ;
#49 = CARTESIAN_POINT ( 'NONE',  ( -14.39672674121291429, -16.93840896615383329, 166.1571931558289066 ) ) ;
#50 = ORIENTED_EDGE ( 'NONE', *, *, #2088, .F. ) ;
#51 = CARTESIAN_POINT ( 'NONE',  ( -25.39501109858441907, 0.5194806535595354324, 167.2057786923761569 ) ) ;
#52 = CARTESIAN_POINT ( 'NONE',  ( -1.780190828942959991, -22.15866311371633657, 4.114261204182584564 ) ) ;
#53 = CARTESIAN_POINT ( 'NONE',  ( 0.000000000000000000, 0.000000000000000000, 3.000000000000000000 ) ) ;
#54 = PRODUCT_RELATED_PRODUCT_CATEGORY ( 'part', '', ( #3202 ) ) ;
#55 = ORIENTED_EDGE ( 'NONE', *, *, #2008, .T. ) ;
#56 = CARTESIAN_POINT ( 'NONE',  ( 1.237189928648817494, -22.19581275432989997, 3.409372367007900362 ) ) ;
#57 = CARTESIAN_POINT ( 'NONE',  ( 17.31048033970295918, 18.58822139206287005, 3.202032196109309226 ) ) ;
#58 = CARTESIAN_POINT ( 'NONE',  ( -1.898222546469712668, -22.14886412313121866, 164.6266114178097837 ) ) ;
#59 = CARTESIAN_POINT ( 'NONE',  ( 16.80057118079081846, 19.05009446191750300, 166.4893869931455299 ) ) ;
#60 = ADVANCED_FACE ( 'NONE', ( #3005 ), #121, .F. ) ;
#61 = VERTEX_POINT ( 'NONE', #357 ) ;
#62 = DIRECTION ( 'NONE',  ( -0.7071067811865437980, -0.7071067811865512365, -0.000000000000000000 ) ) ;
#63 = CARTESIAN_POINT ( 'NONE',  ( 14.24102358051313288, -17.06945070525905095, 165.2700000000000102 ) ) ;
#64 = CARTESIAN_POINT ( 'NONE',  ( -1.897234837822207032, 25.32909469241560885, 164.6237373312414149 ) ) ;
#65 = CARTESIAN_POINT ( 'NONE',  ( -17.07057501755020468, -18.80929584067892790, 166.8688967389583695 ) ) ;
#66 = B_SPLINE_CURVE_WITH_KNOTS ( 'NONE', 3,
 ( #2064, #2577, #3148, #2341, #544, #283, #1044, #3103, #300, #25, #2112, #3375, #818, #787, #1603, #1807, #1570, #2327, #2867, #3087, #1060, #2641, #2609, #1288, #770, #1349, #3359, #513, #1555, #2097 ),
 .UNSPECIFIED., .F., .F.,
 ( 4, 2, 2, 2, 2, 2, 2, 2, 2, 2, 2, 2, 2, 2, 4 ),
 ( 3.469446951953614189E-18, 0.0003910045443914740375, 0.0007820090887829446056, 0.001173013633174415120, 0.001564018177565885742, 0.002346027266348828504, 0.003128036355131771917, 0.003519040899523243407, 0.003910045443914714029, 0.004301049988306185519, 0.004692054532697657009, 0.005083059077089128498, 0.005474063621480599988, 0.005865068165872070610, 0.006256072710263542100 ),
 .UNSPECIFIED. ) ;
#67 = CARTESIAN_POINT ( 'NONE',  ( 16.62539316567989900, -14.75729489214649348, 163.7626471984158911 ) ) ;
#68 = CIRCLE ( 'NONE', #1984, 2.500000000000000000 ) ;
#69 = AXIS2_PLACEMENT_3D ( 'NONE', #2901, #2079, #2340 ) ;
#70 = EDGE_LOOP ( 'NONE', ( #1770, #1522 ) ) ;
#71 = CARTESIAN_POINT ( 'NONE',  ( 17.50007958255606511, 18.40983212562874982, 163.3717429043126685 ) ) ;
#72 = CARTESIAN_POINT ( 'NONE',  ( -1.572191838544600540, -22.17445417987704914, 6.220286440368365533 ) ) ;
#73 = CARTESIAN_POINT ( 'NONE',  ( -18.98299753733453699, -16.87644963456337877, 6.321138993698858677 ) ) ;
#74 = ORIENTED_EDGE ( 'NONE', *, *, #2673, .F. ) ;
#75 = B_SPLINE_CURVE_WITH_KNOTS ( 'NONE', 3,
 ( #476, #1523, #2555, #3357, #1790, #1009, #221, #3342, #2048, #2062, #3085, #3101, #768, #1805 ),
 .UNSPECIFIED., .F., .F.,
 ( 4, 2, 2, 2, 2, 2, 4 ),
 ( 0.006255331148979748068, 0.007037459830124079968, 0.007819588511268411868, 0.008210652851840577818, 0.008601717192412743768, 0.008992781532984909718, 0.009383845873557075667 ),
 .UNSPECIFIED. ) ;
#76 = CARTESIAN_POINT ( 'NONE',  ( 1.753022744621190121, -22.16089082235383145, 6.002932861055387370 ) ) ;
#77 = CARTESIAN_POINT ( 'NONE',  ( 18.56562414650500514, 17.33471212533538619, 3.203243469477061733 ) ) ;
#78 =( NAMED_UNIT ( * ) PLANE_ANGLE_UNIT ( ) SI_UNIT ( $, .RADIAN. ) );
#79 = CARTESIAN_POINT ( 'NONE',  ( 14.22731785858780462, 17.08087604751900201, 4.999999999999997335 ) ) ;
#80 = CARTESIAN_POINT ( 'NONE',  ( 19.31896153602536970, -16.49053441127886188, 165.2700000000000102 ) ) ;
#81 = VERTEX_POINT ( 'NONE', #1898 ) ;
#82 = EDGE_CURVE ( 'NONE', #2590, #541, #1759, .T. ) ;
#83 = CARTESIAN_POINT ( 'NONE',  ( -22.13823621771149419, -2.017770345903456164, 5.132999093439056360 ) ) ;
#84 = CARTESIAN_POINT ( 'NONE',  ( -22.19631104502241570, -1.228295493787628923, 3.402548565509716738 ) ) ;
#85 = CARTESIAN_POINT ( 'NONE',  ( -1.898257241119839955, 25.32901787854012099, 165.9132917221845105 ) ) ;
#86 = CARTESIAN_POINT ( 'NONE',  ( 22.16346047896619709, -1.720196939550506343, 5.998119569029356946 ) ) ;
#87 = CARTESIAN_POINT ( 'NONE',  ( -22.20766723342541837, 1.002130833467080429, 163.5342500591889632 ) ) ;
#88 = B_SPLINE_CURVE_WITH_KNOTS ( 'NONE', 3,
 ( #2512, #3312, #2988, #1202, #1675, #965, #411, #2245, #1443, #2478, #2007, #1952, #1460, #1730, #2717, #3040, #1425, #3279, #711, #2496, #982, #2226, #374, #948, #1695, #2772 ),
 .UNSPECIFIED., .F., .F.,
 ( 4, 2, 2, 2, 2, 2, 2, 2, 2, 2, 2, 2, 4 ),
 ( 0.006256072710263524753, 0.007037899941478272317, 0.007819727172693018147, 0.008210640788300395398, 0.008601554403907770915, 0.008992468019515146432, 0.009383381635122521949, 0.009774295250729893997, 0.01016520886633726604, 0.01055612248194463809, 0.01094703609755201187, 0.01172886332876675250, 0.01251069055998149486 ),
 .UNSPECIFIED. ) ;
#89 = CARTESIAN_POINT ( 'NONE',  ( 15.06732135811421713, 16.34513471146416208, 3.202059405090967648 ) ) ;
#90 = CARTESIAN_POINT ( 'NONE',  ( -0.9878851445297581746, -22.20934450310203090, 6.748290438708635541 ) ) ;
#91 = CARTESIAN_POINT ( 'NONE',  ( -19.29886310835810548, -16.51407099510080556, 5.263159894752876156 ) ) ;
#92 = PRODUCT_DEFINITION_FORMATION_WITH_SPECIFIED_SOURCE ( 'ANY', '', #3174, .NOT_KNOWN. ) ;
#93 = VERTEX_POINT ( 'NONE', #499 ) ;
#94 = DIRECTION ( 'NONE',  ( -0.7071067811865437980, -0.7071067811865512365, -0.000000000000000000 ) ) ;
#95 = CARTESIAN_POINT ( 'NONE',  ( 18.39960830856906782, 17.51082689391840930, 3.102755119489145397 ) ) ;
#96 = CARTESIAN_POINT ( 'NONE',  ( -1.228746788670357581, -22.19678481542680615, 166.8694251708726597 ) ) ;
#97 = CARTESIAN_POINT ( 'NONE',  ( 18.05228613850401231, 17.86874355657979407, 167.2700467943861042 ) ) ;
#98 = ORIENTED_EDGE ( 'NONE', *, *, #3377, .F. ) ;
#99 = CARTESIAN_POINT ( 'NONE',  ( 25.32217999549197884, -1.986921702544301782, 165.5330998264903428 ) ) ;
#100 = CARTESIAN_POINT ( 'NONE',  ( 25.33639074264156577, 1.797175873175622440, 166.1573291853948433 ) ) ;
#101 = CARTESIAN_POINT ( 'NONE',  ( 1.947347389567998910, 22.14476815086584338, 165.7950787812147837 ) ) ;
#102 = CARTESIAN_POINT ( 'NONE',  ( -14.61797080164215323, -16.74802587750954430, 166.5922856826451834 ) ) ;
#103 = EDGE_CURVE ( 'NONE', #747, #1579, #207, .T. ) ;
#104 = ORIENTED_EDGE ( 'NONE', *, *, #1968, .F. ) ;
#105 = CARTESIAN_POINT ( 'NONE',  ( 14.98252491413697740, 16.42281001423556575, 3.263414479369314058 ) ) ;
#106 = VECTOR ( 'NONE', #3138, 1000.000000000000000 ) ;
#107 = CARTESIAN_POINT ( 'NONE',  ( 2.000046805627660351, 25.32113371825035131, 165.1402160444168032 ) ) ;
#108 = AXIS2_PLACEMENT_3D ( 'NONE', #690, #2313, #1215 ) ;
#109 = ORIENTED_EDGE ( 'NONE', *, *, #2781, .T. ) ;
#110 = AXIS2_PLACEMENT_3D ( 'NONE', #1809, #549, #1842 ) ;
#111 = LINE ( 'NONE', #1734, #2562 ) ;
#112 = DIRECTION ( 'NONE',  ( -0.000000000000000000, -0.000000000000000000, -1.000000000000000000 ) ) ;
#113 = CARTESIAN_POINT ( 'NONE',  ( 17.06945070525929964, -14.24102358051283623, 165.2700000000000102 ) ) ;
#114 = ORIENTED_EDGE ( 'NONE', *, *, #904, .T. ) ;
#115 = CARTESIAN_POINT ( 'NONE',  ( 0.000000000000000000, 0.000000000000000000, 170.2700000000000102 ) ) ;
#116 = CARTESIAN_POINT ( 'NONE',  ( 16.94995127944702418, -14.38313564768180441, 5.887189583098253465 ) ) ;
#117 = CARTESIAN_POINT ( 'NONE',  ( 25.39999999999999858, 3.110602903768253619E-15, 167.2700000000000102 ) ) ;
#118 = B_SPLINE_CURVE_WITH_KNOTS ( 'NONE', 3,
 ( #1654, #2696, #632, #1670, #368, #2203, #907, #926, #1947, #2984, #2731, #2473, #138, #1180, #2222, #1967, #1246, #1568, #752, #2309, #3070, #736, #785, #511, #2356, #3373, #1042, #2339, #2325, #1838 ),
 .UNSPECIFIED., .F., .F.,
 ( 4, 2, 2, 2, 2, 2, 2, 2, 2, 2, 2, 2, 2, 2, 4 ),
 ( 3.693063650028749478E-19, 0.0003909987993451049582, 0.0007819975986902094828, 0.001172996398035314278, 0.001563995197380418749, 0.002345992796070629858, 0.003127990394760841401, 0.003518989194105946305, 0.003909987993451049908, 0.004300986792796154812, 0.004691985592141258848, 0.005082984391486363752, 0.005473983190831468656, 0.005864981990176572693, 0.006255980789521677597 ),
 .UNSPECIFIED. ) ;
#119 = DIRECTION ( 'NONE',  ( 0.7071067811865389130, 0.7071067811865561215, -0.000000000000000000 ) ) ;
#120 = DIRECTION ( 'NONE',  ( 1.000000000000000000, 0.000000000000000000, 0.000000000000000000 ) ) ;
#121 = CYLINDRICAL_SURFACE ( 'NONE', #3093, 2.000000000000002665 ) ;
#122 = CARTESIAN_POINT ( 'NONE',  ( 17.05801519508643338, 14.25471913452524575, 5.000000000000000000 ) ) ;
#123 = CARTESIAN_POINT ( 'NONE',  ( 22.13984868963649433, 2.000000000000233147, 165.2700000000000102 ) ) ;
#124 = EDGE_CURVE ( 'NONE', #1579, #317, #2201, .T. ) ;
#125 = VECTOR ( 'NONE', #2754, 1000.000000000000000 ) ;
#126 = CARTESIAN_POINT ( 'NONE',  ( -1.918795016064394954, -22.14704882773321870, 4.483571427913998875 ) ) ;
#127 = CARTESIAN_POINT ( 'NONE',  ( 0.2631602613218752551, 25.39896028304906750, 163.2830843486613901 ) ) ;
#128 = B_SPLINE_CURVE_WITH_KNOTS ( 'NONE', 3,
 ( #363, #2950, #1366, #1940, #96, #626, #644, #132, #612, #314, #332, #2465, #379, #1157, #1128, #1411, #58, #2978, #1647, #2147, #3184, #1381, #1664, #853, #1889, #2164 ),
 .UNSPECIFIED., .F., .F.,
 ( 4, 2, 2, 2, 2, 2, 2, 2, 2, 2, 2, 2, 4 ),
 ( 0.006256072748429427482, 0.007037899748934467632, 0.007819726749439507782, 0.008210640249691999668, 0.008601553749944489818, 0.008992467250196981704, 0.009383380750449471855, 0.009774294250701962006, 0.01016520775095445389, 0.01055612125120694231, 0.01094703475145943419, 0.01172886175196447348, 0.01251068875246951449 ),
 .UNSPECIFIED. ) ;
#129 = EDGE_LOOP ( 'NONE', ( #1441, #1056, #3356, #2913, #250, #1223, #1848, #2061, #1717, #856, #1956, #1804, #2011, #3368, #3142, #2016 ) ) ;
#130 = FACE_OUTER_BOUND ( 'NONE', #129, .T. ) ;
#131 = CARTESIAN_POINT ( 'NONE',  ( -1.797957107391198850, 22.15722864035204154, 166.1557471104102035 ) ) ;
#132 = CARTESIAN_POINT ( 'NONE',  ( -1.735233538111460749, -22.16229163636065636, 166.2730170183542953 ) ) ;
#133 = CARTESIAN_POINT ( 'NONE',  ( 19.31896153602538391, -16.49053441127887965, 165.4021997257272005 ) ) ;
#134 = VERTEX_POINT ( 'NONE', #3092 ) ;
#135 = CARTESIAN_POINT ( 'NONE',  ( -18.65581266797291349, -17.23752921281753814, 167.0052851097742348 ) ) ;
#136 = CARTESIAN_POINT ( 'NONE',  ( -22.13823621771148709, -2.017770345903456608, 5.000000000000000000 ) ) ;
#137 = CARTESIAN_POINT ( 'NONE',  ( 0.9047016105883173287, -25.38417159870731865, 3.202638663651038886 ) ) ;
#138 = CARTESIAN_POINT ( 'NONE',  ( 1.982135364302615832, 22.14145522332527349, 5.261758988236044488 ) ) ;
#139 = CARTESIAN_POINT ( 'NONE',  ( 2.449293493349823060E-16, 25.39999999999999858, 163.2700000000000102 ) ) ;
#140 = FACE_OUTER_BOUND ( 'NONE', #2058, .T. ) ;
#141 = VERTEX_POINT ( 'NONE', #2278 ) ;
#142 = CARTESIAN_POINT ( 'NONE',  ( 16.32265420484131013, 15.09167030250030983, 3.203267061751012168 ) ) ;
#143 = CARTESIAN_POINT ( 'NONE',  ( -18.67090362350714017, 17.22252404398755843, 6.747870625126249244 ) ) ;
#144 = DIRECTION ( 'NONE',  ( -0.7071067811865439090, -0.7071067811865512365, -0.000000000000000000 ) ) ;
#145 = FACE_OUTER_BOUND ( 'NONE', #1943, .T. ) ;
#146 = ORIENTED_EDGE ( 'NONE', *, *, #837, .T. ) ;
#147 = EDGE_CURVE ( 'NONE', #2997, #2538, #2806, .T. ) ;
#148 = CARTESIAN_POINT ( 'NONE',  ( 25.32113741521105155, -1.999999999999735989, 165.2700000000000102 ) ) ;
#149 = CARTESIAN_POINT ( 'NONE',  ( -25.39897250803471707, 0.2615063538237046847, 6.984663259244735301 ) ) ;
#150 = CARTESIAN_POINT ( 'NONE',  ( 16.74802587750960114, -14.61797080164208928, 166.5922856826451834 ) ) ;
#151 = ORIENTED_EDGE ( 'NONE', *, *, #1571, .F. ) ;
#152 = ADVANCED_FACE ( 'NONE', ( #1745 ), #2004, .F. ) ;
#153 = CARTESIAN_POINT ( 'NONE',  ( -16.47697194869851245, -19.33053013762950201, 5.000000000000001776 ) ) ;
#154 = CARTESIAN_POINT ( 'NONE',  ( -22.22505791022252097, -0.5279344086626364119, 6.951514591368320062 ) ) ;
#155 = CARTESIAN_POINT ( 'NONE',  ( 14.41006930514236295, -16.92705934624130393, 5.886568378940508772 ) ) ;
#156 = CARTESIAN_POINT ( 'NONE',  ( 0.8871410647271257277, -25.38479189273540726, 163.4727333375309115 ) ) ;
#157 = CARTESIAN_POINT ( 'NONE',  ( -16.62515542187741957, -14.75756972172146675, 166.7778125817756631 ) ) ;
#158 = B_SPLINE_CURVE_WITH_KNOTS ( 'NONE', 3,
 ( #1435, #3187, #1685, #2967, #1667, #1911, #1892, #3254, #2936, #366, #1131, #383, #2471, #2677 ),
 .UNSPECIFIED., .F., .F.,
 ( 4, 2, 2, 2, 2, 2, 4 ),
 ( 0.006255331755567101332, 0.007033064578374690484, 0.007810797401182278769, 0.008199663812586074213, 0.008588530223989868789, 0.008977396635393663366, 0.009366263046797457942 ),
 .UNSPECIFIED. ) ;
#159 = CARTESIAN_POINT ( 'NONE',  ( -16.62680796672917793, -14.75569981611691617, 163.7645193333422071 ) ) ;
#160 = CARTESIAN_POINT ( 'NONE',  ( -2.000104556571114411, -25.32112915677177511, 165.1395726210907640 ) ) ;
#161 = CARTESIAN_POINT ( 'NONE',  ( -22.22999999999999687, 0.000000000000000000, 170.2700000000000102 ) ) ;
#162 = CARTESIAN_POINT ( 'NONE',  ( -2.500000000000000000, 0.000000000000000000, 0.000000000000000000 ) ) ;
#163 = PLANE ( 'NONE',  #1910 ) ;
#164 = ORIENTED_EDGE ( 'NONE', *, *, #3274, .F. ) ;
#165 = DIRECTION ( 'NONE',  ( -0.000000000000000000, -0.000000000000000000, -1.000000000000000000 ) ) ;
#166 = CARTESIAN_POINT ( 'NONE',  ( -25.39222888368709619, 0.6396545993967553967, 6.893355532842029731 ) ) ;
#167 = CARTESIAN_POINT ( 'NONE',  ( 17.02833524791654796, -14.29018370270445182, 165.7879368678978835 ) ) ;
#168 = ORIENTED_EDGE ( 'NONE', *, *, #2191, .F. ) ;
#169 = CARTESIAN_POINT ( 'NONE',  ( -1.572228141485668251, -25.35139821301823559, 6.220231351026298761 ) ) ;
#170 = CARTESIAN_POINT ( 'NONE',  ( 25.39504587352347542, 0.5176559354318135409, 163.3337676238674305 ) ) ;
#171 = ADVANCED_FACE ( 'NONE', ( #447, #2838, #2262, #999, #759, #3294, #1513 ), #3038, .F. ) ;
#172 = B_SPLINE_CURVE_WITH_KNOTS ( 'NONE', 3,
 ( #2086, #2365, #2583, #244, #1001, #1035, #2565, #2042, #1324, #1515, #2333, #1019, #230, #276, #3079, #1577, #3366, #1274, #2547, #1254, #2298, #2873, #2318, #1308, #1561, #3095, #745, #1066, #1051, #3126 ),
 .UNSPECIFIED., .F., .F.,
 ( 4, 2, 2, 2, 2, 2, 2, 2, 2, 2, 2, 2, 2, 2, 4 ),
 ( 0.000000000000000000, 0.0003910044954582711702, 0.0007820089909165423405, 0.001173013486374813348, 0.001564017981833084681, 0.002346026972749685677, 0.003128035963666287323, 0.003519040459124584460, 0.003910044954582881163, 0.004301049450041178300, 0.004692053945499474570, 0.005083058440957771706, 0.005474062936416067976, 0.005865067431874365113, 0.006256071927332662250 ),
 .UNSPECIFIED. ) ;
#173 = LINE ( 'NONE', #1965, #2351 ) ;
#174 = CARTESIAN_POINT ( 'NONE',  ( 6.304475260620618477E-15, -25.39999999999999858, 163.2700000000000102 ) ) ;
#175 = DIRECTION ( 'NONE',  ( -1.000000000000000000, -3.491481338843133355E-15, -0.000000000000000000 ) ) ;
#176 = CARTESIAN_POINT ( 'NONE',  ( -25.32113741521102668, -2.000000000000089706, 165.2700000000000102 ) ) ;
#177 = CARTESIAN_POINT ( 'NONE',  ( -17.86602679096080948, 18.05498591109697060, 163.2701058073760407 ) ) ;
#178 = CARTESIAN_POINT ( 'NONE',  ( 22.23000000000000043, 0.2611065112501402830, 167.2700000000000387 ) ) ;
#179 = CARTESIAN_POINT ( 'NONE',  ( 22.21237869457670300, 0.8933539523055173959, 3.197015552766596880 ) ) ;
#180 = CARTESIAN_POINT ( 'NONE',  ( 0.000000000000000000, 0.000000000000000000, 0.000000000000000000 ) ) ;
#181 = ORIENTED_EDGE ( 'NONE', *, *, #760, .F. ) ;
#182 = FACE_BOUND ( 'NONE', #3264, .T. ) ;
#183 = CARTESIAN_POINT ( 'NONE',  ( 5.256025990544965887E-15, -22.22999999999999687, 163.2700000000000102 ) ) ;
#184 = APPLICATION_PROTOCOL_DEFINITION ( 'draft international standard', 'automotive_design', 1998, #1383 ) ;
#185 = CARTESIAN_POINT ( 'NONE',  ( 22.15603231463937561, 1.812658034890368475, 5.892053020689616893 ) ) ;
#186 = VECTOR ( 'NONE', #945, 1000.000000000000000 ) ;
#187 = EDGE_LOOP ( 'NONE', ( #2413, #804 ) ) ;
#188 = CARTESIAN_POINT ( 'NONE',  ( 25.32113741521103023, 2.000000000000267786, 165.0057945909479713 ) ) ;
#189 = CARTESIAN_POINT ( 'NONE',  ( 16.47697194869837745, 19.33053013762961925, 5.000000000000000888 ) ) ;
#190 = EDGE_CURVE ( 'NONE', #1227, #93, #1493, .T. ) ;
#191 = CARTESIAN_POINT ( 'NONE',  ( 0.8865425093478817020, -25.38481306774313140, 167.0675649566127277 ) ) ;
#192 = CARTESIAN_POINT ( 'NONE',  ( 25.38093610913837139, 1.013450743925198294, 6.754223179287409451 ) ) ;
#193 = CARTESIAN_POINT ( 'NONE',  ( -25.36576455042079203, -1.321559537445185395, 163.7631892091698944 ) ) ;
#194 = CARTESIAN_POINT ( 'NONE',  ( -1.237141042470234265, 25.37008749224076354, 3.409325670455447543 ) ) ;
#195 = CARTESIAN_POINT ( 'NONE',  ( -19.28894985532997453, 16.52564866123154985, 5.517884818454767526 ) ) ;
#196 = CARTESIAN_POINT ( 'NONE',  ( 19.28894985533008466, -16.52564866123141840, 5.517884818454764861 ) ) ;
#197 = CARTESIAN_POINT ( 'NONE',  ( 22.22433347999753295, -0.5179435971333817834, 163.3338335871075628 ) ) ;
#198 = ORIENTED_EDGE ( 'NONE', *, *, #1489, .T. ) ;
#199 = CARTESIAN_POINT ( 'NONE',  ( -18.80281867216646674, -17.07705597050306778, 163.6800446150158450 ) ) ;
#200 = LINE ( 'NONE', #2743, #822 ) ;
#201 = CARTESIAN_POINT ( 'NONE',  ( 15.25749161063063042, -16.16776225070185902, 167.1681267064540179 ) ) ;
#202 = ORIENTED_EDGE ( 'NONE', *, *, #1089, .F. ) ;
#203 = CARTESIAN_POINT ( 'NONE',  ( -14.30416583645225082, 17.01659188369678688, 5.519598668734329472 ) ) ;
#204 = DIRECTION ( 'NONE',  ( -0.7071067811865437980, -0.7071067811865512365, -0.000000000000000000 ) ) ;
#205 = CARTESIAN_POINT ( 'NONE',  ( -16.15733409760843031, -15.26853325203352796, 3.102758347464496858 ) ) ;
#206 = CARTESIAN_POINT ( 'NONE',  ( 17.58989766925963139, -18.32407822587408575, 163.3341594021017329 ) ) ;
#207 = B_SPLINE_CURVE_WITH_KNOTS ( 'NONE', 3,
 ( #2581, #1543, #1797, #1528, #963, #2040, #1988, #2510, #193, #425, #2054, #692, #1017, #1235 ),
 .UNSPECIFIED., .F., .F.,
 ( 4, 2, 2, 2, 2, 2, 4 ),
 ( 0.009383845873557075667, 0.009774517146672708628, 0.01016518841978834159, 0.01055585969290397455, 0.01094653096601960751, 0.01172787351225093415, 0.01250921605848225905 ),
 .UNSPECIFIED. ) ;
#208 = CARTESIAN_POINT ( 'NONE',  ( 0.2431366235834256095, 25.40017631951239707, 7.000000000000000888 ) ) ;
#209 = LINE ( 'NONE', #1305, #679 ) ;
#210 = DIRECTION ( 'NONE',  ( 1.000000000000000000, 0.000000000000000000, 0.000000000000000000 ) ) ;
#211 = CARTESIAN_POINT ( 'NONE',  ( -0.5373949042942800514, 25.39463861068241357, 6.935743971530770935 ) ) ;
#212 = CARTESIAN_POINT ( 'NONE',  ( -16.51407099510075227, 19.29886310835816232, 5.263159894752875267 ) ) ;
#213 = LINE ( 'NONE', #2756, #2127 ) ;
#214 = CARTESIAN_POINT ( 'NONE',  ( 19.27331822665465921, 16.54415855707024008, 4.475784974205483380 ) ) ;
#215 = EDGE_CURVE ( 'NONE', #2843, #3149, #491, .T. ) ;
#216 = ORIENTED_EDGE ( 'NONE', *, *, #2842, .T. ) ;
#217 = CARTESIAN_POINT ( 'NONE',  ( -25.39999999999999503, 0.1311697060606360488, 3.001244459388269004 ) ) ;
#218 =( NAMED_UNIT ( * ) PLANE_ANGLE_UNIT ( ) SI_UNIT ( $, .RADIAN. ) );
#219 = CARTESIAN_POINT ( 'NONE',  ( 14.24102358051278649, 17.06945070525935648, 165.0056283546953466 ) ) ;
#220 = VERTEX_POINT ( 'NONE', #1252 ) ;
#221 = CARTESIAN_POINT ( 'NONE',  ( -25.37093832613146560, 1.219564567544711542, 163.6794766431756614 ) ) ;
#222 = AXIS2_PLACEMENT_3D ( 'NONE', #2432, #94, #1206 ) ;
#223 = DIRECTION ( 'NONE',  ( -0.000000000000000000, 1.000000000000000000, -0.000000000000000000 ) ) ;
#224 = DIRECTION ( 'NONE',  ( -0.000000000000000000, -0.000000000000000000, -1.000000000000000000 ) ) ;
#225 = CARTESIAN_POINT ( 'NONE',  ( 1.338841819881918083, -25.36486217490123352, 6.507375005043662952 ) ) ;
#226 = AXIS2_PLACEMENT_3D ( 'NONE', #1916, #1989, #1424 ) ;
#227 = CIRCLE ( 'NONE', #3159, 2.500000000000000000 ) ;
#228 = CARTESIAN_POINT ( 'NONE',  ( -25.35026030755809856, -1.590471009824645288, 166.4896279472327478 ) ) ;
#229 = CARTESIAN_POINT ( 'NONE',  ( -0.6627197338634986945, 25.39164144578226967, 3.102318485981482521 ) ) ;
#230 = CARTESIAN_POINT ( 'NONE',  ( -15.90407244695823863, 15.53388303287061412, 167.2699055939385460 ) ) ;
#231 = CARTESIAN_POINT ( 'NONE',  ( -16.08017649687192829, 15.34982644838802734, 163.3334363528680342 ) ) ;
#232 = ORIENTED_EDGE ( 'NONE', *, *, #1878, .T. ) ;
#233 = CARTESIAN_POINT ( 'NONE',  ( -25.32253473881357309, 1.982229654096532956, 4.740286767479561014 ) ) ;
#234 = ADVANCED_FACE ( 'NONE', ( #586 ), #1575, .T. ) ;
#235 = CARTESIAN_POINT ( 'NONE',  ( -17.09023187525562193, 18.79084364926273309, 3.410033598784844244 ) ) ;
#236 = ORIENTED_EDGE ( 'NONE', *, *, #2362, .T. ) ;
#237 = CARTESIAN_POINT ( 'NONE',  ( -17.03979719941390769, 14.27651438777355075, 5.517936256915921156 ) ) ;
#238 = CARTESIAN_POINT ( 'NONE',  ( 22.19730802032674433, -1.209983144791399567, 3.415846838657467632 ) ) ;
#239 = CARTESIAN_POINT ( 'NONE',  ( -22.22999999999999687, 0.1304930629677779064, 167.2700000000000102 ) ) ;
#240 = CARTESIAN_POINT ( 'NONE',  ( 19.24075273593673785, 16.58179622220437821, 5.644231682123634464 ) ) ;
#241 = AXIS2_PLACEMENT_3D ( 'NONE', #2916, #2433, #2964 ) ;
#242 = CARTESIAN_POINT ( 'NONE',  ( 1.780285537901772352, 25.33758285148254785, 4.114469879707883138 ) ) ;
#243 = CARTESIAN_POINT ( 'NONE',  ( -25.37091641131716813, -1.229133484462192838, 166.8691580861389525 ) ) ;
#244 = CARTESIAN_POINT ( 'NONE',  ( -17.02833524791645914, 14.29018370270456550, 165.7879368678978835 ) ) ;
#245 = CARTESIAN_POINT ( 'NONE',  ( -14.54782294546928689, 16.80975396758218920, 164.0412552751284920 ) ) ;
#246 = EDGE_LOOP ( 'NONE', ( #457, #2735, #2515, #699 ) ) ;
#247 = CYLINDRICAL_SURFACE ( 'NONE', #2297, 2.000000000000000000 ) ;
#248 = CARTESIAN_POINT ( 'NONE',  ( -18.66634754056910950, 17.22612267385061102, 3.263390775032968705 ) ) ;
#249 = EDGE_CURVE ( 'NONE', #37, #284, #1100, .T. ) ;
#250 = ORIENTED_EDGE ( 'NONE', *, *, #39, .T. ) ;
#251 = CARTESIAN_POINT ( 'NONE',  ( 25.32113741521100891, 2.000000000000266898, 165.2700000000000102 ) ) ;
#252 = CARTESIAN_POINT ( 'NONE',  ( 22.22999999999999687, 2.435692722865514604E-15, 3.000078947856574807 ) ) ;
#253 = DIRECTION ( 'NONE',  ( -0.000000000000000000, 1.000000000000000000, -0.000000000000000000 ) ) ;
#254 = EDGE_CURVE ( 'NONE', #3016, #2949, #1269, .T. ) ;
#255 = CARTESIAN_POINT ( 'NONE',  ( 0.01777034590337937814, -25.39999378375527073, 7.000000000000000000 ) ) ;
#256 = CARTESIAN_POINT ( 'NONE',  ( -14.22731785858792186, -17.08087604751890254, 4.999999999999997335 ) ) ;
#257 = ADVANCED_BREP_SHAPE_REPRESENTATION ( '', ( #466, #2259 ), #1928 ) ;
#258 = CARTESIAN_POINT ( 'NONE',  ( -16.17980201892108383, 15.24472394873429160, 3.101791617142757307 ) ) ;
#259 = DIRECTION ( 'NONE',  ( -0.000000000000000000, -0.000000000000000000, -1.000000000000000000 ) ) ;
#260 = CARTESIAN_POINT ( 'NONE',  ( -16.58179622220417571, 19.24075273593690838, 5.644231682123635352 ) ) ;
#261 = CARTESIAN_POINT ( 'NONE',  ( -16.16757768667257977, 15.25768768915731144, 163.3717777028501814 ) ) ;
#262 = ORIENTED_EDGE ( 'NONE', *, *, #2483, .T. ) ;
#263 = DIRECTION ( 'NONE',  ( 0.7071067811865415775, 0.7071067811865536790, 0.000000000000000000 ) ) ;
#264 = CARTESIAN_POINT ( 'NONE',  ( 14.43528949324840127, 16.90577942988761961, 164.2619425710505539 ) ) ;
#265 = VERTEX_POINT ( 'NONE', #2100 ) ;
#266 = CARTESIAN_POINT ( 'NONE',  ( -14.33323813730176077, 16.99216643014008454, 5.644287227477458480 ) ) ;
#267 = CARTESIAN_POINT ( 'NONE',  ( -1.525118968598589531, 22.17781412893662463, 6.320949556521668455 ) ) ;
#268 = CARTESIAN_POINT ( 'NONE',  ( 16.49053441127881570, 19.31896153602545141, 165.4021997257272005 ) ) ;
#269 = CLOSED_SHELL ( 'NONE', ( #1861, #1340, #234, #1921 ) ) ;
#270 = EDGE_CURVE ( 'NONE', #220, #667, #13, .T. ) ;
#271 = CARTESIAN_POINT ( 'NONE',  ( 25.39222888368709974, -0.6396545993967076571, 6.893355532841982658 ) ) ;
#272 = CARTESIAN_POINT ( 'NONE',  ( 25.33977376852101671, 1.749667401100410746, 3.991063729113876413 ) ) ;
#273 = VECTOR ( 'NONE', #224, 1000.000000000000000 ) ;
#274 = CARTESIAN_POINT ( 'NONE',  ( -22.15850460533862787, 1.782147545797704735, 5.881633237453887553 ) ) ;
#275 = CARTESIAN_POINT ( 'NONE',  ( -17.77427708357381420, 18.14528956850855579, 167.2570286771300232 ) ) ;
#276 = CARTESIAN_POINT ( 'NONE',  ( -15.62720550259153285, 15.81076796993186662, 167.2700470073841927 ) ) ;
#277 = CARTESIAN_POINT ( 'NONE',  ( 15.07858479958569831, -16.33474313038310655, 163.4732824454608249 ) ) ;
#278 = ORIENTED_EDGE ( 'NONE', *, *, #215, .T. ) ;
#279 = CARTESIAN_POINT ( 'NONE',  ( -25.40100000000022007, 25.40099999999978309, 165.2700000000000102 ) ) ;
#280 = CARTESIAN_POINT ( 'NONE',  ( 16.08207849161007985, 15.34783358629122318, 163.3341714655120711 ) ) ;
#281 = EDGE_LOOP ( 'NONE', ( #1104, #2554 ) ) ;
#282 = CARTESIAN_POINT ( 'NONE',  ( -1.914995912114085819, 22.14742048686131426, 4.353705925710512403 ) ) ;
#283 = CARTESIAN_POINT ( 'NONE',  ( -14.38313564768186836, -16.94995127944697444, 5.887189583098253465 ) ) ;
#284 = VERTEX_POINT ( 'NONE', #303 ) ;
#285 = VECTOR ( 'NONE', #2909, 1000.000000000000000 ) ;
#286 = CARTESIAN_POINT ( 'NONE',  ( 25.33745016074366418, -1.782159358145715577, 5.881611477938838206 ) ) ;
#287 = CARTESIAN_POINT ( 'NONE',  ( 22.19676267982282170, 1.229153566539283426, 166.8691367908316749 ) ) ;
#288 = EDGE_CURVE ( 'NONE', #667, #1836, #1909, .T. ) ;
#289 = CARTESIAN_POINT ( 'NONE',  ( -17.08087604751885635, 14.22731785858798226, 4.999999999999999112 ) ) ;
#290 = CARTESIAN_POINT ( 'NONE',  ( -17.23752921281747774, 18.65581266797296678, 167.0052851097742348 ) ) ;
#291 = CARTESIAN_POINT ( 'NONE',  ( -25.40100000000026270, 0.01777034590311307727, 5.000000000000000000 ) ) ;
#292 = CARTESIAN_POINT ( 'NONE',  ( 22.22437475759006631, -0.5160031653584760125, 6.931831050917566017 ) ) ;
#293 = EDGE_CURVE ( 'NONE', #1073, #682, #446, .T. ) ;
#294 = EDGE_LOOP ( 'NONE', ( #1635, #916 ) ) ;
#295 = CARTESIAN_POINT ( 'NONE',  ( 16.49053441127881570, 19.31896153602544430, 165.0056616779910996 ) ) ;
#296 = CARTESIAN_POINT ( 'NONE',  ( -19.03794767853437264, -16.81433360650991560, 6.220059161679143855 ) ) ;
#297 = ORIENTED_EDGE ( 'NONE', *, *, #3146, .T. ) ;
#298 = FACE_OUTER_BOUND ( 'NONE', #2830, .T. ) ;
#299 = CYLINDRICAL_SURFACE ( 'NONE', #1061, 2.000000000000001776 ) ;
#300 = CARTESIAN_POINT ( 'NONE',  ( -14.60454047925896504, -16.75973862640315915, 6.322275670689101013 ) ) ;
#301 = ORIENTED_EDGE ( 'NONE', *, *, #2982, .T. ) ;
#302 = CARTESIAN_POINT ( 'NONE',  ( 1.982131370813781324, 25.32254243235553659, 5.133591190727850417 ) ) ;
#303 = CARTESIAN_POINT ( 'NONE',  ( 2.500000000000000000, 3.061616997868383141E-16, 0.000000000000000000 ) ) ;
#304 = CARTESIAN_POINT ( 'NONE',  ( -25.34178371184585288, 1.720217968274840858, 5.998083888547850684 ) ) ;
#305 = CARTESIAN_POINT ( 'NONE',  ( -17.06561125725304251, -18.81320667234002286, 3.408266631888061671 ) ) ;
#306 = LINE ( 'NONE', #2156, #2525 ) ;
#307 = VERTEX_POINT ( 'NONE', #1146 ) ;
#308 = DIRECTION ( 'NONE',  ( 1.000000000000000000, 1.047444401652940007E-14, -0.000000000000000000 ) ) ;
#309 = EDGE_CURVE ( 'NONE', #3149, #2843, #1201, .T. ) ;
#310 = CARTESIAN_POINT ( 'NONE',  ( -1.717468226873908543, -22.16367542268952562, 6.003008394813985404 ) ) ;
#311 = CARTESIAN_POINT ( 'NONE',  ( 22.13823621771146932, 2.017770345903610707, 5.000000000000000000 ) ) ;
#312 = ORIENTED_EDGE ( 'NONE', *, *, #1645, .T. ) ;
#313 = CARTESIAN_POINT ( 'NONE',  ( -25.40100000000028402, 1.999999999999735545, 165.2700000000000102 ) ) ;
#314 = CARTESIAN_POINT ( 'NONE',  ( -1.897228554485995700, -22.14894956775756540, 165.9162851971843224 ) ) ;
#315 = CARTESIAN_POINT ( 'NONE',  ( 14.38313564768175290, 16.94995127944706681, 5.887189583098251688 ) ) ;
#316 = B_SPLINE_CURVE_WITH_KNOTS ( 'NONE', 3,
 ( #2849, #239, #1856, #1332, #2881, #2080, #493, #1824, #1077, #1028, #1318, #529, #1011, #564, #1301, #1586, #1792, #2373 ),
 .UNSPECIFIED., .F., .F.,
 ( 4, 2, 2, 2, 2, 2, 2, 2, 4 ),
 ( 0.003128757233354197750, 0.003519671570101506192, 0.003910585906848814200, 0.004301500243596122208, 0.004692414580343430217, 0.005083328917090738225, 0.005474243253838046233, 0.005865157590585355109, 0.006256071927332663117 ),
 .UNSPECIFIED. ) ;
#317 = VERTEX_POINT ( 'NONE', #1132 ) ;
#318 = CARTESIAN_POINT ( 'NONE',  ( 25.32903846849640317, -1.897983129701979577, 165.9140878237327286 ) ) ;
#319 = CARTESIAN_POINT ( 'NONE',  ( -15.91498954706013791, 15.52102947105217545, 3.012799315758901919 ) ) ;
#320 = CARTESIAN_POINT ( 'NONE',  ( -25.32253473881357664, 1.982229654096532956, 5.000000000000000000 ) ) ;
#321 = PRESENTATION_LAYER_ASSIGNMENT (  '', '', ( #2401 ) ) ;
#322 = FACE_OUTER_BOUND ( 'NONE', #489, .T. ) ;
#323 = DIRECTION ( 'NONE',  ( -0.7071067811865487940, 0.7071067811865463515, -0.000000000000000000 ) ) ;
#324 = ORIENTED_EDGE ( 'NONE', *, *, #254, .T. ) ;
#325 = DIRECTION ( 'NONE',  ( 0.7071067811865415775, 0.7071067811865536790, 0.000000000000000000 ) ) ;
#326 = APPLICATION_CONTEXT ( 'automotive_design' ) ;
#327 = CARTESIAN_POINT ( 'NONE',  ( -0.9902890791057197273, -22.20923554299312030, 3.253100508771496369 ) ) ;
#328 = CARTESIAN_POINT ( 'NONE',  ( -19.30738406092769210, -16.50408800036631263, 5.130555152030011001 ) ) ;
#329 = ORIENTED_EDGE ( 'NONE', *, *, #1779, .T. ) ;
#330 = EDGE_CURVE ( 'NONE', #1258, #1976, #1468, .T. ) ;
#331 = CARTESIAN_POINT ( 'NONE',  ( -22.22999999999999687, 0.000000000000000000, 0.000000000000000000 ) ) ;
#332 = CARTESIAN_POINT ( 'NONE',  ( -1.935828585806507407, -22.14556667499224929, 165.7891893043155278 ) ) ;
#333 = CARTESIAN_POINT ( 'NONE',  ( 18.65581266797277848, 17.23752921281767669, 167.0052851097742064 ) ) ;
#334 = ORIENTED_EDGE ( 'NONE', *, *, #1987, .F. ) ;
#335 = DIRECTION ( 'NONE',  ( 1.000000000000000000, 0.000000000000000000, 0.000000000000000000 ) ) ;
#336 = CARTESIAN_POINT ( 'NONE',  ( 25.39999999999999858, 0.2610716776876358391, 167.2700000000000671 ) ) ;
#337 = CARTESIAN_POINT ( 'NONE',  ( -1.735263814419237827, 25.34076085650143639, 164.2670313908980972 ) ) ;
#338 = PRODUCT ( 'Pino_ParafusoSim', 'Pino_ParafusoSim', '', ( #1190 ) ) ;
#339 = CARTESIAN_POINT ( 'NONE',  ( 22.22882562476508994, -0.2615415382946793543, 6.984658721785670821 ) ) ;
#340 = AXIS2_PLACEMENT_3D ( 'NONE', #1135, #1374, #3155 ) ;
#341 = DIRECTION ( 'NONE',  ( -0.7071067811865562325, 0.7071067811865389130, 0.000000000000000000 ) ) ;
#342 = CARTESIAN_POINT ( 'NONE',  ( 0.000000000000000000, 0.000000000000000000, 0.000000000000000000 ) ) ;
#343 = CARTESIAN_POINT ( 'NONE',  ( -25.39999999999999858, -2.824731747092071872E-16, 6.999921052143426969 ) ) ;
#344 = CARTESIAN_POINT ( 'NONE',  ( -18.13282407000021124, -17.78699386384560910, 6.987033544167700505 ) ) ;
#345 = VERTEX_POINT ( 'NONE', #63 ) ;
#346 = CARTESIAN_POINT ( 'NONE',  ( 1.338866143844420487, -22.18984202726893784, 6.507362801468213220 ) ) ;
#347 = CARTESIAN_POINT ( 'NONE',  ( 18.64378868730396022, 17.25053546949185801, 3.264724706834709611 ) ) ;
#348 = DIRECTION ( 'NONE',  ( -1.000000000000000000, 0.000000000000000000, 0.000000000000000000 ) ) ;
#349 = CARTESIAN_POINT ( 'NONE',  ( 6.304475260620618477E-15, -25.39999999999999858, 163.2700000000000102 ) ) ;
#350 = VERTEX_POINT ( 'NONE', #2424 ) ;
#351 = CARTESIAN_POINT ( 'NONE',  ( 25.39501109858442263, -0.5194806535594934660, 167.2057786923760716 ) ) ;
#352 = EDGE_CURVE ( 'NONE', #439, #3069, #1953, .T. ) ;
#353 = DIRECTION ( 'NONE',  ( 1.000000000000000000, 0.000000000000000000, 0.000000000000000000 ) ) ;
#354 = CARTESIAN_POINT ( 'NONE',  ( -1.230855690734322438, 25.37083138050825681, 166.8678296096772442 ) ) ;
#355 = CARTESIAN_POINT ( 'NONE',  ( -14.24102358051290906, -17.06945070525926411, 165.4022166153244200 ) ) ;
#356 = B_SPLINE_CURVE_WITH_KNOTS ( 'NONE', 3,
 ( #2828, #233, #3336, #970, #1311, #453, #487, #2551, #748, #2336, #2029, #2012, #217, #3045 ),
 .UNSPECIFIED., .F., .F.,
 ( 4, 2, 2, 2, 2, 2, 4 ),
 ( 0.006255331755567104801, 0.007033064578374738189, 0.007810797401182370710, 0.008199663812586186970, 0.008588530223990004098, 0.008977396635393821225, 0.009366263046797638353 ),
 .UNSPECIFIED. ) ;
#357 = CARTESIAN_POINT ( 'NONE',  ( 2.449293493349823060E-16, -25.39999999999999858, 167.2700000000000102 ) ) ;
#358 = CARTESIAN_POINT ( 'NONE',  ( -1.898257241119840177, -25.32901787854012099, 164.6267082778155384 ) ) ;
#359 = CARTESIAN_POINT ( 'NONE',  ( -25.33977376852102026, -1.749667401100263087, 3.991063729113930147 ) ) ;
#360 = CARTESIAN_POINT ( 'NONE',  ( 1.947364195056021874, 25.32543728613718059, 165.7950189178694416 ) ) ;
#361 = VERTEX_POINT ( 'NONE', #1162 ) ;
#362 = CARTESIAN_POINT ( 'NONE',  ( 16.80316784774224104, 14.55443999450402259, 166.4900740168994560 ) ) ;
#363 = CARTESIAN_POINT ( 'NONE',  ( 2.449293470561603660E-16, -22.22999999999999687, 167.2700000000000102 ) ) ;
#364 = CARTESIAN_POINT ( 'NONE',  ( 16.69118698988270211, 19.14600657781066673, 166.2720042567677581 ) ) ;
#365 = EDGE_LOOP ( 'NONE', ( #19, #2229, #371, #2941 ) ) ;
#366 = CARTESIAN_POINT ( 'NONE',  ( 25.39220435056965641, -0.6405949777142070367, 3.106982741943313364 ) ) ;
#367 = CARTESIAN_POINT ( 'NONE',  ( 14.30416583645236805, -17.01659188369668740, 5.519598668734329472 ) ) ;
#368 = CARTESIAN_POINT ( 'NONE',  ( 0.6272281405097710483, 22.22147983648249792, 6.897673115427191526 ) ) ;
#369 = EDGE_CURVE ( 'NONE', #2949, #3299, #1437, .T. ) ;
#370 = CARTESIAN_POINT ( 'NONE',  ( -25.31972754259399494, -2.017770345903468154, 5.132981572385749480 ) ) ;
#371 = ORIENTED_EDGE ( 'NONE', *, *, #1589, .T. ) ;
#372 = CARTESIAN_POINT ( 'NONE',  ( 15.24472394873412817, 16.17980201892123304, 3.101791617142755531 ) ) ;
#373 = CLOSED_SHELL ( 'NONE', ( #1897, #3360, #2403, #3233 ) ) ;
#374 = CARTESIAN_POINT ( 'NONE',  ( 16.91735109000032367, -14.42172645832126143, 3.991947784238305541 ) ) ;
#375 = FACE_OUTER_BOUND ( 'NONE', #1008, .T. ) ;
#376 = ORIENTED_EDGE ( 'NONE', *, *, #2591, .T. ) ;
#377 = DIRECTION ( 'NONE',  ( 0.000000000000000000, 0.000000000000000000, 1.000000000000000000 ) ) ;
#378 = CARTESIAN_POINT ( 'NONE',  ( 1.898126929413278763, -22.14887229353934117, 165.9136578232088084 ) ) ;
#379 = CARTESIAN_POINT ( 'NONE',  ( -1.999896157898687354, -22.13985807019470542, 165.4036335290174975 ) ) ;
#380 = CARTESIAN_POINT ( 'NONE',  ( 16.61332187935468241, 14.77089004641132775, 6.507827012644759712 ) ) ;
#381 = ORIENTED_EDGE ( 'NONE', *, *, #2820, .F. ) ;
#382 = CARTESIAN_POINT ( 'NONE',  ( -18.41004748600356322, -17.49985233052392886, 167.1681439555009661 ) ) ;
#383 = CARTESIAN_POINT ( 'NONE',  ( 25.39898459641914030, -0.2602308055431163392, 3.015172497072740043 ) ) ;
#384 = DIRECTION ( 'NONE',  ( 0.000000000000000000, 0.000000000000000000, 1.000000000000000000 ) ) ;
#385 = CARTESIAN_POINT ( 'NONE',  ( -22.17232187129475562, -1.602037180019032059, 3.772186758825025521 ) ) ;
#386 = CARTESIAN_POINT ( 'NONE',  ( 0.1305629276169180120, 22.23000000000000753, 163.2700000000000671 ) ) ;
#387 = CARTESIAN_POINT ( 'NONE',  ( 25.33528692835864859, 1.812685507541260677, 5.891998127899872095 ) ) ;
#388 = EDGE_CURVE ( 'NONE', #3201, #3100, #118, .T. ) ;
#389 = CARTESIAN_POINT ( 'NONE',  ( -22.22882246134126305, 0.2621377159455838268, 163.2829696111776627 ) ) ;
#390 = CARTESIAN_POINT ( 'NONE',  ( -16.68180525450990004, 19.15430374914314271, 164.2643982795068212 ) ) ;
#391 = B_SPLINE_CURVE_WITH_KNOTS ( 'NONE', 3,
 ( #1959, #133, #3303, #1997, #1503, #1979, #1191, #1209, #2287, #2466, #3286, #666, #1721, #1451, #2271, #2485, #3032, #2233, #3268, #702, #435, #3015, #685, #1738, #1485, #2589, #1521, #2092, #1788, #1313 ),
 .UNSPECIFIED., .F., .F.,
 ( 4, 2, 2, 2, 2, 2, 2, 2, 2, 2, 2, 2, 2, 2, 4 ),
 ( 0.000000000000000000, 0.0003909581968112158770, 0.0007819163936224317541, 0.001172874590433647685, 0.001563832787244863508, 0.002345749180867353484, 0.003127665574489843676, 0.003518623771301080966, 0.003909581968112318257, 0.004300540164923555980, 0.004691498361734792837, 0.005082456558546030560, 0.005473414755357268284, 0.005864372952168505140, 0.006255331148979742864 ),
 .UNSPECIFIED. ) ;
#392 = CARTESIAN_POINT ( 'NONE',  ( -18.34105042334718405, 17.57338458955070237, 6.947354859377069758 ) ) ;
#393 = CIRCLE ( 'NONE', #2258, 2.500000000000000000 ) ;
#394 = CARTESIAN_POINT ( 'NONE',  ( 17.33644138141829671, -18.56401035086378926, 6.797929354333958507 ) ) ;
#395 = CARTESIAN_POINT ( 'NONE',  ( 0.6442306074181016751, 25.39211804930043570, 163.3720631415696403 ) ) ;
#396 = EDGE_CURVE ( 'NONE', #2949, #3016, #3008, .T. ) ;
#397 = PRODUCT_DEFINITION_SHAPE ( 'NONE', 'NONE',  #3378 ) ;
#398 = ORIENTED_EDGE ( 'NONE', *, *, #190, .F. ) ;
#399 = CARTESIAN_POINT ( 'NONE',  ( 15.81076796993169431, 15.62720550259169983, 167.2700470073842212 ) ) ;
#400 = CARTESIAN_POINT ( 'NONE',  ( 1.947347389567998688, -22.14476815086584693, 164.7449212187852652 ) ) ;
#401 = CARTESIAN_POINT ( 'NONE',  ( -23.81467349791749299, 15.91546109514456475, -156.0000000000000000 ) ) ;
#402 = CARTESIAN_POINT ( 'NONE',  ( 14.83312443049748985, -16.55787074857967056, 166.8604717571295168 ) ) ;
#403 = ORIENTED_EDGE ( 'NONE', *, *, #2051, .F. ) ;
#404 = CARTESIAN_POINT ( 'NONE',  ( -22.22882143176059344, -0.2621563554174195509, 163.2829815892055194 ) ) ;
#405 = CARTESIAN_POINT ( 'NONE',  ( -15.61402811055589801, -15.82379439012221489, 2.999900588124932543 ) ) ;
#406 = CARTESIAN_POINT ( 'NONE',  ( 14.63050197746261816, -16.73708661976989021, 6.321110124393016783 ) ) ;
#407 = LINE ( 'NONE', #2679, #3211 ) ;
#408 = CARTESIAN_POINT ( 'NONE',  ( 25.40100000000008862, 8.868711748795475366E-14, 165.2700000000000102 ) ) ;
#409 = CARTESIAN_POINT ( 'NONE',  ( -16.41240464371301400, -14.99392229124130083, 163.5347672926572500 ) ) ;
#410 = CARTESIAN_POINT ( 'NONE',  ( 15.52102947105200492, 15.91498954706029068, 3.012799315758901475 ) ) ;
#411 = CARTESIAN_POINT ( 'NONE',  ( 14.84585695917674109, -16.54645771648869257, 3.410030043963565127 ) ) ;
#412 = CARTESIAN_POINT ( 'NONE',  ( 0.01777034590337938508, 25.40099999999999980, 7.000000000000000000 ) ) ;
#413 = CARTESIAN_POINT ( 'NONE',  ( 22.17316404145366704, -1.590272035375192239, 166.4898345140166498 ) ) ;
#414 = ORIENTED_EDGE ( 'NONE', *, *, #2610, .T. ) ;
#415 = CARTESIAN_POINT ( 'NONE',  ( 14.24102358051277584, 17.06945070525934582, 165.2700000000000102 ) ) ;
#416 = EDGE_CURVE ( 'NONE', #307, #747, #75, .T. ) ;
#417 = CARTESIAN_POINT ( 'NONE',  ( 5.206900561147631848E-15, 22.22999999999999687, 167.2700000000000102 ) ) ;
#418 = CARTESIAN_POINT ( 'NONE',  ( 22.22999999999999687, 3.004566807256289324E-15, 6.999921052143425193 ) ) ;
#419 = ORIENTED_EDGE ( 'NONE', *, *, #437, .F. ) ;
#420 = CARTESIAN_POINT ( 'NONE',  ( 0.01777034590337937814, -25.39999378375527073, 7.000000000000000000 ) ) ;
#421 = CARTESIAN_POINT ( 'NONE',  ( -22.15603231463937561, -1.812658034890232139, 5.892053020689578702 ) ) ;
#422 = CARTESIAN_POINT ( 'NONE',  ( 15.00713809247939423, -16.40031921381809354, 6.735272761689759413 ) ) ;
#423 = CARTESIAN_POINT ( 'NONE',  ( 1.598897737712735356, -25.35029865657692838, 164.0405399931408681 ) ) ;
#424 = CARTESIAN_POINT ( 'NONE',  ( 25.32253473881358730, -1.982229654096355986, 5.000000000000000000 ) ) ;
#425 = CARTESIAN_POINT ( 'NONE',  ( -25.35034169141681204, -1.598217595323270679, 164.0396772783142580 ) ) ;
#426 = CARTESIAN_POINT ( 'NONE',  ( -1.797980317037202402, -25.33633347634215127, 164.3842960015661561 ) ) ;
#427 = CARTESIAN_POINT ( 'NONE',  ( -19.33053013762944872, 16.47697194869857285, 5.000000000000000888 ) ) ;
#428 = CARTESIAN_POINT ( 'NONE',  ( 22.22425986516516261, 0.5212776229119355786, 3.059991035015829919 ) ) ;
#429 = CARTESIAN_POINT ( 'NONE',  ( 0.5195418604004139462, 25.39500960894353909, 163.3342408765641665 ) ) ;
#430 = CLOSED_SHELL ( 'NONE', ( #1284, #526, #1549, #652, #3027, #2168, #2456, #2802, #2631, #3166, #779, #757, #797, #1255, #1030, #1384, #171, #2133, #1962, #3270, #1363, #570, #3251, #2437, #60, #2734, #739, #3313, #2283, #3170, #1399, #1612, #3068, #1171, #507, #695, #1359, #152 ) ) ;
#431 = ORIENTED_EDGE ( 'NONE', *, *, #1629, .T. ) ;
#432 = LINE ( 'NONE', #1429, #991 ) ;
#433 = CARTESIAN_POINT ( 'NONE',  ( -25.38503837594392465, 0.8799274628834472534, 6.791965785539919587 ) ) ;
#434 = SHAPE_DEFINITION_REPRESENTATION ( #921, #2569 ) ;
#435 = CARTESIAN_POINT ( 'NONE',  ( 17.00256647077502947, -18.87012139278409961, 166.7778310394942025 ) ) ;
#436 = VECTOR ( 'NONE', #1945, 1000.000000000000000 ) ;
#437 = EDGE_CURVE ( 'NONE', #2603, #350, #3117, .T. ) ;
#438 = VECTOR ( 'NONE', #3062, 1000.000000000000000 ) ;
#439 = VERTEX_POINT ( 'NONE', #251 ) ;
#440 = B_SPLINE_CURVE_WITH_KNOTS ( 'NONE', 3,
 ( #2594, #268, #2359, #10, #3136, #803, #364, #59, #1094, #1634, #1432, #613, #1367, #97, #598, #1905, #2406, #1620, #333, #854, #1382, #2723, #1682, #1941, #627, #1110, #2181, #2132, #2657, #2419 ),
 .UNSPECIFIED., .F., .F.,
 ( 4, 2, 2, 2, 2, 2, 2, 2, 2, 2, 2, 2, 2, 2, 4 ),
 ( 0.000000000000000000, 0.0003909581968112125160, 0.0007819163936224250320, 0.001172874590433637494, 0.001563832787244850064, 0.002345749180867328330, 0.003127665574489806814, 0.003518623771301049741, 0.003909581968112293103, 0.004300540164923536031, 0.004691498361734778959, 0.005082456558546022754, 0.005473414755357264815, 0.005864372952168508610, 0.006255331148979751538 ),
 .UNSPECIFIED. ) ;
#441 = CARTESIAN_POINT ( 'NONE',  ( -1.880450583514746032, -25.33034596990660248, 4.356629299431591384 ) ) ;
#442 = CARTESIAN_POINT ( 'NONE',  ( -17.05801519508652930, -14.25471913452512851, 5.000000000000000000 ) ) ;
#443 = FACE_OUTER_BOUND ( 'NONE', #2650, .T. ) ;
#444 = CARTESIAN_POINT ( 'NONE',  ( -2.500000000000000000, 0.000000000000000000, 10.00000000000000000 ) ) ;
#445 = CARTESIAN_POINT ( 'NONE',  ( 2.449293470561603660E-16, 22.22999999999999687, 163.2700000000000102 ) ) ;
#446 = B_SPLINE_CURVE_WITH_KNOTS ( 'NONE', 3,
 ( #791, #1352, #824, #1829, #2871, #1862, #2392, #84, #2186, #1371, #385, #1760, #2409, #875, #3239, #672 ),
 .UNSPECIFIED., .F., .F.,
 ( 4, 2, 2, 2, 2, 2, 2, 4 ),
 ( 0.009367331931314230170, 0.009760251759897642376, 0.01015317158848105458, 0.01054609141706446679, 0.01093901124564787899, 0.01133193107423129120, 0.01172485090281470514, 0.01251069055998152955 ),
 .UNSPECIFIED. ) ;
#447 = FACE_BOUND ( 'NONE', #2355, .T. ) ;
#448 = CARTESIAN_POINT ( 'NONE',  ( -18.65426750300457570, 17.23920348230651811, 163.5333784515277671 ) ) ;
#449 = CARTESIAN_POINT ( 'NONE',  ( 22.22999999999999687, 2.722389834504565452E-15, 0.000000000000000000 ) ) ;
#450 = DIRECTION ( 'NONE',  ( -0.000000000000000000, -0.000000000000000000, -1.000000000000000000 ) ) ;
#451 = CARTESIAN_POINT ( 'NONE',  ( 22.21261677422828740, -0.8872610178384388036, 163.4727944250479084 ) ) ;
#452 = VERTEX_POINT ( 'NONE', #2865 ) ;
#453 = CARTESIAN_POINT ( 'NONE',  ( -25.36626756839677910, 1.311801910893221290, 3.500315465003339455 ) ) ;
#454 = CARTESIAN_POINT ( 'NONE',  ( -1.507354492417226854, 22.17902858815221734, 166.5909430182707638 ) ) ;
#455 = DIRECTION ( 'NONE',  ( 1.000000000000000000, 0.000000000000000000, 0.000000000000000000 ) ) ;
#456 = CARTESIAN_POINT ( 'NONE',  ( 22.22505791022253163, 0.5279344086626690524, 6.951514591368354701 ) ) ;
#457 = ORIENTED_EDGE ( 'NONE', *, *, #2461, .F. ) ;
#458 = CARTESIAN_POINT ( 'NONE',  ( -16.81518267828985458, 14.54055810013591810, 6.219413686944420760 ) ) ;
#459 = PRODUCT_DEFINITION ( 'UNKNOWN', '', #2490, #3327 ) ;
#460 = CYLINDRICAL_SURFACE ( 'NONE', #2469, 2.000000000000002665 ) ;
#461 = CARTESIAN_POINT ( 'NONE',  ( 25.32547435205387387, 1.946888011023754750, 164.7433090595583565 ) ) ;
#462 = CARTESIAN_POINT ( 'NONE',  ( 19.13371643312016346, 16.70527347571923116, 6.003473448631726050 ) ) ;
#463 = B_SPLINE_CURVE_WITH_KNOTS ( 'NONE', 3,
 ( #1917, #3195, #1900, #2429, #2176, #3212, #2958, #622, #2701, #359, #1406, #1238, #2548, #3244 ),
 .UNSPECIFIED., .F., .F.,
 ( 4, 2, 2, 2, 2, 2, 4 ),
 ( 0.009366263046797638353, 0.01015200201276870128, 0.01054487149575423360, 0.01093774097873976420, 0.01133061046172529479, 0.01172347994471082712, 0.01250921891068188831 ),
 .UNSPECIFIED. ) ;
#464 = EDGE_CURVE ( 'NONE', #2402, #2643, #3107, .T. ) ;
#465 = CARTESIAN_POINT ( 'NONE',  ( 1.507832074600953032, -25.35537780858038559, 166.5905595762457096 ) ) ;
#466 = MANIFOLD_SOLID_BREP ( 'PadrãoCircular2', #430 ) ;
#467 = CARTESIAN_POINT ( 'NONE',  ( -25.34073075461389379, -1.735701735959838565, 166.2722124757504503 ) ) ;
#468 = CARTESIAN_POINT ( 'NONE',  ( -1.237900703883726417, 25.37004845386410068, 6.590051269814137136 ) ) ;
#469 = LINE ( 'NONE', #3351, #567 ) ;
#470 = DIRECTION ( 'NONE',  ( 1.000000000000000000, 0.000000000000000000, 0.000000000000000000 ) ) ;
#471 = LINE ( 'NONE', #2027, #438 ) ;
#472 = EDGE_LOOP ( 'NONE', ( #403, #1641, #2109, #3116 ) ) ;
#473 = CARTESIAN_POINT ( 'NONE',  ( -25.40100000000022007, 25.40099999999978309, 165.2700000000000102 ) ) ;
#474 = CARTESIAN_POINT ( 'NONE',  ( 14.24102358051313466, -17.06945070525905095, 165.4005629343388080 ) ) ;
#475 = EDGE_LOOP ( 'NONE', ( #1210, #1277, #2758, #3181 ) ) ;
#476 = CARTESIAN_POINT ( 'NONE',  ( -25.32113741521103734, 1.999999999999912959, 165.2700000000000102 ) ) ;
#477 = DIRECTION ( 'NONE',  ( 0.7071067811865536790, -0.7071067811865414665, -0.000000000000000000 ) ) ;
#478 = CARTESIAN_POINT ( 'NONE',  ( 22.22999999999999687, 2.722389834504565452E-15, 170.2700000000000102 ) ) ;
#479 = CARTESIAN_POINT ( 'NONE',  ( 18.40983212562868232, -17.50007958255612550, 163.3717429043126117 ) ) ;
#480 = CARTESIAN_POINT ( 'NONE',  ( 0.5178854697398265206, -25.39504173737175208, 163.3338214856889863 ) ) ;
#481 = EDGE_CURVE ( 'NONE', #2894, #439, #2655, .T. ) ;
#482 = CARTESIAN_POINT ( 'NONE',  ( -14.24102358051289663, -17.06945070525925345, 165.2700000000000102 ) ) ;
#483 = CARTESIAN_POINT ( 'NONE',  ( -18.40983212562857929, 17.50007958255625695, 163.3717429043126685 ) ) ;
#484 = CARTESIAN_POINT ( 'NONE',  ( -19.14259963434410494, -16.69523456159237185, 3.994394936990735001 ) ) ;
#485 = DIRECTION ( 'NONE',  ( -0.7071067811865467956, -0.7071067811865484609, 0.000000000000000000 ) ) ;
#486 = VERTEX_POINT ( 'NONE', #1362 ) ;
#487 = CARTESIAN_POINT ( 'NONE',  ( -25.37139328528774840, 1.209977127793300244, 3.415839551836298060 ) ) ;
#488 = CARTESIAN_POINT ( 'NONE',  ( 16.41240464371292163, 14.99392229124141274, 163.5347672926572500 ) ) ;
#489 = EDGE_LOOP ( 'NONE', ( #1821, #2217, #831, #974 ) ) ;
#490 = CARTESIAN_POINT ( 'NONE',  ( -15.91651842401155648, 15.52113022714407364, 6.999899262570207448 ) ) ;
#491 = CIRCLE ( 'NONE', #2837, 22.22999999999999687 ) ;
#492 = CARTESIAN_POINT ( 'NONE',  ( -19.31896153602513877, -16.49053441127912478, 165.2700000000000102 ) ) ;
#493 = CARTESIAN_POINT ( 'NONE',  ( -22.20761036480811157, 1.003342850151851318, 167.0050130852921768 ) ) ;
#494 = AXIS2_PLACEMENT_3D ( 'NONE', #1832, #2043, #1814 ) ;
#495 = CARTESIAN_POINT ( 'NONE',  ( 16.68180525451003149, -19.15430374914302547, 164.2643982795068780 ) ) ;
#496 = AXIS2_PLACEMENT_3D ( 'NONE', #2644, #3169, #839 ) ;
#497 = CARTESIAN_POINT ( 'NONE',  ( 16.49053441127920294, -19.31896153602507837, 165.2700000000000102 ) ) ;
#498 = CARTESIAN_POINT ( 'NONE',  ( 25.35474126286249330, 1.518487205929027750, 3.671448865970102560 ) ) ;
#499 = CARTESIAN_POINT ( 'NONE',  ( -2.500000000000000000, 0.000000000000000000, 3.000000000000000000 ) ) ;
#500 = CARTESIAN_POINT ( 'NONE',  ( -18.80123848711870238, 17.07879574585128424, 163.6782547328536452 ) ) ;
#501 = CARTESIAN_POINT ( 'NONE',  ( -17.01579092001127691, 18.85819734589880881, 6.507842071087106106 ) ) ;
#502 = EDGE_CURVE ( 'NONE', #1053, #764, #1512, .T. ) ;
#503 = CARTESIAN_POINT ( 'NONE',  ( -15.25557947778800028, 16.16956547006718026, 163.3727715873505986 ) ) ;
#504 = VERTEX_POINT ( 'NONE', #331 ) ;
#505 = B_SPLINE_CURVE_WITH_KNOTS ( 'NONE', 3,
 ( #833, #580, #1618, #701, #1700, #1736, #1430, #1225, #971, #2796, #2535, #3266, #937, #1242, #955, #2250, #2231, #131, #2269, #1995, #454, #1719, #2013, #918, #1207, #417 ),
 .UNSPECIFIED., .F., .F.,
 ( 4, 2, 2, 2, 2, 2, 2, 2, 2, 2, 2, 2, 4 ),
 ( 0.006256072748429425748, 0.007037899748934466765, 0.007819726749439506047, 0.008210640249691997933, 0.008601553749944488084, 0.008992467250196979969, 0.009383380750449470120, 0.009774294250701960271, 0.01016520775095445042, 0.01055612125120694231, 0.01094703475145943246, 0.01172886175196447348, 0.01251068875246951276 ),
 .UNSPECIFIED. ) ;
#506 = CARTESIAN_POINT ( 'NONE',  ( -18.41187859790828441, -17.49792475765573485, 163.3727652449148593 ) ) ;
#507 = ADVANCED_FACE ( 'NONE', ( #298 ), #1346, .F. ) ;
#508 = CARTESIAN_POINT ( 'NONE',  ( -16.69523456159230435, 19.14259963434415823, 3.994394936990733225 ) ) ;
#509 = APPLICATION_CONTEXT ( 'automotive_design' ) ;
#510 = EDGE_LOOP ( 'NONE', ( #431, #198 ) ) ;
#511 = CARTESIAN_POINT ( 'NONE',  ( 0.9857394425216577938, 22.20839867700058079, 3.265082815975854036 ) ) ;
#512 = CARTESIAN_POINT ( 'NONE',  ( -0.01777034590337888895, 22.22999289731794548, 3.000000000000000000 ) ) ;
#513 = CARTESIAN_POINT ( 'NONE',  ( -17.04959840791303805, -14.26480822660831471, 5.263179677771970155 ) ) ;
#514 = CARTESIAN_POINT ( 'NONE',  ( 16.47697194869839521, 19.33053013762963346, 5.132199797834627653 ) ) ;
#515 = AXIS2_PLACEMENT_3D ( 'NONE', #940, #1247, #1194 ) ;
#516 = CARTESIAN_POINT ( 'NONE',  ( 25.35612386889434333, -1.495174011551957394, 6.314620784425795996 ) ) ;
#517 = CARTESIAN_POINT ( 'NONE',  ( 19.33053013762956240, -16.47697194869843784, 4.999999999999999112 ) ) ;
#518 = CARTESIAN_POINT ( 'NONE',  ( -22.17411261141182521, 1.576955233975378068, 6.213928862935643060 ) ) ;
#519 = CARTESIAN_POINT ( 'NONE',  ( -25.35110078436806091, 1.576971964609673149, 6.213907653760517569 ) ) ;
#520 = LINE ( 'NONE', #1813, #3345 ) ;
#521 = CARTESIAN_POINT ( 'NONE',  ( -14.43422782039129615, 16.90668399767845287, 164.2643452865497409 ) ) ;
#522 = ORIENTED_EDGE ( 'NONE', *, *, #1942, .F. ) ;
#523 = CARTESIAN_POINT ( 'NONE',  ( -17.86829173001817139, -18.05274439513847895, 163.2698954618826690 ) ) ;
#524 = CARTESIAN_POINT ( 'NONE',  ( -16.52564866123148590, -19.28894985533002426, 5.517884818454770190 ) ) ;
#525 = ORIENTED_EDGE ( 'NONE', *, *, #1302, .F. ) ;
#526 = ADVANCED_FACE ( 'NONE', ( #2128 ), #869, .F. ) ;
#527 = CARTESIAN_POINT ( 'NONE',  ( -16.91004426145215334, 14.43012825457268100, 6.002045766001598004 ) ) ;
#528 = DIRECTION ( 'NONE',  ( 1.000000000000000000, 0.000000000000000000, -0.000000000000000000 ) ) ;
#529 = CARTESIAN_POINT ( 'NONE',  ( -22.16230612023367996, 1.735037806147955664, 166.2732971640149344 ) ) ;
#530 = CARTESIAN_POINT ( 'NONE',  ( -0.01777034590337913528, 25.39999378375527073, 7.000000000000000000 ) ) ;
#531 = LINE ( 'NONE', #11, #552 ) ;
#532 = CARTESIAN_POINT ( 'NONE',  ( 25.32415258441784545, 1.964062528596907553, 4.470388061488333342 ) ) ;
#533 = CARTESIAN_POINT ( 'NONE',  ( -15.09167030250014108, 16.32265420484146290, 3.203267061751012168 ) ) ;
#534 = CARTESIAN_POINT ( 'NONE',  ( -18.65882677045920346, 17.23560734267958594, 167.0178831872067349 ) ) ;
#535 = CARTESIAN_POINT ( 'NONE',  ( -18.85988223425347954, -17.01391649088061087, 3.494511790062043932 ) ) ;
#536 = CARTESIAN_POINT ( 'NONE',  ( -16.80868177553419329, 14.54906590670548638, 164.0391059121117792 ) ) ;
#537 = ORIENTED_EDGE ( 'NONE', *, *, #1444, .T. ) ;
#538 = DIRECTION ( 'NONE',  ( 0.000000000000000000, 0.000000000000000000, 1.000000000000000000 ) ) ;
#539 = CONTEXT_DEPENDENT_SHAPE_REPRESENTATION ( #2304, #1708 ) ;
#540 = CARTESIAN_POINT ( 'NONE',  ( 14.99568202947528839, 16.41079711358497661, 163.5333983612125621 ) ) ;
#541 = VERTEX_POINT ( 'NONE', #2759 ) ;
#542 = CARTESIAN_POINT ( 'NONE',  ( 0.6627735469945335023, -22.22044809814536137, 3.102328612549237530 ) ) ;
#543 = CARTESIAN_POINT ( 'NONE',  ( 22.22109117200855621, -0.6406389711534008491, 3.106996832217082449 ) ) ;
#544 = CARTESIAN_POINT ( 'NONE',  ( -14.30614110707229436, -17.01498651365258397, 5.644999411710085901 ) ) ;
#545 = EDGE_CURVE ( 'NONE', #2603, #3050, #3053, .T. ) ;
#546 = CARTESIAN_POINT ( 'NONE',  ( 18.57608218107061759, -17.32350643177468541, 163.4720200662190450 ) ) ;
#547 = ORIENTED_EDGE ( 'NONE', *, *, #464, .F. ) ;
#548 = VECTOR ( 'NONE', #2598, 1000.000000000000000 ) ;
#549 = DIRECTION ( 'NONE',  ( -1.000000000000000000, -3.491481338843133355E-15, -0.000000000000000000 ) ) ;
#550 = CARTESIAN_POINT ( 'NONE',  ( 22.13984868963649433, 2.000000000000233147, 165.2700000000000102 ) ) ;
#551 = AXIS2_PLACEMENT_3D ( 'NONE', #3309, #3275, #3090 ) ;
#552 = VECTOR ( 'NONE', #3105, 1000.000000000000000 ) ;
#553 = CARTESIAN_POINT ( 'NONE',  ( -16.56870257182221806, 14.82102684205461607, 3.408309175536492486 ) ) ;
#554 = FACE_BOUND ( 'NONE', #2725, .T. ) ;
#555 = CARTESIAN_POINT ( 'NONE',  ( -22.22433879474021623, -0.5176807282388212750, 163.3337730548481375 ) ) ;
#556 = CARTESIAN_POINT ( 'NONE',  ( 14.28156611463979253, -17.03583769239093115, 164.7457336411871722 ) ) ;
#557 = ORIENTED_EDGE ( 'NONE', *, *, #628, .F. ) ;
#558 = CARTESIAN_POINT ( 'NONE',  ( -25.39896212903378370, 0.2630049705926090775, 167.2569392745436119 ) ) ;
#559 = CARTESIAN_POINT ( 'NONE',  ( -19.17490543122835689, -16.65789703124671561, 5.886544412638694546 ) ) ;
#560 = ORIENTED_EDGE ( 'NONE', *, *, #1779, .F. ) ;
#561 = CARTESIAN_POINT ( 'NONE',  ( 0.5373714602131780538, -22.22387398801754088, 6.935744510324606260 ) ) ;
#562 = CARTESIAN_POINT ( 'NONE',  ( 16.78221445619006147, 19.06702559090764737, 3.769152582810125107 ) ) ;
#563 = CARTESIAN_POINT ( 'NONE',  ( 22.23000000000000398, -0.1312149721895786991, 3.001244861601541025 ) ) ;
#564 = CARTESIAN_POINT ( 'NONE',  ( -22.14888638109102814, 1.897963519445292402, 165.9141422979585911 ) ) ;
#565 = ORIENTED_EDGE ( 'NONE', *, *, #2572, .T. ) ;
#566 = B_SPLINE_CURVE_WITH_KNOTS ( 'NONE', 3,
 ( #442, #2748, #2018, #3344, #3324, #3289, #2801, #3035, #1964, #205, #2237, #1762, #705, #405, #2999, #2291, #1488, #1229, #3018, #3052, #1195, #3272, #995, #941, #1982, #1472 ),
 .UNSPECIFIED., .F., .F.,
 ( 4, 2, 2, 2, 2, 2, 2, 2, 2, 2, 2, 2, 4 ),
 ( 0.006256072710263542100, 0.007037899941478287930, 0.007819727172693033759, 0.008210640788300407542, 0.008601554403907779589, 0.008992468019515151637, 0.009383381635122525419, 0.009774295250729900936, 0.01016520886633727645, 0.01055612248194465197, 0.01094703609755202922, 0.01172886332876678372, 0.01251069055998153996 ),
 .UNSPECIFIED. ) ;
#567 = VECTOR ( 'NONE', #1293, 1000.000000000000000 ) ;
#568 = CARTESIAN_POINT ( 'NONE',  ( -2.500000000000000000, 0.000000000000000000, 3.000000000000000000 ) ) ;
#569 = CARTESIAN_POINT ( 'NONE',  ( -16.34513471146400931, 15.06732135811438233, 3.202059405090969424 ) ) ;
#570 = ADVANCED_FACE ( 'NONE', ( #130, #2742, #900, #1938, #182, #2213, #1156 ), #642, .F. ) ;
#571 = CARTESIAN_POINT ( 'NONE',  ( -19.31051590745759938, 16.50044319149753491, 165.5321797879551866 ) ) ;
#572 = DIRECTION ( 'NONE',  ( -1.040834085586084257E-14, 1.000000000000000000, 0.000000000000000000 ) ) ;
#573 = CARTESIAN_POINT ( 'NONE',  ( 22.17411261141183232, -1.576955233975261716, 6.213928862935591546 ) ) ;
#574 = ORIENTED_EDGE ( 'NONE', *, *, #369, .F. ) ;
#575 = CARTESIAN_POINT ( 'NONE',  ( 18.14609318624600220, 17.77345337628718625, 163.2831534655782662 ) ) ;
#576 = CARTESIAN_POINT ( 'NONE',  ( -25.39999999999999503, -0.2626823120188265803, 7.002255122051981751 ) ) ;
#577 = DIRECTION ( 'NONE',  ( -1.000000000000000000, 0.000000000000000000, 0.000000000000000000 ) ) ;
#578 = ORIENTED_EDGE ( 'NONE', *, *, #607, .F. ) ;
#579 = FILL_AREA_STYLE_COLOUR ( '', #2947 ) ;
#580 = CARTESIAN_POINT ( 'NONE',  ( -0.2610650513333938605, 22.23000000000000753, 163.2700000000000102 ) ) ;
#581 = CARTESIAN_POINT ( 'NONE',  ( 22.20800795572736774, -0.9944471822531687488, 3.270163144051584592 ) ) ;
#582 = CARTESIAN_POINT ( 'NONE',  ( 16.15552832491444590, 15.27044501819840150, 6.898140392439601420 ) ) ;
#583 = ORIENTED_EDGE ( 'NONE', *, *, #1668, .T. ) ;
#584 = CARTESIAN_POINT ( 'NONE',  ( 0.000000000000000000, -25.40099999999999980, 165.2700000000000102 ) ) ;
#585 = B_SPLINE_CURVE_WITH_KNOTS ( 'NONE', 3,
 ( #1800, #3127, #556, #1020, #2087, #3333, #794, #2072, #277, #2841, #1546, #2366, #1294, #2334, #2103, #810, #1847, #1595, #862, #1914, #67, #1339, #1881, #1672, #1896, #1611 ),
 .UNSPECIFIED., .F., .F.,
 ( 4, 2, 2, 2, 2, 2, 2, 2, 2, 2, 2, 2, 4 ),
 ( 0.006256071927332663117, 0.007037898791771961260, 0.007819725656211260270, 0.008210639088430907173, 0.008601552520650555811, 0.008992465952870202714, 0.009383379385089851352, 0.009774292817309498255, 0.01016520624952914689, 0.01055611968174879553, 0.01094703311396844070, 0.01172885997840767552, 0.01251068684284690688 ),
 .UNSPECIFIED. ) ;
#586 = FACE_OUTER_BOUND ( 'NONE', #868, .T. ) ;
#587 = FACE_OUTER_BOUND ( 'NONE', #1176, .T. ) ;
#588 = CARTESIAN_POINT ( 'NONE',  ( -22.16146273868308469, -1.747143649538021259, 164.2623978264431628 ) ) ;
#589 = CARTESIAN_POINT ( 'NONE',  ( -16.33314986828368376, -15.08031172833867117, 167.0678819789939951 ) ) ;
#590 = EDGE_CURVE ( 'NONE', #1361, #3128, #111, .T. ) ;
#591 = EDGE_LOOP ( 'NONE', ( #939, #2320 ) ) ;
#592 = FACE_OUTER_BOUND ( 'NONE', #246, .T. ) ;
#593 = CARTESIAN_POINT ( 'NONE',  ( -1.213129184093114432, -22.19764224986794332, 3.402213991132635673 ) ) ;
#594 = CARTESIAN_POINT ( 'NONE',  ( 1.322270106674412915, 25.36572748322670279, 166.7761916332351291 ) ) ;
#595 = ORIENTED_EDGE ( 'NONE', *, *, #1757, .F. ) ;
#596 = CARTESIAN_POINT ( 'NONE',  ( 1.021278015564749397, -22.20679280464133498, 6.734918194516954948 ) ) ;
#597 = CARTESIAN_POINT ( 'NONE',  ( 22.20769392933432940, 1.001525545553110685, 163.5339148480341294 ) ) ;
#598 = CARTESIAN_POINT ( 'NONE',  ( 18.14528956850837105, 17.77427708357399538, 167.2570286771300232 ) ) ;
#599 = ORIENTED_EDGE ( 'NONE', *, *, #2422, .T. ) ;
#600 = DIRECTION ( 'NONE',  ( -0.000000000000000000, 1.000000000000000000, -0.000000000000000000 ) ) ;
#601 = CARTESIAN_POINT ( 'NONE',  ( -22.14103282015093299, -1.987012286608854428, 165.5322700783930543 ) ) ;
#602 = CARTESIAN_POINT ( 'NONE',  ( 1.987024579541510683, 22.14103184718756978, 165.0076203934862633 ) ) ;
#603 = CYLINDRICAL_SURFACE ( 'NONE', #1498, 1.999999999999998002 ) ;
#604 = CARTESIAN_POINT ( 'NONE',  ( 22.14144678196121774, -1.982229654096389293, 5.000000000000000000 ) ) ;
#605 = VERTEX_POINT ( 'NONE', #2482 ) ;
#606 = CYLINDRICAL_SURFACE ( 'NONE', #2618, 2.000000000000000000 ) ;
#607 = EDGE_CURVE ( 'NONE', #2643, #2402, #1636, .T. ) ;
#608 = CARTESIAN_POINT ( 'NONE',  ( -0.2465971260886288818, -22.23020422898344961, 2.999999999999999556 ) ) ;
#609 = CARTESIAN_POINT ( 'NONE',  ( -19.13371643312026649, -16.70527347571910681, 6.003473448631722498 ) ) ;
#610 = VERTEX_POINT ( 'NONE', #2776 ) ;
#611 =( NAMED_UNIT ( * ) PLANE_ANGLE_UNIT ( ) SI_UNIT ( $, .RADIAN. ) );
#612 = CARTESIAN_POINT ( 'NONE',  ( -1.796718106699577433, -22.15732942364856939, 166.1582368992079068 ) ) ;
#613 = CARTESIAN_POINT ( 'NONE',  ( 17.58623765863870503, 18.32872668613162759, 167.2173642258065911 ) ) ;
#614 = ORIENTED_EDGE ( 'NONE', *, *, #1509, .T. ) ;
#615 = CYLINDRICAL_SURFACE ( 'NONE', #3056, 2.000000000000000000 ) ;
#616 = CARTESIAN_POINT ( 'NONE',  ( 25.37091641131716457, 1.229133484462296089, 166.8691580861389809 ) ) ;
#617 = CARTESIAN_POINT ( 'NONE',  ( 0.5195979427610049051, 22.22429662770352010, 163.3342546490691802 ) ) ;
#618 = CARTESIAN_POINT ( 'NONE',  ( 22.17985420458977330, -1.495169906014397476, 6.314621610083241521 ) ) ;
#619 = CIRCLE ( 'NONE', #2315, 2.500000000000000000 ) ;
#620 = CARTESIAN_POINT ( 'NONE',  ( -17.03583769239098089, -14.28156611463973213, 164.7457336411871438 ) ) ;
#621 = CARTESIAN_POINT ( 'NONE',  ( -1.935840627724184637, -25.32613621075009647, 165.7891439063944290 ) ) ;
#622 = CARTESIAN_POINT ( 'NONE',  ( -25.35474126286248975, -1.518487205928902739, 3.671448865970162068 ) ) ;
#623 = CARTESIAN_POINT ( 'NONE',  ( 1.002005141078452066, 25.38046142526454219, 167.0058190769324256 ) ) ;
#624 = ORIENTED_EDGE ( 'NONE', *, *, #3130, .T. ) ;
#625 = CARTESIAN_POINT ( 'NONE',  ( 15.90368135828908791, 15.53261990999514985, 167.2570245213942997 ) ) ;
#626 = CARTESIAN_POINT ( 'NONE',  ( -1.505482328105971490, -22.17915613054333335, 166.5930713687223488 ) ) ;
#627 = CARTESIAN_POINT ( 'NONE',  ( 19.18658473296519773, 16.64444346626325455, 166.1565417237716815 ) ) ;
#628 = EDGE_CURVE ( 'NONE', #134, #1379, #432, .T. ) ;
#629 = ORIENTED_EDGE ( 'NONE', *, *, #2572, .F. ) ;
#630 = CARTESIAN_POINT ( 'NONE',  ( 25.34077405072725497, -1.735059859901863621, 166.2732600754894179 ) ) ;
#631 = CARTESIAN_POINT ( 'NONE',  ( 16.09910039873752297, -15.33133573722277632, 6.947335196178759276 ) ) ;
#632 = CARTESIAN_POINT ( 'NONE',  ( 0.2444367138149079466, 22.22902391752231921, 6.987018619048593671 ) ) ;
#633 = CARTESIAN_POINT ( 'NONE',  ( 1.797882560731501655, 22.15723466530731400, 164.3841108808890965 ) ) ;
#634 = CARTESIAN_POINT ( 'NONE',  ( -17.06945070525910069, -14.24102358051307604, 165.2700000000000102 ) ) ;
#635 = CARTESIAN_POINT ( 'NONE',  ( -16.16956547006711986, -15.25557947778804824, 163.3727715873505986 ) ) ;
#636 = CARTESIAN_POINT ( 'NONE',  ( -16.49053441127906794, 19.31896153602519206, 165.2700000000000102 ) ) ;
#637 = CARTESIAN_POINT ( 'NONE',  ( -22.22999999999999687, 0.000000000000000000, 170.2700000000000102 ) ) ;
#638 = CARTESIAN_POINT ( 'NONE',  ( -1.487717131868672160, -22.18035483698129440, 6.323065641276651050 ) ) ;
#639 = DIRECTION ( 'NONE',  ( -0.000000000000000000, -0.000000000000000000, -1.000000000000000000 ) ) ;
#640 = CARTESIAN_POINT ( 'NONE',  ( -22.19153482769221597, 1.310437932919059412, 6.501026632554839146 ) ) ;
#641 = ORIENTED_EDGE ( 'NONE', *, *, #1818, .T. ) ;
#642 = CYLINDRICAL_SURFACE ( 'NONE', #2995, 22.22999999999999687 ) ;
#643 = CARTESIAN_POINT ( 'NONE',  ( 2.000047026639032222, -22.13984444149222242, 165.3997978396357098 ) ) ;
#644 = CARTESIAN_POINT ( 'NONE',  ( -1.589956877594137730, -22.17318748250416505, 166.4902932837176479 ) ) ;
#645 = CARTESIAN_POINT ( 'NONE',  ( 22.14748856408384725, 1.914222396319610553, 5.648729549404559513 ) ) ;
#646 = ORIENTED_EDGE ( 'NONE', *, *, #2665, .T. ) ;
#647 = EDGE_CURVE ( 'NONE', #2149, #134, #2520, .T. ) ;
#648 = B_SPLINE_CURVE_WITH_KNOTS ( 'NONE', 3,
 ( #174, #2276, #1456, #480, #1794, #156, #962, #3328, #758, #423, #978, #2835, #997, #1232, #3057, #2260, #3291, #1780, #1726, #2526, #465, #944, #2020, #3037, #191, #2560, #1474, #1197, #707, #2241 ),
 .UNSPECIFIED., .F., .F.,
 ( 4, 2, 2, 2, 2, 2, 2, 2, 2, 2, 2, 2, 2, 2, 4 ),
 ( 6.126412311958172217E-18, 0.0003909582268678625560, 0.0007819164537357190404, 0.001172874680603575850, 0.001563832907471432660, 0.002345749361207146496, 0.003127665814942859682, 0.003518624041810674858, 0.003909582268678490902, 0.004300540495546305644, 0.004691498722414121254, 0.005082456949281936864, 0.005473415176149752474, 0.005864373403017568084, 0.006255331629885382827 ),
 .UNSPECIFIED. ) ;
#649 = CARTESIAN_POINT ( 'NONE',  ( -16.50408800036623802, 19.30738406092774895, 5.000000000000000000 ) ) ;
#650 = CARTESIAN_POINT ( 'NONE',  ( 14.26480822660837866, -17.04959840791299897, 5.263179677771970155 ) ) ;
#651 = CARTESIAN_POINT ( 'NONE',  ( -22.14891557129991284, -1.897624939107213082, 165.9151458148874099 ) ) ;
#652 = ADVANCED_FACE ( 'NONE', ( #986 ), #2045, .F. ) ;
#653 = CARTESIAN_POINT ( 'NONE',  ( -25.33528692835866991, -1.812685507541105689, 5.891998127899825022 ) ) ;
#654 = FILL_AREA_STYLE ('',( #1475 ) ) ;
#655 = EDGE_LOOP ( 'NONE', ( #624, #1678 ) ) ;
#656 = CARTESIAN_POINT ( 'NONE',  ( -16.49053441127907504, 19.31896153602519561, 165.0089496864711975 ) ) ;
#657 = CARTESIAN_POINT ( 'NONE',  ( 22.22999999999999687, 2.722389866288211113E-15, 167.2700000000000102 ) ) ;
#658 = VECTOR ( 'NONE', #450, 1000.000000000000000 ) ;
#659 = CARTESIAN_POINT ( 'NONE',  ( 17.25060258711678784, -18.64372468162451568, 6.735297698837810820 ) ) ;
#660 = CARTESIAN_POINT ( 'NONE',  ( 22.13984868963654407, -1.999999999999769740, 165.0088062386421086 ) ) ;
#661 = ORIENTED_EDGE ( 'NONE', *, *, #3341, .F. ) ;
#662 = VECTOR ( 'NONE', #2766, 1000.000000000000000 ) ;
#663 = CARTESIAN_POINT ( 'NONE',  ( 17.06104132172595911, 14.25112026175762381, 165.5331802395629950 ) ) ;
#664 = CARTESIAN_POINT ( 'NONE',  ( 0.2631801482356832533, -22.22881190769876270, 167.2569142647196543 ) ) ;
#665 = CARTESIAN_POINT ( 'NONE',  ( 0.000000000000000000, 0.000000000000000000, 0.000000000000000000 ) ) ;
#666 = CARTESIAN_POINT ( 'NONE',  ( 18.32872668613156364, -17.58623765863876542, 167.2173642258065627 ) ) ;
#667 = VERTEX_POINT ( 'NONE', #2353 ) ;
#668 = CARTESIAN_POINT ( 'NONE',  ( -22.17324729329061483, -1.598169183103226088, 164.0396271989984029 ) ) ;
#669 = CARTESIAN_POINT ( 'NONE',  ( -22.17220065881606672, -1.603695175563230046, 6.225616428635701638 ) ) ;
#670 = CARTESIAN_POINT ( 'NONE',  ( 17.08087604751895938, -14.22731785858787212, 5.132216709650326614 ) ) ;
#671 = B_SPLINE_CURVE_WITH_KNOTS ( 'NONE', 3,
 ( #1863, #1845, #571, #1830, #1050, #1065, #2646, #2907, #2101, #1353, #534, #1372, #1576, #1082, #275, #2030, #2393, #3139, #290, #1101, #842, #1323, #2137, #808, #3318, #3172, #988, #2922, #2887, #2632 ),
 .UNSPECIFIED., .F., .F.,
 ( 4, 2, 2, 2, 2, 2, 2, 2, 2, 2, 2, 2, 2, 2, 4 ),
 ( 0.000000000000000000, 0.0003909581968112396753, 0.0007819163936224793506, 0.001172874590433719026, 0.001563832787244958701, 0.002345749180867432847, 0.003127665574489906560, 0.003518623771301136478, 0.003909581968112366829, 0.004300540164923596746, 0.004691498361734826664, 0.005082456558546056581, 0.005473414755357286499, 0.005864372952168516416, 0.006255331148979746334 ),
 .UNSPECIFIED. ) ;
#672 = CARTESIAN_POINT ( 'NONE',  ( -22.13823621771148709, -2.017770345903456608, 5.000000000000000000 ) ) ;
#673 = CARTESIAN_POINT ( 'NONE',  ( -25.34942767565244637, -1.603723649898399106, 6.225580129138998053 ) ) ;
#674 = CARTESIAN_POINT ( 'NONE',  ( 25.39567577027443690, 0.5278753239375401085, 6.951530509405021263 ) ) ;
#675 = EDGE_CURVE ( 'NONE', #3220, #2044, #356, .T. ) ;
#676 = CARTESIAN_POINT ( 'NONE',  ( -17.06945070525910069, -14.24102358051307604, 165.0089349463962947 ) ) ;
#677 = CARTESIAN_POINT ( 'NONE',  ( 17.05801519508642983, 14.25471913452524397, 4.738935341993332884 ) ) ;
#678 = CARTESIAN_POINT ( 'NONE',  ( -17.51275400632384560, 18.39777506092296022, 6.898154422232611438 ) ) ;
#679 = VECTOR ( 'NONE', #1574, 1000.000000000000000 ) ;
#680 = CARTESIAN_POINT ( 'NONE',  ( 18.34105042334730840, -17.57338458955058158, 6.947354859377074199 ) ) ;
#681 = CARTESIAN_POINT ( 'NONE',  ( 1.321131539733088278, 25.36579099566517925, 163.7626690428668326 ) ) ;
#682 = VERTEX_POINT ( 'NONE', #2861 ) ;
#683 = CARTESIAN_POINT ( 'NONE',  ( 25.37093832613146560, -1.219564567544624500, 163.6794766431757182 ) ) ;
#684 = CARTESIAN_POINT ( 'NONE',  ( 0.1322165680731919035, -22.23000000000001464, 163.2700000000000671 ) ) ;
#685 = CARTESIAN_POINT ( 'NONE',  ( 16.80098028038201718, -19.04973302493728937, 166.4900519313078178 ) ) ;
#686 = VERTEX_POINT ( 'NONE', #2075 ) ;
#687 = DIRECTION ( 'NONE',  ( -1.000000000000000000, -3.491481338843133355E-15, -0.000000000000000000 ) ) ;
#688 = CARTESIAN_POINT ( 'NONE',  ( -22.20821326337641111, -1.013497657119539541, 6.754196024665658271 ) ) ;
#689 = CARTESIAN_POINT ( 'NONE',  ( 1.339953889040304880, -25.36479937467180079, 3.493737238507735654 ) ) ;
#690 = CARTESIAN_POINT ( 'NONE',  ( -25.40100000000026270, 0.01777034590311307727, 5.000000000000000000 ) ) ;
#691 = CARTESIAN_POINT ( 'NONE',  ( 25.39999999999999858, 3.393076044830571046E-15, 6.999921052143425193 ) ) ;
#692 = CARTESIAN_POINT ( 'NONE',  ( -25.32547435205388808, -1.946888011023587772, 164.7433090595584417 ) ) ;
#693 = CARTESIAN_POINT ( 'NONE',  ( -0.5242148955664582832, -25.39573162616815694, 167.2175775011328938 ) ) ;
#694 = CARTESIAN_POINT ( 'NONE',  ( 22.20853213779639290, 1.005996805811287587, 167.0181051888646948 ) ) ;
#695 = ADVANCED_FACE ( 'NONE', ( #1259 ), #1534, .F. ) ;
#696 = B_SPLINE_CURVE_WITH_KNOTS ( 'NONE', 3,
 ( #2968, #670, #1436, #1686, #1742, #116, #3036, #1705, #2730, #1929, #890, #631, #1983, #2749, #2767, #2983, #2202, #2221, #422, #3019, #3255, #406, #1455, #3238, #155, #1669, #367, #650, #2489, #1415 ),
 .UNSPECIFIED., .F., .F.,
 ( 4, 2, 2, 2, 2, 2, 2, 2, 2, 2, 2, 2, 2, 2, 4 ),
 ( 0.000000000000000000, 0.0003910045443914665023, 0.0007820090887829330047, 0.001173013633174399507, 0.001564018177565866009, 0.002346027266348799014, 0.003128036355131732019, 0.003519040899523205677, 0.003910045443914680202, 0.004301049988306153427, 0.004692054532697628386, 0.005083059077089102477, 0.005474063621480576569, 0.005865068165872050661, 0.006256072710263524753 ),
 .UNSPECIFIED. ) ;
#697 = CARTESIAN_POINT ( 'NONE',  ( 19.33053013762956240, -16.47697194869844495, 5.132199797834628541 ) ) ;
#698 = CARTESIAN_POINT ( 'NONE',  ( 22.17318401589468380, -1.599047452298221428, 164.0407332851763158 ) ) ;
#699 = ORIENTED_EDGE ( 'NONE', *, *, #1111, .F. ) ;
#700 = DIRECTION ( 'NONE',  ( -0.000000000000000000, -0.000000000000000000, -1.000000000000000000 ) ) ;
#701 = CARTESIAN_POINT ( 'NONE',  ( -1.005655988141065160, 22.20854697204411465, 163.5217101276236349 ) ) ;
#702 = CARTESIAN_POINT ( 'NONE',  ( 17.07760661068659758, -18.80231666885412878, 166.8604923764090415 ) ) ;
#703 = ORIENTED_EDGE ( 'NONE', *, *, #2708, .T. ) ;
#704 = CARTESIAN_POINT ( 'NONE',  ( -1.210839632064166782, -25.37179621418374964, 6.599551496245213755 ) ) ;
#705 = CARTESIAN_POINT ( 'NONE',  ( -15.80094118634693245, -15.63715448423076637, 3.000100558140381235 ) ) ;
#706 = CARTESIAN_POINT ( 'NONE',  ( 1.965096868927025842, -25.32406763723513521, 4.474833093084141566 ) ) ;
#707 = CARTESIAN_POINT ( 'NONE',  ( 0.1305553363864156158, -25.39999999999999147, 167.2699999999999250 ) ) ;
#708 = CARTESIAN_POINT ( 'NONE',  ( 25.31972754259399139, 2.017770345903643570, 5.132981572385758362 ) ) ;
#709 = CARTESIAN_POINT ( 'NONE',  ( 0.000000000000000000, 0.000000000000000000, 170.2700000000000102 ) ) ;
#710 = CARTESIAN_POINT ( 'NONE',  ( -17.58989766925950704, 18.32407822587420299, 163.3341594021017329 ) ) ;
#711 = CARTESIAN_POINT ( 'NONE',  ( 16.42281001423551956, -14.98252491413703247, 3.263414479369315835 ) ) ;
#712 = CARTESIAN_POINT ( 'NONE',  ( 18.67090362350726451, -17.22252404398744119, 6.747870625126249244 ) ) ;
#713 = CARTESIAN_POINT ( 'NONE',  ( 2.449293493349823060E-16, 25.39999999999999858, 163.2700000000000102 ) ) ;
#714 = ORIENTED_EDGE ( 'NONE', *, *, #2066, .T. ) ;
#715 = DIRECTION ( 'NONE',  ( 0.000000000000000000, 0.000000000000000000, -1.000000000000000000 ) ) ;
#716 = CARTESIAN_POINT ( 'NONE',  ( 1.322287565427252787, -22.19083122103473826, 163.7638252571748581 ) ) ;
#717 = CARTESIAN_POINT ( 'NONE',  ( 14.31960049755164022, -17.00366070480428604, 165.9142852667266084 ) ) ;
#718 = ORIENTED_EDGE ( 'NONE', *, *, #35, .T. ) ;
#719 = EDGE_CURVE ( 'NONE', #2827, #3321, #1345, .T. ) ;
#720 = CARTESIAN_POINT ( 'NONE',  ( 25.40100000000008151, 2.000000000000089706, 165.2700000000000102 ) ) ;
#721 = CARTESIAN_POINT ( 'NONE',  ( 25.39999999999999858, 3.110602869835007350E-15, 163.2700000000000102 ) ) ;
#722 = CARTESIAN_POINT ( 'NONE',  ( 16.78720945260324626, 19.06187005837589155, 6.219381054409197418 ) ) ;
#723 = LINE ( 'NONE', #1270, #1853 ) ;
#724 = CARTESIAN_POINT ( 'NONE',  ( 25.39999999999999858, 3.110602869834276076E-15, 170.2700000000000102 ) ) ;
#725 = CARTESIAN_POINT ( 'NONE',  ( 25.40100000000008862, -0.01777034590329045621, 5.000000000000000000 ) ) ;
#726 = CARTESIAN_POINT ( 'NONE',  ( -18.57608218107049680, 17.32350643177480976, 163.4720200662191303 ) ) ;
#727 = CARTESIAN_POINT ( 'NONE',  ( -17.33644138141817237, 18.56401035086390294, 6.797929354333955843 ) ) ;
#728 = CARTESIAN_POINT ( 'NONE',  ( 17.09078301180111481, -18.79034048830371617, 6.590504270183898505 ) ) ;
#729 = CARTESIAN_POINT ( 'NONE',  ( 16.47697194869837745, 19.33053013762961925, 5.000000000000000888 ) ) ;
#730 = VERTEX_POINT ( 'NONE', #1771 ) ;
#731 = CARTESIAN_POINT ( 'NONE',  ( -16.49053441127895070, -19.31896153602533062, 165.0056616779911280 ) ) ;
#732 =( REPRESENTATION_RELATIONSHIP ('NONE','NONE', #1868, #1027 ) REPRESENTATION_RELATIONSHIP_WITH_TRANSFORMATION ( #972 )SHAPE_REPRESENTATION_RELATIONSHIP( ) );
#733 = DIRECTION ( 'NONE',  ( 0.000000000000000000, 0.000000000000000000, 1.000000000000000000 ) ) ;
#734 = CARTESIAN_POINT ( 'NONE',  ( 16.93840896615387592, -14.39672674121286278, 166.1571931558289350 ) ) ;
#735 = ORIENTED_EDGE ( 'NONE', *, *, #2106, .F. ) ;
#736 = CARTESIAN_POINT ( 'NONE',  ( 1.303335196216509173, 22.19195726988159123, 3.492645558309277476 ) ) ;
#737 = CARTESIAN_POINT ( 'NONE',  ( 25.40100000000008862, 8.868711748795475366E-14, 165.2700000000000102 ) ) ;
#738 = CARTESIAN_POINT ( 'NONE',  ( 25.35034169141679783, 1.598217595323393470, 164.0396772783141444 ) ) ;
#739 = ADVANCED_FACE ( 'NONE', ( #2059 ), #247, .F. ) ;
#740 = CARTESIAN_POINT ( 'NONE',  ( 18.98299753733441264, 16.87644963456350311, 6.321138993698861341 ) ) ;
#741 = DIRECTION ( 'NONE',  ( 0.7071067811865389130, 0.7071067811865561215, -0.000000000000000000 ) ) ;
#742 = CARTESIAN_POINT ( 'NONE',  ( 17.60273866416867250, -18.31174307638109866, 3.064150756085527227 ) ) ;
#743 = CARTESIAN_POINT ( 'NONE',  ( -14.28214372269325949, -17.03535534029838772, 164.7429772889908008 ) ) ;
#744 = CARTESIAN_POINT ( 'NONE',  ( -19.31896153602526667, 16.49053441127900754, 165.0056616779910712 ) ) ;
#745 = CARTESIAN_POINT ( 'NONE',  ( -14.29050684488453804, 17.02806430023762374, 165.7895975456489737 ) ) ;
#746 = CARTESIAN_POINT ( 'NONE',  ( -16.62539316567981018, 14.75729489214658052, 163.7626471984158627 ) ) ;
#747 = VERTEX_POINT ( 'NONE', #765 ) ;
#748 = CARTESIAN_POINT ( 'NONE',  ( -25.38501706411152270, 0.8805182345232237529, 3.208342425317299185 ) ) ;
#749 = CARTESIAN_POINT ( 'NONE',  ( -17.87868017259403786, 18.04245617841714022, 3.000103320941791996 ) ) ;
#750 = B_SPLINE_CURVE_WITH_KNOTS ( 'NONE', 3,
 ( #2205, #708, #3276, #1744, #1970, #387, #1457, #2788, #2527, #3021, #192, #674, #1691, #691 ),
 .UNSPECIFIED., .F., .F.,
 ( 4, 2, 2, 2, 2, 2, 4 ),
 ( 0.000000000000000000, 0.0003932701989125030940, 0.0007865403978250061880, 0.001179810596737509336, 0.001573080795650012376, 0.002359621193475018672, 0.003146161591300025619 ),
 .UNSPECIFIED. ) ;
#751 = ORIENTED_EDGE ( 'NONE', *, *, #1796, .T. ) ;
#752 = CARTESIAN_POINT ( 'NONE',  ( 1.717491621338479213, 22.16367279879989027, 3.997083642328089326 ) ) ;
#753 = CARTESIAN_POINT ( 'NONE',  ( -19.25238145302146364, -16.56829322544244931, 165.9142301849564376 ) ) ;
#754 = LINE ( 'NONE', #1840, #2727 ) ;
#755 = CARTESIAN_POINT ( 'NONE',  ( 19.30738406092757486, 16.50408800036644053, 5.000000000000000000 ) ) ;
#756 = CARTESIAN_POINT ( 'NONE',  ( 16.54415855707017968, -19.27331822665472316, 4.475784974205481603 ) ) ;
#757 = ADVANCED_FACE ( 'NONE', ( #592 ), #606, .F. ) ;
#758 = CARTESIAN_POINT ( 'NONE',  ( 1.322270106674412249, -25.36572748322669923, 163.7638083667648630 ) ) ;
#759 = FACE_BOUND ( 'NONE', #70, .T. ) ;
#760 = EDGE_CURVE ( 'NONE', #2235, #350, #2891, .T. ) ;
#761 = CARTESIAN_POINT ( 'NONE',  ( -2.004788927746098626, 25.32077164848319484, 5.262377170308893959 ) ) ;
#762 = CARTESIAN_POINT ( 'NONE',  ( -18.79084364926266559, -17.09023187525568588, 3.410033598784846021 ) ) ;
#763 = CARTESIAN_POINT ( 'NONE',  ( -16.33305380604732093, 15.08041628215940655, 163.4720435461168506 ) ) ;
#764 = VERTEX_POINT ( 'NONE', #2415 ) ;
#765 = CARTESIAN_POINT ( 'NONE',  ( -25.39999999999999858, -7.888609052210118054E-28, 163.2700000000000102 ) ) ;
#766 = CARTESIAN_POINT ( 'NONE',  ( 15.90448908744797762, 15.53178905567690116, 163.2831589775248347 ) ) ;
#767 = VERTEX_POINT ( 'NONE', #2651 ) ;
#768 = CARTESIAN_POINT ( 'NONE',  ( -25.40000000000000568, 0.1321047755436094984, 163.2700000000000387 ) ) ;
#769 = CARTESIAN_POINT ( 'NONE',  ( -25.32253473881357664, 1.982229654096532956, 5.000000000000000000 ) ) ;
#770 = CARTESIAN_POINT ( 'NONE',  ( -16.92705934624135722, -14.41006930514230788, 5.886568378940507884 ) ) ;
#771 = AXIS2_PLACEMENT_3D ( 'NONE', #2809, #2227, #470 ) ;
#772 = CARTESIAN_POINT ( 'NONE',  ( 1.608326372371691626, -25.34913307933815574, 6.219468453970437238 ) ) ;
#773 = CYLINDRICAL_SURFACE ( 'NONE', #110, 2.000000000000000000 ) ;
#774 = CARTESIAN_POINT ( 'NONE',  ( 18.06526747801271071, -17.85563050166153332, 2.999897889695287478 ) ) ;
#775 = CARTESIAN_POINT ( 'NONE',  ( -16.82034062312074596, 14.53558544166809696, 3.769115008388231214 ) ) ;
#776 = CYLINDRICAL_SURFACE ( 'NONE', #1260, 25.39999999999999858 ) ;
#777 = CARTESIAN_POINT ( 'NONE',  ( -18.04245617841707983, -17.87868017259408759, 3.000103320941793328 ) ) ;
#778 = CARTESIAN_POINT ( 'NONE',  ( -14.83259196190677542, 16.55834978360869414, 163.6800444625127966 ) ) ;
#779 = ADVANCED_FACE ( 'NONE', ( #2158 ), #1070, .F. ) ;
#780 = B_SPLINE_CURVE_WITH_KNOTS ( 'NONE', 3,
 ( #2493, #3227, #895, #864, #1950, #2206, #2189, #87, #3259, #2986, #2752, #389, #929, #1971 ),
 .UNSPECIFIED., .F., .F.,
 ( 4, 2, 2, 2, 2, 2, 4 ),
 ( 0.006256071927332663117, 0.007038284240450488199, 0.007820496553568314149, 0.008211602710127227991, 0.008602708866686140099, 0.008993815023245053941, 0.009384921179803967783 ),
 .UNSPECIFIED. ) ;
#781 = ORIENTED_EDGE ( 'NONE', *, *, #1150, .F. ) ;
#782 = CARTESIAN_POINT ( 'NONE',  ( -19.15430374914309652, -16.68180525450996754, 164.2643982795068780 ) ) ;
#783 = CARTESIAN_POINT ( 'NONE',  ( -16.47697194869852666, -19.33053013762951622, 5.132199797834628541 ) ) ;
#784 = ORIENTED_EDGE ( 'NONE', *, *, #899, .T. ) ;
#785 = CARTESIAN_POINT ( 'NONE',  ( 1.202308847542918890, 22.19772752964285445, 3.409913117906270053 ) ) ;
#786 = CARTESIAN_POINT ( 'NONE',  ( -2.017666440123248250, 22.13824568811084958, 4.866363468109203616 ) ) ;
#787 = CARTESIAN_POINT ( 'NONE',  ( -15.79823658003990161, -15.63987392943291077, 7.000050145986589811 ) ) ;
#788 = CARTESIAN_POINT ( 'NONE',  ( 16.49053441127920294, -19.31896153602507837, 165.2700000000000102 ) ) ;
#789 = CARTESIAN_POINT ( 'NONE',  ( 1.879516289830923892, 25.33041573010553194, 5.646136208468274909 ) ) ;
#790 = B_SPLINE_CURVE_WITH_KNOTS ( 'NONE', 3,
 ( #2652, #2442, #2945, #90, #1935, #638, #72, #310, #847, #1676, #1426, #1660, #2667, #883, #2399, #126, #2159, #52, #2142, #1884, #2928, #593, #327, #2416, #608, #1124 ),
 .UNSPECIFIED., .F., .F.,
 ( 4, 2, 2, 2, 2, 2, 2, 2, 2, 2, 2, 2, 4 ),
 ( 0.006256166689518577288, 0.007037981337032842184, 0.007819795984547106213, 0.008210703308304239528, 0.008601610632061371109, 0.008992517955818502690, 0.009383425279575634270, 0.009774332603332765851, 0.01016523992708989743, 0.01055614725084702901, 0.01094705457460416059, 0.01172886922211842549, 0.01251068386963269038 ),
 .UNSPECIFIED. ) ;
#791 = CARTESIAN_POINT ( 'NONE',  ( -22.22999999999999687, 2.866971112438768931E-16, 3.000078947856573475 ) ) ;
#792 = CARTESIAN_POINT ( 'NONE',  ( -25.36634497621231787, 1.310383732851730265, 6.501078005530349202 ) ) ;
#793 = CARTESIAN_POINT ( 'NONE',  ( -19.27331822665478001, -16.54415855707011929, 4.475784974205481603 ) ) ;
#794 = CARTESIAN_POINT ( 'NONE',  ( 14.83259196190688201, -16.55834978360860177, 163.6800444625127966 ) ) ;
#795 = EDGE_LOOP ( 'NONE', ( #26, #168 ) ) ;
#796 = CARTESIAN_POINT ( 'NONE',  ( 18.32407822587401824, 17.58989766925969533, 163.3341594021017045 ) ) ;
#797 = ADVANCED_FACE ( 'NONE', ( #1342 ), #1899, .F. ) ;
#798 = CONTEXT_DEPENDENT_SHAPE_REPRESENTATION ( #1776, #2171 ) ;
#799 = CARTESIAN_POINT ( 'NONE',  ( 14.24102358051277584, 17.06945070525934582, 165.2700000000000102 ) ) ;
#800 = EDGE_LOOP ( 'NONE', ( #3177, #2418, #646, #3084 ) ) ;
#801 = CARTESIAN_POINT ( 'NONE',  ( -15.36089426069354147, 16.06960763843846962, 6.935935526306845844 ) ) ;
#802 = PLANE ( 'NONE',  #69 ) ;
#803 = CARTESIAN_POINT ( 'NONE',  ( 16.64466941921808640, 19.18638878717133878, 166.1571403447211992 ) ) ;
#804 = ORIENTED_EDGE ( 'NONE', *, *, #2781, .F. ) ;
#805 = CARTESIAN_POINT ( 'NONE',  ( 25.39897250803471707, -0.2615063538236870322, 6.984663259244710432 ) ) ;
#806 = CARTESIAN_POINT ( 'NONE',  ( 22.14891557129990218, 1.897624939107360298, 165.9151458148875236 ) ) ;
#807 = CARTESIAN_POINT ( 'NONE',  ( -14.25471913452506634, 17.05801519508658259, 4.738935341993334660 ) ) ;
#808 = CARTESIAN_POINT ( 'NONE',  ( -16.69185030783122414, 19.14542765268321034, 166.2734691198913026 ) ) ;
#809 = CARTESIAN_POINT ( 'NONE',  ( -16.50044319149746386, -19.31051590745765623, 165.5321797879551298 ) ) ;
#810 = CARTESIAN_POINT ( 'NONE',  ( 16.08017649687203132, -15.34982644838791721, 163.3334363528679489 ) ) ;
#811 = ORIENTED_EDGE ( 'NONE', *, *, #590, .T. ) ;
#812 = CARTESIAN_POINT ( 'NONE',  ( 19.28492180538186318, 16.53063125304479186, 164.7457853494102551 ) ) ;
#813 = B_SPLINE_CURVE_WITH_KNOTS ( 'NONE', 3,
 ( #189, #514, #3088, #2834, #2292, #2578, #3054, #722, #3074, #1013, #2275, #1572, #1556, #3325, #1763, #2342, #3308, #1268, #2065, #2081, #2803, #740, #3376, #462, #2312, #240, #1231, #1045, #977, #755 ),
 .UNSPECIFIED., .F., .F.,
 ( 4, 2, 2, 2, 2, 2, 2, 2, 2, 2, 2, 2, 2, 2, 4 ),
 ( 8.673617379884035472E-19, 0.0003909582347229470858, 0.0007819164694458933043, 0.001172874704168839523, 0.001563832938891785741, 0.002345749408337677311, 0.003127665877783569314, 0.003518624112506511196, 0.003909582347229453511, 0.004300540581952395393, 0.004691498816675337274, 0.005082457051398280024, 0.005473415286121221905, 0.005864373520844163787, 0.006255331755567105669 ),
 .UNSPECIFIED. ) ;
#814 = CARTESIAN_POINT ( 'NONE',  ( 15.25768768915713913, 16.16757768667273609, 163.3717777028501246 ) ) ;
#815 = VERTEX_POINT ( 'NONE', #2105 ) ;
#816 = CARTESIAN_POINT ( 'NONE',  ( 1.815648807639114626, -22.15578591572033673, 5.885897542127358939 ) ) ;
#817 = FACE_OUTER_BOUND ( 'NONE', #985, .T. ) ;
#818 = CARTESIAN_POINT ( 'NONE',  ( -15.52113022714402568, -15.91651842401161154, 6.999899262570205671 ) ) ;
#819 = EDGE_CURVE ( 'NONE', #317, #307, #1749, .T. ) ;
#820 = CARTESIAN_POINT ( 'NONE',  ( 18.87035789292677990, -17.00229806621764084, 163.7626206333191021 ) ) ;
#821 = ORIENTED_EDGE ( 'NONE', *, *, #1322, .F. ) ;
#822 = VECTOR ( 'NONE', #1978, 1000.000000000000000 ) ;
#823 = CARTESIAN_POINT ( 'NONE',  ( 1.718962490464107873, 25.34187135340063080, 3.999580031289792004 ) ) ;
#824 = CARTESIAN_POINT ( 'NONE',  ( -22.22880510810738031, -0.2639704156131363333, 3.010894701657494732 ) ) ;
#825 = CARTESIAN_POINT ( 'NONE',  ( -25.35612386889433978, 1.495174011552080851, 6.314620784425857281 ) ) ;
#826 = CARTESIAN_POINT ( 'NONE',  ( -16.69118698988283001, -19.14600657781055304, 166.2720042567677581 ) ) ;
#827 = CARTESIAN_POINT ( 'NONE',  ( 0.000000000000000000, 0.000000000000000000, 10.00000000000000000 ) ) ;
#828 = ORIENTED_EDGE ( 'NONE', *, *, #1192, .F. ) ;
#829 = CARTESIAN_POINT ( 'NONE',  ( 17.86829173001804705, 18.05274439513860329, 163.2698954618827258 ) ) ;
#830 = CARTESIAN_POINT ( 'NONE',  ( -22.14625272455867488, 1.930333670813973335, 4.478406386152886220 ) ) ;
#831 = ORIENTED_EDGE ( 'NONE', *, *, #2173, .T. ) ;
#832 =( NAMED_UNIT ( * ) SI_UNIT ( $, .STERADIAN. ) SOLID_ANGLE_UNIT ( ) );
#833 = CARTESIAN_POINT ( 'NONE',  ( 2.449293470561603660E-16, 22.22999999999999687, 163.2700000000000102 ) ) ;
#834 = CYLINDRICAL_SURFACE ( 'NONE', #241, 2.000000000000001776 ) ;
#835 = CARTESIAN_POINT ( 'NONE',  ( 14.81281240699201618, 16.57672025274962380, 6.598859282404718307 ) ) ;
#836 = EDGE_LOOP ( 'NONE', ( #1112, #2161, #1130, #312 ) ) ;
#837 = EDGE_CURVE ( 'NONE', #1169, #2272, #3326, .T. ) ;
#838 = COLOUR_RGB ( '',0.7921568627450980005, 0.8196078431372548767, 0.9333333333333333481 ) ;
#839 = DIRECTION ( 'NONE',  ( -1.000000000000000000, 0.000000000000000000, 0.000000000000000000 ) ) ;
#840 = AXIS2_PLACEMENT_3D ( 'NONE', #2232, #1450, #455 ) ;
#841 = CARTESIAN_POINT ( 'NONE',  ( -17.04681088747422635, 14.26846875132958203, 4.472977325121947345 ) ) ;
#842 = CARTESIAN_POINT ( 'NONE',  ( -17.00256647077491579, 18.87012139278420264, 166.7778310394942878 ) ) ;
#843 = CARTESIAN_POINT ( 'NONE',  ( -16.98906470730451801, -18.88227282679419261, 3.492631547541302339 ) ) ;
#844 = CARTESIAN_POINT ( 'NONE',  ( -15.34423380113065072, -16.08680759684843764, 167.2173474420116008 ) ) ;
#845 = VERTEX_POINT ( 'NONE', #2771 ) ;
#846 = CARTESIAN_POINT ( 'NONE',  ( -25.34077405072724076, 1.735059859902010837, 166.2732600754894747 ) ) ;
#847 = CARTESIAN_POINT ( 'NONE',  ( -1.778952219240731880, -22.15876286546912155, 5.888227807067547559 ) ) ;
#848 = CARTESIAN_POINT ( 'NONE',  ( -18.79034048830377301, -17.09078301180104731, 6.590504270183899393 ) ) ;
#849 = B_SPLINE_CURVE_WITH_KNOTS ( 'NONE', 3,
 ( #3281, #660, #951, #2460, #698, #1697, #2793, #1992, #451, #1732, #197, #1239, #3315, #2549 ),
 .UNSPECIFIED., .F., .F.,
 ( 4, 2, 2, 2, 2, 2, 4 ),
 ( 0.006256071927332668321, 0.007038284240450456974, 0.007820496553568246495, 0.008211602710127139521, 0.008602708866686036016, 0.008993815023244930776, 0.009384921179803825536 ),
 .UNSPECIFIED. ) ;
#850 = ORIENTED_EDGE ( 'NONE', *, *, #2257, .F. ) ;
#851 = UNCERTAINTY_MEASURE_WITH_UNIT (LENGTH_MEASURE( 1.000000000000000082E-05 ), #3163, 'distance_accuracy_value', 'NONE');
#852 = CARTESIAN_POINT ( 'NONE',  ( 17.06561125725290751, 18.81320667234014721, 3.408266631888059894 ) ) ;
#853 = CARTESIAN_POINT ( 'NONE',  ( -0.5270229967672922511, -22.22505488680777574, 163.3231853702784235 ) ) ;
#854 = CARTESIAN_POINT ( 'NONE',  ( 18.80231666885406838, 17.07760661068667574, 166.8604923764090415 ) ) ;
#855 = CARTESIAN_POINT ( 'NONE',  ( 18.80123848711881962, -17.07879574585115634, 163.6782547328536452 ) ) ;
#856 = ORIENTED_EDGE ( 'NONE', *, *, #2544, .F. ) ;
#857 = FACE_BOUND ( 'NONE', #2166, .T. ) ;
#858 = EDGE_CURVE ( 'NONE', #43, #361, #1421, .T. ) ;
#859 = CARTESIAN_POINT ( 'NONE',  ( 25.32217249462888731, 1.987015569664431824, 165.5322394831756583 ) ) ;
#860 = CARTESIAN_POINT ( 'NONE',  ( -1.936575756397752812, 25.32607982096075716, 165.7863858917767743 ) ) ;
#861 = CARTESIAN_POINT ( 'NONE',  ( -18.05228613850412245, -17.86874355657966618, 167.2700467943861327 ) ) ;
#862 = CARTESIAN_POINT ( 'NONE',  ( 16.41079711358491977, -14.99568202947534523, 163.5333983612125905 ) ) ;
#863 = EDGE_CURVE ( 'NONE', #93, #1518, #2450, .T. ) ;
#864 = CARTESIAN_POINT ( 'NONE',  ( -22.16139086153168591, 1.748047709770412350, 164.2638900732383718 ) ) ;
#865 = CARTESIAN_POINT ( 'NONE',  ( -25.39999999999999858, 0.1304759117300342552, 167.2699999999999534 ) ) ;
#866 = DIRECTION ( 'NONE',  ( -0.7071067811865439090, -0.7071067811865512365, -0.000000000000000000 ) ) ;
#867 = CARTESIAN_POINT ( 'NONE',  ( 1.219388019163519576, 25.37094655941733023, 166.8606523910995350 ) ) ;
#868 = EDGE_LOOP ( 'NONE', ( #2449, #329 ) ) ;
#869 = CYLINDRICAL_SURFACE ( 'NONE', #222, 2.000000000000000000 ) ;
#870 = B_SPLINE_CURVE_WITH_KNOTS ( 'NONE', 3,
 ( #139, #908, #1913, #1163, #2154, #1439, #2438, #337, #1388, #64, #2223, #1134, #3224, #3190, #2474, #860, #85, #1655, #1948, #1707, #2170, #354, #2187, #2985, #1969, #1671 ),
 .UNSPECIFIED., .F., .F.,
 ( 4, 2, 2, 2, 2, 2, 2, 2, 2, 2, 2, 2, 4 ),
 ( 0.006255331629885384562, 0.007037067323324867028, 0.007818803016764349495, 0.008209670863484119785, 0.008600538710203890075, 0.008991406556923660365, 0.009382274403643430655, 0.009773142250363200945, 0.01016401009708297123, 0.01055487794380274152, 0.01094574579052251181, 0.01172748148396205239, 0.01250921717740159297 ),
 .UNSPECIFIED. ) ;
#871 = DIRECTION ( 'NONE',  ( 0.000000000000000000, 0.000000000000000000, 1.000000000000000000 ) ) ;
#872 = CARTESIAN_POINT ( 'NONE',  ( 16.40031921381804381, 15.00713809247945107, 6.735272761689760301 ) ) ;
#873 = ORIENTED_EDGE ( 'NONE', *, *, #3341, .T. ) ;
#874 = CARTESIAN_POINT ( 'NONE',  ( 25.33635643557388306, -1.797657439212953623, 166.1563502787027176 ) ) ;
#875 = CARTESIAN_POINT ( 'NONE',  ( -22.14329942246924787, -1.964040358631873096, 4.470310523145861303 ) ) ;
#876 = CARTESIAN_POINT ( 'NONE',  ( 1.590473290081434898, 22.17314963645830517, 164.0504222146736311 ) ) ;
#877 = AXIS2_PLACEMENT_3D ( 'NONE', #2452, #2239, #1213 ) ;
#878 = CARTESIAN_POINT ( 'NONE',  ( 22.22999999999999687, 3.004566807256289324E-15, 6.999921052143425193 ) ) ;
#879 = AXIS2_PLACEMENT_3D ( 'NONE', #53, #884, #577 ) ;
#880 = CARTESIAN_POINT ( 'NONE',  ( -15.62670747985431596, -15.81127306453133308, 163.2698974113437771 ) ) ;
#881 = CARTESIAN_POINT ( 'NONE',  ( 14.22731785858780462, 17.08087604751900201, 4.999999999999997335 ) ) ;
#882 = EDGE_CURVE ( 'NONE', #61, #1649, #2115, .T. ) ;
#883 = CARTESIAN_POINT ( 'NONE',  ( -1.982332214335209120, -22.14143760018165707, 4.869494171209872491 ) ) ;
#884 = DIRECTION ( 'NONE',  ( -0.000000000000000000, -0.000000000000000000, -1.000000000000000000 ) ) ;
#885 = ORIENTED_EDGE ( 'NONE', *, *, #2862, .F. ) ;
#886 = CARTESIAN_POINT ( 'NONE',  ( 1.765621826750567669, -22.15999773347932589, 3.993577957377217214 ) ) ;
#887 = CARTESIAN_POINT ( 'NONE',  ( 14.22731785858782416, 17.08087604751901267, 5.132216709650327502 ) ) ;
#888 = EDGE_LOOP ( 'NONE', ( #2898, #1773, #301, #3282 ) ) ;
#889 = CARTESIAN_POINT ( 'NONE',  ( 0.000000000000000000, 0.000000000000000000, 10.00000000000000000 ) ) ;
#890 = CARTESIAN_POINT ( 'NONE',  ( 16.42744087867037095, -14.97898779336790298, 6.747839783366597288 ) ) ;
#891 = CARTESIAN_POINT ( 'NONE',  ( -22.13984868963652630, -2.000000000000078160, 165.4022471021339982 ) ) ;
#892 = CARTESIAN_POINT ( 'NONE',  ( 1.898126929413277875, 22.14887229353934117, 164.6263421767912689 ) ) ;
#893 = CARTESIAN_POINT ( 'NONE',  ( -16.16776225070190875, -15.25749161063058601, 167.1681267064540464 ) ) ;
#894 = AXIS2_PLACEMENT_3D ( 'NONE', #3065, #2552, #1996 ) ;
#895 = CARTESIAN_POINT ( 'NONE',  ( -22.14475360487274358, 1.947512129022445082, 164.7454768950063624 ) ) ;
#896 = CARTESIAN_POINT ( 'NONE',  ( -1.936575756397752146, -25.32607982096075361, 164.7536141082231325 ) ) ;
#897 = CARTESIAN_POINT ( 'NONE',  ( -22.17413467613923217, 1.585590840801586188, 3.776688031553740110 ) ) ;
#898 = VERTEX_POINT ( 'NONE', #3228 ) ;
#899 = EDGE_CURVE ( 'NONE', #767, #610, #3337, .T. ) ;
#900 = FACE_BOUND ( 'NONE', #2174, .T. ) ;
#901 = CARTESIAN_POINT ( 'NONE',  ( 0.6442859877297737459, -22.22099205500382624, 167.1679169542191801 ) ) ;
#902 = CARTESIAN_POINT ( 'NONE',  ( 22.14404304563376868, 1.953183228790506432, 5.520936903890746095 ) ) ;
#903 = ORIENTED_EDGE ( 'NONE', *, *, #1735, .F. ) ;
#904 = EDGE_CURVE ( 'NONE', #1088, #1069, #3168, .T. ) ;
#905 = CARTESIAN_POINT ( 'NONE',  ( 25.35539436803169622, -1.507553567590527832, 166.5908748746497565 ) ) ;
#906 = CARTESIAN_POINT ( 'NONE',  ( 0.5354890345806546659, -25.39467686821931380, 3.063774067391304090 ) ) ;
#907 = CARTESIAN_POINT ( 'NONE',  ( 0.9842825017791487774, 22.20846526477493654, 6.735791293875488250 ) ) ;
#908 = CARTESIAN_POINT ( 'NONE',  ( -0.2610503102592768299, 25.40000000000000213, 163.2700000000000102 ) ) ;
#909 = B_SPLINE_CURVE_WITH_KNOTS ( 'NONE', 3,
 ( #2246, #2773, #950, #428, #1479, #179, #1221, #2265, #966, #2009, #3041, #1751, #2568, #1275, #1002, #17 ),
 .UNSPECIFIED., .F., .F.,
 ( 4, 2, 2, 2, 2, 2, 2, 4 ),
 ( 0.009367331931314077514, 0.009760251759897508803, 0.01015317158848094009, 0.01054609141706436964, 0.01093901124564780093, 0.01133193107423123222, 0.01172485090281466351, 0.01251069055998152608 ),
 .UNSPECIFIED. ) ;
#910 = CARTESIAN_POINT ( 'NONE',  ( -17.06945070525910069, -14.24102358051307604, 165.2700000000000102 ) ) ;
#911 = EDGE_LOOP ( 'NONE', ( #278, #1433, #1041, #3335, #811, #2635, #4, #614, #2444, #920, #1205, #22, #3097, #3231, #3246, #885 ) ) ;
#912 = CARTESIAN_POINT ( 'NONE',  ( -1.987208209288505278, -25.32215725981653875, 165.0092633849456831 ) ) ;
#913 = LINE ( 'NONE', #2280, #1280 ) ;
#914 = CARTESIAN_POINT ( 'NONE',  ( 19.15770833349757751, -16.67775472707933204, 6.002000438204123434 ) ) ;
#915 = CARTESIAN_POINT ( 'NONE',  ( 22.22999999999999687, 2.722389866288211113E-15, 167.2700000000000102 ) ) ;
#916 = ORIENTED_EDGE ( 'NONE', *, *, #719, .F. ) ;
#917 = CARTESIAN_POINT ( 'NONE',  ( 16.41234123650784937, 14.99398943689489627, 167.0052563001940200 ) ) ;
#918 = CARTESIAN_POINT ( 'NONE',  ( -0.5270229967672926952, 22.22505488680777930, 167.2168146297215685 ) ) ;
#919 = CARTESIAN_POINT ( 'NONE',  ( 15.34800937984801550, -16.08191437890609876, 167.2059239329079787 ) ) ;
#920 = ORIENTED_EDGE ( 'NONE', *, *, #1007, .F. ) ;
#921 = PRODUCT_DEFINITION_SHAPE ( 'NONE', 'NONE',  #1067 ) ;
#922 = CARTESIAN_POINT ( 'NONE',  ( 0.01777034590337937814, -25.39999378375527073, 7.000000000000000000 ) ) ;
#923 = FACE_BOUND ( 'NONE', #1024, .T. ) ;
#924 = EDGE_CURVE ( 'NONE', #3287, #1169, #2839, .T. ) ;
#925 = CYLINDRICAL_SURFACE ( 'NONE', #877, 2.000000000000000000 ) ;
#926 = CARTESIAN_POINT ( 'NONE',  ( 1.201656237390067439, 22.19776483673897616, 6.590622561577664129 ) ) ;
#927 = CARTESIAN_POINT ( 'NONE',  ( 2.000047026639032666, 22.13984444149222597, 165.1402021603643675 ) ) ;
#928 = DIRECTION ( 'NONE',  ( 0.000000000000000000, 0.000000000000000000, 1.000000000000000000 ) ) ;
#929 = CARTESIAN_POINT ( 'NONE',  ( -22.23000000000000043, 0.1321527358519929418, 163.2700000000000387 ) ) ;
#930 = CARTESIAN_POINT ( 'NONE',  ( 17.02437227200634950, 14.29523152024695243, 4.475733149480097595 ) ) ;
#931 = MECHANICAL_DESIGN_GEOMETRIC_PRESENTATION_REPRESENTATION (  '', ( #2401 ), #1416 ) ;
#932 = CARTESIAN_POINT ( 'NONE',  ( -19.26384183981744158, 16.55496700521525710, 5.644938800957963743 ) ) ;
#933 = CARTESIAN_POINT ( 'NONE',  ( 17.01579092001140836, -18.85819734589868091, 6.507842071087102553 ) ) ;
#934 = CARTESIAN_POINT ( 'NONE',  ( 22.19092010658658509, -1.320876615110461394, 166.7775526374758499 ) ) ;
#935 = ORIENTED_EDGE ( 'NONE', *, *, #987, .F. ) ;
#936 = CARTESIAN_POINT ( 'NONE',  ( 25.35028904621552215, -1.599048982597864654, 164.0407333267916670 ) ) ;
#937 = CARTESIAN_POINT ( 'NONE',  ( -1.999896157898689575, 22.13985807019470542, 165.1363664709824945 ) ) ;
#938 = CARTESIAN_POINT ( 'NONE',  ( 14.99398943689482877, -16.41234123650790266, 167.0052563001939347 ) ) ;
#939 = ORIENTED_EDGE ( 'NONE', *, *, #1071, .F. ) ;
#940 = CARTESIAN_POINT ( 'NONE',  ( 0.000000000000000000, 0.000000000000000000, 0.000000000000000000 ) ) ;
#941 = CARTESIAN_POINT ( 'NONE',  ( -14.26846875132952164, -17.04681088747427609, 4.472977325121946457 ) ) ;
#942 = CARTESIAN_POINT ( 'NONE',  ( 1.019573369321772116, -25.37976216333567336, 3.264056331389836085 ) ) ;
#943 = EDGE_CURVE ( 'NONE', #2272, #1169, #1908, .T. ) ;
#944 = CARTESIAN_POINT ( 'NONE',  ( 1.321131539733088278, -25.36579099566517925, 166.7773309571332163 ) ) ;
#945 = DIRECTION ( 'NONE',  ( -0.000000000000000000, -1.000000000000000000, -0.000000000000000000 ) ) ;
#946 = CARTESIAN_POINT ( 'NONE',  ( -14.43528949324852739, -16.90577942988752724, 164.2619425710506391 ) ) ;
#947 = CARTESIAN_POINT ( 'NONE',  ( 14.26846875132940262, 17.04681088747437911, 4.472977325121945569 ) ) ;
#948 = CARTESIAN_POINT ( 'NONE',  ( 17.04681088747432582, -14.26846875132946302, 4.472977325121944681 ) ) ;
#949 = AXIS2_PLACEMENT_3D ( 'NONE', #3352, #2584, #485 ) ;
#950 = CARTESIAN_POINT ( 'NONE',  ( 22.22880510810738031, 0.2639704156131549295, 3.010894701657476080 ) ) ;
#951 = CARTESIAN_POINT ( 'NONE',  ( 22.14475360487276134, -1.947512129022293870, 164.7454768950064192 ) ) ;
#952 = CIRCLE ( 'NONE', #515, 22.22999999999999687 ) ;
#953 = ORIENTED_EDGE ( 'NONE', *, *, #1589, .F. ) ;
#954 = CARTESIAN_POINT ( 'NONE',  ( 14.39672674121280593, 16.93840896615393277, 166.1571931558289350 ) ) ;
#955 = CARTESIAN_POINT ( 'NONE',  ( -1.987206954024349992, 22.14101521470948697, 165.5307543768430207 ) ) ;
#956 = APPLICATION_PROTOCOL_DEFINITION ( 'draft international standard', 'automotive_design', 1998, #326 ) ;
#957 = CARTESIAN_POINT ( 'NONE',  ( 14.25112026175756874, -17.06104132172599819, 165.5331802395629950 ) ) ;
#958 = ORIENTED_EDGE ( 'NONE', *, *, #39, .F. ) ;
#959 = CARTESIAN_POINT ( 'NONE',  ( -1.879516289830924336, -25.33041573010552483, 5.646136208468273132 ) ) ;
#960 = FACE_OUTER_BOUND ( 'NONE', #2875, .T. ) ;
#961 = CARTESIAN_POINT ( 'NONE',  ( 2.004788927746098182, -25.32077164848319129, 5.262377170308892183 ) ) ;
#962 = CARTESIAN_POINT ( 'NONE',  ( 1.002005141078452288, -25.38046142526454219, 163.5341809230676233 ) ) ;
#963 = CARTESIAN_POINT ( 'NONE',  ( -25.39211127426369075, -0.6444883746515495115, 163.3721538974945133 ) ) ;
#964 = CARTESIAN_POINT ( 'NONE',  ( -0.1482659009934115535, 25.39990248644345172, 7.000000000000000888 ) ) ;
#965 = CARTESIAN_POINT ( 'NONE',  ( 14.76902040323927601, -16.61497686530750784, 3.494506248214809041 ) ) ;
#966 = CARTESIAN_POINT ( 'NONE',  ( 22.19024426632855196, 1.332167958585227963, 3.486874208442855672 ) ) ;
#967 = CARTESIAN_POINT ( 'NONE',  ( 22.14557145958546513, -1.935774735647718403, 165.7894809334688375 ) ) ;
#968 = EDGE_CURVE ( 'NONE', #3149, #2864, #173, .T. ) ;
#969 = ORIENTED_EDGE ( 'NONE', *, *, #2212, .F. ) ;
#970 = CARTESIAN_POINT ( 'NONE',  ( -25.34099982064513057, 1.733063486343382698, 3.999125584687986290 ) ) ;
#971 = CARTESIAN_POINT ( 'NONE',  ( -1.796718106699577433, 22.15732942364856939, 164.3817631007921136 ) ) ;
#972 = ITEM_DEFINED_TRANSFORMATION ( 'NONE', 'NONE', #840,  #2259 ) ;
#973 = CARTESIAN_POINT ( 'NONE',  ( 14.29050684488465883, -17.02806430023752071, 165.7895975456489737 ) ) ;
#974 = ORIENTED_EDGE ( 'NONE', *, *, #1071, .T. ) ;
#975 = CARTESIAN_POINT ( 'NONE',  ( -19.14542765268313929, -16.69185030783129520, 166.2734691198913310 ) ) ;
#976 = CARTESIAN_POINT ( 'NONE',  ( -22.13944447981194941, -2.004635941370325192, 5.263748726309577464 ) ) ;
#977 = CARTESIAN_POINT ( 'NONE',  ( 19.30738406092758908, 16.50408800036644053, 5.130555152030010113 ) ) ;
#978 = CARTESIAN_POINT ( 'NONE',  ( 1.747883628947695334, -25.33998626404343923, 164.2636327747965765 ) ) ;
#979 = LINE ( 'NONE', #2713, #2854 ) ;
#980 = CARTESIAN_POINT ( 'NONE',  ( -25.32113741521103734, -2.000000000000090150, 165.4022300781844308 ) ) ;
#981 = CARTESIAN_POINT ( 'NONE',  ( -19.15338867070754247, 16.68285785202903782, 164.2619903842075644 ) ) ;
#982 = CARTESIAN_POINT ( 'NONE',  ( 16.63721625371007207, -14.74396439326089414, 3.492661466410543980 ) ) ;
#983 = CARTESIAN_POINT ( 'NONE',  ( 17.78699386384566239, -18.13282407000014729, 6.987033544167699617 ) ) ;
#984 = CARTESIAN_POINT ( 'NONE',  ( 25.31972754259397362, 2.017770345903644458, 5.000000000000000000 ) ) ;
#985 = EDGE_LOOP ( 'NONE', ( #1159, #74 ) ) ;
#986 = FACE_OUTER_BOUND ( 'NONE', #1789, .T. ) ;
#987 = EDGE_CURVE ( 'NONE', #682, #141, #2710, .T. ) ;
#988 = CARTESIAN_POINT ( 'NONE',  ( -16.53949867202033985, 19.27707555228414193, 165.7895416273611602 ) ) ;
#989 = APPLICATION_PROTOCOL_DEFINITION ( 'draft international standard', 'automotive_design', 1998, #1946 ) ;
#990 = CARTESIAN_POINT ( 'NONE',  ( 16.89846616796619472, -14.44368509488464447, 166.2720507670362622 ) ) ;
#991 = VECTOR ( 'NONE', #1920, 1000.000000000000000 ) ;
#992 = VERTEX_POINT ( 'NONE', #1196 ) ;
#993 = CARTESIAN_POINT ( 'NONE',  ( -14.45789736509224355, 16.88630737347465427, 6.003512773590659712 ) ) ;
#994 = CARTESIAN_POINT ( 'NONE',  ( -0.2461652635704093817, -25.40017843840977108, 3.000000000000000444 ) ) ;
#995 = CARTESIAN_POINT ( 'NONE',  ( -14.42172645832131472, -16.91735109000027037, 3.991947784238304653 ) ) ;
#996 = CARTESIAN_POINT ( 'NONE',  ( 17.77345337628713295, -18.14609318624607326, 163.2831534655782946 ) ) ;
#997 = CARTESIAN_POINT ( 'NONE',  ( 1.999906000708953746, -25.32114483978153530, 165.0082742128844870 ) ) ;
#998 = CARTESIAN_POINT ( 'NONE',  ( 17.51082689391834180, -18.39960830856912821, 3.102755119489144064 ) ) ;
#999 = FACE_BOUND ( 'NONE', #281, .T. ) ;
#1000 = CARTESIAN_POINT ( 'NONE',  ( -1.525419583264031820, 25.35432558096142230, 6.320758502632504161 ) ) ;
#1001 = CARTESIAN_POINT ( 'NONE',  ( -17.00350249363456712, 14.31978848009979721, 165.9150003944326954 ) ) ;
#1002 = CARTESIAN_POINT ( 'NONE',  ( 22.13823621771147998, 2.017770345903611151, 4.734271288470454309 ) ) ;
#1003 = EDGE_LOOP ( 'NONE', ( #1326, #2627, #2476, #3353, #1866, #1902 ) ) ;
#1004 = CARTESIAN_POINT ( 'NONE',  ( -17.07879574585122029, -18.80123848711875567, 163.6782547328536452 ) ) ;
#1005 =( GEOMETRIC_REPRESENTATION_CONTEXT ( 3 ) GLOBAL_UNCERTAINTY_ASSIGNED_CONTEXT ( ( #2357 ) ) GLOBAL_UNIT_ASSIGNED_CONTEXT ( ( #3004, #2509, #2455 ) ) REPRESENTATION_CONTEXT ( 'NONE', 'WORKASPACE' ) );
#1006 = CARTESIAN_POINT ( 'NONE',  ( -17.60273866416855171, 18.31174307638122301, 3.064150756085525451 ) ) ;
#1007 = EDGE_CURVE ( 'NONE', #1073, #504, #3000, .T. ) ;
#1008 = EDGE_LOOP ( 'NONE', ( #2815, #1187 ) ) ;
#1009 = CARTESIAN_POINT ( 'NONE',  ( -25.36571881965113562, 1.322435955444250189, 163.7639532894361309 ) ) ;
#1010 = CARTESIAN_POINT ( 'NONE',  ( -1.918838245534629561, -25.32742987828200398, 4.483731241876597551 ) ) ;
#1011 = CARTESIAN_POINT ( 'NONE',  ( -22.15725400490736874, 1.797645239095142733, 166.1563726166365029 ) ) ;
#1012 = EDGE_CURVE ( 'NONE', #605, #2997, #696, .T. ) ;
#1013 = CARTESIAN_POINT ( 'NONE',  ( 17.05738589559779328, 18.82125736315024156, 6.598885229220389448 ) ) ;
#1014 = CARTESIAN_POINT ( 'NONE',  ( 1.210839632064167448, 25.37179621418376030, 6.599551496245216420 ) ) ;
#1015 = CARTESIAN_POINT ( 'NONE',  ( 19.06702559090758342, -16.78221445619012897, 3.769152582810118446 ) ) ;
#1016 = B_SPLINE_CURVE_WITH_KNOTS ( 'NONE', 3,
 ( #1158, #2197, #3235, #902, #645, #185, #2762, #1174, #1756, #2252, #2779, #456, #3320, #418 ),
 .UNSPECIFIED., .F., .F.,
 ( 4, 2, 2, 2, 2, 2, 4 ),
 ( 0.000000000000000000, 0.0003933182883778631785, 0.0007866365767557263571, 0.001179954865133589536, 0.001573273153511452714, 0.002359909730267177336, 0.003146546307022901959 ),
 .UNSPECIFIED. ) ;
#1017 = CARTESIAN_POINT ( 'NONE',  ( -25.32113741521104444, -2.000000000000090150, 165.0057945909479997 ) ) ;
#1018 = CARTESIAN_POINT ( 'NONE',  ( -18.05274439513841500, 17.86829173001822824, 163.2698954618826690 ) ) ;
#1019 = CARTESIAN_POINT ( 'NONE',  ( -16.08680759684838435, 15.34423380113070579, 167.2173474420116008 ) ) ;
#1020 = CARTESIAN_POINT ( 'NONE',  ( 14.43422782039140984, -16.90668399767836050, 164.2643452865497409 ) ) ;
#1021 = ORIENTED_EDGE ( 'NONE', *, *, #1234, .F. ) ;
#1022 = CARTESIAN_POINT ( 'NONE',  ( -16.49053441127892583, -19.31896153602531285, 165.2700000000000102 ) ) ;
#1023 = CARTESIAN_POINT ( 'NONE',  ( -19.16508481624925864, 16.66942016010543171, 3.991994365230136399 ) ) ;
#1024 = EDGE_LOOP ( 'NONE', ( #1469, #2975 ) ) ;
#1025 = CARTESIAN_POINT ( 'NONE',  ( -17.08087604751887056, 14.22731785858800002, 5.132216709650327502 ) ) ;
#1026 = CARTESIAN_POINT ( 'NONE',  ( -2.004976999296058437, 22.13941312624296742, 5.260757553885236248 ) ) ;
#1027 = SHAPE_REPRESENTATION ( 'Tubo', ( #2259 ), #1928 ) ;
#1028 = CARTESIAN_POINT ( 'NONE',  ( -22.17901811332275130, 1.507582746702585519, 166.5908422498357595 ) ) ;
#1029 = CARTESIAN_POINT ( 'NONE',  ( 1.815627225441822867, -25.33507505854111486, 5.885960035347508779 ) ) ;
#1030 = ADVANCED_FACE ( 'NONE', ( #443 ), #925, .F. ) ;
#1031 = CARTESIAN_POINT ( 'NONE',  ( 0.2461652635704085768, 25.40017843840977108, 3.000000000000000444 ) ) ;
#1032 = SURFACE_STYLE_USAGE ( .BOTH. , #2475 ) ;
#1033 = CARTESIAN_POINT ( 'NONE',  ( -16.63721625370997259, 14.74396439326101138, 3.492661466410544868 ) ) ;
#1034 = B_SPLINE_CURVE_WITH_KNOTS ( 'NONE', 3,
 ( #3122, #3091, #756, #1542, #1251, #2083, #3076, #1558, #3364, #998, #742, #1828, #3106, #774, #2821, #1810, #1781, #2561, #1271, #2853, #3348, #1015, #2870, #2053, #1795, #517 ),
 .UNSPECIFIED., .F., .F.,
 ( 4, 2, 2, 2, 2, 2, 2, 2, 2, 2, 2, 2, 4 ),
 ( 0.006255331755567099597, 0.007037067649956440379, 0.007818803544345782897, 0.008209671491540455890, 0.008600539438735128883, 0.008991407385929801876, 0.009382275333124474870, 0.009773143280319147863, 0.01016401122751382086, 0.01055487917470849558, 0.01094574712190316858, 0.01172748301629252324, 0.01250921891068187616 ),
 .UNSPECIFIED. ) ;
#1035 = CARTESIAN_POINT ( 'NONE',  ( -16.93840896615378000, 14.39672674121297824, 166.1571931558289066 ) ) ;
#1036 = CYLINDRICAL_SURFACE ( 'NONE', #3123, 2.000000000000000000 ) ;
#1037 = ORIENTED_EDGE ( 'NONE', *, *, #2150, .T. ) ;
#1038 = CARTESIAN_POINT ( 'NONE',  ( 25.39999999999999858, 3.110602869835007350E-15, 163.2700000000000102 ) ) ;
#1039 = CONTEXT_DEPENDENT_SHAPE_REPRESENTATION ( #732, #397 ) ;
#1040 = CARTESIAN_POINT ( 'NONE',  ( -16.54415855707004468, 19.27331822665482974, 4.475784974205478939 ) ) ;
#1041 = ORIENTED_EDGE ( 'NONE', *, *, #1942, .T. ) ;
#1042 = CARTESIAN_POINT ( 'NONE',  ( 0.5018242714279899097, 22.22470504929194490, 3.064253769594830867 ) ) ;
#1043 = DIRECTION ( 'NONE',  ( 0.000000000000000000, 0.000000000000000000, 1.000000000000000000 ) ) ;
#1044 = CARTESIAN_POINT ( 'NONE',  ( -14.43012825457262593, -16.91004426145220307, 6.002045766001598892 ) ) ;
#1045 = CARTESIAN_POINT ( 'NONE',  ( 19.29886310835799179, 16.51407099510094056, 5.263159894752874379 ) ) ;
#1046 = CARTESIAN_POINT ( 'NONE',  ( 25.32253473881359795, -1.982229654096355986, 5.129783103229274666 ) ) ;
#1047 = CARTESIAN_POINT ( 'NONE',  ( 25.37052247249013348, 1.228256624433852640, 3.402520056261147730 ) ) ;
#1048 = EDGE_CURVE ( 'NONE', #3186, #3044, #2850, .T. ) ;
#1049 = CARTESIAN_POINT ( 'NONE',  ( -22.15030394266206670, 1.881332364972984283, 5.640617261546339911 ) ) ;
#1050 = CARTESIAN_POINT ( 'NONE',  ( -19.25222205188873659, 16.56847853100328649, 165.9149395483285616 ) ) ;
#1051 = CARTESIAN_POINT ( 'NONE',  ( -14.24102358051301565, 17.06945070525915042, 165.4005629343388080 ) ) ;
#1052 = CARTESIAN_POINT ( 'NONE',  ( -25.39999999999999858, 0.000000000000000000, 170.2700000000000102 ) ) ;
#1053 = VERTEX_POINT ( 'NONE', #2851 ) ;
#1054 = CARTESIAN_POINT ( 'NONE',  ( -25.36580546906582612, 1.320853596383371187, 166.7775722107274987 ) ) ;
#1055 = CARTESIAN_POINT ( 'NONE',  ( 15.81347005451698706, 15.62448422883146648, 163.2701038098146000 ) ) ;
#1056 = ORIENTED_EDGE ( 'NONE', *, *, #309, .T. ) ;
#1057 = CARTESIAN_POINT ( 'NONE',  ( -14.77089004641115544, 16.61332187935483518, 6.507827012644759712 ) ) ;
#1058 = UNCERTAINTY_MEASURE_WITH_UNIT (LENGTH_MEASURE( 1.000000000000000082E-05 ), #2099, 'distance_accuracy_value', 'NONE');
#1059 = CARTESIAN_POINT ( 'NONE',  ( -2.017873028315461337, 22.13822685881493157, 5.130508122887739830 ) ) ;
#1060 = CARTESIAN_POINT ( 'NONE',  ( -16.61332187935478899, -14.77089004641121406, 6.507827012644761489 ) ) ;
#1061 = AXIS2_PLACEMENT_3D ( 'NONE', #3374, #1855, #1043 ) ;
#1062 = FACE_OUTER_BOUND ( 'NONE', #3162, .T. ) ;
#1063 =( NAMED_UNIT ( * ) PLANE_ANGLE_UNIT ( ) SI_UNIT ( $, .RADIAN. ) );
#1064 = CARTESIAN_POINT ( 'NONE',  ( -15.26853325203347289, 16.15733409760848005, 3.102758347464495081 ) ) ;
#1065 = CARTESIAN_POINT ( 'NONE',  ( -19.18638878717116825, 16.64466941921827825, 166.1571403447211992 ) ) ;
#1066 = CARTESIAN_POINT ( 'NONE',  ( -14.25112026175744617, 17.06104132172609766, 165.5331802395629381 ) ) ;
#1067 = PRODUCT_DEFINITION ( 'UNKNOWN', '', #1243, #3362 ) ;
#1068 = CARTESIAN_POINT ( 'NONE',  ( -14.24102358051301387, 17.06945070525915398, 165.0089349463962947 ) ) ;
#1069 = VERTEX_POINT ( 'NONE', #530 ) ;
#1070 = CYLINDRICAL_SURFACE ( 'NONE', #1584, 2.000000000000001776 ) ;
#1071 = EDGE_CURVE ( 'NONE', #1998, #2074, #813, .T. ) ;
#1072 = CARTESIAN_POINT ( 'NONE',  ( -19.06702559090746973, 16.78221445619025332, 3.769152582810123331 ) ) ;
#1073 = VERTEX_POINT ( 'NONE', #3120 ) ;
#1074 = CARTESIAN_POINT ( 'NONE',  ( 0.5357107228523020348, -22.22391209106160304, 3.063835393482645664 ) ) ;
#1075 = B_SPLINE_CURVE_WITH_KNOTS ( 'NONE', 3,
 ( #2484, #1466, #149, #2501, #166, #433, #2517, #3152, #792, #825, #519, #304, #46, #1879, #1624, #2364, #15, #320 ),
 .UNSPECIFIED., .F., .F.,
 ( 4, 2, 2, 2, 2, 2, 2, 2, 4 ),
 ( 0.003146161591299853014, 0.003534807861833259325, 0.003923454132366666069, 0.004312100402900071947, 0.004700746673433478691, 0.005089392943966885435, 0.005478039214500291312, 0.005866685485033698924, 0.006255331755567104801 ),
 .UNSPECIFIED. ) ;
#1076 = CARTESIAN_POINT ( 'NONE',  ( 25.39999999999999858, 2.823214546465453047E-15, 3.000078947856574807 ) ) ;
#1077 = CARTESIAN_POINT ( 'NONE',  ( -22.19092010658658154, 1.320876615110549990, 166.7775526374758783 ) ) ;
#1078 = ORIENTED_EDGE ( 'NONE', *, *, #2925, .F. ) ;
#1079 = FACE_OUTER_BOUND ( 'NONE', #1452, .T. ) ;
#1080 = CARTESIAN_POINT ( 'NONE',  ( 22.14553969756283536, 1.936136274595347651, 165.7880538073901846 ) ) ;
#1081 = CARTESIAN_POINT ( 'NONE',  ( -22.17985420458976975, 1.495169906014507832, 6.314621610083295700 ) ) ;
#1082 = CARTESIAN_POINT ( 'NONE',  ( -17.86874355657960933, 18.05228613850418284, 167.2700467943861327 ) ) ;
#1083 = CARTESIAN_POINT ( 'NONE',  ( -22.19087373895135684, -1.321573973990486595, 163.7632044853108084 ) ) ;
#1084 = CARTESIAN_POINT ( 'NONE',  ( 22.15030394266207381, -1.881332364972838844, 5.640617261546309713 ) ) ;
#1085 = ORIENTED_EDGE ( 'NONE', *, *, #352, .F. ) ;
#1086 = CARTESIAN_POINT ( 'NONE',  ( 18.80281867216634595, 17.07705597050320989, 163.6800446150158734 ) ) ;
#1087 = CARTESIAN_POINT ( 'NONE',  ( -22.14144678196120708, 1.982229654096543170, 5.000000000000000000 ) ) ;
#1088 = VERTEX_POINT ( 'NONE', #2559 ) ;
#1089 = EDGE_CURVE ( 'NONE', #1350, #898, #2681, .T. ) ;
#1090 = CARTESIAN_POINT ( 'NONE',  ( 0.01777034590337937467, -22.22999289731794192, 7.000000000000000000 ) ) ;
#1091 = UNCERTAINTY_MEASURE_WITH_UNIT (LENGTH_MEASURE( 1.000000000000000082E-05 ), #1924, 'distance_accuracy_value', 'NONE');
#1092 = CARTESIAN_POINT ( 'NONE',  ( 16.47697194869838810, 19.33053013762962991, 4.735661464525539266 ) ) ;
#1093 = CARTESIAN_POINT ( 'NONE',  ( -19.33053013762944872, 16.47697194869857285, 5.000000000000000888 ) ) ;
#1094 = CARTESIAN_POINT ( 'NONE',  ( 16.86398661921972675, 18.99406461686849923, 166.5922690044116621 ) ) ;
#1095 = ORIENTED_EDGE ( 'NONE', *, *, #2305, .T. ) ;
#1096 = CIRCLE ( 'NONE', #771, 2.500000000000000000 ) ;
#1097 = CARTESIAN_POINT ( 'NONE',  ( 25.39507784431650705, -0.5159567017665966926, 6.931843463169731656 ) ) ;
#1098 = AXIS2_PLACEMENT_3D ( 'NONE', #1519, #1754, #715 ) ;
#1099 = AXIS2_PLACEMENT_3D ( 'NONE', #2274, #3307, #2818 ) ;
#1100 = LINE ( 'NONE', #1335, #106 ) ;
#1101 = CARTESIAN_POINT ( 'NONE',  ( -17.07760661068646968, 18.80231666885424247, 166.8604923764090699 ) ) ;
#1102 = CARTESIAN_POINT ( 'NONE',  ( -17.76270014013969956, -18.15661936261008691, 3.012796581546538732 ) ) ;
#1103 = CARTESIAN_POINT ( 'NONE',  ( -14.55403449135491556, -16.80351980909187759, 166.4894214614892292 ) ) ;
#1104 = ORIENTED_EDGE ( 'NONE', *, *, #1012, .T. ) ;
#1105 = CARTESIAN_POINT ( 'NONE',  ( -25.38482180527722676, 0.8862803139760790927, 167.0676869632767136 ) ) ;
#1106 = CARTESIAN_POINT ( 'NONE',  ( 19.31896153602502508, 16.49053441127926689, 165.2700000000000102 ) ) ;
#1107 = CARTESIAN_POINT ( 'NONE',  ( -18.31157717465351453, -17.60291455534477834, 6.935944692579326443 ) ) ;
#1108 = ORIENTED_EDGE ( 'NONE', *, *, #647, .T. ) ;
#1109 = CARTESIAN_POINT ( 'NONE',  ( 1.915894762471264112, -22.14734244542779606, 5.643665377000639083 ) ) ;
#1110 = CARTESIAN_POINT ( 'NONE',  ( 19.25238145302135351, 16.56829322544258787, 165.9142301849563808 ) ) ;
#1111 = EDGE_CURVE ( 'NONE', #1702, #898, #1604, .T. ) ;
#1112 = ORIENTED_EDGE ( 'NONE', *, *, #1214, .F. ) ;
#1113 = MECHANICAL_DESIGN_GEOMETRIC_PRESENTATION_REPRESENTATION (  '', ( #1438 ), #1550 ) ;
#1114 = CARTESIAN_POINT ( 'NONE',  ( -0.01777034590337914222, -25.40099999999999980, 5.000000000000000000 ) ) ;
#1115 = EDGE_CURVE ( 'NONE', #1649, #61, #648, .T. ) ;
#1116 = AXIS2_PLACEMENT_3D ( 'NONE', #2761, #1520, #2813 ) ;
#1117 = CARTESIAN_POINT ( 'NONE',  ( 25.32113741521100891, 2.000000000000266898, 165.2700000000000102 ) ) ;
#1118 = CARTESIAN_POINT ( 'NONE',  ( 1.747856968265287136, 22.16140596464371271, 166.2764122418898012 ) ) ;
#1119 = CARTESIAN_POINT ( 'NONE',  ( -17.23560734267952199, -18.65882677045926386, 167.0178831872067349 ) ) ;
#1120 = B_SPLINE_CURVE_WITH_KNOTS ( 'NONE', 3,
 ( #2857, #2599, #1336, #2378, #1307, #2347, #1, #3125, #2938, #1689, #1118, #101, #3240, #927, #602, #1181, #892, #633, #3206, #876, #2732, #1402, #2410, #2750, #1894, #1931, #617, #1147, #386, #2425 ),
 .UNSPECIFIED., .F., .F.,
 ( 4, 2, 2, 2, 2, 2, 2, 2, 2, 2, 2, 2, 2, 2, 4 ),
 ( 5.210034617589729794E-18, 0.0003910045467768428497, 0.0007820090935536804953, 0.001173013640330518087, 0.001564018187107355786, 0.002346027280661089516, 0.003128036374214823896, 0.003519040920991648586, 0.003910045467768475010, 0.004301050014545299699, 0.004692054561322124388, 0.005083059108098949945, 0.005474063654875775502, 0.005865068201652601058, 0.006256072748429425748 ),
 .UNSPECIFIED. ) ;
#1121 = CARTESIAN_POINT ( 'NONE',  ( 22.15850460533863142, -1.782147545797569954, 5.881633237453848473 ) ) ;
#1122 = ORIENTED_EDGE ( 'NONE', *, *, #858, .F. ) ;
#1123 = CARTESIAN_POINT ( 'NONE',  ( 17.00229806621758399, 18.87035789292684029, 163.7626206333191305 ) ) ;
#1124 = CARTESIAN_POINT ( 'NONE',  ( 0.01777034590337931569, -22.22999289731794548, 3.000000000000000000 ) ) ;
#1125 = FACE_OUTER_BOUND ( 'NONE', #2966, .T. ) ;
#1126 = EDGE_LOOP ( 'NONE', ( #903, #202 ) ) ;
#1127 = CARTESIAN_POINT ( 'NONE',  ( -25.38843446790790992, 25.41356553209209324, 5.000000000000000000 ) ) ;
#1128 = CARTESIAN_POINT ( 'NONE',  ( -1.987206954024349992, -22.14101521470948697, 165.0092456231569997 ) ) ;
#1129 = CARTESIAN_POINT ( 'NONE',  ( 14.23734172960512545, 17.07254088107284318, 5.262210096474156273 ) ) ;
#1130 = ORIENTED_EDGE ( 'NONE', *, *, #437, .T. ) ;
#1131 = CARTESIAN_POINT ( 'NONE',  ( 25.39511090561958540, -0.5142768637340485727, 3.067708452821125586 ) ) ;
#1132 = CARTESIAN_POINT ( 'NONE',  ( -25.39999999999999858, -3.393403512943965433E-23, 167.2700000000000102 ) ) ;
#1133 = EDGE_CURVE ( 'NONE', #2381, #284, #2726, .T. ) ;
#1134 = CARTESIAN_POINT ( 'NONE',  ( -1.986846511278180349, 25.32218583065128925, 165.0065037531276744 ) ) ;
#1135 = CARTESIAN_POINT ( 'NONE',  ( 0.000000000000000000, 0.000000000000000000, 0.000000000000000000 ) ) ;
#1136 = CARTESIAN_POINT ( 'NONE',  ( -16.08207849161018999, -15.34783358629112016, 163.3341714655120995 ) ) ;
#1137 = CARTESIAN_POINT ( 'NONE',  ( 16.79808598675028719, 14.56129413224494584, 3.771246500143822455 ) ) ;
#1138 = CARTESIAN_POINT ( 'NONE',  ( -16.78720945260339192, -19.06187005837577075, 6.219381054409196530 ) ) ;
#1139 = ORIENTED_EDGE ( 'NONE', *, *, #249, .T. ) ;
#1140 = SURFACE_SIDE_STYLE ('',( #2914 ) ) ;
#1141 = CARTESIAN_POINT ( 'NONE',  ( 22.19683399412407709, 1.218722164681463216, 163.6788490459462935 ) ) ;
#1142 = CARTESIAN_POINT ( 'NONE',  ( 17.05801519508643338, 14.25471913452524575, 5.000000000000000000 ) ) ;
#1143 = FACE_OUTER_BOUND ( 'NONE', #2570, .T. ) ;
#1144 = CARTESIAN_POINT ( 'NONE',  ( 1.915962458896140586, -25.32768481918112258, 5.643491449600333887 ) ) ;
#1145 = AXIS2_PLACEMENT_3D ( 'NONE', #725, #2528, #2316 ) ;
#1146 = CARTESIAN_POINT ( 'NONE',  ( -25.32113741521103734, 1.999999999999912959, 165.2700000000000102 ) ) ;
#1147 = CARTESIAN_POINT ( 'NONE',  ( 0.2631801482356831423, 22.22881190769876270, 163.2830857352803378 ) ) ;
#1148 = AXIS2_PLACEMENT_3D ( 'NONE', #2382, #308, #20 ) ;
#1149 = CARTESIAN_POINT ( 'NONE',  ( -15.53388303287055905, -15.90407244695829547, 167.2699055939385460 ) ) ;
#1150 = EDGE_CURVE ( 'NONE', #1836, #3220, #723, .T. ) ;
#1151 = CARTESIAN_POINT ( 'NONE',  ( -14.99568202947540208, -16.41079711358487359, 163.5333983612126190 ) ) ;
#1152 = CARTESIAN_POINT ( 'NONE',  ( -1.505479182539565697, -25.35551357273467232, 166.5930752777410646 ) ) ;
#1153 = CARTESIAN_POINT ( 'NONE',  ( -25.35474897514095360, -1.518359815854015915, 6.328696806482787984 ) ) ;
#1154 = CARTESIAN_POINT ( 'NONE',  ( 2.449293598294708386E-16, 25.40099999999999980, 167.2700000000000102 ) ) ;
#1155 = ORIENTED_EDGE ( 'NONE', *, *, #1422, .T. ) ;
#1156 = FACE_BOUND ( 'NONE', #3304, .T. ) ;
#1157 = CARTESIAN_POINT ( 'NONE',  ( -2.000102620185597146, -22.13983941945989997, 165.1394930224765858 ) ) ;
#1158 = CARTESIAN_POINT ( 'NONE',  ( 22.13823621771146932, 2.017770345903610707, 5.000000000000000000 ) ) ;
#1159 = ORIENTED_EDGE ( 'NONE', *, *, #863, .F. ) ;
#1160 = CARTESIAN_POINT ( 'NONE',  ( 25.39999999999999858, 3.110602903768253619E-15, 167.2700000000000102 ) ) ;
#1161 = CARTESIAN_POINT ( 'NONE',  ( 0.01777034590337913528, -25.39999378375527073, 3.000000000000000000 ) ) ;
#1162 = CARTESIAN_POINT ( 'NONE',  ( 14.22731785858780462, 17.08087604751900201, 4.999999999999997335 ) ) ;
#1163 = CARTESIAN_POINT ( 'NONE',  ( -1.005602466811959417, 25.38122829501820732, 163.5216799325082206 ) ) ;
#1164 = CARTESIAN_POINT ( 'NONE',  ( -16.74880944828015217, -14.61708038420297662, 166.5910989948367842 ) ) ;
#1165 = CARTESIAN_POINT ( 'NONE',  ( -16.90668399767841024, -14.43422782039135299, 164.2643452865497977 ) ) ;
#1166 = CARTESIAN_POINT ( 'NONE',  ( 16.89510323700490702, 14.44778121665284942, 3.994340902199701837 ) ) ;
#1167 = CARTESIAN_POINT ( 'NONE',  ( -19.06187005837571746, 16.78720945260345232, 6.219381054409193865 ) ) ;
#1168 = CARTESIAN_POINT ( 'NONE',  ( 22.21265297050722864, -0.8863550489741915950, 167.0676510057494113 ) ) ;
#1169 = VERTEX_POINT ( 'NONE', #1985 ) ;
#1170 = DIRECTION ( 'NONE',  ( -1.000000000000000000, 0.000000000000000000, 0.000000000000000000 ) ) ;
#1171 = ADVANCED_FACE ( 'NONE', ( #2293 ), #3020, .F. ) ;
#1172 = CARTESIAN_POINT ( 'NONE',  ( 1.321100789424373367, -22.19090677780128473, 166.7773585168430373 ) ) ;
#1173 = CYLINDRICAL_SURFACE ( 'NONE', #3176, 2.500000000000000000 ) ;
#1174 = CARTESIAN_POINT ( 'NONE',  ( 22.17220065881605251, 1.603695175563345954, 6.225616428635748711 ) ) ;
#1175 = B_SPLINE_CURVE_WITH_KNOTS ( 'NONE', 3,
 ( #1250, #208, #1743, #2508, #1014, #2002, #1491, #1860, #1351, #789, #1541, #1557, #302, #1606, #2375, #2344, #1590, #242, #823, #2869, #3363, #3137, #2596, #2884, #1031, #2067 ),
 .UNSPECIFIED., .F., .F.,
 ( 4, 2, 2, 2, 2, 2, 2, 2, 2, 2, 2, 2, 4 ),
 ( 0.006273149916154442673, 0.007054850198974791167, 0.007836550481795139661, 0.008227400623205311306, 0.008618250764615486420, 0.009009100906025658065, 0.009399951047435831444, 0.009790801188846004824, 0.01018165133025617820, 0.01057250147166635158, 0.01096335161307652496, 0.01174505189589687172, 0.01252675217871721848 ),
 .UNSPECIFIED. ) ;
#1176 = EDGE_LOOP ( 'NONE', ( #578, #2663, #1085, #2521, #2374, #1722, #1907, #2324, #146, #151, #1375, #50, #821, #3197, #1504, #1786 ) ) ;
#1177 = DIRECTION ( 'NONE',  ( -0.7071067811865439090, -0.7071067811865512365, -0.000000000000000000 ) ) ;
#1178 = CARTESIAN_POINT ( 'NONE',  ( 25.39999999999999858, 3.393076044830571046E-15, 6.999921052143425193 ) ) ;
#1179 = CARTESIAN_POINT ( 'NONE',  ( 1.237141042470234042, -25.37008749224075288, 3.409325670455445767 ) ) ;
#1180 = CARTESIAN_POINT ( 'NONE',  ( 1.982276603822683114, 22.14144257875197752, 4.870202645247679207 ) ) ;
#1181 = CARTESIAN_POINT ( 'NONE',  ( 1.935924070617936588, 22.14555837929308169, 164.7510513219801851 ) ) ;
#1182 = CARTESIAN_POINT ( 'NONE',  ( 2.500000000000000000, 3.061616997868383141E-16, 3.000000000000000000 ) ) ;
#1183 = CARTESIAN_POINT ( 'NONE',  ( -1.589956169022498811, -25.35029271374623505, 166.4902974707274552 ) ) ;
#1184 = CARTESIAN_POINT ( 'NONE',  ( -18.15803234189316484, 17.76271335638546844, 6.999901181383828330 ) ) ;
#1185 = CARTESIAN_POINT ( 'NONE',  ( 16.50408800036636592, -19.30738406092763881, 5.130555152030009225 ) ) ;
#1186 = CARTESIAN_POINT ( 'NONE',  ( 22.22881373623152257, -0.2630424504773860583, 167.2569347196069032 ) ) ;
#1187 = ORIENTED_EDGE ( 'NONE', *, *, #607, .T. ) ;
#1188 = CARTESIAN_POINT ( 'NONE',  ( 25.32113741521105510, -1.999999999999731104, 165.0088184267703753 ) ) ;
#1189 = CARTESIAN_POINT ( 'NONE',  ( 0.8871943849986132502, -22.21261956582884167, 163.4727598410368046 ) ) ;
#1190 = PRODUCT_CONTEXT ( 'NONE', #1659, 'mechanical' ) ;
#1191 = CARTESIAN_POINT ( 'NONE',  ( 19.14600657781061699, -16.69118698988276606, 166.2720042567677865 ) ) ;
#1192 = EDGE_CURVE ( 'NONE', #81, #1518, #3075, .T. ) ;
#1193 = ORIENTED_EDGE ( 'NONE', *, *, #481, .F. ) ;
#1194 = DIRECTION ( 'NONE',  ( 1.000000000000000000, 0.000000000000000000, 0.000000000000000000 ) ) ;
#1195 = CARTESIAN_POINT ( 'NONE',  ( -14.74396439326095098, -16.63721625371002588, 3.492661466410541315 ) ) ;
#1196 = CARTESIAN_POINT ( 'NONE',  ( -17.06945070525920016, 14.24102358051295347, 165.2700000000000102 ) ) ;
#1197 = CARTESIAN_POINT ( 'NONE',  ( 0.2631602613218758657, -25.39896028304906039, 167.2569156513386019 ) ) ;
#1198 = CARTESIAN_POINT ( 'NONE',  ( 0.000000000000000000, 0.000000000000000000, 3.000000000000000000 ) ) ;
#1199 = DIRECTION ( 'NONE',  ( -0.000000000000000000, -1.000000000000000000, -0.000000000000000000 ) ) ;
#1200 = CARTESIAN_POINT ( 'NONE',  ( -1.986846511278179905, -25.32218583065128925, 165.5334962468723177 ) ) ;
#1201 = CIRCLE ( 'NONE', #2888, 22.22999999999999687 ) ;
#1202 = CARTESIAN_POINT ( 'NONE',  ( 14.44778121665279436, -16.89510323700496031, 3.994340902199700949 ) ) ;
#1203 = CARTESIAN_POINT ( 'NONE',  ( 17.60291455534483163, -18.31157717465345058, 6.935944692579323778 ) ) ;
#1204 = CARTESIAN_POINT ( 'NONE',  ( 0.000000000000000000, 0.000000000000000000, 170.2700000000000102 ) ) ;
#1205 = ORIENTED_EDGE ( 'NONE', *, *, #293, .T. ) ;
#1206 = DIRECTION ( 'NONE',  ( 0.7071067811865519026, -0.7071067811865432429, 0.000000000000000000 ) ) ;
#1207 = CARTESIAN_POINT ( 'NONE',  ( -0.2643715621361499846, 22.23000000000001108, 167.2700000000000102 ) ) ;
#1208 = APPLICATION_PROTOCOL_DEFINITION ( 'draft international standard', 'automotive_design', 1998, #1659 ) ;
#1209 = CARTESIAN_POINT ( 'NONE',  ( 19.05009446191745326, -16.80057118079087886, 166.4893869931455583 ) ) ;
#1210 = ORIENTED_EDGE ( 'NONE', *, *, #1261, .F. ) ;
#1211 = CARTESIAN_POINT ( 'NONE',  ( -1.717424411943573759, -25.34197597017967496, 6.003074719184656516 ) ) ;
#1212 = CARTESIAN_POINT ( 'NONE',  ( 25.36576455042078138, 1.321559537445279542, 163.7631892091698376 ) ) ;
#1213 = DIRECTION ( 'NONE',  ( -0.7071067811865467956, -0.7071067811865484609, 0.000000000000000000 ) ) ;
#1214 = EDGE_CURVE ( 'NONE', #3050, #2235, #2768, .T. ) ;
#1215 = DIRECTION ( 'NONE',  ( -1.040834085586084257E-14, 1.000000000000000000, 0.000000000000000000 ) ) ;
#1216 = CARTESIAN_POINT ( 'NONE',  ( 0.000000000000000000, 25.40099999999999980, 163.2700000000000102 ) ) ;
#1217 = CARTESIAN_POINT ( 'NONE',  ( -25.38121500696577826, -1.005952877809088708, 167.0181311140676996 ) ) ;
#1218 = CARTESIAN_POINT ( 'NONE',  ( -19.05525352655478244, 16.79557975174810025, 164.0391456347585404 ) ) ;
#1219 = CARTESIAN_POINT ( 'NONE',  ( 22.22999999999999687, 2.722389866288211113E-15, 167.2700000000000102 ) ) ;
#1220 = VECTOR ( 'NONE', #1177, 999.9999999999998863 ) ;
#1221 = CARTESIAN_POINT ( 'NONE',  ( 22.20735233757657312, 1.009175892585157941, 3.258065081231755311 ) ) ;
#1222 = DIRECTION ( 'NONE',  ( 0.000000000000000000, 0.000000000000000000, 1.000000000000000000 ) ) ;
#1223 = ORIENTED_EDGE ( 'NONE', *, *, #270, .T. ) ;
#1224 = CARTESIAN_POINT ( 'NONE',  ( 14.29018370270438965, 17.02833524791660125, 165.7879368678978835 ) ) ;
#1225 = CARTESIAN_POINT ( 'NONE',  ( -1.735233538111461415, 22.16229163636066701, 164.2669829816456684 ) ) ;
#1226 = CARTESIAN_POINT ( 'NONE',  ( 16.56484366952240705, -14.82609249970643361, 166.8688743363070159 ) ) ;
#1227 = VERTEX_POINT ( 'NONE', #444 ) ;
#1228 = CARTESIAN_POINT ( 'NONE',  ( -19.27707555228409575, -16.53949867202040380, 165.7895416273611886 ) ) ;
#1229 = CARTESIAN_POINT ( 'NONE',  ( -15.06732135811432371, -16.34513471146406971, 3.202059405090971644 ) ) ;
#1230 = B_SPLINE_CURVE_WITH_KNOTS ( 'NONE', 3,
 ( #1610, #31, #404, #555, #2661, #2394, #2647, #2747, #1083, #668, #588, #1354, #2889, #2633 ),
 .UNSPECIFIED., .F., .F.,
 ( 4, 2, 2, 2, 2, 2, 4 ),
 ( 0.009384921179803967783, 0.009775641887684335604, 0.01016636259556470169, 0.01055708330344506951, 0.01094780401132543733, 0.01172924542708616950, 0.01251068684284690341 ),
 .UNSPECIFIED. ) ;
#1231 = CARTESIAN_POINT ( 'NONE',  ( 19.26546588759975265, 16.55302033588147737, 5.519542488925734069 ) ) ;
#1232 = CARTESIAN_POINT ( 'NONE',  ( 2.000046805627660351, -25.32113371825035131, 165.3997839555831888 ) ) ;
#1233 = CARTESIAN_POINT ( 'NONE',  ( -16.89789632501106098, -14.44435090484147111, 166.2735071107175884 ) ) ;
#1234 = EDGE_CURVE ( 'NONE', #1069, #1088, #1175, .T. ) ;
#1235 = CARTESIAN_POINT ( 'NONE',  ( -25.32113741521102668, -2.000000000000089706, 165.2700000000000102 ) ) ;
#1236 = CARTESIAN_POINT ( 'NONE',  ( -1.953738401587723050, 25.32476183061955410, 5.518760360337344295 ) ) ;
#1237 = CARTESIAN_POINT ( 'NONE',  ( 0.000000000000000000, 0.000000000000000000, 3.000000000000000000 ) ) ;
#1238 = CARTESIAN_POINT ( 'NONE',  ( -25.32415258441785255, -1.964062528596737023, 4.470388061488361764 ) ) ;
#1239 = CARTESIAN_POINT ( 'NONE',  ( 22.22882246134126305, -0.2621377159455682282, 163.2829696111777196 ) ) ;
#1240 = ORIENTED_EDGE ( 'NONE', *, *, #82, .F. ) ;
#1241 = CARTESIAN_POINT ( 'NONE',  ( -18.14609318624613366, -17.77345337628706545, 163.2831534655782946 ) ) ;
#1242 = CARTESIAN_POINT ( 'NONE',  ( -2.000102620185596258, 22.13983941945989287, 165.4005069775235484 ) ) ;
#1243 = PRODUCT_DEFINITION_FORMATION_WITH_SPECIFIED_SOURCE ( 'ANY', '', #338, .NOT_KNOWN. ) ;
#1244 = CARTESIAN_POINT ( 'NONE',  ( 15.53261990999509301, -15.90368135828914831, 167.2570245213942712 ) ) ;
#1245 = EDGE_LOOP ( 'NONE', ( #414, #3215 ) ) ;
#1246 = CARTESIAN_POINT ( 'NONE',  ( 1.880359038952257755, 22.15038778861010726, 4.356349555729146061 ) ) ;
#1247 = DIRECTION ( 'NONE',  ( 0.000000000000000000, 0.000000000000000000, 1.000000000000000000 ) ) ;
#1248 = CARTESIAN_POINT ( 'NONE',  ( -22.23000000000000043, -0.2627193652830296933, 7.002255451289641108 ) ) ;
#1249 = CARTESIAN_POINT ( 'NONE',  ( 1.237900703883726639, -25.37004845386409713, 6.590051269814136248 ) ) ;
#1250 = CARTESIAN_POINT ( 'NONE',  ( -0.01777034590337913528, 25.39999378375527073, 7.000000000000000000 ) ) ;
#1251 = CARTESIAN_POINT ( 'NONE',  ( 16.80772833456585502, -19.04453510132786320, 3.771259119252805991 ) ) ;
#1252 = CARTESIAN_POINT ( 'NONE',  ( -22.22999999999999687, -1.972152263052529514E-28, 163.2700000000000102 ) ) ;
#1253 = CARTESIAN_POINT ( 'NONE',  ( -0.2808082369876576667, 25.39877182432969960, 6.986938718947972582 ) ) ;
#1254 = CARTESIAN_POINT ( 'NONE',  ( -14.83312443049737794, 16.55787074857977004, 166.8604717571295453 ) ) ;
#1255 = ADVANCED_FACE ( 'NONE', ( #1062 ), #2391, .F. ) ;
#1256 = CARTESIAN_POINT ( 'NONE',  ( -14.99392229124125286, 16.41240464371307084, 163.5347672926573068 ) ) ;
#1257 = CARTESIAN_POINT ( 'NONE',  ( 19.14259963434398060, 16.69523456159249974, 3.994394936990738554 ) ) ;
#1258 = VERTEX_POINT ( 'NONE', #2611 ) ;
#1259 = FACE_OUTER_BOUND ( 'NONE', #3011, .T. ) ;
#1260 = AXIS2_PLACEMENT_3D ( 'NONE', #1560, #259, #30 ) ;
#1261 = EDGE_CURVE ( 'NONE', #345, #1350, #531, .T. ) ;
#1262 =( NAMED_UNIT ( * ) SI_UNIT ( $, .STERADIAN. ) SOLID_ANGLE_UNIT ( ) );
#1263 = CARTESIAN_POINT ( 'NONE',  ( 16.16956547006701328, 15.25557947778816370, 163.3727715873505701 ) ) ;
#1264 = ORIENTED_EDGE ( 'NONE', *, *, #2503, .T. ) ;
#1265 = CARTESIAN_POINT ( 'NONE',  ( -14.63050197746250092, 16.73708661976999679, 6.321110124393014118 ) ) ;
#1266 = CARTESIAN_POINT ( 'NONE',  ( -19.18658473296531142, -16.64444346626311955, 166.1565417237716247 ) ) ;
#1267 = CARTESIAN_POINT ( 'NONE',  ( 25.37097993239351013, 1.218684255305500397, 163.6788210918599020 ) ) ;
#1268 = CARTESIAN_POINT ( 'NONE',  ( 18.56401035086372531, 17.33644138141836422, 6.797929354333959395 ) ) ;
#1269 = B_SPLINE_CURVE_WITH_KNOTS ( 'NONE', 3,
 ( #2136, #807, #1592, #1321, #2332, #2659, #1811, #1844, #533, #1064, #2645, #2346, #3365, #2613, #319, #2886, #258, #569, #2084, #553, #1033, #775, #2630, #841, #2363, #289 ),
 .UNSPECIFIED., .F., .F.,
 ( 4, 2, 2, 2, 2, 2, 2, 2, 2, 2, 2, 2, 4 ),
 ( 0.006256072710263547304, 0.007037899941478293134, 0.007819727172693038963, 0.008210640788300414480, 0.008601554403907789997, 0.008992468019515167249, 0.009383381635122541031, 0.009774295250729918283, 0.01016520886633729207, 0.01055612248194466932, 0.01094703609755204483, 0.01172886332876679760, 0.01251069055998154864 ),
 .UNSPECIFIED. ) ;
#1270 = CARTESIAN_POINT ( 'NONE',  ( 25.40100000000008151, 1.982229654096709481, 5.000000000000000000 ) ) ;
#1271 = CARTESIAN_POINT ( 'NONE',  ( 18.66634754056922318, -17.22612267385048668, 3.263390775032964708 ) ) ;
#1272 = CARTESIAN_POINT ( 'NONE',  ( -26.80264803028099152, 23.99935196971898321, 5.000000000000000000 ) ) ;
#1273 = CARTESIAN_POINT ( 'NONE',  ( -0.9047016105883168846, 25.38417159870731155, 3.202638663651037998 ) ) ;
#1274 = CARTESIAN_POINT ( 'NONE',  ( -15.08031172833861611, 16.33314986828373350, 167.0678819789940235 ) ) ;
#1275 = CARTESIAN_POINT ( 'NONE',  ( 22.14329942246923366, 1.964040358632023198, 4.470310523145839987 ) ) ;
#1276 = B_SPLINE_CURVE_WITH_KNOTS ( 'NONE', 3,
 ( #3332, #3060, #793, #484, #2056, #535, #762, #1799, #2615, #2840, #2071, #3111, #777, #2858, #1102, #2102, #2487, #1594, #1625, #305, #843, #1880, #1453, #1337, #2219, #153 ),
 .UNSPECIFIED., .F., .F.,
 ( 4, 2, 2, 2, 2, 2, 2, 2, 2, 2, 2, 2, 4 ),
 ( 0.006255331755567101332, 0.007037067649956442981, 0.007818803544345784631, 0.008209671491540459359, 0.008600539438735135822, 0.008991407385929810550, 0.009382275333124487013, 0.009773143280319161741, 0.01016401122751383820, 0.01055487917470851293, 0.01094574712190318939, 0.01172748301629253712, 0.01250921891068188310 ),
 .UNSPECIFIED. ) ;
#1277 = ORIENTED_EDGE ( 'NONE', *, *, #1716, .F. ) ;
#1278 = PRODUCT_RELATED_PRODUCT_CATEGORY ( 'part', '', ( #3174 ) ) ;
#1279 = CARTESIAN_POINT ( 'NONE',  ( -17.59188753185572196, -18.32216788611091474, 163.3334243183875003 ) ) ;
#1280 = VECTOR ( 'NONE', #3024, 1000.000000000000000 ) ;
#1281 = CARTESIAN_POINT ( 'NONE',  ( -18.58822139206269597, 17.31048033970315103, 3.202032196109311446 ) ) ;
#1282 = AXIS2_PLACEMENT_3D ( 'NONE', #2063, #3135, #528 ) ;
#1283 = ORIENTED_EDGE ( 'NONE', *, *, #2610, .F. ) ;
#1284 = ADVANCED_FACE ( 'NONE', ( #44 ), #773, .F. ) ;
#1285 = CARTESIAN_POINT ( 'NONE',  ( -16.57672025274946392, 14.81281240699219204, 6.598859282404713866 ) ) ;
#1286 = B_SPLINE_CURVE_WITH_KNOTS ( 'NONE', 3,
 ( #2396, #355, #2662, #1403, #1389, #49, #2439, #1103, #102, #2426, #3175, #844, #1149, #2188, #3226, #2924, #893, #589, #1932, #2971, #157, #1164, #1986, #1233, #1709, #2242, #1949, #2751, #2003, #910 ),
 .UNSPECIFIED., .F., .F.,
 ( 4, 2, 2, 2, 2, 2, 2, 2, 2, 2, 2, 2, 2, 2, 4 ),
 ( 0.000000000000000000, 0.0003910044954582707366, 0.0007820089909165414731, 0.001173013486374812047, 0.001564017981833082946, 0.002346026972749683075, 0.003128035963666283854, 0.003519040459124580557, 0.003910044954582876826, 0.004301049450041173096, 0.004692053945499469365, 0.005083058440957765635, 0.005474062936416061904, 0.005865067431874359041, 0.006256071927332655311 ),
 .UNSPECIFIED. ) ;
#1287 = CARTESIAN_POINT ( 'NONE',  ( 0.01777034590337913528, -25.39999378375527073, 3.000000000000000000 ) ) ;
#1288 = CARTESIAN_POINT ( 'NONE',  ( -16.88630737347459743, -14.45789736509230572, 6.003512773590653495 ) ) ;
#1289 = CARTESIAN_POINT ( 'NONE',  ( 17.86602679096094093, -18.05498591109685336, 163.2701058073760692 ) ) ;
#1290 = CYLINDRICAL_SURFACE ( 'NONE', #1587, 2.000000000000000000 ) ;
#1291 = CARTESIAN_POINT ( 'NONE',  ( 25.31972754259398428, 2.017770345903644014, 4.734307853815175271 ) ) ;
#1292 = CARTESIAN_POINT ( 'NONE',  ( -14.83430185105743959, -16.55681823370937167, 163.6782936017518466 ) ) ;
#1293 = DIRECTION ( 'NONE',  ( -0.7071067811865487940, 0.7071067811865463515, -0.000000000000000000 ) ) ;
#1294 = CARTESIAN_POINT ( 'NONE',  ( 15.62448422883140964, -15.81347005451704391, 163.2701038098146000 ) ) ;
#1295 = VERTEX_POINT ( 'NONE', #256 ) ;
#1296 = CARTESIAN_POINT ( 'NONE',  ( 25.40000000000000568, -0.1321047755435979520, 163.2700000000000671 ) ) ;
#1297 = CARTESIAN_POINT ( 'NONE',  ( -19.29603293369020278, 16.51766198679763420, 4.473047869004765253 ) ) ;
#1298 = ORIENTED_EDGE ( 'NONE', *, *, #3189, .F. ) ;
#1299 = CARTESIAN_POINT ( 'NONE',  ( -14.56790689513844228, 16.79149372824178954, 6.220083478027101265 ) ) ;
#1300 = FACE_OUTER_BOUND ( 'NONE', #1310, .T. ) ;
#1301 = CARTESIAN_POINT ( 'NONE',  ( -22.14557145958545448, 1.935774735647863842, 165.7894809334688375 ) ) ;
#1302 = EDGE_CURVE ( 'NONE', #1379, #2692, #1826, .T. ) ;
#1303 = CARTESIAN_POINT ( 'NONE',  ( 0.2808082369876581108, -25.39877182432968183, 6.986938718947970806 ) ) ;
#1304 = CARTESIAN_POINT ( 'NONE',  ( 25.35110078436806802, -1.576971964609538812, 6.213907653760459837 ) ) ;
#1305 = CARTESIAN_POINT ( 'NONE',  ( -0.01777034590337889935, -25.40099999999999980, 3.000000000000000000 ) ) ;
#1306 = CARTESIAN_POINT ( 'NONE',  ( -22.22882562476509705, 0.2615415382946950640, 6.984658721785692137 ) ) ;
#1307 = CARTESIAN_POINT ( 'NONE',  ( 0.6450009410097640172, 22.22097107777047853, 167.1676722192885904 ) ) ;
#1308 = CARTESIAN_POINT ( 'NONE',  ( -14.44435090484141426, 16.89789632501111782, 166.2735071107175884 ) ) ;
#1309 = CARTESIAN_POINT ( 'NONE',  ( -17.06945070525921437, 14.24102358051296591, 165.0056283546953750 ) ) ;
#1310 = EDGE_LOOP ( 'NONE', ( #2335, #1552, #376, #232 ) ) ;
#1311 = CARTESIAN_POINT ( 'NONE',  ( -25.35112050089724178, 1.585593822097616457, 3.776689856587235106 ) ) ;
#1312 = ITEM_DEFINED_TRANSFORMATION ( 'NONE', 'NONE', #2370,  #2259 ) ;
#1313 = CARTESIAN_POINT ( 'NONE',  ( 16.49053441127920294, -19.31896153602507837, 165.2700000000000102 ) ) ;
#1314 = VERTEX_POINT ( 'NONE', #568 ) ;
#1315 = CARTESIAN_POINT ( 'NONE',  ( 0.000000000000000000, 0.000000000000000000, 170.2700000000000102 ) ) ;
#1316 = VECTOR ( 'NONE', #2491, 1000.000000000000000 ) ;
#1317 = CARTESIAN_POINT ( 'NONE',  ( -22.13984868963652630, 1.999999999999923617, 165.2700000000000102 ) ) ;
#1318 = CARTESIAN_POINT ( 'NONE',  ( -22.17316404145364572, 1.590272035375322357, 166.4898345140166782 ) ) ;
#1319 = CARTESIAN_POINT ( 'NONE',  ( 25.37137641464727267, -1.210283616776141491, 6.583874012550311683 ) ) ;
#1320 = CYLINDRICAL_SURFACE ( 'NONE', #2745, 2.000000000000001332 ) ;
#1321 = CARTESIAN_POINT ( 'NONE',  ( -14.44778121665268600, 16.89510323700505978, 3.994340902199700949 ) ) ;
#1322 = EDGE_CURVE ( 'NONE', #747, #486, #2360, .T. ) ;
#1323 = CARTESIAN_POINT ( 'NONE',  ( -16.86313612203112910, 18.99482529799577790, 166.5911304877113821 ) ) ;
#1324 = CARTESIAN_POINT ( 'NONE',  ( -16.74802587750949456, 14.61797080164221185, 166.5922856826451834 ) ) ;
#1325 = CYLINDRICAL_SURFACE ( 'NONE', #949, 2.000000000000000000 ) ;
#1326 = ORIENTED_EDGE ( 'NONE', *, *, #3146, .F. ) ;
#1327 = CARTESIAN_POINT ( 'NONE',  ( 18.87180423976938215, 17.00069166913695184, 163.7645217912211706 ) ) ;
#1328 = CARTESIAN_POINT ( 'NONE',  ( -18.81320667233996247, 17.06561125725310291, 3.408266631888062559 ) ) ;
#1329 = ORIENTED_EDGE ( 'NONE', *, *, #1837, .F. ) ;
#1330 = CARTESIAN_POINT ( 'NONE',  ( 2.004794754338081741, -22.13942989466815092, 5.262381960104284495 ) ) ;
#1331 = CARTESIAN_POINT ( 'NONE',  ( -1.025828723973332579, 22.20762246485096014, 6.746899402973502546 ) ) ;
#1332 = CARTESIAN_POINT ( 'NONE',  ( -22.22429843519809012, 0.5195291272680603312, 167.2057661007086438 ) ) ;
#1333 = DIRECTION ( 'NONE',  ( 0.7071067811865389130, 0.7071067811865561215, -0.000000000000000000 ) ) ;
#1334 = CARTESIAN_POINT ( 'NONE',  ( 22.17912392473492034, 1.505958140148341728, 166.5925370775912029 ) ) ;
#1335 = CARTESIAN_POINT ( 'NONE',  ( 2.500000000000000000, 3.061616997868383141E-16, 3.000000000000000000 ) ) ;
#1336 = CARTESIAN_POINT ( 'NONE',  ( 0.2622101417967889758, 22.22882138029716614, 167.2570182240739030 ) ) ;
#1337 = CARTESIAN_POINT ( 'NONE',  ( -16.51766198679756670, -19.29603293369026318, 4.473047869004766142 ) ) ;
#1338 = B_SPLINE_CURVE_WITH_KNOTS ( 'NONE', 3,
 ( #136, #83, #976, #1454, #2488, #421, #2783, #669, #2311, #2541, #688, #154, #1248, #1704 ),
 .UNSPECIFIED., .F., .F.,
 ( 4, 2, 2, 2, 2, 2, 4 ),
 ( 0.000000000000000000, 0.0003933182883778431208, 0.0007866365767556862416, 0.001179954865133529471, 0.001573273153511372483, 0.002359909730267061110, 0.003146546307022749303 ),
 .UNSPECIFIED. ) ;
#1339 = CARTESIAN_POINT ( 'NONE',  ( 16.80868177553428211, -14.54906590670538513, 164.0391059121116939 ) ) ;
#1340 = ADVANCED_FACE ( 'NONE', ( #1079 ), #2116, .T. ) ;
#1341 = ORIENTED_EDGE ( 'NONE', *, *, #1322, .T. ) ;
#1342 = FACE_OUTER_BOUND ( 'NONE', #2926, .T. ) ;
#1343 = CARTESIAN_POINT ( 'NONE',  ( -19.30738406092768855, -16.50408800036631263, 5.000000000000000000 ) ) ;
#1344 = ORIENTED_EDGE ( 'NONE', *, *, #2051, .T. ) ;
#1345 = B_SPLINE_CURVE_WITH_KNOTS ( 'NONE', 3,
 ( #2534, #3114, #2795, #782, #2303, #2812, #199, #1816, #3369, #506, #1787, #1241, #2571, #523, #3064, #1279, #2321, #2285, #1564, #1004, #1548, #3354, #3317, #2604, #731, #1022 ),
 .UNSPECIFIED., .F., .F.,
 ( 4, 2, 2, 2, 2, 2, 2, 2, 2, 2, 2, 2, 4 ),
 ( 0.006255331148979756742, 0.007037066762667528765, 0.007818802376355300787, 0.008209670183199214988, 0.008600537990043130923, 0.008991405796887046858, 0.009382273603730961059, 0.009773141410574876994, 0.01016400921741879119, 0.01055487702426270713, 0.01094574483110662133, 0.01172748044479444800, 0.01250921605848227466 ),
 .UNSPECIFIED. ) ;
#1346 = CYLINDRICAL_SURFACE ( 'NONE', #2724, 2.000000000000000000 ) ;
#1347 = CARTESIAN_POINT ( 'NONE',  ( 18.85988223425336585, 17.01391649088074942, 3.494511790062043488 ) ) ;
#1348 = CARTESIAN_POINT ( 'NONE',  ( -1.609471943056402177, 22.17177888676143027, 6.218009289425580732 ) ) ;
#1349 = CARTESIAN_POINT ( 'NONE',  ( -16.99216643014004191, -14.33323813730182117, 5.644287227477458480 ) ) ;
#1350 = VERTEX_POINT ( 'NONE', #497 ) ;
#1351 = CARTESIAN_POINT ( 'NONE',  ( 1.778930862175492233, 25.33767841636871410, 5.888286748138052751 ) ) ;
#1352 = CARTESIAN_POINT ( 'NONE',  ( -22.23000000000000043, -0.1325687400946294336, 2.998901005174814394 ) ) ;
#1353 = CARTESIAN_POINT ( 'NONE',  ( -18.80929584067886751, 17.07057501755027928, 166.8688967389583411 ) ) ;
#1354 = CARTESIAN_POINT ( 'NONE',  ( -22.14481093834322323, -1.946866753322793464, 164.7432335269932651 ) ) ;
#1355 = CARTESIAN_POINT ( 'NONE',  ( 14.24102358051277584, 17.06945070525934582, 165.2700000000000102 ) ) ;
#1356 = ORIENTED_EDGE ( 'NONE', *, *, #1571, .T. ) ;
#1357 = B_SPLINE_CURVE_WITH_KNOTS ( 'NONE', 3,
 ( #878, #2380, #339, #292, #1656, #1626, #2172, #2412, #32, #618, #573, #86, #1121, #1084, #2121, #2698, #2940, #604 ),
 .UNSPECIFIED., .F., .F.,
 ( 4, 2, 2, 2, 2, 2, 2, 2, 4 ),
 ( 0.003146546307022901959, 0.003535237107427981543, 0.003923927907833061127, 0.004312618708238140711, 0.004701309508643220295, 0.005090000309048299879, 0.005478691109453378595, 0.005867381909858458179, 0.006256072710263537763 ),
 .UNSPECIFIED. ) ;
#1358 = CARTESIAN_POINT ( 'NONE',  ( -25.39999999999999858, -3.393403512943965433E-23, 167.2700000000000102 ) ) ;
#1359 = ADVANCED_FACE ( 'NONE', ( #2579 ), #1290, .F. ) ;
#1360 = CARTESIAN_POINT ( 'NONE',  ( 0.2621798004578251295, 25.39896871833288827, 167.2570214773069779 ) ) ;
#1361 = VERTEX_POINT ( 'NONE', #2693 ) ;
#1362 = CARTESIAN_POINT ( 'NONE',  ( -25.39999999999999858, -2.824731747092071872E-16, 6.999921052143426969 ) ) ;
#1363 = ADVANCED_FACE ( 'NONE', ( #1143, #2184, #923, #1652, #2151, #857, #2952 ), #2451, .T. ) ;
#1364 = UNCERTAINTY_MEASURE_WITH_UNIT (LENGTH_MEASURE( 1.000000000000000082E-05 ), #1502, 'distance_accuracy_value', 'NONE');
#1365 = CARTESIAN_POINT ( 'NONE',  ( 18.31174307638103471, 17.60273866416873645, 3.064150756085525895 ) ) ;
#1366 = CARTESIAN_POINT ( 'NONE',  ( -0.5242667765001692848, -22.22512197768623565, 167.2175640660568945 ) ) ;
#1367 = CARTESIAN_POINT ( 'NONE',  ( 17.77543894746412789, 18.14557507200912312, 167.2699060233794057 ) ) ;
#1368 = ORIENTED_EDGE ( 'NONE', *, *, #2173, .F. ) ;
#1369 = VECTOR ( 'NONE', #3310, 1000.000000000000000 ) ;
#1370 = FACE_OUTER_BOUND ( 'NONE', #472, .T. ) ;
#1371 = CARTESIAN_POINT ( 'NONE',  ( -22.17827515640176372, -1.518460785183674888, 3.671422207489711820 ) ) ;
#1372 = CARTESIAN_POINT ( 'NONE',  ( -18.32872668613144285, 17.58623765863889332, 167.2173642258065911 ) ) ;
#1373 = CARTESIAN_POINT ( 'NONE',  ( -16.53917934341296458, -19.27734931919925998, 165.7878852841656681 ) ) ;
#1374 = DIRECTION ( 'NONE',  ( 0.000000000000000000, 0.000000000000000000, 1.000000000000000000 ) ) ;
#1375 = ORIENTED_EDGE ( 'NONE', *, *, #675, .F. ) ;
#1376 = CARTESIAN_POINT ( 'NONE',  ( 19.05631516594318953, 16.79437114837012501, 164.0412658208250321 ) ) ;
#1377 = CARTESIAN_POINT ( 'NONE',  ( -25.39567577027443335, -0.5278753239375028050, 6.951530509404983960 ) ) ;
#1378 = CARTESIAN_POINT ( 'NONE',  ( -22.16256469319433720, 1.733038961095894948, 3.999082456702287125 ) ) ;
#1379 = VERTEX_POINT ( 'NONE', #1178 ) ;
#1380 = CARTESIAN_POINT ( 'NONE',  ( 2.017817450687254599, -22.13823192438708887, 5.129798344303912572 ) ) ;
#1381 = CARTESIAN_POINT ( 'NONE',  ( -1.230896349627232711, -22.19666418397164875, 163.6722120698324829 ) ) ;
#1382 = CARTESIAN_POINT ( 'NONE',  ( 18.87012139278403211, 17.00256647077511474, 166.7778310394943162 ) ) ;
#1383 = APPLICATION_CONTEXT ( 'automotive_design' ) ;
#1384 = ADVANCED_FACE ( 'NONE', ( #1370 ), #3203, .F. ) ;
#1385 = ORIENTED_EDGE ( 'NONE', *, *, #2673, .T. ) ;
#1386 = DIRECTION ( 'NONE',  ( 0.7071067811865519026, -0.7071067811865432429, 0.000000000000000000 ) ) ;
#1387 = CARTESIAN_POINT ( 'NONE',  ( -22.22999999999999687, -3.178360030180717615E-23, 167.2700000000000102 ) ) ;
#1388 = CARTESIAN_POINT ( 'NONE',  ( -1.796745090025901881, 25.33642131495034988, 164.3818206553037840 ) ) ;
#1389 = CARTESIAN_POINT ( 'NONE',  ( -14.31978848009973682, -17.00350249363462041, 165.9150003944326954 ) ) ;
#1390 = CARTESIAN_POINT ( 'NONE',  ( -16.80975396758213591, -14.54782294546935084, 164.0412552751285205 ) ) ;
#1391 = CARTESIAN_POINT ( 'NONE',  ( 18.57777044073245420, 17.32169419485700246, 163.4732552325852453 ) ) ;
#1392 = CARTESIAN_POINT ( 'NONE',  ( 19.33053013762956240, -16.47697194869843784, 4.999999999999999112 ) ) ;
#1393 = CARTESIAN_POINT ( 'NONE',  ( -16.63120715191877963, -19.19805937180195698, 5.887137617817033153 ) ) ;
#1394 = EDGE_LOOP ( 'NONE', ( #828, #629, #1563, #3236 ) ) ;
#1395 = PRESENTATION_STYLE_ASSIGNMENT (( #2879 ) ) ;
#1396 = CARTESIAN_POINT ( 'NONE',  ( 22.21263817347216118, 0.8867263945380224888, 163.4725310115991306 ) ) ;
#1397 = CARTESIAN_POINT ( 'NONE',  ( 17.05801519508644049, 14.25471913452524753, 5.130562691583422819 ) ) ;
#1398 = ORIENTED_EDGE ( 'NONE', *, *, #1757, .T. ) ;
#1399 = ADVANCED_FACE ( 'NONE', ( #2919 ), #615, .F. ) ;
#1400 = DIRECTION ( 'NONE',  ( -1.000000000000000000, 0.000000000000000000, 0.000000000000000000 ) ) ;
#1401 = CARTESIAN_POINT ( 'NONE',  ( -22.13984868963651209, -2.000000000000079048, 165.2700000000000102 ) ) ;
#1402 = CARTESIAN_POINT ( 'NONE',  ( 1.321100789424373367, 22.19090677780129184, 163.7626414831569264 ) ) ;
#1403 = CARTESIAN_POINT ( 'NONE',  ( -14.29018370270451221, -17.02833524791650532, 165.7879368678978835 ) ) ;
#1404 = CARTESIAN_POINT ( 'NONE',  ( -15.25768768915725460, -16.16757768667263306, 163.3717777028502098 ) ) ;
#1405 = DIRECTION ( 'NONE',  ( 1.000000000000000000, 0.000000000000000000, 0.000000000000000000 ) ) ;
#1406 = CARTESIAN_POINT ( 'NONE',  ( -25.33528959235216149, -1.812639706458779587, 4.108047369533274207 ) ) ;
#1407 = CARTESIAN_POINT ( 'NONE',  ( 1.999906000708953746, 25.32114483978153530, 165.5317257871155050 ) ) ;
#1408 = ORIENTED_EDGE ( 'NONE', *, *, #2842, .F. ) ;
#1409 = CARTESIAN_POINT ( 'NONE',  ( 17.06945070525900832, 14.24102358051319328, 165.4005629343388080 ) ) ;
#1410 = CARTESIAN_POINT ( 'NONE',  ( 17.76270014013957166, 18.15661936261021836, 3.012796581546538732 ) ) ;
#1411 = CARTESIAN_POINT ( 'NONE',  ( -1.936563774914124014, -22.14550218355434197, 164.7535650390844069 ) ) ;
#1412 = LINE ( 'NONE', #2446, #1692 ) ;
#1413 = ORIENTED_EDGE ( 'NONE', *, *, #2383, .F. ) ;
#1414 = DIRECTION ( 'NONE',  ( -0.000000000000000000, -0.000000000000000000, -1.000000000000000000 ) ) ;
#1415 = CARTESIAN_POINT ( 'NONE',  ( 14.25471913452518358, -17.05801519508648312, 5.000000000000000000 ) ) ;
#1416 =( GEOMETRIC_REPRESENTATION_CONTEXT ( 3 ) GLOBAL_UNCERTAINTY_ASSIGNED_CONTEXT ( ( #851 ) ) GLOBAL_UNIT_ASSIGNED_CONTEXT ( ( #3163, #611, #832 ) ) REPRESENTATION_CONTEXT ( 'NONE', 'WORKASPACE' ) );
#1417 = CARTESIAN_POINT ( 'NONE',  ( -22.17315251607003646, -1.590443384495513479, 166.4896634376239604 ) ) ;
#1418 = CARTESIAN_POINT ( 'NONE',  ( -25.32078369134564610, -2.004639338813947624, 5.263717239853613172 ) ) ;
#1419 = VECTOR ( 'NONE', #2784, 1000.000000000000000 ) ;
#1420 = CYLINDRICAL_SURFACE ( 'NONE', #2198, 2.000000000000001332 ) ;
#1421 = B_SPLINE_CURVE_WITH_KNOTS ( 'NONE', 3,
 ( #122, #677, #930, #1166, #1137, #1674, #1712, #2225, #142, #2715, #2175, #2753, #2207, #2736, #410, #3278, #372, #89, #105, #2244, #2973, #2428, #1934, #947, #3210, #881 ),
 .UNSPECIFIED., .F., .F.,
 ( 4, 2, 2, 2, 2, 2, 2, 2, 2, 2, 2, 2, 4 ),
 ( 0.006256072710263523018, 0.007037899941478265378, 0.007819727172693007738, 0.008210640788300378051, 0.008601554403907750099, 0.008992468019515122146, 0.009383381635122492459, 0.009774295250729867976, 0.01016520886633724349, 0.01055612248194461901, 0.01094703609755199453, 0.01172886332876674209, 0.01251069055998149139 ),
 .UNSPECIFIED. ) ;
#1422 = EDGE_CURVE ( 'NONE', #3069, #2149, #2764, .T. ) ;
#1423 = CARTESIAN_POINT ( 'NONE',  ( -25.40100000000024139, -2.000000000000267342, 165.2700000000000102 ) ) ;
#1424 = DIRECTION ( 'NONE',  ( 1.000000000000000000, 0.000000000000000000, 0.000000000000000000 ) ) ;
#1425 = CARTESIAN_POINT ( 'NONE',  ( 16.17980201892118686, -15.24472394873418146, 3.101791617142755086 ) ) ;
#1426 = CARTESIAN_POINT ( 'NONE',  ( -1.918060124361879559, -22.14711269898490897, 5.519181902939603646 ) ) ;
#1427 = CARTESIAN_POINT ( 'NONE',  ( 1.797917243552605626, 25.33633790241148631, 164.3841830746097230 ) ) ;
#1428 = VERTEX_POINT ( 'NONE', #649 ) ;
#1429 = CARTESIAN_POINT ( 'NONE',  ( 25.39999999999999858, 3.110602869834276076E-15, 170.2700000000000102 ) ) ;
#1430 = CARTESIAN_POINT ( 'NONE',  ( -1.589956877594137730, 22.17318748250416505, 164.0497067162823441 ) ) ;
#1431 = CARTESIAN_POINT ( 'NONE',  ( 22.19087373895134974, 1.321573973990585404, 163.7632044853107232 ) ) ;
#1432 = CARTESIAN_POINT ( 'NONE',  ( 17.23560734267939054, 18.65882677045938109, 167.0178831872067065 ) ) ;
#1433 = ORIENTED_EDGE ( 'NONE', *, *, #968, .T. ) ;
#1434 = CARTESIAN_POINT ( 'NONE',  ( -16.49053441127895425, -19.31896153602532706, 165.4021997257271721 ) ) ;
#1435 = CARTESIAN_POINT ( 'NONE',  ( 25.32253473881358730, -1.982229654096355986, 5.000000000000000000 ) ) ;
#1436 = CARTESIAN_POINT ( 'NONE',  ( 17.07254088107279344, -14.23734172960519118, 5.262210096474153609 ) ) ;
#1437 = LINE ( 'NONE', #1912, #2073 ) ;
#1438 = STYLED_ITEM ( 'NONE', ( #2805 ), #2695 ) ;
#1439 = CARTESIAN_POINT ( 'NONE',  ( -1.505479182539565919, 25.35551357273467232, 163.9469247222589274 ) ) ;
#1440 = FILL_AREA_STYLE ('',( #2021 ) ) ;
#1441 = ORIENTED_EDGE ( 'NONE', *, *, #968, .F. ) ;
#1442 = CARTESIAN_POINT ( 'NONE',  ( -16.79437114836991896, 19.05631516594335650, 164.0412658208249752 ) ) ;
#1443 = CARTESIAN_POINT ( 'NONE',  ( 15.09167030250026009, -16.32265420484135987, 3.203267061751012168 ) ) ;
#1444 = EDGE_CURVE ( 'NONE', #81, #1227, #227, .T. ) ;
#1445 = CARTESIAN_POINT ( 'NONE',  ( 16.87644963456344982, -18.98299753733447659, 6.321138993698858677 ) ) ;
#1446 = CARTESIAN_POINT ( 'NONE',  ( 22.19676707654277692, -1.219912431197347047, 166.8602141180657270 ) ) ;
#1447 = EDGE_LOOP ( 'NONE', ( #2033, #873 ) ) ;
#1448 = CARTESIAN_POINT ( 'NONE',  ( 15.34423380113053348, 16.08680759684854067, 167.2173474420115440 ) ) ;
#1449 = CARTESIAN_POINT ( 'NONE',  ( 1.220076061854857397, -22.19675807736393480, 166.8600891682033023 ) ) ;
#1450 = DIRECTION ( 'NONE',  ( 0.000000000000000000, 0.000000000000000000, 1.000000000000000000 ) ) ;
#1451 = CARTESIAN_POINT ( 'NONE',  ( 17.86874355657973368, -18.05228613850405495, 167.2700467943861042 ) ) ;
#1452 = EDGE_LOOP ( 'NONE', ( #2811, #2390, #1631, #1753 ) ) ;
#1453 = CARTESIAN_POINT ( 'NONE',  ( -16.66942016010535710, -19.16508481624930837, 3.991994365230133734 ) ) ;
#1454 = CARTESIAN_POINT ( 'NONE',  ( -22.14404304563377224, -1.953183228790357662, 5.520936903890717673 ) ) ;
#1455 = CARTESIAN_POINT ( 'NONE',  ( 14.56790689513855597, -16.79149372824169006, 6.220083478027103929 ) ) ;
#1456 = CARTESIAN_POINT ( 'NONE',  ( 0.2621798004578251295, -25.39896871833288827, 163.2829785226929857 ) ) ;
#1457 = CARTESIAN_POINT ( 'NONE',  ( 25.33971173597330306, 1.750549104182438587, 6.007359077117284230 ) ) ;
#1458 = CARTESIAN_POINT ( 'NONE',  ( -16.33474313038315273, -15.07858479958563969, 163.4732824454607965 ) ) ;
#1459 = CARTESIAN_POINT ( 'NONE',  ( -1.736622087202031040, -25.34066718958842657, 164.2693995859801248 ) ) ;
#1460 = CARTESIAN_POINT ( 'NONE',  ( 15.63715448423081611, -15.80094118634688094, 3.000100558140381679 ) ) ;
#1461 = DIRECTION ( 'NONE',  ( -0.000000000000000000, -1.000000000000000000, -0.000000000000000000 ) ) ;
#1462 = CARTESIAN_POINT ( 'NONE',  ( 22.22429843519808657, -0.5195291272680261363, 167.2057661007086153 ) ) ;
#1463 = EDGE_LOOP ( 'NONE', ( #2407, #2094, #1833, #714, #1739, #2267 ) ) ;
#1464 = EDGE_CURVE ( 'NONE', #2692, #3287, #158, .T. ) ;
#1465 = CARTESIAN_POINT ( 'NONE',  ( 16.55787074857960306, 14.83312443049755203, 166.8604717571294884 ) ) ;
#1466 = CARTESIAN_POINT ( 'NONE',  ( -25.39999999999999858, 0.1297968943280246867, 6.998767738762913027 ) ) ;
#1467 = CARTESIAN_POINT ( 'NONE',  ( 15.90407244695834343, -15.53388303287050931, 167.2699055939386028 ) ) ;
#1468 = B_SPLINE_CURVE_WITH_KNOTS ( 'NONE', 3,
 ( #1401, #891, #601, #2436, #651, #2937, #1638, #1417, #2711, #2169, #2799, #2453, #2678, #1387 ),
 .UNSPECIFIED., .F., .F.,
 ( 4, 2, 2, 2, 2, 2, 4 ),
 ( 0.000000000000000000, 0.0003910946541692748813, 0.0007821893083385496543, 0.001173283962507824319, 0.001564378616677098875, 0.002346567925015648638, 0.003128757233354197750 ),
 .UNSPECIFIED. ) ;
#1469 = ORIENTED_EDGE ( 'NONE', *, *, #1048, .F. ) ;
#1470 = EDGE_CURVE ( 'NONE', #682, #667, #1338, .T. ) ;
#1471 = CARTESIAN_POINT ( 'NONE',  ( -0.5063968385520501991, -25.39609308707851909, 6.947589395368940934 ) ) ;
#1472 = CARTESIAN_POINT ( 'NONE',  ( -14.22731785858792186, -17.08087604751890254, 4.999999999999997335 ) ) ;
#1473 = CARTESIAN_POINT ( 'NONE',  ( -22.22999999999999687, 0.000000000000000000, 170.2700000000000102 ) ) ;
#1474 = CARTESIAN_POINT ( 'NONE',  ( 0.5195418604004145013, -25.39500960894353909, 167.2057591234358256 ) ) ;
#1475 = FILL_AREA_STYLE_COLOUR ( '', #838 ) ;
#1476 = DIRECTION ( 'NONE',  ( 0.7071067811865536790, -0.7071067811865414665, -0.000000000000000000 ) ) ;
#1477 = CARTESIAN_POINT ( 'NONE',  ( -1.021258579259446631, 25.37969242560629013, 6.734932994849864407 ) ) ;
#1478 = CARTESIAN_POINT ( 'NONE',  ( -19.33053013762947003, 16.47697194869858350, 5.132199797834628541 ) ) ;
#1479 = CARTESIAN_POINT ( 'NONE',  ( 22.22086144079091596, 0.6489725607113053796, 3.097637433929281148 ) ) ;
#1480 = DIRECTION ( 'NONE',  ( 1.000000000000000000, 0.000000000000000000, -0.000000000000000000 ) ) ;
#1481 = ORIENTED_EDGE ( 'NONE', *, *, #3002, .F. ) ;
#1482 = CARTESIAN_POINT ( 'NONE',  ( 25.39209627679167625, -0.6450696106400501950, 163.3723540366849534 ) ) ;
#1483 = CARTESIAN_POINT ( 'NONE',  ( 0.5195979427610049051, -22.22429662770351655, 167.2057453509308687 ) ) ;
#1484 = DIRECTION ( 'NONE',  ( -3.425664903948729681E-15, 0.9030339969726326466, 0.4295690867737476104 ) ) ;
#1485 = CARTESIAN_POINT ( 'NONE',  ( 16.64444346626318705, -19.18658473296525457, 166.1565417237716247 ) ) ;
#1486 = ORIENTED_EDGE ( 'NONE', *, *, #3293, .T. ) ;
#1487 = CARTESIAN_POINT ( 'NONE',  ( -1.573999491045790178, -25.35128796211580138, 3.782071494343774987 ) ) ;
#1488 = CARTESIAN_POINT ( 'NONE',  ( -15.24472394873423298, -16.17980201892113357, 3.101791617142758195 ) ) ;
#1489 = EDGE_CURVE ( 'NONE', #265, #1295, #566, .T. ) ;
#1490 = CARTESIAN_POINT ( 'NONE',  ( 0.6627197338634988055, -25.39164144578226967, 3.102318485981482521 ) ) ;
#1491 = CARTESIAN_POINT ( 'NONE',  ( 1.572228141485668251, 25.35139821301824270, 6.220231351026300537 ) ) ;
#1492 = SURFACE_STYLE_USAGE ( .BOTH. , #2769 ) ;
#1493 = LINE ( 'NONE', #2023, #1369 ) ;
#1494 = CARTESIAN_POINT ( 'NONE',  ( -0.01777034590337889242, 25.39999378375527073, 3.000000000000000000 ) ) ;
#1495 = CARTESIAN_POINT ( 'NONE',  ( -19.32209098304706885, 16.48688722102354021, 5.262179769990370737 ) ) ;
#1496 = CARTESIAN_POINT ( 'NONE',  ( 19.33053013762956240, -16.47697194869843784, 4.999999999999999112 ) ) ;
#1497 = PLANE ( 'NONE',  #2617 ) ;
#1498 = AXIS2_PLACEMENT_3D ( 'NONE', #1963, #48, #2138 ) ;
#1499 = ORIENTED_EDGE ( 'NONE', *, *, #293, .F. ) ;
#1500 = CARTESIAN_POINT ( 'NONE',  ( 25.39897012976854995, -0.2620674472248957221, 163.2829604084122650 ) ) ;
#1501 = CARTESIAN_POINT ( 'NONE',  ( 1.987024579541510683, -22.14103184718756268, 165.5323796065137572 ) ) ;
#1502 =( LENGTH_UNIT ( ) NAMED_UNIT ( * ) SI_UNIT ( .MILLI., .METRE. ) );
#1503 = CARTESIAN_POINT ( 'NONE',  ( 19.25222205188885738, -16.56847853100315149, 165.9149395483285048 ) ) ;
#1504 = ORIENTED_EDGE ( 'NONE', *, *, #819, .F. ) ;
#1505 = CARTESIAN_POINT ( 'NONE',  ( -15.00713809247927699, 16.40031921381819657, 6.735272761689759413 ) ) ;
#1506 = CARTESIAN_POINT ( 'NONE',  ( -1.982131370813781324, -25.32254243235553659, 5.133591190727849529 ) ) ;
#1507 = CARTESIAN_POINT ( 'NONE',  ( 2.500000000000000000, 3.061616997868383141E-16, 3.000000000000000000 ) ) ;
#1508 = CARTESIAN_POINT ( 'NONE',  ( 17.07705597050313884, -18.80281867216640634, 163.6800446150158450 ) ) ;
#1509 = EDGE_CURVE ( 'NONE', #2140, #2910, #1724, .T. ) ;
#1510 = DIRECTION ( 'NONE',  ( -0.000000000000000000, -0.000000000000000000, -1.000000000000000000 ) ) ;
#1511 = CARTESIAN_POINT ( 'NONE',  ( 25.36521411156380168, 1.332149006604249175, 3.486854948793256970 ) ) ;
#1512 = B_SPLINE_CURVE_WITH_KNOTS ( 'NONE', 3,
 ( #3198, #2404, #23, #1074, #542, #2688, #1601, #56, #1583, #1903, #886, #2624, #2386, #1380, #1330, #1852, #1109, #816, #76, #3182, #1887, #346, #2931, #596, #1632, #2899, #561, #2639, #2672, #1090 ),
 .UNSPECIFIED., .F., .F.,
 ( 4, 2, 2, 2, 2, 2, 2, 2, 2, 2, 2, 2, 2, 2, 4 ),
 ( 3.252606517456513302E-19, 0.0003910104180949108095, 0.0007820208361898212937, 0.001173031254284731886, 0.001564041672379642370, 0.002346062508569462905, 0.003128083344759283006, 0.003519093762854194792, 0.003910104180949105709, 0.004301114599044017495, 0.004692125017138929280, 0.005083135435233841933, 0.005474145853328753718, 0.005865156271423665503, 0.006256166689518577288 ),
 .UNSPECIFIED. ) ;
#1513 = FACE_OUTER_BOUND ( 'NONE', #911, .T. ) ;
#1514 = CARTESIAN_POINT ( 'NONE',  ( -1.753082121314483599, 25.33953363165923989, 6.002828412881919817 ) ) ;
#1515 = CARTESIAN_POINT ( 'NONE',  ( -16.56484366952230047, 14.82609249970655263, 166.8688743363070159 ) ) ;
#1516 = FACE_OUTER_BOUND ( 'NONE', #2794, .T. ) ;
#1517 = CARTESIAN_POINT ( 'NONE',  ( 19.30738406092757486, 16.50408800036644053, 5.000000000000000000 ) ) ;
#1518 = VERTEX_POINT ( 'NONE', #1507 ) ;
#1519 = CARTESIAN_POINT ( 'NONE',  ( 0.01777034590337914222, 25.40099999999999980, 5.000000000000000000 ) ) ;
#1520 = DIRECTION ( 'NONE',  ( -0.4999999999999886757, -0.8660254037844451469, 2.465190328815661892E-32 ) ) ;
#1521 = CARTESIAN_POINT ( 'NONE',  ( 16.53949867202046065, -19.27707555228402825, 165.7895416273611318 ) ) ;
#1522 = ORIENTED_EDGE ( 'NONE', *, *, #2238, .T. ) ;
#1523 = CARTESIAN_POINT ( 'NONE',  ( -25.32113741521103378, 1.999999999999909406, 165.0088184267703753 ) ) ;
#1524 = DIRECTION ( 'NONE',  ( 3.469446951953611822E-15, -1.000000000000000000, 0.000000000000000000 ) ) ;
#1525 = LINE ( 'NONE', #2558, #273 ) ;
#1526 = CARTESIAN_POINT ( 'NONE',  ( 0.5373949042942798293, -25.39463861068241712, 6.935743971530771823 ) ) ;
#1527 = CARTESIAN_POINT ( 'NONE',  ( 25.38458041455292147, 0.8933241775594652490, 3.196999092363805417 ) ) ;
#1528 = CARTESIAN_POINT ( 'NONE',  ( -25.39504587352347897, -0.5176559354317762374, 163.3337676238674874 ) ) ;
#1529 = CARTESIAN_POINT ( 'NONE',  ( -18.87035789292666976, 17.00229806621777229, 163.7626206333190737 ) ) ;
#1530 = CARTESIAN_POINT ( 'NONE',  ( -16.87644963456331126, 18.98299753733458317, 6.321138993698861341 ) ) ;
#1531 = CARTESIAN_POINT ( 'NONE',  ( -17.03535534029834153, 14.28214372269331989, 164.7429772889908008 ) ) ;
#1532 = EDGE_CURVE ( 'NONE', #134, #439, #2234, .T. ) ;
#1533 = ORIENTED_EDGE ( 'NONE', *, *, #2961, .T. ) ;
#1534 = CYLINDRICAL_SURFACE ( 'NONE', #1098, 2.000000000000000000 ) ;
#1535 = CARTESIAN_POINT ( 'NONE',  ( 16.33474313038304970, 15.07858479958575693, 163.4732824454608249 ) ) ;
#1536 = ORIENTED_EDGE ( 'NONE', *, *, #2066, .F. ) ;
#1537 = CARTESIAN_POINT ( 'NONE',  ( -15.09339734199923377, 16.32105827412743082, 6.797898260996808162 ) ) ;
#1538 = CARTESIAN_POINT ( 'NONE',  ( -23.97422090553482477, 26.82777909446519971, 5.000000000000000000 ) ) ;
#1539 = CARTESIAN_POINT ( 'NONE',  ( -19.30738406092768855, -16.50408800036631263, 5.000000000000000000 ) ) ;
#1540 = CARTESIAN_POINT ( 'NONE',  ( 17.32169419485694206, -18.57777044073250750, 163.4732552325852453 ) ) ;
#1541 = CARTESIAN_POINT ( 'NONE',  ( 1.918049899130506164, 25.32748978418114305, 5.519209803320697993 ) ) ;
#1542 = CARTESIAN_POINT ( 'NONE',  ( 16.69523456159243224, -19.14259963434404810, 3.994394936990738554 ) ) ;
#1543 = CARTESIAN_POINT ( 'NONE',  ( -25.40000000000000924, -0.1319719940989029228, 163.2700000000000387 ) ) ;
#1544 = CARTESIAN_POINT ( 'NONE',  ( -1.339953889040305102, 25.36479937467180079, 3.493737238507736098 ) ) ;
#1545 = CARTESIAN_POINT ( 'NONE',  ( -16.81433360650983744, 19.03794767853442238, 6.220059161679144744 ) ) ;
#1546 = CARTESIAN_POINT ( 'NONE',  ( 15.34783358629117167, -16.08207849161013669, 163.3341714655120995 ) ) ;
#1547 = ORIENTED_EDGE ( 'NONE', *, *, #388, .T. ) ;
#1548 = CARTESIAN_POINT ( 'NONE',  ( -17.00229806621770479, -18.87035789292672305, 163.7626206333191021 ) ) ;
#1549 = ADVANCED_FACE ( 'NONE', ( #960 ), #2000, .F. ) ;
#1550 =( GEOMETRIC_REPRESENTATION_CONTEXT ( 3 ) GLOBAL_UNCERTAINTY_ASSIGNED_CONTEXT ( ( #1058 ) ) GLOBAL_UNIT_ASSIGNED_CONTEXT ( ( #2099, #1063, #2836 ) ) REPRESENTATION_CONTEXT ( 'NONE', 'WORKASPACE' ) );
#1551 = CARTESIAN_POINT ( 'NONE',  ( 15.53378096617120541, 15.90254372926551696, 163.2827930736002600 ) ) ;
#1552 = ORIENTED_EDGE ( 'NONE', *, *, #2150, .F. ) ;
#1553 = DIRECTION ( 'NONE',  ( 0.7071067811865389130, 0.7071067811865561215, -0.000000000000000000 ) ) ;
#1554 = CARTESIAN_POINT ( 'NONE',  ( -1.953597002292971840, 22.14400628956952133, 4.480803116471141045 ) ) ;
#1555 = CARTESIAN_POINT ( 'NONE',  ( -17.05801519508653641, -14.25471913452513206, 5.130562691583422819 ) ) ;
#1556 = CARTESIAN_POINT ( 'NONE',  ( 17.76271335638528015, 18.15803234189334603, 6.999901181383828330 ) ) ;
#1557 = CARTESIAN_POINT ( 'NONE',  ( 1.969053943236712900, 25.32357559176780626, 5.263643860217403159 ) ) ;
#1558 = CARTESIAN_POINT ( 'NONE',  ( 17.25053546949180472, -18.64378868730403482, 3.264724706834709167 ) ) ;
#1559 = CARTESIAN_POINT ( 'NONE',  ( -22.16346047896618998, 1.720196939550635573, 5.998119569029403131 ) ) ;
#1560 = CARTESIAN_POINT ( 'NONE',  ( 0.000000000000000000, 0.000000000000000000, 170.2700000000000102 ) ) ;
#1561 = CARTESIAN_POINT ( 'NONE',  ( -14.39648816538213083, 16.93861163961199523, 166.1565648447152057 ) ) ;
#1562 = CARTESIAN_POINT ( 'NONE',  ( -14.75569981611686110, 16.62680796672923478, 163.7645193333422071 ) ) ;
#1563 = ORIENTED_EDGE ( 'NONE', *, *, #190, .T. ) ;
#1564 = CARTESIAN_POINT ( 'NONE',  ( -17.23920348230645061, -18.65426750300463254, 163.5333784515277671 ) ) ;
#1565 = CARTESIAN_POINT ( 'NONE',  ( 17.03583769239087076, 14.28156611463985470, 164.7457336411871722 ) ) ;
#1566 = PRODUCT_RELATED_PRODUCT_CATEGORY ( 'part', '', ( #338 ) ) ;
#1567 = ORIENTED_EDGE ( 'NONE', *, *, #2238, .F. ) ;
#1568 = CARTESIAN_POINT ( 'NONE',  ( 1.780116209521364068, 22.15866908417055470, 4.114119088203468166 ) ) ;
#1569 = CARTESIAN_POINT ( 'NONE',  ( -1.754368044384415626, 22.16078454621516158, 6.000644311000097098 ) ) ;
#1570 = CARTESIAN_POINT ( 'NONE',  ( -16.15552832491455248, -15.27044501819829314, 6.898140392439600532 ) ) ;
#1571 = EDGE_CURVE ( 'NONE', #2044, #2272, #1525, .T. ) ;
#1572 = CARTESIAN_POINT ( 'NONE',  ( 17.57338458955051408, 18.34105042334736524, 6.947354859377069758 ) ) ;
#1573 = DIRECTION ( 'NONE',  ( -0.7071067811865562325, 0.7071067811865389130, 0.000000000000000000 ) ) ;
#1574 = DIRECTION ( 'NONE',  ( -0.000000000000000000, 1.000000000000000000, -0.000000000000000000 ) ) ;
#1575 = PLANE ( 'NONE',  #2669 ) ;
#1576 = CARTESIAN_POINT ( 'NONE',  ( -18.14557507200893482, 17.77543894746430908, 167.2699060233793773 ) ) ;
#1577 = CARTESIAN_POINT ( 'NONE',  ( -15.34800937984790892, 16.08191437890620890, 167.2059239329079787 ) ) ;
#1578 = CARTESIAN_POINT ( 'NONE',  ( -15.62448422883130839, 15.81347005451716115, 163.2701038098146284 ) ) ;
#1579 = VERTEX_POINT ( 'NONE', #2902 ) ;
#1580 = CARTESIAN_POINT ( 'NONE',  ( 16.53119766469562890, 19.28443796051514170, 164.7430478339650222 ) ) ;
#1581 = CARTESIAN_POINT ( 'NONE',  ( -18.33449619320127155, 17.57903843470155891, 3.063433130784167346 ) ) ;
#1582 = EDGE_LOOP ( 'NONE', ( #583, #2763 ) ) ;
#1583 = CARTESIAN_POINT ( 'NONE',  ( 1.340053272018602248, -22.18976549421972067, 3.493821293835079889 ) ) ;
#1584 = AXIS2_PLACEMENT_3D ( 'NONE', #2124, #3194, #1883 ) ;
#1585 = CARTESIAN_POINT ( 'NONE',  ( -1.607721712923228630, 22.17190649371815070, 3.779699605180016242 ) ) ;
#1586 = CARTESIAN_POINT ( 'NONE',  ( -22.14104122866304181, 1.986920332932778699, 165.5331194747421080 ) ) ;
#1587 = AXIS2_PLACEMENT_3D ( 'NONE', #2408, #62, #1386 ) ;
#1588 = ORIENTED_EDGE ( 'NONE', *, *, #1115, .F. ) ;
#1589 = EDGE_CURVE ( 'NONE', #3201, #1069, #754, .T. ) ;
#1590 = CARTESIAN_POINT ( 'NONE',  ( 1.880450583514746477, 25.33034596990660248, 4.356629299431590496 ) ) ;
#1591 = CARTESIAN_POINT ( 'NONE',  ( 22.14103282015092589, 1.987012286609006306, 165.5322700783930543 ) ) ;
#1592 = CARTESIAN_POINT ( 'NONE',  ( -14.29523152024677657, 17.02437227200650582, 4.475733149480096706 ) ) ;
#1593 = FACE_BOUND ( 'NONE', #1926, .T. ) ;
#1594 = CARTESIAN_POINT ( 'NONE',  ( -17.31048033970308708, -18.58822139206274926, 3.202032196109311446 ) ) ;
#1595 = CARTESIAN_POINT ( 'NONE',  ( 16.33305380604741330, -15.08041628215929109, 163.4720435461168790 ) ) ;
#1596 = EDGE_LOOP ( 'NONE', ( #1122, #1915, #55, #1368 ) ) ;
#1597 = CARTESIAN_POINT ( 'NONE',  ( -25.32614027202671281, 1.935788340124655837, 165.7894255220712125 ) ) ;
#1598 = CARTESIAN_POINT ( 'NONE',  ( -16.55496700521520737, -19.26384183981749487, 5.644938800957961078 ) ) ;
#1599 = ORIENTED_EDGE ( 'NONE', *, *, #1133, .F. ) ;
#1600 = AXIS2_PLACEMENT_3D ( 'NONE', #12, #2885, #2117 ) ;
#1601 = CARTESIAN_POINT ( 'NONE',  ( 1.019821807107015310, -22.20686169242680919, 3.264208176444893361 ) ) ;
#1602 = CARTESIAN_POINT ( 'NONE',  ( -1.523247300279209737, 22.17794314455041871, 3.676922649575150803 ) ) ;
#1603 = CARTESIAN_POINT ( 'NONE',  ( -15.89122601469546225, -15.54536258475284605, 6.987030884801751718 ) ) ;
#1604 = LINE ( 'NONE', #2642, #1316 ) ;
#1605 = EDGE_LOOP ( 'NONE', ( #1758, #2397, #751, #574 ) ) ;
#1606 = CARTESIAN_POINT ( 'NONE',  ( 1.982326842775774534, 25.32252713095636665, 4.869368003130619016 ) ) ;
#1607 = EDGE_CURVE ( 'NONE', #1976, #3269, #316, .T. ) ;
#1608 = CARTESIAN_POINT ( 'NONE',  ( 0.000000000000000000, 0.000000000000000000, 3.000000000000000000 ) ) ;
#1609 = CARTESIAN_POINT ( 'NONE',  ( 5.206900561147631848E-15, 22.22999999999999687, 167.2700000000000102 ) ) ;
#1610 = CARTESIAN_POINT ( 'NONE',  ( -22.22999999999999687, -1.972152263052529514E-28, 163.2700000000000102 ) ) ;
#1611 = CARTESIAN_POINT ( 'NONE',  ( 17.06945070525929964, -14.24102358051283623, 165.2700000000000102 ) ) ;
#1612 = ADVANCED_FACE ( 'NONE', ( #2389 ), #3119, .F. ) ;
#1613 = VERTEX_POINT ( 'NONE', #1539 ) ;
#1614 = CARTESIAN_POINT ( 'NONE',  ( 19.31896153602501442, 16.49053441127927044, 165.0089496864711407 ) ) ;
#1615 = CARTESIAN_POINT ( 'NONE',  ( 26.82777909446527431, 23.97422090553473240, 5.000000000000000000 ) ) ;
#1616 = CARTESIAN_POINT ( 'NONE',  ( -17.05738589559792828, -18.82125736315012432, 6.598885229220391224 ) ) ;
#1617 = ORIENTED_EDGE ( 'NONE', *, *, #882, .F. ) ;
#1618 = CARTESIAN_POINT ( 'NONE',  ( -0.5242667765001688407, 22.22512197768624276, 163.3224359339431544 ) ) ;
#1619 = CARTESIAN_POINT ( 'NONE',  ( -1.954332498857021649, 22.14394117644998516, 5.516441490339317966 ) ) ;
#1620 = CARTESIAN_POINT ( 'NONE',  ( 18.57615884618855162, 17.32342352273997577, 167.0679169032593734 ) ) ;
#1621 = ORIENTED_EDGE ( 'NONE', *, *, #2328, .T. ) ;
#1622 = DIRECTION ( 'NONE',  ( -0.000000000000000000, 1.000000000000000000, -0.000000000000000000 ) ) ;
#1623 = CARTESIAN_POINT ( 'NONE',  ( -22.22999999999999687, 0.1298142031418594300, 6.998767584965042587 ) ) ;
#1624 = CARTESIAN_POINT ( 'NONE',  ( -25.32743746133033724, 1.918737755674009726, 5.516551415411995229 ) ) ;
#1625 = CARTESIAN_POINT ( 'NONE',  ( -17.22612267385054707, -18.66634754056916634, 3.263390775032967372 ) ) ;
#1626 = CARTESIAN_POINT ( 'NONE',  ( 22.21290051868031767, -0.8800014733872751904, 6.791929635065169890 ) ) ;
#1627 = ORIENTED_EDGE ( 'NONE', *, *, #103, .F. ) ;
#1628 = CARTESIAN_POINT ( 'NONE',  ( 18.41187859790816717, 17.49792475765587341, 163.3727652449148309 ) ) ;
#1629 = EDGE_CURVE ( 'NONE', #1295, #265, #66, .T. ) ;
#1630 = CARTESIAN_POINT ( 'NONE',  ( -17.22252404398750869, -18.67090362350721122, 6.747870625126251909 ) ) ;
#1631 = ORIENTED_EDGE ( 'NONE', *, *, #2323, .T. ) ;
#1632 = CARTESIAN_POINT ( 'NONE',  ( 0.9043364230897624756, -22.21192851789190570, 6.797552067167897505 ) ) ;
#1633 =( NAMED_UNIT ( * ) SI_UNIT ( $, .STERADIAN. ) SOLID_ANGLE_UNIT ( ) );
#1634 = CARTESIAN_POINT ( 'NONE',  ( 17.07057501755008744, 18.80929584067903804, 166.8688967389583979 ) ) ;
#1635 = ORIENTED_EDGE ( 'NONE', *, *, #3089, .F. ) ;
#1636 = CIRCLE ( 'NONE', #3214, 25.39999999999999858 ) ;
#1637 = CARTESIAN_POINT ( 'NONE',  ( 25.39896212903378725, -0.2630049705925866510, 167.2569392745436119 ) ) ;
#1638 = CARTESIAN_POINT ( 'NONE',  ( -22.16225707020449320, -1.735673994262609821, 166.2722598694963381 ) ) ;
#1639 = FACE_OUTER_BOUND ( 'NONE', #1596, .T. ) ;
#1640 = DIRECTION ( 'NONE',  ( 0.000000000000000000, 0.000000000000000000, 1.000000000000000000 ) ) ;
#1641 = ORIENTED_EDGE ( 'NONE', *, *, #3108, .T. ) ;
#1642 = CARTESIAN_POINT ( 'NONE',  ( -25.32113741521103734, 1.999999999999912959, 165.2700000000000102 ) ) ;
#1643 = CARTESIAN_POINT ( 'NONE',  ( -18.64372468162457963, -17.25060258711672390, 6.735297698837810820 ) ) ;
#1644 = EDGE_LOOP ( 'NONE', ( #735, #2104 ) ) ;
#1645 = EDGE_CURVE ( 'NONE', #350, #2235, #440, .T. ) ;
#1646 = CARTESIAN_POINT ( 'NONE',  ( 17.57903843470138128, 18.33449619320145629, 3.063433130784167346 ) ) ;
#1647 = CARTESIAN_POINT ( 'NONE',  ( -1.736602556741622339, -22.16218377697776631, 164.2693641479277744 ) ) ;
#1648 = CARTESIAN_POINT ( 'NONE',  ( 16.92705934624125774, 14.41006930514243223, 5.886568378940508772 ) ) ;
#1649 = VERTEX_POINT ( 'NONE', #349 ) ;
#1650 = PRODUCT_DEFINITION_SHAPE ( 'NONE', 'NONE',  #3380 ) ;
#1651 = PRESENTATION_LAYER_ASSIGNMENT (  '', '', ( #1438 ) ) ;
#1652 = FACE_BOUND ( 'NONE', #187, .T. ) ;
#1653 =( GEOMETRIC_REPRESENTATION_CONTEXT ( 3 ) GLOBAL_UNCERTAINTY_ASSIGNED_CONTEXT ( ( #1364 ) ) GLOBAL_UNIT_ASSIGNED_CONTEXT ( ( #1502, #218, #1262 ) ) REPRESENTATION_CONTEXT ( 'NONE', 'WORKASPACE' ) );
#1654 = CARTESIAN_POINT ( 'NONE',  ( -0.01777034590337890976, 22.22999289731794548, 7.000000000000000000 ) ) ;
#1655 = CARTESIAN_POINT ( 'NONE',  ( -1.797980317037201958, 25.33633347634214417, 166.1557039984338644 ) ) ;
#1656 = CARTESIAN_POINT ( 'NONE',  ( 22.22111889379386085, -0.6397086476122030296, 6.893337642794622688 ) ) ;
#1657 = CARTESIAN_POINT ( 'NONE',  ( -15.53378096617132087, -15.90254372926541393, 163.2827930736003168 ) ) ;
#1658 = CARTESIAN_POINT ( 'NONE',  ( -1.796745090025901881, -25.33642131495034988, 166.1581793446962365 ) ) ;
#1659 = APPLICATION_CONTEXT ( 'automotive_design' ) ;
#1660 = CARTESIAN_POINT ( 'NONE',  ( -1.969071152771631139, -22.14263566826514662, 5.263534280673763277 ) ) ;
#1661 = CARTESIAN_POINT ( 'NONE',  ( 1.598897737712735356, 25.35029865657692838, 166.4994600068592092 ) ) ;
#1662 = ORIENTED_EDGE ( 'NONE', *, *, #837, .F. ) ;
#1663 = CARTESIAN_POINT ( 'NONE',  ( 17.00366070480424696, 14.31960049755170239, 165.9142852667266936 ) ) ;
#1664 = CARTESIAN_POINT ( 'NONE',  ( -1.008059024108255652, -22.20843612154294533, 163.5231006195165833 ) ) ;
#1665 = CARTESIAN_POINT ( 'NONE',  ( 14.30614110707217890, 17.01498651365268344, 5.644999411710086790 ) ) ;
#1666 = ORIENTED_EDGE ( 'NONE', *, *, #882, .T. ) ;
#1667 = CARTESIAN_POINT ( 'NONE',  ( 25.35112050089724534, -1.585593822097481231, 3.776689856587295058 ) ) ;
#1668 = EDGE_CURVE ( 'NONE', #361, #43, #2716, .T. ) ;
#1669 = CARTESIAN_POINT ( 'NONE',  ( 14.33323813730187624, -16.99216643013998151, 5.644287227477459368 ) ) ;
#1670 = CARTESIAN_POINT ( 'NONE',  ( 0.5001634892242617925, 22.22474049605275326, 6.936166335065728106 ) ) ;
#1671 = CARTESIAN_POINT ( 'NONE',  ( 6.304475260620618477E-15, 25.39999999999999858, 167.2700000000000102 ) ) ;
#1672 = CARTESIAN_POINT ( 'NONE',  ( 17.03535534029844456, -14.28214372269319377, 164.7429772889908008 ) ) ;
#1673 = CARTESIAN_POINT ( 'NONE',  ( -15.81347005451709542, -15.62448422883135990, 163.2701038098146284 ) ) ;
#1674 = CARTESIAN_POINT ( 'NONE',  ( 16.61497686530745810, 14.76902040323932752, 3.494506248214808153 ) ) ;
#1675 = CARTESIAN_POINT ( 'NONE',  ( 14.56129413224488900, -16.79808598675032982, 3.771246500143822455 ) ) ;
#1676 = CARTESIAN_POINT ( 'NONE',  ( -1.879461121912319399, -22.15046429801540029, 5.646276543652903435 ) ) ;
#1677 = CARTESIAN_POINT ( 'NONE',  ( 1.735285665163102786, 25.34075861986506339, 164.2671231357127795 ) ) ;
#1678 = ORIENTED_EDGE ( 'NONE', *, *, #2544, .T. ) ;
#1679 = CARTESIAN_POINT ( 'NONE',  ( 0.000000000000000000, 0.000000000000000000, 170.2700000000000102 ) ) ;
#1680 = CARTESIAN_POINT ( 'NONE',  ( 0.8865661867725328493, -22.21264488391690861, 167.0675521120593601 ) ) ;
#1681 = CARTESIAN_POINT ( 'NONE',  ( 0.000000000000000000, 0.000000000000000000, 10.00000000000000000 ) ) ;
#1682 = CARTESIAN_POINT ( 'NONE',  ( 19.04973302493725029, 16.80098028038207048, 166.4900519313078178 ) ) ;
#1683 = ORIENTED_EDGE ( 'NONE', *, *, #647, .F. ) ;
#1684 = CARTESIAN_POINT ( 'NONE',  ( 25.39999999999999858, 3.110602903768253619E-15, 167.2700000000000102 ) ) ;
#1685 = CARTESIAN_POINT ( 'NONE',  ( 25.32673578448261509, -1.930345943255030727, 4.478452660556125231 ) ) ;
#1686 = CARTESIAN_POINT ( 'NONE',  ( 17.03979719941399651, -14.27651438777343351, 5.517936256915915827 ) ) ;
#1687 = CARTESIAN_POINT ( 'NONE',  ( 25.34073075461388314, 1.735701735959986225, 166.2722124757504787 ) ) ;
#1688 = EDGE_CURVE ( 'NONE', #2643, #3069, #1412, .T. ) ;
#1689 = CARTESIAN_POINT ( 'NONE',  ( 1.598876040890229611, 22.17319629982116069, 166.4994805619847398 ) ) ;
#1690 = AXIS2_PLACEMENT_3D ( 'NONE', #342, #538, #1405 ) ;
#1691 = CARTESIAN_POINT ( 'NONE',  ( 25.40000000000000213, 0.2626823120188457872, 7.002255122052007508 ) ) ;
#1692 = VECTOR ( 'NONE', #2979, 1000.000000000000000 ) ;
#1693 = DIRECTION ( 'NONE',  ( 0.7071067811865389130, 0.7071067811865561215, -0.000000000000000000 ) ) ;
#1694 = CARTESIAN_POINT ( 'NONE',  ( -16.53063125304458936, 19.28492180538202305, 164.7457853494103119 ) ) ;
#1695 = CARTESIAN_POINT ( 'NONE',  ( 17.08087604751894872, -14.22731785858787212, 4.735628075149057814 ) ) ;
#1696 = CARTESIAN_POINT ( 'NONE',  ( 25.40099999999986835, 25.40100000000013480, 165.2700000000000102 ) ) ;
#1697 = CARTESIAN_POINT ( 'NONE',  ( 22.19082184189663565, -1.322445280743278717, 163.7639618755960385 ) ) ;
#1698 = ORIENTED_EDGE ( 'NONE', *, *, #2665, .F. ) ;
#1699 = CARTESIAN_POINT ( 'NONE',  ( 14.61797080164203422, 16.74802587750964733, 166.5922856826451834 ) ) ;
#1700 = CARTESIAN_POINT ( 'NONE',  ( -1.228746788670357581, 22.19678481542680615, 163.6705748291273608 ) ) ;
#1701 = CARTESIAN_POINT ( 'NONE',  ( 16.08680759684848383, -15.34423380113059387, 167.2173474420115724 ) ) ;
#1702 = VERTEX_POINT ( 'NONE', #113 ) ;
#1703 = CARTESIAN_POINT ( 'NONE',  ( -16.64466941921820720, -19.18638878717122864, 166.1571403447211992 ) ) ;
#1704 = CARTESIAN_POINT ( 'NONE',  ( -22.22999999999999687, -2.860303020078793599E-16, 6.999921052143426969 ) ) ;
#1705 = CARTESIAN_POINT ( 'NONE',  ( 16.81518267828996471, -14.54055810013579553, 6.219413686944417208 ) ) ;
#1706 = VECTOR ( 'NONE', #477, 1000.000000000000000 ) ;
#1707 = CARTESIAN_POINT ( 'NONE',  ( -1.591746071953670905, 25.35017976917838567, 166.4879498777514186 ) ) ;
#1708 = PRODUCT_DEFINITION_SHAPE ( 'NONE', 'NONE',  #3381 ) ;
#1709 = CARTESIAN_POINT ( 'NONE',  ( -16.93861163961194194, -14.39648816538218767, 166.1565648447152057 ) ) ;
#1710 = EDGE_CURVE ( 'NONE', #1871, #3128, #1016, .T. ) ;
#1711 = CARTESIAN_POINT ( 'NONE',  ( 0.01777034590337914222, 25.40099999999999980, 3.000000000000000000 ) ) ;
#1712 = CARTESIAN_POINT ( 'NONE',  ( 16.54645771648864283, 14.84585695917679438, 3.410030043963566460 ) ) ;
#1713 = CARTESIAN_POINT ( 'NONE',  ( 26.81521356237297127, 23.98678643762704610, 165.2700000000000102 ) ) ;
#1714 = CARTESIAN_POINT ( 'NONE',  ( 16.81433360650997599, -19.03794767853431225, 6.220059161679144744 ) ) ;
#1715 = CARTESIAN_POINT ( 'NONE',  ( 22.17901811332275841, -1.507582746702481380, 166.5908422498357311 ) ) ;
#1716 = EDGE_CURVE ( 'NONE', #1702, #345, #3161, .T. ) ;
#1717 = ORIENTED_EDGE ( 'NONE', *, *, #1007, .T. ) ;
#1718 = CARTESIAN_POINT ( 'NONE',  ( 25.38479020029135924, -0.8871835320952993209, 163.4727575608627603 ) ) ;
#1719 = CARTESIAN_POINT ( 'NONE',  ( -1.230896349627232489, 22.19666418397164520, 166.8677879301675091 ) ) ;
#1720 = B_SPLINE_CURVE_WITH_KNOTS ( 'NONE', 3,
 ( #2131, #1806, #2388, #1839, #2880, #2608, #238, #581, #2848, #543, #1823, #2358, #563, #252 ),
 .UNSPECIFIED., .F., .F.,
 ( 4, 2, 2, 2, 2, 2, 4 ),
 ( 0.006256072710263537763, 0.007033887515526172918, 0.007811702320788808072, 0.008200609723420125216, 0.008589517126051443227, 0.008978424528682759503, 0.009367331931314077514 ),
 .UNSPECIFIED. ) ;
#1721 = CARTESIAN_POINT ( 'NONE',  ( 18.14557507200905917, -17.77543894746418118, 167.2699060233793773 ) ) ;
#1722 = ORIENTED_EDGE ( 'NONE', *, *, #2691, .F. ) ;
#1723 = DIRECTION ( 'NONE',  ( 0.7071067811865510144, -0.7071067811865441310, 0.000000000000000000 ) ) ;
#1724 = LINE ( 'NONE', #478, #662 ) ;
#1725 = DIRECTION ( 'NONE',  ( 1.000000000000000000, 0.000000000000000000, 0.000000000000000000 ) ) ;
#1726 = CARTESIAN_POINT ( 'NONE',  ( 1.735285665163102786, -25.34075861986506339, 166.2728768642872126 ) ) ;
#1727 = SURFACE_STYLE_FILL_AREA ( #1440 ) ;
#1728 = CARTESIAN_POINT ( 'NONE',  ( -25.33639074264156577, -1.797175873175461236, 166.1573291853947865 ) ) ;
#1729 = CARTESIAN_POINT ( 'NONE',  ( -0.2610503102592758862, -25.40000000000000213, 167.2700000000000671 ) ) ;
#1730 = CARTESIAN_POINT ( 'NONE',  ( 15.82379439012226996, -15.61402811055584650, 2.999900588124930767 ) ) ;
#1731 = CARTESIAN_POINT ( 'NONE',  ( 16.70527347571916721, -19.13371643312020964, 6.003473448631724274 ) ) ;
#1732 = CARTESIAN_POINT ( 'NONE',  ( 22.22096762822046045, -0.6451152905346384525, 163.3723682511263462 ) ) ;
#1733 = ORIENTED_EDGE ( 'NONE', *, *, #3089, .T. ) ;
#1734 = CARTESIAN_POINT ( 'NONE',  ( 22.22999999999999687, 2.722389834504565452E-15, 170.2700000000000102 ) ) ;
#1735 = EDGE_CURVE ( 'NONE', #898, #1350, #391, .T. ) ;
#1736 = CARTESIAN_POINT ( 'NONE',  ( -1.505482328105971490, 22.17915613054333335, 163.9469286312776433 ) ) ;
#1737 = SHAPE_DEFINITION_REPRESENTATION ( #2685, #1868 ) ;
#1738 = CARTESIAN_POINT ( 'NONE',  ( 16.69185030783136270, -19.14542765268308600, 166.2734691198913595 ) ) ;
#1739 = ORIENTED_EDGE ( 'NONE', *, *, #2691, .T. ) ;
#1740 = CARTESIAN_POINT ( 'NONE',  ( -1.969461412123042265, -25.32354371327157949, 4.739430993905636491 ) ) ;
#1741 = CARTESIAN_POINT ( 'NONE',  ( 25.38048064071923449, 1.001507109370704196, 163.5339052037058991 ) ) ;
#1742 = CARTESIAN_POINT ( 'NONE',  ( 17.01498651365264081, -14.30614110707223041, 5.644999411710085901 ) ) ;
#1743 = CARTESIAN_POINT ( 'NONE',  ( 0.5063968385520513094, 25.39609308707852264, 6.947589395368938270 ) ) ;
#1744 = CARTESIAN_POINT ( 'NONE',  ( 25.32480380323231373, 1.953196853987468007, 5.520883297286039770 ) ) ;
#1745 = FACE_OUTER_BOUND ( 'NONE', #2775, .T. ) ;
#1746 = CARTESIAN_POINT ( 'NONE',  ( -1.815627225441823089, 25.33507505854111841, 5.885960035347509667 ) ) ;
#1747 = AXIS2_PLACEMENT_3D ( 'NONE', #2587, #2844, #3082 ) ;
#1748 = DIRECTION ( 'NONE',  ( 0.000000000000000000, 0.000000000000000000, 1.000000000000000000 ) ) ;
#1749 = B_SPLINE_CURVE_WITH_KNOTS ( 'NONE', 3,
 ( #1358, #865, #558, #51, #3143, #1105, #2090, #3178, #1054, #2942, #34, #846, #2927, #1834, #1597, #2876, #2636, #1642 ),
 .UNSPECIFIED., .F., .F.,
 ( 4, 2, 2, 2, 2, 2, 2, 2, 4 ),
 ( 0.003128383672316203349, 0.003519252106899145843, 0.003910120541482088770, 0.004300988976065031263, 0.004691857410647974624, 0.005082725845230917985, 0.005473594279813861346, 0.005864462714396804707, 0.006255331148979748068 ),
 .UNSPECIFIED. ) ;
#1750 = AXIS2_PLACEMENT_3D ( 'NONE', #2833, #2050, #2626 ) ;
#1751 = CARTESIAN_POINT ( 'NONE',  ( 22.16116020867135816, 1.749673825620151613, 3.991071313804130050 ) ) ;
#1752 = CARTESIAN_POINT ( 'NONE',  ( 22.13984868963654051, -1.999999999999769296, 165.2700000000000102 ) ) ;
#1753 = ORIENTED_EDGE ( 'NONE', *, *, #1133, .T. ) ;
#1754 = DIRECTION ( 'NONE',  ( -0.000000000000000000, -1.000000000000000000, -0.000000000000000000 ) ) ;
#1755 = CARTESIAN_POINT ( 'NONE',  ( 0.6450009410097746754, -22.22097107777047853, 163.3723277807114016 ) ) ;
#1756 = CARTESIAN_POINT ( 'NONE',  ( 22.17828336360642894, 1.518342915963012407, 6.328714094527165379 ) ) ;
#1757 = EDGE_CURVE ( 'NONE', #3050, #2603, #3204, .T. ) ;
#1758 = ORIENTED_EDGE ( 'NONE', *, *, #254, .F. ) ;
#1759 = B_SPLINE_CURVE_WITH_KNOTS ( 'NONE', 3,
 ( #2972, #676, #620, #1165, #1390, #159, #2427, #409, #1458, #635, #1136, #3209, #1673, #880, #1657, #2699, #1404, #2440, #1151, #1292, #3330, #3022, #946, #743, #1765, #482 ),
 .UNSPECIFIED., .F., .F.,
 ( 4, 2, 2, 2, 2, 2, 2, 2, 2, 2, 2, 2, 4 ),
 ( 0.006256071927332655311, 0.007037898791771920494, 0.007819725656211185677, 0.008210639088430816968, 0.008601552520650448258, 0.008992465952870079549, 0.009383379385089710839, 0.009774292817309342130, 0.01016520624952897169, 0.01055611968174860471, 0.01094703311396823427, 0.01172885997840755756, 0.01251068684284688086 ),
 .UNSPECIFIED. ) ;
#1760 = CARTESIAN_POINT ( 'NONE',  ( -22.16116020867137948, -1.749673825620021050, 3.991071313804174014 ) ) ;
#1761 = CARTESIAN_POINT ( 'NONE',  ( -0.01777034590337890976, 22.22999289731794548, 7.000000000000000000 ) ) ;
#1762 = CARTESIAN_POINT ( 'NONE',  ( -15.89203495522406584, -15.54453182173797110, 3.013152678733144629 ) ) ;
#1763 = CARTESIAN_POINT ( 'NONE',  ( 18.13282407000008689, 17.78699386384573700, 6.987033544167699617 ) ) ;
#1764 = CARTESIAN_POINT ( 'NONE',  ( 25.40000000000000213, 0.2650399885008071221, 2.997723928757741518 ) ) ;
#1765 = CARTESIAN_POINT ( 'NONE',  ( -14.24102358051291084, -17.06945070525926766, 165.0056283546954035 ) ) ;
#1766 = CARTESIAN_POINT ( 'NONE',  ( -1.019573369321771672, 25.37976216333566981, 3.264056331389834309 ) ) ;
#1767 = CARTESIAN_POINT ( 'NONE',  ( -16.70527347571903576, 19.13371643312032688, 6.003473448631724274 ) ) ;
#1768 = CARTESIAN_POINT ( 'NONE',  ( 16.50408800036637658, -19.30738406092763526, 5.000000000000000000 ) ) ;
#1769 = CARTESIAN_POINT ( 'NONE',  ( -16.47697194869851245, -19.33053013762950201, 5.000000000000001776 ) ) ;
#1770 = ORIENTED_EDGE ( 'NONE', *, *, #502, .T. ) ;
#1771 = CARTESIAN_POINT ( 'NONE',  ( 22.14144678196121774, -1.982229654096389293, 5.000000000000000000 ) ) ;
#1772 = CARTESIAN_POINT ( 'NONE',  ( 17.06945070525930319, -14.24102358051284334, 165.4022166153243631 ) ) ;
#1773 = ORIENTED_EDGE ( 'NONE', *, *, #3046, .T. ) ;
#1774 = CARTESIAN_POINT ( 'NONE',  ( -16.94995127944692115, 14.38313564768192343, 5.887189583098250800 ) ) ;
#1775 = CARTESIAN_POINT ( 'NONE',  ( -1.487721103463671257, -25.35656186976993354, 6.323067406694808490 ) ) ;
#1776 =( REPRESENTATION_RELATIONSHIP ('NONE','NONE', #1868, #2569 ) REPRESENTATION_RELATIONSHIP_WITH_TRANSFORMATION ( #1312 )SHAPE_REPRESENTATION_RELATIONSHIP( ) );
#1777 = CARTESIAN_POINT ( 'NONE',  ( 25.32113741521100891, 2.000000000000266898, 165.2700000000000102 ) ) ;
#1778 = CARTESIAN_POINT ( 'NONE',  ( 18.14416216198552334, -17.77542467621710287, 163.2827918071291435 ) ) ;
#1779 = EDGE_CURVE ( 'NONE', #37, #1314, #2567, .T. ) ;
#1780 = CARTESIAN_POINT ( 'NONE',  ( 1.797917243552605626, -25.33633790241148631, 166.1558169253902406 ) ) ;
#1781 = CARTESIAN_POINT ( 'NONE',  ( 18.42209616609203238, -17.48716892349484908, 3.101753553423989729 ) ) ;
#1782 = DIRECTION ( 'NONE',  ( -1.000000000000000000, 0.000000000000000000, 0.000000000000000000 ) ) ;
#1783 = CARTESIAN_POINT ( 'NONE',  ( 0.000000000000000000, 0.000000000000000000, 0.000000000000000000 ) ) ;
#1784 = CARTESIAN_POINT ( 'NONE',  ( -17.09078301180099047, 18.79034048830383341, 6.590504270183904723 ) ) ;
#1785 = CARTESIAN_POINT ( 'NONE',  ( -14.24102358051301209, 17.06945070525915398, 165.2700000000000102 ) ) ;
#1786 = ORIENTED_EDGE ( 'NONE', *, *, #2649, .F. ) ;
#1787 = CARTESIAN_POINT ( 'NONE',  ( -18.32407822587414259, -17.58989766925956744, 163.3341594021017329 ) ) ;
#1788 = CARTESIAN_POINT ( 'NONE',  ( 16.49053441127919939, -19.31896153602507837, 165.4005553413035727 ) ) ;
#1789 = EDGE_LOOP ( 'NONE', ( #2860, #2638, #109, #1298 ) ) ;
#1790 = CARTESIAN_POINT ( 'NONE',  ( -25.35028904621551149, 1.599048982598004320, 164.0407333267916101 ) ) ;
#1791 = CARTESIAN_POINT ( 'NONE',  ( 2.449293598294708386E-16, -25.40099999999999980, 163.2700000000000102 ) ) ;
#1792 = CARTESIAN_POINT ( 'NONE',  ( -22.13984868963652985, 1.999999999999923173, 165.4005328288387489 ) ) ;
#1793 = CARTESIAN_POINT ( 'NONE',  ( 16.49053441127920294, -19.31896153602507837, 165.0089496864711407 ) ) ;
#1794 = CARTESIAN_POINT ( 'NONE',  ( 0.6449398681690000634, -25.39209978069274243, 163.3723068500955549 ) ) ;
#1795 = CARTESIAN_POINT ( 'NONE',  ( 19.33053013762955175, -16.47697194869843429, 4.735661464525535713 ) ) ;
#1796 = EDGE_CURVE ( 'NONE', #1428, #3299, #3371, .T. ) ;
#1797 = CARTESIAN_POINT ( 'NONE',  ( -25.39896831410962719, -0.2621662920831761556, 163.2829840672086164 ) ) ;
#1798 = CARTESIAN_POINT ( 'NONE',  ( -1.338841819881916750, 25.36486217490122996, 6.507375005043662952 ) ) ;
#1799 = CARTESIAN_POINT ( 'NONE',  ( -18.64378868730409522, -17.25053546949173366, 3.264724706834710943 ) ) ;
#1800 = CARTESIAN_POINT ( 'NONE',  ( 14.24102358051313288, -17.06945070525905095, 165.2700000000000102 ) ) ;
#1801 = ORIENTED_EDGE ( 'NONE', *, *, #1150, .T. ) ;
#1802 = CARTESIAN_POINT ( 'NONE',  ( 25.39504224004320321, -0.5178731757788610501, 163.3338148179368829 ) ) ;
#1803 = CARTESIAN_POINT ( 'NONE',  ( 14.28214372269313337, 17.03535534029849074, 164.7429772889908008 ) ) ;
#1804 = ORIENTED_EDGE ( 'NONE', *, *, #2383, .T. ) ;
#1805 = CARTESIAN_POINT ( 'NONE',  ( -25.39999999999999858, -7.888609052210118054E-28, 163.2700000000000102 ) ) ;
#1806 = CARTESIAN_POINT ( 'NONE',  ( 22.14144678196121774, -1.982229654096389737, 4.740275155403694818 ) ) ;
#1807 = CARTESIAN_POINT ( 'NONE',  ( -16.06960763843840923, -15.36089426069359121, 6.935935526306844956 ) ) ;
#1808 = CARTESIAN_POINT ( 'NONE',  ( 0.9041447846050809645, -25.38419166618820100, 6.797638485070426562 ) ) ;
#1809 = CARTESIAN_POINT ( 'NONE',  ( 25.40100000000008862, -0.01777034590329045621, 5.000000000000000000 ) ) ;
#1810 = CARTESIAN_POINT ( 'NONE',  ( 18.33449619320138169, -17.57903843470143457, 3.063433130784167346 ) ) ;
#1811 = CARTESIAN_POINT ( 'NONE',  ( -14.84585695917662562, 16.54645771648879204, 3.410030043963562907 ) ) ;
#1812 = CARTESIAN_POINT ( 'NONE',  ( 22.22999999999999687, 2.435692722865514604E-15, 3.000078947856574807 ) ) ;
#1813 = CARTESIAN_POINT ( 'NONE',  ( 26.81521356237313825, -23.98678643762686491, 165.2700000000000102 ) ) ;
#1814 = DIRECTION ( 'NONE',  ( 1.000000000000000000, 0.000000000000000000, -0.000000000000000000 ) ) ;
#1815 = ORIENTED_EDGE ( 'NONE', *, *, #309, .F. ) ;
#1816 = CARTESIAN_POINT ( 'NONE',  ( -18.65587588238151895, -17.23746285563052183, 163.5347366712115331 ) ) ;
#1817 = CIRCLE ( 'NONE', #340, 22.22999999999999687 ) ;
#1818 = EDGE_CURVE ( 'NONE', #1980, #1613, #2601, .T. ) ;
#1819 = ITEM_DEFINED_TRANSFORMATION ( 'NONE', 'NONE', #1116,  #2259 ) ;
#1820 = CARTESIAN_POINT ( 'NONE',  ( -16.48688722102347626, -19.32209098304712214, 5.262179769990373401 ) ) ;
#1821 = ORIENTED_EDGE ( 'NONE', *, *, #2882, .F. ) ;
#1822 = CARTESIAN_POINT ( 'NONE',  ( -14.41006930514225282, 16.92705934624139985, 5.886568378940506108 ) ) ;
#1823 = CARTESIAN_POINT ( 'NONE',  ( 22.22441211786270188, -0.5143397929196338314, 3.067725814397851636 ) ) ;
#1824 = CARTESIAN_POINT ( 'NONE',  ( -22.19676707654278047, 1.219912431197429203, 166.8602141180658407 ) ) ;
#1825 = CARTESIAN_POINT ( 'NONE',  ( 17.00069166913689855, -18.87180423976944610, 163.7645217912211990 ) ) ;
#1826 = B_SPLINE_CURVE_WITH_KNOTS ( 'NONE', 3,
 ( #2135, #2330, #805, #1097, #271, #2098, #2852, #1319, #3150, #516, #1304, #2628, #286, #2110, #1876, #27, #1046, #2082 ),
 .UNSPECIFIED., .F., .F.,
 ( 4, 2, 2, 2, 2, 2, 2, 2, 4 ),
 ( 0.003146161591300025619, 0.003534807861833410246, 0.003923454132366794439, 0.004312100402900179499, 0.004700746673433563692, 0.005089392943966947885, 0.005478039214500332946, 0.005866685485033716271, 0.006255331755567101332 ),
 .UNSPECIFIED. ) ;
#1827 = DIRECTION ( 'NONE',  ( -0.000000000000000000, -0.000000000000000000, -1.000000000000000000 ) ) ;
#1828 = CARTESIAN_POINT ( 'NONE',  ( 17.78617029123960336, -18.13362868665384298, 3.013148648913405836 ) ) ;
#1829 = CARTESIAN_POINT ( 'NONE',  ( -22.22425986516518037, -0.5212776229119017168, 3.059991035015863670 ) ) ;
#1830 = CARTESIAN_POINT ( 'NONE',  ( -19.27734931919919958, 16.53917934341303919, 165.7878852841657533 ) ) ;
#1831 = CARTESIAN_POINT ( 'NONE',  ( -17.25060258711665639, 18.64372468162462937, 6.735297698837814373 ) ) ;
#1832 = CARTESIAN_POINT ( 'NONE',  ( 0.000000000000000000, 0.000000000000000000, 10.00000000000000000 ) ) ;
#1833 = ORIENTED_EDGE ( 'NONE', *, *, #1710, .F. ) ;
#1834 = CARTESIAN_POINT ( 'NONE',  ( -25.32903846849638896, 1.897983129702140115, 165.9140878237328138 ) ) ;
#1835 = DIRECTION ( 'NONE',  ( 0.000000000000000000, 0.000000000000000000, 1.000000000000000000 ) ) ;
#1836 = VERTEX_POINT ( 'NONE', #1087 ) ;
#1837 = EDGE_CURVE ( 'NONE', #1836, #1073, #2395, .T. ) ;
#1838 = CARTESIAN_POINT ( 'NONE',  ( -0.01777034590337888895, 22.22999289731794548, 3.000000000000000000 ) ) ;
#1839 = CARTESIAN_POINT ( 'NONE',  ( 22.16256469319435141, -1.733038961095763053, 3.999082456702331534 ) ) ;
#1840 = CARTESIAN_POINT ( 'NONE',  ( -0.01777034590337914222, -25.40099999999999980, 7.000000000000000000 ) ) ;
#1841 = EDGE_LOOP ( 'NONE', ( #661, #3081, #1666, #1698 ) ) ;
#1842 = DIRECTION ( 'NONE',  ( 3.469446951953614189E-15, -1.000000000000000000, 0.000000000000000000 ) ) ;
#1843 = CARTESIAN_POINT ( 'NONE',  ( 22.16225707020448255, 1.735673994262737274, 166.2722598694963381 ) ) ;
#1844 = CARTESIAN_POINT ( 'NONE',  ( -15.00706994569135055, 16.40038363761689411, 3.264751643742709319 ) ) ;
#1845 = CARTESIAN_POINT ( 'NONE',  ( -19.31896153602527377, 16.49053441127901110, 165.4021997257272005 ) ) ;
#1846 = CARTESIAN_POINT ( 'NONE',  ( 14.25471913452518358, -17.05801519508648312, 5.000000000000000000 ) ) ;
#1847 = CARTESIAN_POINT ( 'NONE',  ( 16.16757768667268280, -15.25768768915719420, 163.3717777028501814 ) ) ;
#1848 = ORIENTED_EDGE ( 'NONE', *, *, #288, .T. ) ;
#1849 = CARTESIAN_POINT ( 'NONE',  ( 19.15430374914296863, 16.68180525451010610, 164.2643982795068496 ) ) ;
#1850 = CARTESIAN_POINT ( 'NONE',  ( -19.33053013762947003, 16.47697194869858706, 4.735661464525537490 ) ) ;
#1851 = ORIENTED_EDGE ( 'NONE', *, *, #396, .T. ) ;
#1852 = CARTESIAN_POINT ( 'NONE',  ( 1.953692843895602715, -22.14399788519811096, 5.518955079434619826 ) ) ;
#1853 = VECTOR ( 'NONE', #3347, 1000.000000000000000 ) ;
#1854 = CARTESIAN_POINT ( 'NONE',  ( 16.98906470730439366, 18.88227282679431696, 3.492631547541302339 ) ) ;
#1855 = DIRECTION ( 'NONE',  ( -0.000000000000000000, 1.000000000000000000, -0.000000000000000000 ) ) ;
#1856 = CARTESIAN_POINT ( 'NONE',  ( -22.22881373623152612, 0.2630424504774031558, 167.2569347196070169 ) ) ;
#1857 = EDGE_CURVE ( 'NONE', #815, #61, #1870, .T. ) ;
#1858 = AXIS2_PLACEMENT_3D ( 'NONE', #115, #1414, #1400 ) ;
#1859 = CARTESIAN_POINT ( 'NONE',  ( 19.05525352655489613, -16.79557975174797591, 164.0391456347585972 ) ) ;
#1860 = CARTESIAN_POINT ( 'NONE',  ( 1.717424411943573315, 25.34197597017967141, 6.003074719184655628 ) ) ;
#1861 = ADVANCED_FACE ( 'NONE', ( #1125 ), #2912, .T. ) ;
#1862 = CARTESIAN_POINT ( 'NONE',  ( -22.21237869457670655, -0.8933539523054577769, 3.197015552766644397 ) ) ;
#1863 = CARTESIAN_POINT ( 'NONE',  ( -19.31896153602525601, 16.49053441127899333, 165.2700000000000102 ) ) ;
#1864 = CARTESIAN_POINT ( 'NONE',  ( -17.58623765863882937, -18.32872668613149969, 167.2173642258065343 ) ) ;
#1865 = LINE ( 'NONE', #2680, #285 ) ;
#1866 = ORIENTED_EDGE ( 'NONE', *, *, #124, .T. ) ;
#1867 = CARTESIAN_POINT ( 'NONE',  ( 17.07879574585109594, 18.80123848711887646, 163.6782547328537305 ) ) ;
#1868 = SHAPE_REPRESENTATION ( 'Montsimtubo', ( #2093, #840, #2370, #894, #1116 ), #1653 ) ;
#1869 = CARTESIAN_POINT ( 'NONE',  ( -25.38093610913836429, -1.013450743925121245, 6.754223179287349943 ) ) ;
#1870 = LINE ( 'NONE', #1154, #2621 ) ;
#1871 = VERTEX_POINT ( 'NONE', #311 ) ;
#1872 = AXIS2_PLACEMENT_3D ( 'NONE', #291, #3253, #572 ) ;
#1873 = DIRECTION ( 'NONE',  ( 1.000000000000000000, 0.000000000000000000, 0.000000000000000000 ) ) ;
#1874 = PLANE ( 'NONE',  #1282 ) ;
#1875 = CARTESIAN_POINT ( 'NONE',  ( 16.54597726124688251, 14.84639015088105118, 6.590487313514877599 ) ) ;
#1876 = CARTESIAN_POINT ( 'NONE',  ( 25.32743746133034790, -1.918737755673838530, 5.516551415411968584 ) ) ;
#1877 = CARTESIAN_POINT ( 'NONE',  ( -22.20794484420190074, 0.9958000728988297690, 6.729001335378073989 ) ) ;
#1878 = EDGE_CURVE ( 'NONE', #2991, #2123, #2556, .T. ) ;
#1879 = CARTESIAN_POINT ( 'NONE',  ( -25.33027811629017378, 1.881351423149553392, 5.640564004500443041 ) ) ;
#1880 = CARTESIAN_POINT ( 'NONE',  ( -16.78221445619018937, -19.06702559090752658, 3.769152582810124663 ) ) ;
#1881 = CARTESIAN_POINT ( 'NONE',  ( 16.90577942988757698, -14.43528949324846344, 164.2619425710505823 ) ) ;
#1882 = ORIENTED_EDGE ( 'NONE', *, *, #3046, .F. ) ;
#1883 = DIRECTION ( 'NONE',  ( 0.000000000000000000, 0.000000000000000000, -1.000000000000000000 ) ) ;
#1884 = CARTESIAN_POINT ( 'NONE',  ( -1.573943412826366073, -22.17432929344514747, 3.782006646831017616 ) ) ;
#1885 = CARTESIAN_POINT ( 'NONE',  ( -19.26546588759986989, -16.55302033588134591, 5.519542488925733181 ) ) ;
#1886 = ORIENTED_EDGE ( 'NONE', *, *, #719, .T. ) ;
#1887 = CARTESIAN_POINT ( 'NONE',  ( 1.525578957284424275, -22.17778754951392983, 6.320586958148819434 ) ) ;
#1888 = CARTESIAN_POINT ( 'NONE',  ( -25.39999999999999858, 2.835349931024282071E-16, 3.000078947856573475 ) ) ;
#1889 = CARTESIAN_POINT ( 'NONE',  ( -0.2643715621361501511, -22.23000000000000398, 163.2699999999999818 ) ) ;
#1890 = CARTESIAN_POINT ( 'NONE',  ( 16.32105827412728161, 15.09339734199940786, 6.797898260996809050 ) ) ;
#1891 = VERTEX_POINT ( 'NONE', #984 ) ;
#1892 = CARTESIAN_POINT ( 'NONE',  ( 25.37139328528775550, -1.209977127793203655, 3.415839551836359789 ) ) ;
#1893 = CARTESIAN_POINT ( 'NONE',  ( 25.38121500696577826, 1.005952877809161761, 167.0181311140677565 ) ) ;
#1894 = CARTESIAN_POINT ( 'NONE',  ( 0.8865661867725341816, 22.21264488391690861, 163.4724478879406320 ) ) ;
#1895 = CARTESIAN_POINT ( 'NONE',  ( -18.14528956850848829, -17.77427708357386393, 167.2570286771299664 ) ) ;
#1896 = CARTESIAN_POINT ( 'NONE',  ( 17.06945070525930319, -14.24102358051283979, 165.0056283546953750 ) ) ;
#1897 = ADVANCED_FACE ( 'NONE', ( #145 ), #1955, .T. ) ;
#1898 = CARTESIAN_POINT ( 'NONE',  ( 2.500000000000000000, 3.061616997868383141E-16, 10.00000000000000000 ) ) ;
#1899 = CYLINDRICAL_SURFACE ( 'NONE', #1148, 2.000000000000001332 ) ;
#1900 = CARTESIAN_POINT ( 'NONE',  ( -25.39571658255526643, -0.5266715247586212234, 3.047912212420684330 ) ) ;
#1901 = DIRECTION ( 'NONE',  ( -0.000000000000000000, -1.000000000000000000, -0.000000000000000000 ) ) ;
#1902 = ORIENTED_EDGE ( 'NONE', *, *, #819, .T. ) ;
#1903 = CARTESIAN_POINT ( 'NONE',  ( 1.616640080528636281, -22.17190827807290177, 3.770511773907033515 ) ) ;
#1904 = DIRECTION ( 'NONE',  ( 1.000000000000000000, 0.000000000000000000, 0.000000000000000000 ) ) ;
#1905 = CARTESIAN_POINT ( 'NONE',  ( 18.32391305082106925, 17.59007304915564873, 167.2059358258225927 ) ) ;
#1906 = CARTESIAN_POINT ( 'NONE',  ( 19.28443796051507775, -16.53119766469570706, 164.7430478339650222 ) ) ;
#1907 = ORIENTED_EDGE ( 'NONE', *, *, #2708, .F. ) ;
#1908 = CIRCLE ( 'NONE', #2785, 25.39999999999999858 ) ;
#1909 = B_SPLINE_CURVE_WITH_KNOTS ( 'NONE', 3,
 ( #2069, #1623, #1306, #2377, #3109, #2855, #1877, #2906, #640, #1081, #518, #1559, #274, #1049, #3171, #3124, #45, #3151 ),
 .UNSPECIFIED., .F., .F.,
 ( 4, 2, 2, 2, 2, 2, 2, 2, 4 ),
 ( 0.003146546307022749303, 0.003535237107427847969, 0.003923927907832946635, 0.004312618708238045301, 0.004701309508643143967, 0.005090000309048242633, 0.005478691109453341299, 0.005867381909858439965, 0.006256072710263538630 ),
 .UNSPECIFIED. ) ;
#1910 = AXIS2_PLACEMENT_3D ( 'NONE', #1204, #2228, #2247 ) ;
#1911 = CARTESIAN_POINT ( 'NONE',  ( 25.36626756839678620, -1.311801910893114709, 3.500315465003402071 ) ) ;
#1912 = CARTESIAN_POINT ( 'NONE',  ( 23.97422090553464002, -26.82777909446537024, 5.000000000000000000 ) ) ;
#1913 = CARTESIAN_POINT ( 'NONE',  ( -0.5242148955664579502, 25.39573162616815338, 163.3224224988670699 ) ) ;
#1914 = CARTESIAN_POINT ( 'NONE',  ( 16.55681823370941075, -14.83430185105738097, 163.6782936017518466 ) ) ;
#1915 = ORIENTED_EDGE ( 'NONE', *, *, #2882, .T. ) ;
#1916 = CARTESIAN_POINT ( 'NONE',  ( 0.000000000000000000, 0.000000000000000000, 3.000000000000000000 ) ) ;
#1917 = CARTESIAN_POINT ( 'NONE',  ( -25.39999999999999858, 2.835349931024282071E-16, 3.000078947856573475 ) ) ;
#1918 = CARTESIAN_POINT ( 'NONE',  ( -19.24075273593685154, -16.58179622220424676, 5.644231682123635352 ) ) ;
#1919 = ORIENTED_EDGE ( 'NONE', *, *, #3208, .T. ) ;
#1920 = DIRECTION ( 'NONE',  ( -0.000000000000000000, -0.000000000000000000, -1.000000000000000000 ) ) ;
#1921 = ADVANCED_FACE ( 'NONE', ( #2757 ), #1497, .F. ) ;
#1922 = CARTESIAN_POINT ( 'NONE',  ( 17.85563050166148003, 18.06526747801278177, 2.999897889695289255 ) ) ;
#1923 = B_SPLINE_CURVE_WITH_KNOTS ( 'NONE', 3,
 ( #512, #24, #9, #3358, #2326, #1602, #1585, #2625, #3118, #282, #1554, #2593, #786, #1059, #1026, #1619, #2640, #2866, #1569, #1348, #267, #3147, #1331, #2372, #2111, #41 ),
 .UNSPECIFIED., .F., .F.,
 ( 4, 2, 2, 2, 2, 2, 2, 2, 2, 2, 2, 2, 4 ),
 ( 0.006255980789521677597, 0.007037820390410899109, 0.007819659991300121488, 0.008210579791744731376, 0.008601499592189344734, 0.008992419392633956357, 0.009383339193078567980, 0.009774258993523179603, 0.01016517879396779123, 0.01055609859441240111, 0.01094701839485701447, 0.01172885799574623945, 0.01251069759663546617 ),
 .UNSPECIFIED. ) ;
#1924 =( LENGTH_UNIT ( ) NAMED_UNIT ( * ) SI_UNIT ( .MILLI., .METRE. ) );
#1925 = CARTESIAN_POINT ( 'NONE',  ( 16.73708661976985468, 14.63050197746268033, 6.321110124393015894 ) ) ;
#1926 = EDGE_LOOP ( 'NONE', ( #2468, #2918 ) ) ;
#1927 = DIRECTION ( 'NONE',  ( 0.000000000000000000, 0.000000000000000000, 1.000000000000000000 ) ) ;
#1928 =( GEOMETRIC_REPRESENTATION_CONTEXT ( 3 ) GLOBAL_UNCERTAINTY_ASSIGNED_CONTEXT ( ( #1091 ) ) GLOBAL_UNIT_ASSIGNED_CONTEXT ( ( #1924, #78, #1633 ) ) REPRESENTATION_CONTEXT ( 'NONE', 'WORKASPACE' ) );
#1929 = CARTESIAN_POINT ( 'NONE',  ( 16.57672025274956340, -14.81281240699207302, 6.598859282404713866 ) ) ;
#1930 = CARTESIAN_POINT ( 'NONE',  ( 25.32611253385857353, 1.936149437455822353, 165.7880017147313367 ) ) ;
#1931 = CARTESIAN_POINT ( 'NONE',  ( 0.6442859877297744120, 22.22099205500382268, 163.3720830457807836 ) ) ;
#1932 = CARTESIAN_POINT ( 'NONE',  ( -16.41234123650795240, -14.99398943689478081, 167.0052563001939632 ) ) ;
#1933 = ORIENTED_EDGE ( 'NONE', *, *, #1444, .F. ) ;
#1934 = CARTESIAN_POINT ( 'NONE',  ( 14.42172645832119748, 16.91735109000036985, 3.991947784238303765 ) ) ;
#1935 = CARTESIAN_POINT ( 'NONE',  ( -1.210979621098557502, -22.19776115270871131, 6.599423166649064143 ) ) ;
#1936 = CARTESIAN_POINT ( 'NONE',  ( -18.39777506092289983, -17.51275400632391310, 6.898154422232612326 ) ) ;
#1937 = ORIENTED_EDGE ( 'NONE', *, *, #1422, .F. ) ;
#1938 = FACE_BOUND ( 'NONE', #3252, .T. ) ;
#1939 = CARTESIAN_POINT ( 'NONE',  ( 1.002052276569561640, -22.20767059668071752, 163.5342085109309949 ) ) ;
#1940 = CARTESIAN_POINT ( 'NONE',  ( -1.005655988141064938, -22.20854697204411110, 167.0182898723763572 ) ) ;
#1941 = CARTESIAN_POINT ( 'NONE',  ( 19.14542765268303626, 16.69185030783141954, 166.2734691198913595 ) ) ;
#1942 = EDGE_CURVE ( 'NONE', #2864, #845, #2152, .T. ) ;
#1943 = EDGE_LOOP ( 'NONE', ( #1933, #2935, #1385, #398 ) ) ;
#1944 = CARTESIAN_POINT ( 'NONE',  ( 25.32614027202671636, -1.935788340124487306, 165.7894255220711557 ) ) ;
#1945 = DIRECTION ( 'NONE',  ( -1.000000000000000000, -3.491481338843133355E-15, -0.000000000000000000 ) ) ;
#1946 = APPLICATION_CONTEXT ( 'automotive_design' ) ;
#1947 = CARTESIAN_POINT ( 'NONE',  ( 1.304521609969392149, 22.19188268929077879, 6.506170998124658489 ) ) ;
#1948 = CARTESIAN_POINT ( 'NONE',  ( -1.736622087202030595, 25.34066718958842657, 166.2706004140198957 ) ) ;
#1949 = CARTESIAN_POINT ( 'NONE',  ( -17.02806430023758111, -14.29050684488459311, 165.7895975456489737 ) ) ;
#1950 = CARTESIAN_POINT ( 'NONE',  ( -22.17318401589467314, 1.599047452298337779, 164.0407332851762874 ) ) ;
#1951 = CARTESIAN_POINT ( 'NONE',  ( -1.507380355138832950, -25.35540035440853046, 163.9490833625148696 ) ) ;
#1952 = CARTESIAN_POINT ( 'NONE',  ( 15.54453182173802084, -15.89203495522401077, 3.013152678733145517 ) ) ;
#1953 = B_SPLINE_CURVE_WITH_KNOTS ( 'NONE', 3,
 ( #1117, #2153, #859, #1930, #2953, #100, #1687, #3205, #3188, #616, #1893, #2969, #336, #117 ),
 .UNSPECIFIED., .F., .F.,
 ( 4, 2, 2, 2, 2, 2, 4 ),
 ( 0.000000000000000000, 0.0003910479590395471569, 0.0007820959180790943138, 0.001173143877118641579, 0.001564191836158188628, 0.002346287754237282291, 0.003128383672316376388 ),
 .UNSPECIFIED. ) ;
#1954 = LINE ( 'NONE', #2531, #658 ) ;
#1955 = CYLINDRICAL_SURFACE ( 'NONE', #2671, 2.500000000000000000 ) ;
#1956 = ORIENTED_EDGE ( 'NONE', *, *, #1509, .F. ) ;
#1957 = CARTESIAN_POINT ( 'NONE',  ( 14.24102358051279360, 17.06945070525936714, 165.4022166153243631 ) ) ;
#1958 = CARTESIAN_POINT ( 'NONE',  ( 1.219423213067133416, -22.19679592020182568, 163.6793750014740283 ) ) ;
#1959 = CARTESIAN_POINT ( 'NONE',  ( 19.31896153602536970, -16.49053441127886188, 165.2700000000000102 ) ) ;
#1960 = EDGE_LOOP ( 'NONE', ( #1078, #2253, #2385, #2157 ) ) ;
#1961 = B_SPLINE_CURVE_WITH_KNOTS ( 'NONE', 3,
 ( #3154, #1434, #809, #1373, #2939, #1703, #826, #2998, #2411, #65, #1119, #1864, #2155, #861, #1895, #2728, #382, #2470, #135, #2236, #2782, #2576, #3323, #975, #1266, #753, #1228, #3017, #3271, #492 ),
 .UNSPECIFIED., .F., .F.,
 ( 4, 2, 2, 2, 2, 2, 2, 2, 2, 2, 2, 2, 2, 2, 4 ),
 ( 0.000000000000000000, 0.0003909581968112366395, 0.0007819163936224732790, 0.001172874590433709919, 0.001563832787244946558, 0.002345749180867424608, 0.003127665574489902657, 0.003518623771301134743, 0.003909581968112365961, 0.004300540164923597614, 0.004691498361734829266, 0.005082456558546061785, 0.005473414755357293437, 0.005864372952168525090, 0.006255331148979756742 ),
 .UNSPECIFIED. ) ;
#1962 = ADVANCED_FACE ( 'NONE', ( #375, #2739 ), #163, .T. ) ;
#1963 = CARTESIAN_POINT ( 'NONE',  ( -25.41356553209200086, -25.38843446790799874, 5.000000000000000000 ) ) ;
#1964 = CARTESIAN_POINT ( 'NONE',  ( -16.32265420484140606, -15.09167030250019792, 3.203267061751012612 ) ) ;
#1965 = CARTESIAN_POINT ( 'NONE',  ( 22.22999999999999687, 2.722389834504565452E-15, 170.2700000000000102 ) ) ;
#1966 = AXIS2_PLACEMENT_3D ( 'NONE', #709, #2789, #1782 ) ;
#1967 = CARTESIAN_POINT ( 'NONE',  ( 1.918155261735925210, 22.14710451055301377, 4.481057579351531039 ) ) ;
#1968 = EDGE_CURVE ( 'NONE', #845, #1361, #849, .T. ) ;
#1969 = CARTESIAN_POINT ( 'NONE',  ( -0.2643382732866816354, 25.40000000000000213, 167.2700000000000102 ) ) ;
#1970 = CARTESIAN_POINT ( 'NONE',  ( 25.32781597290724207, 1.914244115586066552, 5.648666585049678446 ) ) ;
#1971 = CARTESIAN_POINT ( 'NONE',  ( -22.22999999999999687, -1.972152263052529514E-28, 163.2700000000000102 ) ) ;
#1972 = CARTESIAN_POINT ( 'NONE',  ( -1.230855690734322438, -25.37083138050825681, 163.6721703903227478 ) ) ;
#1973 = CARTESIAN_POINT ( 'NONE',  ( -17.60291455534470728, 18.31157717465357138, 6.935944692579326443 ) ) ;
#1974 = CARTESIAN_POINT ( 'NONE',  ( 16.51407099510087306, -19.29886310835805574, 5.263159894752878820 ) ) ;
#1975 = CARTESIAN_POINT ( 'NONE',  ( 1.220053128208173687, 25.37091287128593109, 163.6798925898933135 ) ) ;
#1976 = VERTEX_POINT ( 'NONE', #3334 ) ;
#1977 = CARTESIAN_POINT ( 'NONE',  ( 16.08191437890604902, 15.34800937984808122, 167.2059239329079787 ) ) ;
#1978 = DIRECTION ( 'NONE',  ( 1.000000000000000000, 1.047444401652940007E-14, -0.000000000000000000 ) ) ;
#1979 = CARTESIAN_POINT ( 'NONE',  ( 19.18638878717128904, -16.64466941921815035, 166.1571403447211992 ) ) ;
#1980 = VERTEX_POINT ( 'NONE', #1769 ) ;
#1981 = CARTESIAN_POINT ( 'NONE',  ( 22.22999999999999687, 2.722389834504565452E-15, 170.2700000000000102 ) ) ;
#1982 = CARTESIAN_POINT ( 'NONE',  ( -14.22731785858793785, -17.08087604751890609, 4.735628075149056926 ) ) ;
#1983 = CARTESIAN_POINT ( 'NONE',  ( 15.91651842401167016, -15.52113022714396351, 6.999899262570205671 ) ) ;
#1984 = AXIS2_PLACEMENT_3D ( 'NONE', #1237, #1748, #1990 ) ;
#1985 = CARTESIAN_POINT ( 'NONE',  ( 25.39999999999999858, 3.110602869834276076E-15, 0.000000000000000000 ) ) ;
#1986 = CARTESIAN_POINT ( 'NONE',  ( -16.80316784774234762, -14.55443999450390535, 166.4900740168994560 ) ) ;
#1987 = EDGE_CURVE ( 'NONE', #1258, #1579, #471, .T. ) ;
#1988 = CARTESIAN_POINT ( 'NONE',  ( -25.38048064071923093, -1.001507109370624704, 163.5339052037059275 ) ) ;
#1989 = DIRECTION ( 'NONE',  ( 0.000000000000000000, 0.000000000000000000, 1.000000000000000000 ) ) ;
#1990 = DIRECTION ( 'NONE',  ( 1.000000000000000000, 0.000000000000000000, 0.000000000000000000 ) ) ;
#1991 = CARTESIAN_POINT ( 'NONE',  ( -25.39999999999999858, 0.000000000000000000, 0.000000000000000000 ) ) ;
#1992 = CARTESIAN_POINT ( 'NONE',  ( 22.20766723342542903, -1.002130833467017146, 163.5342500591889916 ) ) ;
#1993 = ORIENTED_EDGE ( 'NONE', *, *, #943, .T. ) ;
#1994 = CARTESIAN_POINT ( 'NONE',  ( 14.82609249970638210, 16.56484366952244969, 166.8688743363070728 ) ) ;
#1995 = CARTESIAN_POINT ( 'NONE',  ( -1.591707769550783302, 22.17306123612546642, 166.4880012006913148 ) ) ;
#1996 = DIRECTION ( 'NONE',  ( -0.7820503818592958734, -0.4515169984863228736, 0.4295690867737474994 ) ) ;
#1997 = CARTESIAN_POINT ( 'NONE',  ( 19.27734931919931682, -16.53917934341290419, 165.7878852841656965 ) ) ;
#1998 = VERTEX_POINT ( 'NONE', #729 ) ;
#1999 = CYLINDRICAL_SURFACE ( 'NONE', #2146, 2.000000000000001332 ) ;
#2000 = CYLINDRICAL_SURFACE ( 'NONE', #1099, 2.000000000000000000 ) ;
#2001 = CARTESIAN_POINT ( 'NONE',  ( 1.953738401587723494, -25.32476183061955055, 5.518760360337343407 ) ) ;
#2002 = CARTESIAN_POINT ( 'NONE',  ( 1.487721103463671479, 25.35656186976992998, 6.323067406694810266 ) ) ;
#2003 = CARTESIAN_POINT ( 'NONE',  ( -17.06945070525910424, -14.24102358051307249, 165.4005629343388080 ) ) ;
#2004 = CYLINDRICAL_SURFACE ( 'NONE', #1145, 2.000000000000000000 ) ;
#2005 = B_SPLINE_CURVE_WITH_KNOTS ( 'NONE', 3,
 ( #420, #2310, #1471, #2505, #704, #1775, #169, #1211, #2800, #959, #2557, #3051, #1506, #3034, #1740, #1010, #441, #3306, #2290, #1487, #3086, #2522, #2540, #2832, #994, #1287 ),
 .UNSPECIFIED., .F., .F.,
 ( 4, 2, 2, 2, 2, 2, 2, 2, 2, 2, 2, 2, 4 ),
 ( 0.006273149916154441806, 0.007054850198974790300, 0.007836550481795139661, 0.008227400623205313041, 0.008618250764615486420, 0.009009100906025659800, 0.009399951047435833179, 0.009790801188846004824, 0.01018165133025617820, 0.01057250147166634985, 0.01096335161307652323, 0.01174505189589687172, 0.01252675217871721848 ),
 .UNSPECIFIED. ) ;
#2006 = CARTESIAN_POINT ( 'NONE',  ( 25.39999999999999858, 3.110602869834276076E-15, 170.2700000000000102 ) ) ;
#2007 = CARTESIAN_POINT ( 'NONE',  ( 15.36071777854969334, -16.06977267738517767, 3.064160159901105906 ) ) ;
#2008 = EDGE_CURVE ( 'NONE', #2074, #1998, #3225, .T. ) ;
#2009 = CARTESIAN_POINT ( 'NONE',  ( 22.17827515640176372, 1.518460785183785022, 3.671422207489662082 ) ) ;
#2010 = CARTESIAN_POINT ( 'NONE',  ( 22.13984868963653696, -1.999999999999769296, 165.4005328288387773 ) ) ;
#2011 = ORIENTED_EDGE ( 'NONE', *, *, #1710, .T. ) ;
#2012 = CARTESIAN_POINT ( 'NONE',  ( -25.39898459641914741, 0.2602308055431381550, 3.015172497072717395 ) ) ;
#2013 = CARTESIAN_POINT ( 'NONE',  ( -1.008059024108255652, 22.20843612154294533, 167.0168993804834088 ) ) ;
#2014 = SHAPE_REPRESENTATION_RELATIONSHIP ( 'NONE' , 'NONE' ,  #2569, #2302 ) ;
#2015 = CARTESIAN_POINT ( 'NONE',  ( 14.39648816538224452, -16.93861163961189220, 166.1565648447151773 ) ) ;
#2016 = ORIENTED_EDGE ( 'NONE', *, *, #2820, .T. ) ;
#2017 = LINE ( 'NONE', #1791, #2963 ) ;
#2018 = CARTESIAN_POINT ( 'NONE',  ( -17.02437227200646319, -14.29523152024682808, 4.475733149480095818 ) ) ;
#2019 = CARTESIAN_POINT ( 'NONE',  ( 16.79437114837005041, -19.05631516594324637, 164.0412658208250036 ) ) ;
#2020 = CARTESIAN_POINT ( 'NONE',  ( 1.220053128208173687, -25.37091287128593109, 166.8601074101067923 ) ) ;
#2021 = FILL_AREA_STYLE_COLOUR ( '', #3073 ) ;
#2022 = VECTOR ( 'NONE', #1553, 1000.000000000000000 ) ;
#2023 = CARTESIAN_POINT ( 'NONE',  ( -2.500000000000000000, 0.000000000000000000, 10.00000000000000000 ) ) ;
#2024 = CARTESIAN_POINT ( 'NONE',  ( -0.5354890345806547769, 25.39467686821931736, 3.063774067391304090 ) ) ;
#2025 = CARTESIAN_POINT ( 'NONE',  ( -19.31896153602513877, -16.49053441127912478, 165.2700000000000102 ) ) ;
#2026 = CARTESIAN_POINT ( 'NONE',  ( 19.00588361083949707, -16.85066538008340942, 6.322261358146341159 ) ) ;
#2027 = CARTESIAN_POINT ( 'NONE',  ( 25.40100000000009572, -1.999999999999912959, 165.2700000000000102 ) ) ;
#2028 = ORIENTED_EDGE ( 'NONE', *, *, #1214, .T. ) ;
#2029 = CARTESIAN_POINT ( 'NONE',  ( -25.39511090561958184, 0.5142768637340874305, 3.067708452821087395 ) ) ;
#2030 = CARTESIAN_POINT ( 'NONE',  ( -17.59007304915546399, 18.32391305082123978, 167.2059358258225927 ) ) ;
#2031 = DIRECTION ( 'NONE',  ( 1.000000000000000000, 3.774758283725532237E-15, 2.465190328815661892E-32 ) ) ;
#2032 = CARTESIAN_POINT ( 'NONE',  ( 14.75756972172151471, -16.62515542187738404, 166.7778125817757200 ) ) ;
#2033 = ORIENTED_EDGE ( 'NONE', *, *, #2070, .T. ) ;
#2034 = CARTESIAN_POINT ( 'NONE',  ( -14.26480822660825787, 17.04959840791308778, 5.263179677771970155 ) ) ;
#2035 = CARTESIAN_POINT ( 'NONE',  ( 22.22999999999999687, 3.004566807256289324E-15, 6.999921052143425193 ) ) ;
#2036 = CARTESIAN_POINT ( 'NONE',  ( 25.39896831410963074, 0.2621662920831962507, 163.2829840672086164 ) ) ;
#2037 = CARTESIAN_POINT ( 'NONE',  ( 1.525419583264032930, -25.35432558096142230, 6.320758502632505937 ) ) ;
#2038 = FACE_OUTER_BOUND ( 'NONE', #3028, .T. ) ;
#2039 = MECHANICAL_DESIGN_GEOMETRIC_PRESENTATION_REPRESENTATION (  '', ( #2091 ), #1005 ) ;
#2040 = CARTESIAN_POINT ( 'NONE',  ( -25.38480725391588066, -0.8867022675004927468, 163.4725172649881699 ) ) ;
#2041 = CARTESIAN_POINT ( 'NONE',  ( -17.49792475765568511, 18.41187859790835901, 163.3727652449149161 ) ) ;
#2042 = CARTESIAN_POINT ( 'NONE',  ( -16.80351980909182430, 14.55403449135496707, 166.4894214614892292 ) ) ;
#2043 = DIRECTION ( 'NONE',  ( 0.000000000000000000, 0.000000000000000000, 1.000000000000000000 ) ) ;
#2044 = VERTEX_POINT ( 'NONE', #1888 ) ;
#2045 = CYLINDRICAL_SURFACE ( 'NONE', #1747, 2.000000000000000000 ) ;
#2046 = CARTESIAN_POINT ( 'NONE',  ( -17.78617029123948257, 18.13362868665396377, 3.013148648913404948 ) ) ;
#2047 = ORIENTED_EDGE ( 'NONE', *, *, #1629, .F. ) ;
#2048 = CARTESIAN_POINT ( 'NONE',  ( -25.38479020029135924, 0.8871835320953668225, 163.4727575608626751 ) ) ;
#2049 = CARTESIAN_POINT ( 'NONE',  ( -0.01777034590337888895, 22.22999289731794548, 3.000000000000000000 ) ) ;
#2050 = DIRECTION ( 'NONE',  ( -0.7071067811865487940, 0.7071067811865463515, -0.000000000000000000 ) ) ;
#2051 = EDGE_CURVE ( 'NONE', #2623, #2089, #505, .T. ) ;
#2052 = CARTESIAN_POINT ( 'NONE',  ( 1.753082121314483155, -25.33953363165923633, 6.002828412881919817 ) ) ;
#2053 = CARTESIAN_POINT ( 'NONE',  ( 19.29603293369032002, -16.51766198679750275, 4.473047869004758148 ) ) ;
#2054 = CARTESIAN_POINT ( 'NONE',  ( -25.34003541966331596, -1.747177442109290935, 164.2624548347617690 ) ) ;
#2055 = CARTESIAN_POINT ( 'NONE',  ( -0.2796958821652086313, 25.39878209601651449, 3.012942246393909063 ) ) ;
#2056 = CARTESIAN_POINT ( 'NONE',  ( -19.04453510132792360, -16.80772833456579107, 3.771259119252806435 ) ) ;
#2057 = DIRECTION ( 'NONE',  ( -0.7071067811865487940, 0.7071067811865463515, -0.000000000000000000 ) ) ;
#2058 = EDGE_LOOP ( 'NONE', ( #958, #297, #3145, #7, #334, #1481 ) ) ;
#2059 = FACE_OUTER_BOUND ( 'NONE', #475, .T. ) ;
#2060 = CARTESIAN_POINT ( 'NONE',  ( -16.80772833456573068, 19.04453510132797334, 3.771259119252806435 ) ) ;
#2061 = ORIENTED_EDGE ( 'NONE', *, *, #1837, .T. ) ;
#2062 = CARTESIAN_POINT ( 'NONE',  ( -25.39209627679167980, 0.6450696106400959362, 163.3723540366849249 ) ) ;
#2063 = CARTESIAN_POINT ( 'NONE',  ( 0.000000000000000000, 0.000000000000000000, 3.000000000000000000 ) ) ;
#2064 = CARTESIAN_POINT ( 'NONE',  ( -14.22731785858792186, -17.08087604751890254, 4.999999999999997335 ) ) ;
#2065 = CARTESIAN_POINT ( 'NONE',  ( 18.64372468162445884, 17.25060258711685535, 6.735297698837812597 ) ) ;
#2066 = EDGE_CURVE ( 'NONE', #1871, #1891, #200, .T. ) ;
#2067 = CARTESIAN_POINT ( 'NONE',  ( -0.01777034590337889242, 25.39999378375527073, 3.000000000000000000 ) ) ;
#2068 = CARTESIAN_POINT ( 'NONE',  ( 25.31972754259397362, 2.017770345903644458, 5.000000000000000000 ) ) ;
#2069 = CARTESIAN_POINT ( 'NONE',  ( -22.22999999999999687, -2.860303020078793599E-16, 6.999921052143426969 ) ) ;
#2070 = EDGE_CURVE ( 'NONE', #452, #815, #2495, .T. ) ;
#2071 = CARTESIAN_POINT ( 'NONE',  ( -18.31174307638115195, -17.60273866416860855, 3.064150756085526339 ) ) ;
#2072 = CARTESIAN_POINT ( 'NONE',  ( 14.99392229124135767, -16.41240464371297847, 163.5347672926572500 ) ) ;
#2073 = VECTOR ( 'NONE', #3223, 1000.000000000000000 ) ;
#2074 = VERTEX_POINT ( 'NONE', #3248 ) ;
#2075 = CARTESIAN_POINT ( 'NONE',  ( -14.24102358051301209, 17.06945070525915398, 165.2700000000000102 ) ) ;
#2076 = CARTESIAN_POINT ( 'NONE',  ( -18.15661936261003007, 17.76270014013975640, 3.012796581546537400 ) ) ;
#2077 = ORIENTED_EDGE ( 'NONE', *, *, #2944, .F. ) ;
#2078 = CARTESIAN_POINT ( 'NONE',  ( -17.07254088107269396, 14.23734172960530131, 5.262210096474156273 ) ) ;
#2079 = DIRECTION ( 'NONE',  ( 0.000000000000000000, 0.000000000000000000, 1.000000000000000000 ) ) ;
#2080 = CARTESIAN_POINT ( 'NONE',  ( -22.21265297050722864, 0.8863550489742461069, 167.0676510057494681 ) ) ;
#2081 = CARTESIAN_POINT ( 'NONE',  ( 18.79034048830364867, 17.09078301180117876, 6.590504270183902058 ) ) ;
#2082 = CARTESIAN_POINT ( 'NONE',  ( 25.32253473881358730, -1.982229654096355986, 5.000000000000000000 ) ) ;
#2083 = CARTESIAN_POINT ( 'NONE',  ( 17.01391649088067481, -18.85988223425342625, 3.494511790062042600 ) ) ;
#2084 = CARTESIAN_POINT ( 'NONE',  ( -16.42281001423542008, 14.98252491413714971, 3.263414479369314947 ) ) ;
#2085 = FACE_BOUND ( 'NONE', #591, .T. ) ;
#2086 = CARTESIAN_POINT ( 'NONE',  ( -17.06945070525920016, 14.24102358051295347, 165.2700000000000102 ) ) ;
#2087 = CARTESIAN_POINT ( 'NONE',  ( 14.54782294546939880, -16.80975396758208973, 164.0412552751284920 ) ) ;
#2088 = EDGE_CURVE ( 'NONE', #486, #3220, #1075, .T. ) ;
#2089 = VERTEX_POINT ( 'NONE', #1609 ) ;
#2090 = CARTESIAN_POINT ( 'NONE',  ( -25.38040886495118542, 1.003292798921318951, 167.0050429158605141 ) ) ;
#2091 = STYLED_ITEM ( 'NONE', ( #3258 ), #2666 ) ;
#2092 = CARTESIAN_POINT ( 'NONE',  ( 16.50052401529316626, -19.31044705311006382, 165.5331603142777226 ) ) ;
#2093 = AXIS2_PLACEMENT_3D ( 'NONE', #2306, #3338, #3031 ) ;
#2094 = ORIENTED_EDGE ( 'NONE', *, *, #2566, .F. ) ;
#2095 = CARTESIAN_POINT ( 'NONE',  ( -14.84639015088088243, 16.54597726124704238, 6.590487313514878487 ) ) ;
#2096 = FACE_BOUND ( 'NONE', #655, .T. ) ;
#2097 = CARTESIAN_POINT ( 'NONE',  ( -17.05801519508652930, -14.25471913452512851, 5.000000000000000000 ) ) ;
#2098 = CARTESIAN_POINT ( 'NONE',  ( 25.38503837594393175, -0.8799274628833809730, 6.791965785539861855 ) ) ;
#2099 =( LENGTH_UNIT ( ) NAMED_UNIT ( * ) SI_UNIT ( .MILLI., .METRE. ) );
#2100 = CARTESIAN_POINT ( 'NONE',  ( -17.05801519508652930, -14.25471913452512851, 5.000000000000000000 ) ) ;
#2101 = CARTESIAN_POINT ( 'NONE',  ( -18.99406461686832515, 16.86398661921991859, 166.5922690044116337 ) ) ;
#2102 = CARTESIAN_POINT ( 'NONE',  ( -17.57903843470150562, -18.33449619320131774, 3.063433130784167790 ) ) ;
#2103 = CARTESIAN_POINT ( 'NONE',  ( 15.90254372926546189, -15.53378096617126225, 163.2827930736002884 ) ) ;
#2104 = ORIENTED_EDGE ( 'NONE', *, *, #899, .F. ) ;
#2105 = CARTESIAN_POINT ( 'NONE',  ( 2.449293470561603660E-16, -22.22999999999999687, 167.2700000000000102 ) ) ;
#2106 = EDGE_CURVE ( 'NONE', #610, #767, #671, .T. ) ;
#2107 = ITEM_DEFINED_TRANSFORMATION ( 'NONE', 'NONE', #894,  #2259 ) ;
#2108 = CARTESIAN_POINT ( 'NONE',  ( -17.01391649088054336, 18.85988223425353283, 3.494511790062045264 ) ) ;
#2109 = ORIENTED_EDGE ( 'NONE', *, *, #2191, .T. ) ;
#2110 = CARTESIAN_POINT ( 'NONE',  ( 25.33027811629018800, -1.881351423149387747, 5.640564004500407513 ) ) ;
#2111 = CARTESIAN_POINT ( 'NONE',  ( -0.2821459119277338612, 22.22978155918220011, 6.999999999999999112 ) ) ;
#2112 = CARTESIAN_POINT ( 'NONE',  ( -14.97898779336795805, -16.42744087867031766, 6.747839783366596400 ) ) ;
#2113 = CARTESIAN_POINT ( 'NONE',  ( 18.65426750300469294, -17.23920348230639021, 163.5333784515277387 ) ) ;
#2114 = ORIENTED_EDGE ( 'NONE', *, *, #2422, .F. ) ;
#2115 = B_SPLINE_CURVE_WITH_KNOTS ( 'NONE', 3,
 ( #3242, #1729, #693, #3023, #3006, #1152, #1183, #2957, #1658, #2458, #621, #1200, #2700, #160, #912, #896, #358, #426, #1459, #3260, #1951, #1972, #2494, #2441, #2987, #2190 ),
 .UNSPECIFIED., .F., .F.,
 ( 4, 2, 2, 2, 2, 2, 2, 2, 2, 2, 2, 2, 4 ),
 ( 0.006255331629885382827, 0.007037067323324865294, 0.007818803016764347760, 0.008209670863484118050, 0.008600538710203888340, 0.008991406556923660365, 0.009382274403643430655, 0.009773142250363200945, 0.01016401009708297123, 0.01055487794380274152, 0.01094574579052251181, 0.01172748148396205239, 0.01250921717740159297 ),
 .UNSPECIFIED. ) ;
#2116 = CYLINDRICAL_SURFACE ( 'NONE', #496, 2.500000000000000000 ) ;
#2117 = DIRECTION ( 'NONE',  ( 0.000000000000000000, 0.000000000000000000, 1.000000000000000000 ) ) ;
#2118 = DIRECTION ( 'NONE',  ( 0.000000000000000000, 0.000000000000000000, 1.000000000000000000 ) ) ;
#2119 = FACE_BOUND ( 'NONE', #1644, .T. ) ;
#2120 = CARTESIAN_POINT ( 'NONE',  ( 17.06945070525900476, 14.24102358051319150, 165.2700000000000102 ) ) ;
#2121 = CARTESIAN_POINT ( 'NONE',  ( 22.14705489031264207, -1.918724597888432415, 5.516605437388532707 ) ) ;
#2122 =( REPRESENTATION_RELATIONSHIP ('NONE','NONE', #1868, #2569 ) REPRESENTATION_RELATIONSHIP_WITH_TRANSFORMATION ( #2107 )SHAPE_REPRESENTATION_RELATIONSHIP( ) );
#2123 = VERTEX_POINT ( 'NONE', #2614 ) ;
#2124 = CARTESIAN_POINT ( 'NONE',  ( 0.000000000000000000, 25.40099999999999980, 165.2700000000000102 ) ) ;
#2125 = CARTESIAN_POINT ( 'NONE',  ( -22.22999999999999687, 2.866971112438768931E-16, 3.000078947856573475 ) ) ;
#2126 = ORIENTED_EDGE ( 'NONE', *, *, #35, .F. ) ;
#2127 = VECTOR ( 'NONE', #144, 999.9999999999998863 ) ;
#2128 = FACE_OUTER_BOUND ( 'NONE', #888, .T. ) ;
#2129 = VECTOR ( 'NONE', #741, 1000.000000000000000 ) ;
#2130 = CARTESIAN_POINT ( 'NONE',  ( 16.47697194869837745, 19.33053013762961925, 5.000000000000000888 ) ) ;
#2131 = CARTESIAN_POINT ( 'NONE',  ( 22.14144678196121774, -1.982229654096389293, 5.000000000000000000 ) ) ;
#2132 = CARTESIAN_POINT ( 'NONE',  ( 19.31044705311000698, 16.50052401529323731, 165.5331603142777226 ) ) ;
#2133 = ADVANCED_FACE ( 'NONE', ( #3110, #2119, #554, #2660, #1593, #2085, #587 ), #776, .T. ) ;
#2134 = ORIENTED_EDGE ( 'NONE', *, *, #2323, .F. ) ;
#2135 = CARTESIAN_POINT ( 'NONE',  ( 25.39999999999999858, 3.393076044830571046E-15, 6.999921052143425193 ) ) ;
#2136 = CARTESIAN_POINT ( 'NONE',  ( -14.25471913452506634, 17.05801519508658259, 5.000000000000000000 ) ) ;
#2137 = CARTESIAN_POINT ( 'NONE',  ( -16.80098028038187508, 19.04973302493742082, 166.4900519313078178 ) ) ;
#2138 = DIRECTION ( 'NONE',  ( -0.7071067811865561215, 0.7071067811865388020, 0.000000000000000000 ) ) ;
#2139 = CARTESIAN_POINT ( 'NONE',  ( 23.98678643762695017, -26.81521356237306009, 165.2700000000000102 ) ) ;
#2140 = VERTEX_POINT ( 'NONE', #1812 ) ;
#2141 = CARTESIAN_POINT ( 'NONE',  ( 17.23920348230632982, 18.65426750300475334, 163.5333784515278239 ) ) ;
#2142 = CARTESIAN_POINT ( 'NONE',  ( -1.718836936098354418, -22.16356868981218042, 3.999372373861311836 ) ) ;
#2143 = CARTESIAN_POINT ( 'NONE',  ( -18.56401035086384610, -17.33644138141823987, 6.797929354333959395 ) ) ;
#2144 = ORIENTED_EDGE ( 'NONE', *, *, #215, .F. ) ;
#2145 = DIRECTION ( 'NONE',  ( 0.000000000000000000, 0.000000000000000000, 1.000000000000000000 ) ) ;
#2146 = AXIS2_PLACEMENT_3D ( 'NONE', #737, #2765, #1524 ) ;
#2147 = CARTESIAN_POINT ( 'NONE',  ( -1.591707769550783746, -22.17306123612545932, 164.0519987993086204 ) ) ;
#2148 = CARTESIAN_POINT ( 'NONE',  ( 15.79823658003978792, 15.63987392943303334, 7.000050145986594252 ) ) ;
#2149 = VERTEX_POINT ( 'NONE', #2872 ) ;
#2150 = EDGE_CURVE ( 'NONE', #2089, #2623, #1120, .T. ) ;
#2151 = FACE_BOUND ( 'NONE', #294, .T. ) ;
#2152 = B_SPLINE_CURVE_WITH_KNOTS ( 'NONE', 3,
 ( #915, #3026, #1186, #1462, #2990, #1168, #3263, #1446, #934, #1715, #413, #2718, #2266, #2480, #967, #2210, #2010, #1752 ),
 .UNSPECIFIED., .F., .F.,
 ( 4, 2, 2, 2, 2, 2, 2, 2, 4 ),
 ( 0.003128757233354350839, 0.003519671570101640633, 0.003910585906848930426, 0.004301500243596220220, 0.004692414580343510014, 0.005083328917090799808, 0.005474243253838088734, 0.005865157590585378528, 0.006256071927332668321 ),
 .UNSPECIFIED. ) ;
#2153 = CARTESIAN_POINT ( 'NONE',  ( 25.32113741521101957, 2.000000000000266898, 165.4022300781844592 ) ) ;
#2154 = CARTESIAN_POINT ( 'NONE',  ( -1.228735386534404617, 25.37093521679183894, 163.6705649783762908 ) ) ;
#2155 = CARTESIAN_POINT ( 'NONE',  ( -17.77543894746424513, -18.14557507200899167, 167.2699060233793489 ) ) ;
#2156 = CARTESIAN_POINT ( 'NONE',  ( -25.40100000000024139, -1.982229654096887117, 5.000000000000000000 ) ) ;
#2157 = ORIENTED_EDGE ( 'NONE', *, *, #2920, .T. ) ;
#2158 = FACE_OUTER_BOUND ( 'NONE', #1841, .T. ) ;
#2159 = CARTESIAN_POINT ( 'NONE',  ( -1.880454896034910783, -22.15037967526977170, 4.356619450450020636 ) ) ;
#2160 = CARTESIAN_POINT ( 'NONE',  ( 6.304475260620618477E-15, 25.39999999999999858, 167.2700000000000102 ) ) ;
#2161 = ORIENTED_EDGE ( 'NONE', *, *, #545, .F. ) ;
#2162 = DIRECTION ( 'NONE',  ( 0.7071067811865536790, -0.7071067811865414665, -0.000000000000000000 ) ) ;
#2163 = CARTESIAN_POINT ( 'NONE',  ( 18.04245617841695193, 17.87868017259421549, 3.000103320941792440 ) ) ;
#2164 = CARTESIAN_POINT ( 'NONE',  ( 5.256025990544965887E-15, -22.22999999999999687, 163.2700000000000102 ) ) ;
#2165 = CARTESIAN_POINT ( 'NONE',  ( 14.54055810013574401, 16.81518267829000379, 6.219413686944418984 ) ) ;
#2166 = EDGE_LOOP ( 'NONE', ( #1588, #1617 ) ) ;
#2167 = CARTESIAN_POINT ( 'NONE',  ( 25.36580546906582967, -1.320853596383263051, 166.7775722107274134 ) ) ;
#2168 = ADVANCED_FACE ( 'NONE', ( #1639 ), #2970, .F. ) ;
#2169 = CARTESIAN_POINT ( 'NONE',  ( -22.19676267982282880, -1.229153566539200160, 166.8691367908315328 ) ) ;
#2170 = CARTESIAN_POINT ( 'NONE',  ( -1.507380355138832950, 25.35540035440853046, 166.5909166374852077 ) ) ;
#2171 = PRODUCT_DEFINITION_SHAPE ( 'NONE', 'NONE',  #3379 ) ;
#2172 = CARTESIAN_POINT ( 'NONE',  ( 22.20794484420190429, -0.9958000728987628225, 6.729001335378023363 ) ) ;
#2173 = EDGE_CURVE ( 'NONE', #361, #1998, #407, .T. ) ;
#2174 = EDGE_LOOP ( 'NONE', ( #1851, #324 ) ) ;
#2175 = CARTESIAN_POINT ( 'NONE',  ( 16.06977267738513149, 15.36071777854975196, 3.064160159901106351 ) ) ;
#2176 = CARTESIAN_POINT ( 'NONE',  ( -25.38018191269506474, -1.009153576567401123, 3.258053246762078192 ) ) ;
#2177 = CARTESIAN_POINT ( 'NONE',  ( -17.57338458955063842, -18.34105042334724089, 6.947354859377071534 ) ) ;
#2178 = ORIENTED_EDGE ( 'NONE', *, *, #1532, .T. ) ;
#2179 = FILL_AREA_STYLE ('',( #579 ) ) ;
#2180 = CARTESIAN_POINT ( 'NONE',  ( 22.14481093834322323, 1.946866753322937349, 164.7432335269932935 ) ) ;
#2181 = CARTESIAN_POINT ( 'NONE',  ( 19.27707555228397496, 16.53949867202054236, 165.7895416273611886 ) ) ;
#2182 = ORIENTED_EDGE ( 'NONE', *, *, #943, .F. ) ;
#2183 = AXIS2_PLACEMENT_3D ( 'NONE', #2905, #1333, #1573 ) ;
#2184 = FACE_BOUND ( 'NONE', #2462, .T. ) ;
#2185 = DIRECTION ( 'NONE',  ( -0.000000000000000000, -0.000000000000000000, -1.000000000000000000 ) ) ;
#2186 = CARTESIAN_POINT ( 'NONE',  ( -22.19024426632856262, -1.332167958585134260, 3.486874208442909850 ) ) ;
#2187 = CARTESIAN_POINT ( 'NONE',  ( -1.008010550577455922, 25.38113121692465057, 167.0169286223496101 ) ) ;
#2188 = CARTESIAN_POINT ( 'NONE',  ( -15.81076796993180800, -15.62720550259158436, 167.2700470073841927 ) ) ;
#2189 = CARTESIAN_POINT ( 'NONE',  ( -22.19678772436960301, 1.219575695567037599, 163.6794877594960553 ) ) ;
#2190 = CARTESIAN_POINT ( 'NONE',  ( 6.304475260620618477E-15, -25.39999999999999858, 163.2700000000000102 ) ) ;
#2191 = EDGE_CURVE ( 'NONE', #2123, #2991, #870, .T. ) ;
#2192 = CARTESIAN_POINT ( 'NONE',  ( -22.19144915884781355, 1.311810187401768690, 3.500323227408716154 ) ) ;
#2193 = ORIENTED_EDGE ( 'NONE', *, *, #2088, .T. ) ;
#2194 = CARTESIAN_POINT ( 'NONE',  ( 16.93861163961184602, 14.39648816538231202, 166.1565648447152057 ) ) ;
#2195 = CARTESIAN_POINT ( 'NONE',  ( 17.48716892349477448, 18.42209616609209277, 3.101753553423991949 ) ) ;
#2196 = CARTESIAN_POINT ( 'NONE',  ( 22.22098373832623608, 0.6445618864034655671, 163.3721806098500053 ) ) ;
#2197 = CARTESIAN_POINT ( 'NONE',  ( 22.13823621771148353, 2.017770345903611151, 5.132999093439062577 ) ) ;
#2198 = AXIS2_PLACEMENT_3D ( 'NONE', #408, #175, #2277 ) ;
#2199 = ORIENTED_EDGE ( 'NONE', *, *, #2106, .T. ) ;
#2200 = CARTESIAN_POINT ( 'NONE',  ( 25.39211984252339960, -0.6441434495122775328, 167.1679595436486352 ) ) ;
#2201 = B_SPLINE_CURVE_WITH_KNOTS ( 'NONE', 3,
 ( #176, #980, #2295, #3277, #2563, #1728, #467, #228, #3058, #243, #1217, #3349, #2770, #3077 ),
 .UNSPECIFIED., .F., .F.,
 ( 4, 2, 2, 2, 2, 2, 4 ),
 ( 0.000000000000000000, 0.0003910479590395255270, 0.0007820959180790510541, 0.001173143877118576527, 0.001564191836158102108, 0.002346287754237152620, 0.003128383672316203349 ),
 .UNSPECIFIED. ) ;
#2202 = CARTESIAN_POINT ( 'NONE',  ( 15.27044501819834643, -16.15552832491449564, 6.898140392439598756 ) ) ;
#2203 = CARTESIAN_POINT ( 'NONE',  ( 0.8694233245728004711, 22.21332222667590628, 6.797240576983893945 ) ) ;
#2204 = CARTESIAN_POINT ( 'NONE',  ( -25.32781597290725273, -1.914244115585900241, 5.648666585049643807 ) ) ;
#2205 = CARTESIAN_POINT ( 'NONE',  ( 25.31972754259397362, 2.017770345903644458, 5.000000000000000000 ) ) ;
#2206 = CARTESIAN_POINT ( 'NONE',  ( -22.19082184189663209, 1.322445280743370866, 163.7639618755959816 ) ) ;
#2207 = CARTESIAN_POINT ( 'NONE',  ( 15.80094118634682943, 15.63715448423087473, 3.000100558140382123 ) ) ;
#2208 = CARTESIAN_POINT ( 'NONE',  ( -19.00588361083937983, 16.85066538008353376, 6.322261358146337606 ) ) ;
#2209 = CARTESIAN_POINT ( 'NONE',  ( 16.58179622220431781, -19.24075273593679825, 5.644231682123633576 ) ) ;
#2210 = CARTESIAN_POINT ( 'NONE',  ( 22.14104122866305957, -1.986920332932626820, 165.5331194747420227 ) ) ;
#2211 = ORIENTED_EDGE ( 'NONE', *, *, #147, .F. ) ;
#2212 = EDGE_CURVE ( 'NONE', #141, #486, #3067, .T. ) ;
#2213 = FACE_BOUND ( 'NONE', #3063, .T. ) ;
#2214 = CARTESIAN_POINT ( 'NONE',  ( 0.1305629276169173458, -22.22999999999999687, 167.2700000000000671 ) ) ;
#2215 = CARTESIAN_POINT ( 'NONE',  ( 22.22882143176059699, 0.2621563554174465849, 163.2829815892054910 ) ) ;
#2216 = CARTESIAN_POINT ( 'NONE',  ( 17.06945070525929964, -14.24102358051283623, 165.2700000000000102 ) ) ;
#2217 = ORIENTED_EDGE ( 'NONE', *, *, #1668, .F. ) ;
#2218 = EDGE_CURVE ( 'NONE', #1295, #1980, #3229, .T. ) ;
#2219 = CARTESIAN_POINT ( 'NONE',  ( -16.47697194869851600, -19.33053013762951977, 4.735661464525538378 ) ) ;
#2220 = DIRECTION ( 'NONE',  ( 0.000000000000000000, 0.000000000000000000, 1.000000000000000000 ) ) ;
#2221 = CARTESIAN_POINT ( 'NONE',  ( 15.09339734199934924, -16.32105827412733134, 6.797898260996808162 ) ) ;
#2222 = CARTESIAN_POINT ( 'NONE',  ( 1.969254399931804844, 22.14261942313583731, 4.737622688288935180 ) ) ;
#2223 = CARTESIAN_POINT ( 'NONE',  ( -1.935840627724184859, 25.32613621075010002, 164.7508560936055630 ) ) ;
#2224 = ORIENTED_EDGE ( 'NONE', *, *, #3189, .T. ) ;
#2225 = CARTESIAN_POINT ( 'NONE',  ( 16.40038363761674844, 15.00706994569152286, 3.264751643742712872 ) ) ;
#2226 = CARTESIAN_POINT ( 'NONE',  ( 16.82034062312084544, -14.53558544166797795, 3.769115008388228993 ) ) ;
#2227 = DIRECTION ( 'NONE',  ( 0.000000000000000000, 0.000000000000000000, 1.000000000000000000 ) ) ;
#2228 = DIRECTION ( 'NONE',  ( 0.000000000000000000, 0.000000000000000000, 1.000000000000000000 ) ) ;
#2229 = ORIENTED_EDGE ( 'NONE', *, *, #388, .F. ) ;
#2230 = CARTESIAN_POINT ( 'NONE',  ( 25.32542490191799800, -1.947524503594606937, 164.7455234615739244 ) ) ;
#2231 = CARTESIAN_POINT ( 'NONE',  ( -1.898222546469712446, 22.14886412313122577, 165.9133885821901799 ) ) ;
#2232 = CARTESIAN_POINT ( 'NONE',  ( 1.585326502082512468, 15.93323144104803823, -161.0000000000000000 ) ) ;
#2233 = CARTESIAN_POINT ( 'NONE',  ( 17.32342352273990826, -18.57615884618860846, 167.0679169032594302 ) ) ;
#2234 = B_SPLINE_CURVE_WITH_KNOTS ( 'NONE', 3,
 ( #721, #2506, #2036, #170, #2523, #3072, #1741, #1267, #1212, #738, #2255, #461, #188, #1777 ),
 .UNSPECIFIED., .F., .F.,
 ( 4, 2, 2, 2, 2, 2, 4 ),
 ( 0.009383845873556902195, 0.009774517146672555973, 0.01016518841978821149, 0.01055585969290386526, 0.01094653096601951904, 0.01172787351225088731, 0.01250921605848225385 ),
 .UNSPECIFIED. ) ;
#2235 = VERTEX_POINT ( 'NONE', #1106 ) ;
#2236 = CARTESIAN_POINT ( 'NONE',  ( -18.80231666885419628, -17.07760661068654429, 166.8604923764091268 ) ) ;
#2237 = CARTESIAN_POINT ( 'NONE',  ( -16.06977267738523096, -15.36071777854963827, 3.064160159901105462 ) ) ;
#2238 = EDGE_CURVE ( 'NONE', #764, #1053, #790, .T. ) ;
#2239 = DIRECTION ( 'NONE',  ( -0.7071067811865487940, 0.7071067811865463515, -0.000000000000000000 ) ) ;
#2240 = VECTOR ( 'NONE', #3217, 1000.000000000000000 ) ;
#2241 = CARTESIAN_POINT ( 'NONE',  ( 2.449293493349823060E-16, -25.39999999999999858, 167.2700000000000102 ) ) ;
#2242 = CARTESIAN_POINT ( 'NONE',  ( -17.00366070480433223, -14.31960049755157804, 165.9142852667266652 ) ) ;
#2243 = LINE ( 'NONE', #1711, #47 ) ;
#2244 = CARTESIAN_POINT ( 'NONE',  ( 14.82102684205444021, 16.56870257182236728, 3.408309175536492486 ) ) ;
#2245 = CARTESIAN_POINT ( 'NONE',  ( 15.00706994569147135, -16.40038363761679818, 3.264751643742711984 ) ) ;
#2246 = CARTESIAN_POINT ( 'NONE',  ( 22.22999999999999687, 2.435692722865514604E-15, 3.000078947856574807 ) ) ;
#2247 = DIRECTION ( 'NONE',  ( 1.000000000000000000, 0.000000000000000000, -0.000000000000000000 ) ) ;
#2248 = VERTEX_POINT ( 'NONE', #1392 ) ;
#2249 = CARTESIAN_POINT ( 'NONE',  ( 17.02806430023748163, 14.29050684488471745, 165.7895975456490021 ) ) ;
#2250 = CARTESIAN_POINT ( 'NONE',  ( -1.936563774914124236, 22.14550218355434197, 165.7864349609155852 ) ) ;
#2251 = PRODUCT_CONTEXT ( 'NONE', #1383, 'mechanical' ) ;
#2252 = CARTESIAN_POINT ( 'NONE',  ( 22.19624141395731343, 1.238805780110134203, 6.605574414485790413 ) ) ;
#2253 = ORIENTED_EDGE ( 'NONE', *, *, #396, .F. ) ;
#2254 = CARTESIAN_POINT ( 'NONE',  ( 25.40099999999986835, 25.40100000000013480, 165.2700000000000102 ) ) ;
#2255 = CARTESIAN_POINT ( 'NONE',  ( 25.34003541966330175, 1.747177442109431267, 164.2624548347616837 ) ) ;
#2256 = CARTESIAN_POINT ( 'NONE',  ( 2.017662573619263267, -25.31973613114221422, 4.738022989333593671 ) ) ;
#2257 = EDGE_CURVE ( 'NONE', #2044, #141, #463, .T. ) ;
#2258 = AXIS2_PLACEMENT_3D ( 'NONE', #827, #1640, #2648 ) ;
#2259 = AXIS2_PLACEMENT_3D ( 'NONE', #665, #871, #1904 ) ;
#2260 = CARTESIAN_POINT ( 'NONE',  ( 1.935935906468160494, -25.32612897187339129, 165.7889029349276200 ) ) ;
#2261 = LINE ( 'NONE', #1216, #186 ) ;
#2262 = FACE_BOUND ( 'NONE', #1245, .T. ) ;
#2263 = CARTESIAN_POINT ( 'NONE',  ( -0.1497807093446278659, 25.39990142665310202, 3.000000000000000444 ) ) ;
#2264 = LINE ( 'NONE', #1713, #2687 ) ;
#2265 = CARTESIAN_POINT ( 'NONE',  ( 22.19631104502239793, 1.228295493787713966, 3.402548565509662115 ) ) ;
#2266 = CARTESIAN_POINT ( 'NONE',  ( 22.15725400490738650, -1.797645239095004843, 166.1563726166365313 ) ) ;
#2267 = ORIENTED_EDGE ( 'NONE', *, *, #1302, .T. ) ;
#2268 = DIRECTION ( 'NONE',  ( 1.000000000000000000, 0.000000000000000000, 0.000000000000000000 ) ) ;
#2269 = CARTESIAN_POINT ( 'NONE',  ( -1.736602556741621228, 22.16218377697775921, 166.2706358520721892 ) ) ;
#2270 = APPLICATION_PROTOCOL_DEFINITION ( 'draft international standard', 'automotive_design', 1998, #509 ) ;
#2271 = CARTESIAN_POINT ( 'NONE',  ( 17.77427708357392788, -18.14528956850843144, 167.2570286771300232 ) ) ;
#2272 = VERTEX_POINT ( 'NONE', #1991 ) ;
#2273 = FACE_OUTER_BOUND ( 'NONE', #1003, .T. ) ;
#2274 = CARTESIAN_POINT ( 'NONE',  ( 0.01777034590337914222, 25.40099999999999980, 5.000000000000000000 ) ) ;
#2275 = CARTESIAN_POINT ( 'NONE',  ( 17.22252404398737724, 18.67090362350733201, 6.747870625126251021 ) ) ;
#2276 = CARTESIAN_POINT ( 'NONE',  ( 0.1321996980370207520, -25.40000000000000213, 163.2700000000000102 ) ) ;
#2277 = DIRECTION ( 'NONE',  ( 3.469446951953611822E-15, -1.000000000000000000, 0.000000000000000000 ) ) ;
#2278 = CARTESIAN_POINT ( 'NONE',  ( -25.31972754259398783, -2.017770345903467710, 5.000000000000000000 ) ) ;
#2279 = CARTESIAN_POINT ( 'NONE',  ( -0.9041447846050797432, 25.38419166618819744, 6.797638485070424785 ) ) ;
#2280 = CARTESIAN_POINT ( 'NONE',  ( -23.99935196971889084, -26.80264803028107323, 5.000000000000000000 ) ) ;
#2281 = DIRECTION ( 'NONE',  ( 0.7071067811865510144, -0.7071067811865441310, 0.000000000000000000 ) ) ;
#2282 = CARTESIAN_POINT ( 'NONE',  ( 1.590493274536002088, 25.35025828100459577, 164.0504470129187382 ) ) ;
#2283 = ADVANCED_FACE ( 'NONE', ( #1516 ), #3280, .F. ) ;
#2284 = ORIENTED_EDGE ( 'NONE', *, *, #1464, .F. ) ;
#2285 = CARTESIAN_POINT ( 'NONE',  ( -17.32350643177474936, -18.57608218107055720, 163.4720200662190734 ) ) ;
#2286 = CARTESIAN_POINT ( 'NONE',  ( 1.590473290081434232, -22.17314963645829451, 166.4895777853263894 ) ) ;
#2287 = CARTESIAN_POINT ( 'NONE',  ( 18.99406461686843883, -16.86398661921979070, 166.5922690044116905 ) ) ;
#2288 = ORIENTED_EDGE ( 'NONE', *, *, #1470, .F. ) ;
#2289 = CARTESIAN_POINT ( 'NONE',  ( -17.08087604751885635, 14.22731785858798226, 4.999999999999999112 ) ) ;
#2290 = CARTESIAN_POINT ( 'NONE',  ( -1.718962490464108095, -25.34187135340063435, 3.999580031289792892 ) ) ;
#2291 = CARTESIAN_POINT ( 'NONE',  ( -15.33693286994294702, -16.09247458494704830, 3.063447878311970296 ) ) ;
#2292 = CARTESIAN_POINT ( 'NONE',  ( 16.55496700521505815, 19.26384183981760856, 5.644938800957962854 ) ) ;
#2293 = FACE_OUTER_BOUND ( 'NONE', #1463, .T. ) ;
#2294 = CARTESIAN_POINT ( 'NONE',  ( 25.38018191269506474, 1.009153576567479726, 3.258053246762020905 ) ) ;
#2295 = CARTESIAN_POINT ( 'NONE',  ( -25.32217249462890152, -1.987015569664257075, 165.5322394831756583 ) ) ;
#2296 = CARTESIAN_POINT ( 'NONE',  ( -0.01777034590337913528, 25.39999378375527073, 7.000000000000000000 ) ) ;
#2297 = AXIS2_PLACEMENT_3D ( 'NONE', #473, #3098, #263 ) ;
#2298 = CARTESIAN_POINT ( 'NONE',  ( -14.75756972172139747, 16.62515542187747997, 166.7778125817756916 ) ) ;
#2299 = FACE_OUTER_BOUND ( 'NONE', #1605, .T. ) ;
#2300 = CARTESIAN_POINT ( 'NONE',  ( 19.04453510132780636, 16.80772833456592608, 3.771259119252805103 ) ) ;
#2301 = ORIENTED_EDGE ( 'NONE', *, *, #987, .T. ) ;
#2302 = ADVANCED_BREP_SHAPE_REPRESENTATION ( '', ( #2695, #2666, #2259 ), #2689 ) ;
#2303 = CARTESIAN_POINT ( 'NONE',  ( -19.05631516594330321, -16.79437114836998646, 164.0412658208250036 ) ) ;
#2304 =( REPRESENTATION_RELATIONSHIP ('NONE','NONE', #1868, #2569 ) REPRESENTATION_RELATIONSHIP_WITH_TRANSFORMATION ( #1819 )SHAPE_REPRESENTATION_RELATIONSHIP( ) );
#2305 = EDGE_CURVE ( 'NONE', #2590, #2827, #213, .T. ) ;
#2306 = CARTESIAN_POINT ( 'NONE',  ( 0.000000000000000000, 0.000000000000000000, 0.000000000000000000 ) ) ;
#2307 = DIRECTION ( 'NONE',  ( 1.000000000000000000, 0.000000000000000000, 0.000000000000000000 ) ) ;
#2308 = ORIENTED_EDGE ( 'NONE', *, *, #288, .F. ) ;
#2309 = CARTESIAN_POINT ( 'NONE',  ( 1.572708423705902137, 22.17441673676298208, 3.780429338306253495 ) ) ;
#2310 = CARTESIAN_POINT ( 'NONE',  ( -0.2431366235834249434, -25.40017631951240418, 7.000000000000001776 ) ) ;
#2311 = CARTESIAN_POINT ( 'NONE',  ( -22.17828336360643959, -1.518342915962904049, 6.328714094527115641 ) ) ;
#2312 = CARTESIAN_POINT ( 'NONE',  ( 19.17490543122824320, 16.65789703124685062, 5.886544412638694546 ) ) ;
#2313 = DIRECTION ( 'NONE',  ( 1.000000000000000000, 1.047444401652940007E-14, -0.000000000000000000 ) ) ;
#2314 = DIRECTION ( 'NONE',  ( 1.000000000000000000, 1.047444401652940007E-14, -0.000000000000000000 ) ) ;
#2315 = AXIS2_PLACEMENT_3D ( 'NONE', #1198, #928, #120 ) ;
#2316 = DIRECTION ( 'NONE',  ( 3.469446951953614189E-15, -1.000000000000000000, 0.000000000000000000 ) ) ;
#2317 = CARTESIAN_POINT ( 'NONE',  ( -1.616485626618752836, 25.34918281103665905, 3.770326561721029979 ) ) ;
#2318 = CARTESIAN_POINT ( 'NONE',  ( -14.55443999450385206, 16.80316784774239025, 166.4900740168994560 ) ) ;
#2319 = CARTESIAN_POINT ( 'NONE',  ( -16.41079711358482385, 14.99568202947545892, 163.5333983612126190 ) ) ;
#2320 = ORIENTED_EDGE ( 'NONE', *, *, #2008, .F. ) ;
#2321 = CARTESIAN_POINT ( 'NONE',  ( -17.50007958255618590, -18.40983212562862903, 163.3717429043126117 ) ) ;
#2322 = CARTESIAN_POINT ( 'NONE',  ( 16.80975396758204354, 14.54782294546946453, 164.0412552751285489 ) ) ;
#2323 = EDGE_CURVE ( 'NONE', #1314, #2381, #1954, .T. ) ;
#2324 = ORIENTED_EDGE ( 'NONE', *, *, #924, .T. ) ;
#2325 = CARTESIAN_POINT ( 'NONE',  ( 0.1127906805315534722, 22.23009726597932811, 3.000000000000000444 ) ) ;
#2326 = CARTESIAN_POINT ( 'NONE',  ( -1.246513700458553364, 22.19579422857954754, 3.400572630566693011 ) ) ;
#2327 = CARTESIAN_POINT ( 'NONE',  ( -16.32105827412738819, -15.09339734199928884, 6.797898260996809050 ) ) ;
#2328 = EDGE_CURVE ( 'NONE', #2248, #2538, #2948, .T. ) ;
#2329 = CARTESIAN_POINT ( 'NONE',  ( 18.05274439513853579, -17.86829173001811100, 163.2698954618826690 ) ) ;
#2330 = CARTESIAN_POINT ( 'NONE',  ( 25.39999999999999858, -0.1297968943280146115, 6.998767738762901480 ) ) ;
#2331 = CARTESIAN_POINT ( 'NONE',  ( -25.40100000000026270, -2.660613524638660533E-13, 165.2700000000000102 ) ) ;
#2332 = CARTESIAN_POINT ( 'NONE',  ( -14.56129413224477709, 16.79808598675042930, 3.771246500143825564 ) ) ;
#2333 = CARTESIAN_POINT ( 'NONE',  ( -16.41543167264733327, 14.99214769812609482, 167.0178562140198437 ) ) ;
#2334 = CARTESIAN_POINT ( 'NONE',  ( 15.81127306453138459, -15.62670747985425734, 163.2698974113437203 ) ) ;
#2335 = ORIENTED_EDGE ( 'NONE', *, *, #3108, .F. ) ;
#2336 = CARTESIAN_POINT ( 'NONE',  ( -25.39220435056965641, 0.6405949777142546653, 3.106982741943268511 ) ) ;
#2337 = CARTESIAN_POINT ( 'NONE',  ( -19.33053013762944872, 16.47697194869857285, 5.000000000000000888 ) ) ;
#2338 = ORIENTED_EDGE ( 'NONE', *, *, #675, .T. ) ;
#2339 = CARTESIAN_POINT ( 'NONE',  ( 0.2454067757316402143, 22.22901521979420281, 3.013085347193932062 ) ) ;
#2340 = DIRECTION ( 'NONE',  ( 1.000000000000000000, 0.000000000000000000, -0.000000000000000000 ) ) ;
#2341 = CARTESIAN_POINT ( 'NONE',  ( -14.27651438777349213, -17.03979719941395032, 5.517936256915920268 ) ) ;
#2342 = CARTESIAN_POINT ( 'NONE',  ( 18.31157717465338663, 17.60291455534490623, 6.935944692579325555 ) ) ;
#2343 = EDGE_CURVE ( 'NONE', #284, #2381, #1096, .T. ) ;
#2344 = CARTESIAN_POINT ( 'NONE',  ( 1.918838245534629561, 25.32742987828200398, 4.483731241876596663 ) ) ;
#2345 = CARTESIAN_POINT ( 'NONE',  ( 25.39571658255524866, 0.5266715247586549742, 3.047912212420644362 ) ) ;
#2346 = CARTESIAN_POINT ( 'NONE',  ( -15.54453182173791248, 15.89203495522411735, 3.013152678733145073 ) ) ;
#2347 = CARTESIAN_POINT ( 'NONE',  ( 0.8871943849986033692, 22.21261956582884523, 167.0672401589631590 ) ) ;
#2348 = CARTESIAN_POINT ( 'NONE',  ( -16.50408800036624157, 19.30738406092774895, 5.130555152030010113 ) ) ;
#2349 = CARTESIAN_POINT ( 'NONE',  ( -17.06945070525920016, 14.24102358051295347, 165.2700000000000102 ) ) ;
#2350 = AXIS2_PLACEMENT_3D ( 'NONE', #2697, #2954, #3003 ) ;
#2351 = VECTOR ( 'NONE', #2185, 1000.000000000000000 ) ;
#2352 = ORIENTED_EDGE ( 'NONE', *, *, #760, .T. ) ;
#2353 = CARTESIAN_POINT ( 'NONE',  ( -22.22999999999999687, -2.860303020078793599E-16, 6.999921052143426969 ) ) ;
#2354 = CARTESIAN_POINT ( 'NONE',  ( 14.54906590670533006, 16.80868177553433895, 164.0391059121116939 ) ) ;
#2355 = EDGE_LOOP ( 'NONE', ( #2676, #2883 ) ) ;
#2356 = CARTESIAN_POINT ( 'NONE',  ( 0.8687957182217691532, 22.21334702038087983, 3.202447730899547818 ) ) ;
#2357 = UNCERTAINTY_MEASURE_WITH_UNIT (LENGTH_MEASURE( 1.000000000000000082E-05 ), #3004, 'distance_accuracy_value', 'NONE');
#2358 = CARTESIAN_POINT ( 'NONE',  ( 22.22883904248175213, -0.2602964283705094806, 3.015181721862748354 ) ) ;
#2359 = CARTESIAN_POINT ( 'NONE',  ( 16.50044319149733241, 19.31051590745777347, 165.5321797879551582 ) ) ;
#2360 = LINE ( 'NONE', #3121, #2786 ) ;
#2361 = CYLINDRICAL_SURFACE ( 'NONE', #1600, 2.000000000000000000 ) ;
#2362 = EDGE_CURVE ( 'NONE', #764, #3044, #3009, .T. ) ;
#2363 = CARTESIAN_POINT ( 'NONE',  ( -17.08087604751886701, 14.22731785858799647, 4.735628075149056926 ) ) ;
#2364 = CARTESIAN_POINT ( 'NONE',  ( -25.32355613967499508, 1.969301239875966836, 5.261601806620947563 ) ) ;
#2365 = CARTESIAN_POINT ( 'NONE',  ( -17.06945070525921793, 14.24102358051296946, 165.4022166153244200 ) ) ;
#2366 = CARTESIAN_POINT ( 'NONE',  ( 15.53178905567684787, -15.90448908744802559, 163.2831589775248631 ) ) ;
#2367 = ORIENTED_EDGE ( 'NONE', *, *, #1012, .F. ) ;
#2368 = CARTESIAN_POINT ( 'NONE',  ( 16.68285785202884597, 19.15338867070772011, 164.2619903842075928 ) ) ;
#2369 = CARTESIAN_POINT ( 'NONE',  ( -18.88227282679413932, 16.98906470730458196, 3.492631547541301007 ) ) ;
#2370 = AXIS2_PLACEMENT_3D ( 'NONE', #401, #2031, #1484 ) ;
#2371 = ORIENTED_EDGE ( 'NONE', *, *, #2218, .T. ) ;
#2372 = CARTESIAN_POINT ( 'NONE',  ( -0.5447972102072681233, 22.22462634358634403, 6.946813268397413310 ) ) ;
#2373 = CARTESIAN_POINT ( 'NONE',  ( -22.13984868963652630, 1.999999999999923617, 165.2700000000000102 ) ) ;
#2374 = ORIENTED_EDGE ( 'NONE', *, *, #628, .T. ) ;
#2375 = CARTESIAN_POINT ( 'NONE',  ( 1.969461412123042710, 25.32354371327158304, 4.739430993905637379 ) ) ;
#2376 = CARTESIAN_POINT ( 'NONE',  ( 22.13984868963650854, 2.000000000000233591, 165.4022471021339697 ) ) ;
#2377 = CARTESIAN_POINT ( 'NONE',  ( -22.22437475759005565, 0.5160031653585087641, 6.931831050917597992 ) ) ;
#2378 = CARTESIAN_POINT ( 'NONE',  ( 0.5179371848084377561, 22.22433340256148782, 167.2061654510540905 ) ) ;
#2379 = CARTESIAN_POINT ( 'NONE',  ( 23.99935196971906848, 26.80264803028090626, 5.000000000000000000 ) ) ;
#2380 = CARTESIAN_POINT ( 'NONE',  ( 22.22999999999999687, -0.1298142031418509090, 6.998767584965029265 ) ) ;
#2381 = VERTEX_POINT ( 'NONE', #162 ) ;
#2382 = CARTESIAN_POINT ( 'NONE',  ( -25.40100000000026270, -2.660613524638660533E-13, 165.2700000000000102 ) ) ;
#2383 = EDGE_CURVE ( 'NONE', #2140, #1871, #909, .T. ) ;
#2384 = CARTESIAN_POINT ( 'NONE',  ( -22.14144678196120708, 1.982229654096543170, 5.000000000000000000 ) ) ;
#2385 = ORIENTED_EDGE ( 'NONE', *, *, #369, .T. ) ;
#2386 = CARTESIAN_POINT ( 'NONE',  ( 2.017675743424305779, -22.13824484017185767, 4.738231921120501511 ) ) ;
#2387 = CARTESIAN_POINT ( 'NONE',  ( 16.66942016010522920, 19.16508481624942206, 3.991994365230130626 ) ) ;
#2388 = CARTESIAN_POINT ( 'NONE',  ( 22.14625272455868910, -1.930333670813823232, 4.478406386152912866 ) ) ;
#2389 = FACE_OUTER_BOUND ( 'NONE', #1960, .T. ) ;
#2390 = ORIENTED_EDGE ( 'NONE', *, *, #2823, .F. ) ;
#2391 = CYLINDRICAL_SURFACE ( 'NONE', #2183, 2.000000000000002665 ) ;
#2392 = CARTESIAN_POINT ( 'NONE',  ( -22.20735233757658023, -1.009175892585088885, 3.258065081231803717 ) ) ;
#2393 = CARTESIAN_POINT ( 'NONE',  ( -17.49985233052386491, 18.41004748600362362, 167.1681439555009661 ) ) ;
#2394 = CARTESIAN_POINT ( 'NONE',  ( -22.21263817347217540, -0.8867263945379556533, 163.4725310115991590 ) ) ;
#2395 = B_SPLINE_CURVE_WITH_KNOTS ( 'NONE', 3,
 ( #2384, #3230, #830, #1378, #897, #2192, #2443, #3213, #2653, #2684, #36, #3160, #2929, #2125 ),
 .UNSPECIFIED., .F., .F.,
 ( 4, 2, 2, 2, 2, 2, 4 ),
 ( 0.006256072710263538630, 0.007033887515526211949, 0.007811702320788885268, 0.008200609723420220626, 0.008589517126051555984, 0.008978424528682894812, 0.009367331931314230170 ),
 .UNSPECIFIED. ) ;
#2396 = CARTESIAN_POINT ( 'NONE',  ( -14.24102358051289663, -17.06945070525925345, 165.2700000000000102 ) ) ;
#2397 = ORIENTED_EDGE ( 'NONE', *, *, #2925, .T. ) ;
#2398 = CARTESIAN_POINT ( 'NONE',  ( 18.65587588238139816, 17.23746285563066039, 163.5347366712115331 ) ) ;
#2399 = CARTESIAN_POINT ( 'NONE',  ( -1.969436902464008599, -22.14260292691185938, 4.739248732934477459 ) ) ;
#2400 = CARTESIAN_POINT ( 'NONE',  ( -16.85066538008347692, -19.00588361083944022, 6.322261358146341159 ) ) ;
#2401 = STYLED_ITEM ( 'NONE', ( #1395 ), #466 ) ;
#2402 = VERTEX_POINT ( 'NONE', #1052 ) ;
#2403 = ADVANCED_FACE ( 'NONE', ( #3367 ), #2634, .T. ) ;
#2404 = CARTESIAN_POINT ( 'NONE',  ( 0.1499889428341867337, -22.22988720361786008, 3.000000000000000000 ) ) ;
#2405 = CARTESIAN_POINT ( 'NONE',  ( -16.49053441127892583, -19.31896153602531285, 165.2700000000000102 ) ) ;
#2406 = CARTESIAN_POINT ( 'NONE',  ( 18.41004748600344954, 17.49985233052405675, 167.1681439555009945 ) ) ;
#2407 = ORIENTED_EDGE ( 'NONE', *, *, #2483, .F. ) ;
#2408 = CARTESIAN_POINT ( 'NONE',  ( 25.41356553209217140, 25.38843446790781755, 5.000000000000000000 ) ) ;
#2409 = CARTESIAN_POINT ( 'NONE',  ( -22.15603561883622064, -1.812609063677629750, 4.107986293119476606 ) ) ;
#2410 = CARTESIAN_POINT ( 'NONE',  ( 1.220076061854857397, 22.19675807736392770, 163.6799108317966613 ) ) ;
#2411 = CARTESIAN_POINT ( 'NONE',  ( -16.86398661921984754, -18.99406461686838909, 166.5922690044116337 ) ) ;
#2412 = CARTESIAN_POINT ( 'NONE',  ( 22.19728772675727768, -1.210309697494660108, 6.583852903086995667 ) ) ;
#2413 = ORIENTED_EDGE ( 'NONE', *, *, #2328, .F. ) ;
#2414 = B_SPLINE_CURVE_WITH_KNOTS ( 'NONE', 3,
 ( #1785, #1068, #3112, #521, #245, #1562, #778, #1256, #3141, #503, #2874, #3080, #1578, #2859, #2602, #231, #261, #763, #2319, #2890, #746, #536, #2826, #1531, #1309, #2349 ),
 .UNSPECIFIED., .F., .F.,
 ( 4, 2, 2, 2, 2, 2, 2, 2, 2, 2, 2, 2, 4 ),
 ( 0.006256071927332662250, 0.007037898791771926565, 0.007819725656211190881, 0.008210639088430825641, 0.008601552520650458666, 0.008992465952870093426, 0.009383379385089726452, 0.009774292817309359477, 0.01016520624952899424, 0.01055611968174862726, 0.01094703311396826029, 0.01172885997840758358, 0.01251068684284690688 ),
 .UNSPECIFIED. ) ;
#2415 = CARTESIAN_POINT ( 'NONE',  ( 0.01777034590337937467, -22.22999289731794192, 7.000000000000000000 ) ) ;
#2416 = CARTESIAN_POINT ( 'NONE',  ( -0.5092486178550166276, -22.22546921235990069, 3.053183971546590492 ) ) ;
#2417 = CARTESIAN_POINT ( 'NONE',  ( -16.67775472707939599, -19.15770833349752422, 6.002000438204126098 ) ) ;
#2418 = ORIENTED_EDGE ( 'NONE', *, *, #2070, .F. ) ;
#2419 = CARTESIAN_POINT ( 'NONE',  ( 19.31896153602502508, 16.49053441127926689, 165.2700000000000102 ) ) ;
#2420 = EDGE_LOOP ( 'NONE', ( #2182, #1662 ) ) ;
#2421 = CARTESIAN_POINT ( 'NONE',  ( 25.39999999999999503, -0.1304759117300238469, 167.2699999999999534 ) ) ;
#2422 = EDGE_CURVE ( 'NONE', #686, #992, #2414, .T. ) ;
#2423 = APPLICATION_CONTEXT ( 'automotive_design' ) ;
#2424 = CARTESIAN_POINT ( 'NONE',  ( 16.49053441127879438, 19.31896153602542299, 165.2700000000000102 ) ) ;
#2425 = CARTESIAN_POINT ( 'NONE',  ( 2.449293470561603660E-16, 22.22999999999999687, 163.2700000000000102 ) ) ;
#2426 = CARTESIAN_POINT ( 'NONE',  ( -14.82609249970649223, -16.56484366952234311, 166.8688743363070159 ) ) ;
#2427 = CARTESIAN_POINT ( 'NONE',  ( -16.55834978360863730, -14.83259196190682516, 163.6800444625127682 ) ) ;
#2428 = CARTESIAN_POINT ( 'NONE',  ( 14.53558544166792110, 16.82034062312089873, 3.769115008388228549 ) ) ;
#2429 = CARTESIAN_POINT ( 'NONE',  ( -25.38458041455293213, -0.8933241775593985246, 3.196999092363860928 ) ) ;
#2430 = CARTESIAN_POINT ( 'NONE',  ( -17.76271335638540805, -18.15803234189322524, 6.999901181383827442 ) ) ;
#2431 = ORIENTED_EDGE ( 'NONE', *, *, #502, .F. ) ;
#2432 = CARTESIAN_POINT ( 'NONE',  ( 25.41356553209217140, 25.38843446790781755, 5.000000000000000000 ) ) ;
#2433 = DIRECTION ( 'NONE',  ( -0.000000000000000000, -1.000000000000000000, -0.000000000000000000 ) ) ;
#2434 = CARTESIAN_POINT ( 'NONE',  ( 15.89122601469535034, 15.54536258475295796, 6.987030884801749941 ) ) ;
#2435 = CARTESIAN_POINT ( 'NONE',  ( 25.38040886495118897, -1.003292798921237017, 167.0050429158604572 ) ) ;
#2436 = CARTESIAN_POINT ( 'NONE',  ( -22.14553969756284602, -1.936136274595202211, 165.7880538073901846 ) ) ;
#2437 = ADVANCED_FACE ( 'NONE', ( #2616 ), #1036, .F. ) ;
#2438 = CARTESIAN_POINT ( 'NONE',  ( -1.589956169022498589, 25.35029271374623505, 164.0497025292725084 ) ) ;
#2439 = CARTESIAN_POINT ( 'NONE',  ( -14.44368509488470842, -16.89846616796614498, 166.2720507670362906 ) ) ;
#2440 = CARTESIAN_POINT ( 'NONE',  ( -15.08041628215936036, -16.33305380604737778, 163.4720435461169359 ) ) ;
#2441 = CARTESIAN_POINT ( 'NONE',  ( -0.5269523340640703823, -25.39567341809322443, 163.3231651022020117 ) ) ;
#2442 = CARTESIAN_POINT ( 'NONE',  ( -0.2432903771632612122, -22.23020158561453030, 7.000000000000000000 ) ) ;
#2443 = CARTESIAN_POINT ( 'NONE',  ( -22.19730802032673722, 1.209983144791484833, 3.415846838657412565 ) ) ;
#2444 = ORIENTED_EDGE ( 'NONE', *, *, #3130, .F. ) ;
#2445 = CARTESIAN_POINT ( 'NONE',  ( 17.06945070525900476, 14.24102358051319150, 165.2700000000000102 ) ) ;
#2446 = CARTESIAN_POINT ( 'NONE',  ( 25.39999999999999858, 3.110602869834276076E-15, 170.2700000000000102 ) ) ;
#2447 = AXIS2_PLACEMENT_3D ( 'NONE', #1315, #2145, #1873 ) ;
#2448 = VECTOR ( 'NONE', #866, 999.9999999999998863 ) ;
#2449 = ORIENTED_EDGE ( 'NONE', *, *, #2823, .T. ) ;
#2450 = CIRCLE ( 'NONE', #226, 2.500000000000000000 ) ;
#2451 = CYLINDRICAL_SURFACE ( 'NONE', #1858, 25.39999999999999858 ) ;
#2452 = CARTESIAN_POINT ( 'NONE',  ( 25.40100000000004599, -25.40099999999996072, 165.2700000000000102 ) ) ;
#2453 = CARTESIAN_POINT ( 'NONE',  ( -22.22511714745956013, -0.5244969690445283605, 167.2175123245055488 ) ) ;
#2454 = CARTESIAN_POINT ( 'NONE',  ( -25.32480380323231373, -1.953196853987297921, 5.520883297286006908 ) ) ;
#2455 =( NAMED_UNIT ( * ) SI_UNIT ( $, .STERADIAN. ) SOLID_ANGLE_UNIT ( ) );
#2456 = ADVANCED_FACE ( 'NONE', ( #2299 ), #1325, .F. ) ;
#2457 = DIRECTION ( 'NONE',  ( 1.000000000000000000, 1.047444401652940007E-14, -0.000000000000000000 ) ) ;
#2458 = CARTESIAN_POINT ( 'NONE',  ( -1.897234837822206588, -25.32909469241560529, 165.9162626687585202 ) ) ;
#2459 = CARTESIAN_POINT ( 'NONE',  ( -19.19805937180190725, 16.63120715191883292, 5.887137617817035817 ) ) ;
#2460 = CARTESIAN_POINT ( 'NONE',  ( 22.16139086153170012, -1.748047709770277125, 164.2638900732384570 ) ) ;
#2461 = EDGE_CURVE ( 'NONE', #345, #1702, #585, .T. ) ;
#2462 = EDGE_LOOP ( 'NONE', ( #2686, #2574 ) ) ;
#2463 = CARTESIAN_POINT ( 'NONE',  ( 16.74880944828007046, 14.61708038420308498, 166.5910989948367842 ) ) ;
#2464 = CARTESIAN_POINT ( 'NONE',  ( 1.797882560731502100, -22.15723466530730335, 166.1558891191109808 ) ) ;
#2465 = CARTESIAN_POINT ( 'NONE',  ( -1.986840982786882925, -22.14104827191502167, 165.5335389088155296 ) ) ;
#2466 = CARTESIAN_POINT ( 'NONE',  ( 18.80929584067897409, -17.07057501755014428, 166.8688967389583979 ) ) ;
#2467 = VECTOR ( 'NONE', #323, 1000.000000000000000 ) ;
#2468 = ORIENTED_EDGE ( 'NONE', *, *, #2920, .F. ) ;
#2469 = AXIS2_PLACEMENT_3D ( 'NONE', #2254, #204, #1723 ) ;
#2470 = CARTESIAN_POINT ( 'NONE',  ( -18.57615884618866176, -17.32342352273984787, 167.0679169032593734 ) ) ;
#2471 = CARTESIAN_POINT ( 'NONE',  ( 25.39999999999999858, -0.1311697060606234477, 3.001244459388282326 ) ) ;
#2472 = CARTESIAN_POINT ( 'NONE',  ( 0.2796958821652087979, -25.39878209601651804, 3.012942246393909063 ) ) ;
#2473 = CARTESIAN_POINT ( 'NONE',  ( 1.929579255295499340, 22.14632340955586542, 5.525070087940035179 ) ) ;
#2474 = CARTESIAN_POINT ( 'NONE',  ( -1.987208209288504834, 25.32215725981653165, 165.5307366150543089 ) ) ;
#2475 = SURFACE_SIDE_STYLE ('',( #1727 ) ) ;
#2476 = ORIENTED_EDGE ( 'NONE', *, *, #330, .F. ) ;
#2477 = CARTESIAN_POINT ( 'NONE',  ( -17.00069166913676355, 18.87180423976957044, 163.7645217912212843 ) ) ;
#2478 = CARTESIAN_POINT ( 'NONE',  ( 15.26853325203358303, -16.15733409760837347, 3.102758347464494193 ) ) ;
#2479 = CARTESIAN_POINT ( 'NONE',  ( 16.65789703124677601, -19.17490543122829649, 5.886544412638690105 ) ) ;
#2480 = CARTESIAN_POINT ( 'NONE',  ( 22.14888638109105301, -1.897963519445144742, 165.9141422979585911 ) ) ;
#2481 = EDGE_LOOP ( 'NONE', ( #1329, #1801, #2338, #2960, #935, #1499 ) ) ;
#2482 = CARTESIAN_POINT ( 'NONE',  ( 17.08087604751894872, -14.22731785858786857, 5.000000000000000000 ) ) ;
#2483 = EDGE_CURVE ( 'NONE', #730, #2692, #306, .T. ) ;
#2484 = CARTESIAN_POINT ( 'NONE',  ( -25.39999999999999858, -2.824731747092071872E-16, 6.999921052143426969 ) ) ;
#2485 = CARTESIAN_POINT ( 'NONE',  ( 17.59007304915559544, -18.32391305082112964, 167.2059358258225643 ) ) ;
#2486 = ORIENTED_EDGE ( 'NONE', *, *, #1645, .F. ) ;
#2487 = CARTESIAN_POINT ( 'NONE',  ( -17.48716892349491658, -18.42209616609197553, 3.101753553423994614 ) ) ;
#2488 = CARTESIAN_POINT ( 'NONE',  ( -22.14748856408386146, -1.914222396319466224, 5.648729549404529315 ) ) ;
#2489 = CARTESIAN_POINT ( 'NONE',  ( 14.25471913452518535, -17.05801519508648312, 5.130562691583421930 ) ) ;
#2490 = PRODUCT_DEFINITION_FORMATION_WITH_SPECIFIED_SOURCE ( 'ANY', '', #3202, .NOT_KNOWN. ) ;
#2491 = DIRECTION ( 'NONE',  ( 0.7071067811865536790, -0.7071067811865414665, -0.000000000000000000 ) ) ;
#2492 = SURFACE_STYLE_FILL_AREA ( #654 ) ;
#2493 = CARTESIAN_POINT ( 'NONE',  ( -22.13984868963652630, 1.999999999999923617, 165.2700000000000102 ) ) ;
#2494 = CARTESIAN_POINT ( 'NONE',  ( -1.008010550577455922, -25.38113121692465057, 163.5230713776504388 ) ) ;
#2495 = B_SPLINE_CURVE_WITH_KNOTS ( 'NONE', 3,
 ( #183, #684, #3284, #3301, #1755, #1189, #1939, #1958, #716, #3047, #2777, #400, #3030, #643, #1501, #3013, #378, #2464, #2977, #2286, #2993, #1172, #1449, #2760, #1680, #901, #1483, #664, #2214, #2721 ),
 .UNSPECIFIED., .F., .F.,
 ( 4, 2, 2, 2, 2, 2, 2, 2, 2, 2, 2, 2, 2, 2, 4 ),
 ( 5.257771681624960443E-18, 0.0003910045467768427413, 0.0007820090935536800616, 0.001173013640330517436, 0.001564018187107354702, 0.002346027280661088649, 0.003128036374214822595, 0.003519040920991648152, 0.003910045467768474142, 0.004301050014545299699, 0.004692054561322125256, 0.005083059108098950812, 0.005474063654875776369, 0.005865068201652602793, 0.006256072748429427482 ),
 .UNSPECIFIED. ) ;
#2496 = CARTESIAN_POINT ( 'NONE',  ( 16.56870257182231398, -14.82102684205450238, 3.408309175536493374 ) ) ;
#2497 = CARTESIAN_POINT ( 'NONE',  ( 19.19805937180202449, -16.63120715191870147, 5.887137617817036706 ) ) ;
#2498 = CARTESIAN_POINT ( 'NONE',  ( 0.000000000000000000, 0.000000000000000000, 10.00000000000000000 ) ) ;
#2499 = EDGE_LOOP ( 'NONE', ( #2077, #3372, #1264, #2199 ) ) ;
#2500 = CARTESIAN_POINT ( 'NONE',  ( 14.31978848009962135, 17.00350249363471988, 165.9150003944327239 ) ) ;
#2501 = CARTESIAN_POINT ( 'NONE',  ( -25.39507784431651061, 0.5159567017666342181, 6.931843463169773401 ) ) ;
#2502 = CARTESIAN_POINT ( 'NONE',  ( 15.08031172833872269, -16.33314986828363402, 167.0678819789939382 ) ) ;
#2503 = EDGE_CURVE ( 'NONE', #992, #610, #3207, .T. ) ;
#2504 = ORIENTED_EDGE ( 'NONE', *, *, #2362, .F. ) ;
#2505 = CARTESIAN_POINT ( 'NONE',  ( -0.9877768737965406665, -25.38192819100325082, 6.748350788362346364 ) ) ;
#2506 = CARTESIAN_POINT ( 'NONE',  ( 25.40000000000000924, 0.1319719940989109164, 163.2699999999999818 ) ) ;
#2507 = CARTESIAN_POINT ( 'NONE',  ( 1.765563132996000206, -25.33876070811142256, 3.993470695519527158 ) ) ;
#2508 = CARTESIAN_POINT ( 'NONE',  ( 0.9877768737965422208, 25.38192819100325792, 6.748350788362346364 ) ) ;
#2509 =( NAMED_UNIT ( * ) PLANE_ANGLE_UNIT ( ) SI_UNIT ( $, .RADIAN. ) );
#2510 = CARTESIAN_POINT ( 'NONE',  ( -25.37097993239351013, -1.218684255305401587, 163.6788210918599020 ) ) ;
#2511 = CARTESIAN_POINT ( 'NONE',  ( -1.608326372371690516, 25.34913307933814508, 6.219468453970433686 ) ) ;
#2512 = CARTESIAN_POINT ( 'NONE',  ( 14.25471913452518358, -17.05801519508648312, 5.000000000000000000 ) ) ;
#2513 = CARTESIAN_POINT ( 'NONE',  ( 19.32209098304718253, -16.48688722102340876, 5.262179769990370737 ) ) ;
#2514 = DIRECTION ( 'NONE',  ( -1.000000000000000000, 0.000000000000000000, 0.000000000000000000 ) ) ;
#2515 = ORIENTED_EDGE ( 'NONE', *, *, #1089, .T. ) ;
#2516 = CARTESIAN_POINT ( 'NONE',  ( 16.89789632501097216, 14.44435090484158302, 166.2735071107176168 ) ) ;
#2517 = CARTESIAN_POINT ( 'NONE',  ( -25.38070140813418973, 0.9957527995902576423, 6.729029859902440514 ) ) ;
#2518 = PRODUCT_CONTEXT ( 'NONE', #326, 'mechanical' ) ;
#2519 = CARTESIAN_POINT ( 'NONE',  ( 14.55443999450396575, -16.80316784774228367, 166.4900740168994560 ) ) ;
#2520 = B_SPLINE_CURVE_WITH_KNOTS ( 'NONE', 3,
 ( #148, #1188, #2230, #3265, #936, #3012, #683, #2962, #1718, #1482, #1802, #1500, #1296, #1038 ),
 .UNSPECIFIED., .F., .F.,
 ( 4, 2, 2, 2, 2, 2, 4 ),
 ( 0.006255331148979747201, 0.007037459830124035733, 0.007819588511268325132, 0.008210652851840468530, 0.008601717192412613663, 0.008992781532984758797, 0.009383845873556902195 ),
 .UNSPECIFIED. ) ;
#2521 = ORIENTED_EDGE ( 'NONE', *, *, #1532, .F. ) ;
#2522 = CARTESIAN_POINT ( 'NONE',  ( -1.213314163863387529, -25.37167543979663265, 3.402369563373885963 ) ) ;
#2523 = CARTESIAN_POINT ( 'NONE',  ( 25.39211127426369785, 0.6444883746516095746, 163.3721538974945702 ) ) ;
#2524 = CARTESIAN_POINT ( 'NONE',  ( 1.616485626618752613, -25.34918281103665549, 3.770326561721029091 ) ) ;
#2525 = VECTOR ( 'NONE', #3192, 1000.000000000000000 ) ;
#2526 = CARTESIAN_POINT ( 'NONE',  ( 1.590493274536002088, -25.35025828100459577, 166.4895529870812823 ) ) ;
#2527 = CARTESIAN_POINT ( 'NONE',  ( 25.35474897514093939, 1.518359815854140038, 6.328696806482847492 ) ) ;
#2528 = DIRECTION ( 'NONE',  ( -1.000000000000000000, -3.491481338843133355E-15, -0.000000000000000000 ) ) ;
#2529 = CARTESIAN_POINT ( 'NONE',  ( -17.23746285563046854, 18.65587588238158290, 163.5347366712115331 ) ) ;
#2530 = CARTESIAN_POINT ( 'NONE',  ( 22.22511714745955658, 0.5244969690445605570, 167.2175123245055488 ) ) ;
#2531 = CARTESIAN_POINT ( 'NONE',  ( -2.500000000000000000, 0.000000000000000000, 3.000000000000000000 ) ) ;
#2532 = CARTESIAN_POINT ( 'NONE',  ( 1.935935906468160494, 25.32612897187339129, 164.7510970650724573 ) ) ;
#2533 = ORIENTED_EDGE ( 'NONE', *, *, #18, .F. ) ;
#2534 = CARTESIAN_POINT ( 'NONE',  ( -19.31896153602513877, -16.49053441127912478, 165.2700000000000102 ) ) ;
#2535 = CARTESIAN_POINT ( 'NONE',  ( -1.935828585806507407, 22.14556667499224929, 164.7508106956844927 ) ) ;
#2536 = SHAPE_REPRESENTATION_RELATIONSHIP ( 'NONE' , 'NONE' ,  #1027, #257 ) ;
#2537 = CARTESIAN_POINT ( 'NONE',  ( 14.24102358051313288, -17.06945070525905095, 165.2700000000000102 ) ) ;
#2538 = VERTEX_POINT ( 'NONE', #2955 ) ;
#2539 = CARTESIAN_POINT ( 'NONE',  ( -15.54536258475279631, 15.89122601469551377, 6.987030884801748165 ) ) ;
#2540 = CARTESIAN_POINT ( 'NONE',  ( -0.9904123752394332625, -25.38182373989693730, 3.253172937967662826 ) ) ;
#2541 = CARTESIAN_POINT ( 'NONE',  ( -22.19624141395731343, -1.238805780110048715, 6.605574414485736234 ) ) ;
#2542 = CARTESIAN_POINT ( 'NONE',  ( 17.49792475765581301, -18.41187859790822401, 163.3727652449148593 ) ) ;
#2543 = DIRECTION ( 'NONE',  ( -1.040834085586083626E-14, 1.000000000000000000, 0.000000000000000000 ) ) ;
#2544 = EDGE_CURVE ( 'NONE', #2910, #504, #1817, .T. ) ;
#2545 = CARTESIAN_POINT ( 'NONE',  ( 0.000000000000000000, 0.000000000000000000, 170.2700000000000102 ) ) ;
#2546 = CARTESIAN_POINT ( 'NONE',  ( -1.915962458896141252, 25.32768481918113324, 5.643491449600334775 ) ) ;
#2547 = CARTESIAN_POINT ( 'NONE',  ( -14.99398943689471686, 16.41234123650800925, 167.0052563001939347 ) ) ;
#2548 = CARTESIAN_POINT ( 'NONE',  ( -25.31972754259399139, -2.017770345903467266, 4.734307853815186817 ) ) ;
#2549 = CARTESIAN_POINT ( 'NONE',  ( 22.22999999999999687, 2.722389834504808026E-15, 163.2700000000000102 ) ) ;
#2550 = EDGE_LOOP ( 'NONE', ( #565, #537 ) ) ;
#2551 = CARTESIAN_POINT ( 'NONE',  ( -25.38075727553590255, 0.9943852406681165101, 3.270124497755127368 ) ) ;
#2552 = DIRECTION ( 'NONE',  ( -0.5000000000000073275, 0.8660254037844343777, -2.775557561562891351E-17 ) ) ;
#2553 = CARTESIAN_POINT ( 'NONE',  ( 0.000000000000000000, 0.000000000000000000, 3.000000000000000000 ) ) ;
#2554 = ORIENTED_EDGE ( 'NONE', *, *, #2904, .T. ) ;
#2555 = CARTESIAN_POINT ( 'NONE',  ( -25.32542490191798734, 1.947524503594770806, 164.7455234615739812 ) ) ;
#2556 = B_SPLINE_CURVE_WITH_KNOTS ( 'NONE', 3,
 ( #2160, #2946, #1360, #2959, #3180, #3196, #623, #867, #594, #1661, #2702, #360, #1407, #107, #3042, #2532, #3010, #1427, #1677, #2282, #3245, #681, #1975, #2974, #2774, #395, #429, #127, #3298, #713 ),
 .UNSPECIFIED., .F., .F.,
 ( 4, 2, 2, 2, 2, 2, 2, 2, 2, 2, 2, 2, 2, 2, 4 ),
 ( 6.126412311958172217E-18, 0.0003909582268678626644, 0.0007819164537357192572, 0.001172874680603575633, 0.001563832907471432226, 0.002345749361207146062, 0.003127665814942860115, 0.003518624041810675292, 0.003909582268678490902, 0.004300540495546306512, 0.004691498722414122122, 0.005082456949281937732, 0.005473415176149753342, 0.005864373403017568952, 0.006255331629885384562 ),
 .UNSPECIFIED. ) ;
#2557 = CARTESIAN_POINT ( 'NONE',  ( -1.918049899130505942, -25.32748978418113595, 5.519209803320697993 ) ) ;
#2558 = CARTESIAN_POINT ( 'NONE',  ( -25.39999999999999858, 0.000000000000000000, 170.2700000000000102 ) ) ;
#2559 = CARTESIAN_POINT ( 'NONE',  ( -0.01777034590337889242, 25.39999378375527073, 3.000000000000000000 ) ) ;
#2560 = CARTESIAN_POINT ( 'NONE',  ( 0.6442306074181028963, -25.39211804930043570, 167.1679368584304086 ) ) ;
#2561 = CARTESIAN_POINT ( 'NONE',  ( 18.58822139206281321, -17.31048033970303379, 3.202032196109309226 ) ) ;
#2562 = VECTOR ( 'NONE', #165, 1000.000000000000000 ) ;
#2563 = CARTESIAN_POINT ( 'NONE',  ( -25.32906387132719317, -1.897646011553446366, 165.9150843489130693 ) ) ;
#2564 = CARTESIAN_POINT ( 'NONE',  ( -19.28443796051495340, 16.53119766469582075, 164.7430478339649653 ) ) ;
#2565 = CARTESIAN_POINT ( 'NONE',  ( -16.89846616796609169, 14.44368509488476349, 166.2720507670362906 ) ) ;
#2566 = EDGE_CURVE ( 'NONE', #3128, #730, #1357, .T. ) ;
#2567 = CIRCLE ( 'NONE', #3216, 2.500000000000000000 ) ;
#2568 = CARTESIAN_POINT ( 'NONE',  ( 22.15603561883620642, 1.812609063677765642, 4.107986293119438415 ) ) ;
#2569 = SHAPE_REPRESENTATION ( 'Pino_ParafusoSim', ( #2259 ), #2689 ) ;
#2570 = EDGE_LOOP ( 'NONE', ( #2741, #547, #2606, #3167, #1627, #1341, #969, #850, #1356, #1993, #3033, #2284, #525, #557, #1683, #1937 ) ) ;
#2571 = CARTESIAN_POINT ( 'NONE',  ( -18.05498591109691020, -17.86602679096087698, 163.2701058073760692 ) ) ;
#2572 = EDGE_CURVE ( 'NONE', #1227, #81, #393, .T. ) ;
#2573 = CARTESIAN_POINT ( 'NONE',  ( 15.34982644838786214, 16.08017649687208106, 163.3334363528680058 ) ) ;
#2574 = ORIENTED_EDGE ( 'NONE', *, *, #2982, .F. ) ;
#2575 = CARTESIAN_POINT ( 'NONE',  ( -14.25471913452506634, 17.05801519508658259, 5.000000000000000000 ) ) ;
#2576 = CARTESIAN_POINT ( 'NONE',  ( -18.99482529799572461, -16.86313612203118240, 166.5911304877113537 ) ) ;
#2577 = CARTESIAN_POINT ( 'NONE',  ( -14.22731785858793607, -17.08087604751891320, 5.132216709650327502 ) ) ;
#2578 = CARTESIAN_POINT ( 'NONE',  ( 16.63120715191863397, 19.19805937180207778, 5.887137617817033153 ) ) ;
#2579 = FACE_OUTER_BOUND ( 'NONE', #3157, .T. ) ;
#2580 = PRESENTATION_LAYER_ASSIGNMENT (  '', '', ( #2091 ) ) ;
#2581 = CARTESIAN_POINT ( 'NONE',  ( -25.39999999999999858, -7.888609052210118054E-28, 163.2700000000000102 ) ) ;
#2582 = CARTESIAN_POINT ( 'NONE',  ( -17.32169419485679995, 18.57777044073263184, 163.4732552325852453 ) ) ;
#2583 = CARTESIAN_POINT ( 'NONE',  ( -17.06110811922316373, 14.25104000824692285, 165.5322101203962859 ) ) ;
#2584 = DIRECTION ( 'NONE',  ( -0.7071067811865487940, 0.7071067811865463515, -0.000000000000000000 ) ) ;
#2585 = ORIENTED_EDGE ( 'NONE', *, *, #18, .T. ) ;
#2586 = PRODUCT_DEFINITION ( 'UNKNOWN', '', #92, #3055 ) ;
#2587 = CARTESIAN_POINT ( 'NONE',  ( -25.38843446790790992, 25.41356553209209324, 5.000000000000000000 ) ) ;
#2588 = CONTEXT_DEPENDENT_SHAPE_REPRESENTATION ( #2122, #1650 ) ;
#2589 = CARTESIAN_POINT ( 'NONE',  ( 16.56829322544251681, -19.25238145302139614, 165.9142301849563808 ) ) ;
#2590 = VERTEX_POINT ( 'NONE', #634 ) ;
#2591 = EDGE_CURVE ( 'NONE', #2089, #2991, #1865, .T. ) ;
#2592 = CARTESIAN_POINT ( 'NONE',  ( -16.75973862640310585, 14.60454047925902010, 6.322275670689101901 ) ) ;
#2593 = CARTESIAN_POINT ( 'NONE',  ( -2.004610802111256085, 22.13944650012555115, 4.736456362189739089 ) ) ;
#2594 = CARTESIAN_POINT ( 'NONE',  ( 16.49053441127879438, 19.31896153602542299, 165.2700000000000102 ) ) ;
#2595 = CARTESIAN_POINT ( 'NONE',  ( 0.6620671262858368600, -25.39165869843083811, 6.897905537000945664 ) ) ;
#2596 = CARTESIAN_POINT ( 'NONE',  ( 0.9904123752394343727, 25.38182373989694440, 3.253172937967663714 ) ) ;
#2597 = CARTESIAN_POINT ( 'NONE',  ( 25.34953388199557978, 1.602061990017083382, 3.772221601875501040 ) ) ;
#2598 = DIRECTION ( 'NONE',  ( -0.000000000000000000, -0.000000000000000000, -1.000000000000000000 ) ) ;
#2599 = CARTESIAN_POINT ( 'NONE',  ( 0.1322165680731918480, 22.23000000000001464, 167.2700000000000387 ) ) ;
#2600 = CARTESIAN_POINT ( 'NONE',  ( -17.08087604751885635, 14.22731785858798226, 4.999999999999999112 ) ) ;
#2601 = B_SPLINE_CURVE_WITH_KNOTS ( 'NONE', 3,
 ( #3115, #783, #1820, #524, #1598, #1393, #2417, #1138, #2400, #1616, #1630, #2177, #2430, #2668, #344, #1107, #1936, #2143, #1643, #848, #2637, #73, #296, #609, #559, #1918, #1885, #91, #328, #1343 ),
 .UNSPECIFIED., .F., .F.,
 ( 4, 2, 2, 2, 2, 2, 2, 2, 2, 2, 2, 2, 2, 2, 4 ),
 ( 2.602085213965210642E-18, 0.0003909582347229463811, 0.0007819164694458901601, 0.001172874704168833885, 0.001563832938891777718, 0.002345749408337664300, 0.003127665877783551100, 0.003518624112506495150, 0.003909582347229438766, 0.004300540581952382382, 0.004691498816675325999, 0.005082457051398270483, 0.005473415286121214099, 0.005864373520844157715, 0.006255331755567101332 ),
 .UNSPECIFIED. ) ;
#2602 = CARTESIAN_POINT ( 'NONE',  ( -15.90254372926535531, 15.53378096617137416, 163.2827930736003168 ) ) ;
#2603 = VERTEX_POINT ( 'NONE', #1355 ) ;
#2604 = CARTESIAN_POINT ( 'NONE',  ( -16.53119766469577101, -19.28443796051502090, 164.7430478339650222 ) ) ;
#2605 = CARTESIAN_POINT ( 'NONE',  ( 16.55834978360854137, 14.83259196190694240, 163.6800444625127966 ) ) ;
#2606 = ORIENTED_EDGE ( 'NONE', *, *, #2649, .T. ) ;
#2607 = CARTESIAN_POINT ( 'NONE',  ( -16.42744087867026437, 14.97898779336801667, 6.747839783366599953 ) ) ;
#2608 = CARTESIAN_POINT ( 'NONE',  ( 22.19144915884781710, -1.311810187401675432, 3.500323227408771221 ) ) ;
#2609 = CARTESIAN_POINT ( 'NONE',  ( -16.79149372824174336, -14.56790689513850801, 6.220083478027100377 ) ) ;
#2610 = EDGE_CURVE ( 'NONE', #541, #2590, #1286, .T. ) ;
#2611 = CARTESIAN_POINT ( 'NONE',  ( -22.13984868963651209, -2.000000000000079048, 165.2700000000000102 ) ) ;
#2612 = FACE_OUTER_BOUND ( 'NONE', #2798, .T. ) ;
#2613 = CARTESIAN_POINT ( 'NONE',  ( -15.82379439012216515, 15.61402811055596196, 2.999900588124931655 ) ) ;
#2614 = CARTESIAN_POINT ( 'NONE',  ( 2.449293493349823060E-16, 25.39999999999999858, 163.2700000000000102 ) ) ;
#2615 = CARTESIAN_POINT ( 'NONE',  ( -18.56562414650513304, -17.33471212533526540, 3.203243469477060845 ) ) ;
#2616 = FACE_OUTER_BOUND ( 'NONE', #2499, .T. ) ;
#2617 = AXIS2_PLACEMENT_3D ( 'NONE', #180, #1222, #1480 ) ;
#2618 = AXIS2_PLACEMENT_3D ( 'NONE', #279, #3129, #325 ) ;
#2619 = ORIENTED_EDGE ( 'NONE', *, *, #1464, .T. ) ;
#2620 = CARTESIAN_POINT ( 'NONE',  ( 17.59188753185560472, 18.32216788611103198, 163.3334243183875003 ) ) ;
#2621 = VECTOR ( 'NONE', #1901, 1000.000000000000000 ) ;
#2622 = CARTESIAN_POINT ( 'NONE',  ( 14.75729489214643131, 16.62539316567994518, 163.7626471984158911 ) ) ;
#2623 = VERTEX_POINT ( 'NONE', #445 ) ;
#2624 = CARTESIAN_POINT ( 'NONE',  ( 1.965115481741190662, -22.14319852971399172, 4.474912341693751294 ) ) ;
#2625 = CARTESIAN_POINT ( 'NONE',  ( -1.752998704417218834, 22.16089353376117188, 3.996974104573835174 ) ) ;
#2626 = DIRECTION ( 'NONE',  ( -0.7071067811865467956, -0.7071067811865484609, 0.000000000000000000 ) ) ;
#2627 = ORIENTED_EDGE ( 'NONE', *, *, #1607, .F. ) ;
#2628 = CARTESIAN_POINT ( 'NONE',  ( 25.34178371184586709, -1.720217968274692755, 5.998083888547799170 ) ) ;
#2629 = CARTESIAN_POINT ( 'NONE',  ( 22.17315251607002580, 1.590443384495629164, 166.4896634376239888 ) ) ;
#2630 = CARTESIAN_POINT ( 'NONE',  ( -16.91735109000022419, 14.42172645832137334, 3.991947784238306429 ) ) ;
#2631 = ADVANCED_FACE ( 'NONE', ( #140 ), #1420, .F. ) ;
#2632 = CARTESIAN_POINT ( 'NONE',  ( -16.49053441127906794, 19.31896153602519206, 165.2700000000000102 ) ) ;
#2633 = CARTESIAN_POINT ( 'NONE',  ( -22.13984868963651209, -2.000000000000079048, 165.2700000000000102 ) ) ;
#2634 = PLANE ( 'NONE',  #494 ) ;
#2635 = ORIENTED_EDGE ( 'NONE', *, *, #2566, .T. ) ;
#2636 = CARTESIAN_POINT ( 'NONE',  ( -25.32113741521103734, 1.999999999999914957, 165.4005253663895587 ) ) ;
#2637 = CARTESIAN_POINT ( 'NONE',  ( -18.85819734589874841, -17.01579092001134796, 6.507842071087103442 ) ) ;
#2638 = ORIENTED_EDGE ( 'NONE', *, *, #147, .T. ) ;
#2639 = CARTESIAN_POINT ( 'NONE',  ( 0.2809534343289136205, -22.22859438401972554, 6.986913885705827276 ) ) ;
#2640 = CARTESIAN_POINT ( 'NONE',  ( -1.915990143030922965, 22.14733421802407065, 5.643396780674410529 ) ) ;
#2641 = CARTESIAN_POINT ( 'NONE',  ( -16.73708661976995060, -14.63050197746256309, 6.321110124393016783 ) ) ;
#2642 = CARTESIAN_POINT ( 'NONE',  ( -23.98678643762713492, 26.81521356237288956, 165.2700000000000102 ) ) ;
#2643 = VERTEX_POINT ( 'NONE', #724 ) ;
#2644 = CARTESIAN_POINT ( 'NONE',  ( 0.000000000000000000, 0.000000000000000000, 3.000000000000000000 ) ) ;
#2645 = CARTESIAN_POINT ( 'NONE',  ( -15.36071777854958498, 16.06977267738529136, 3.064160159901108127 ) ) ;
#2646 = CARTESIAN_POINT ( 'NONE',  ( -19.14600657781049975, 16.69118698988289751, 166.2720042567678149 ) ) ;
#2647 = CARTESIAN_POINT ( 'NONE',  ( -22.20769392933433650, -1.001525545553036967, 163.5339148480341862 ) ) ;
#2648 = DIRECTION ( 'NONE',  ( 1.000000000000000000, 0.000000000000000000, 0.000000000000000000 ) ) ;
#2649 = EDGE_CURVE ( 'NONE', #2402, #317, #979, .T. ) ;
#2650 = EDGE_LOOP ( 'NONE', ( #2114, #2714, #784, #2719 ) ) ;
#2651 = CARTESIAN_POINT ( 'NONE',  ( -16.49053441127906794, 19.31896153602519206, 165.2700000000000102 ) ) ;
#2652 = CARTESIAN_POINT ( 'NONE',  ( 0.01777034590337937467, -22.22999289731794192, 7.000000000000000000 ) ) ;
#2653 = CARTESIAN_POINT ( 'NONE',  ( -22.21287621882632735, 0.8805914223844178990, 3.208377842483987941 ) ) ;
#2654 = ORIENTED_EDGE ( 'NONE', *, *, #481, .T. ) ;
#2655 = LINE ( 'NONE', #313, #2240 ) ;
#2656 = CARTESIAN_POINT ( 'NONE',  ( 22.13984868963650854, 2.000000000000233147, 165.0057586926332931 ) ) ;
#2657 = CARTESIAN_POINT ( 'NONE',  ( 19.31896153602502864, 16.49053441127927044, 165.4005553413036012 ) ) ;
#2658 = CARTESIAN_POINT ( 'NONE',  ( 25.37092095753877885, -1.219885387558892642, 166.8602358320277688 ) ) ;
#2659 = CARTESIAN_POINT ( 'NONE',  ( -14.76902040323916410, 16.61497686530760376, 3.494506248214811706 ) ) ;
#2660 = FACE_BOUND ( 'NONE', #2846, .T. ) ;
#2661 = CARTESIAN_POINT ( 'NONE',  ( -22.22098373832623963, -0.6445618864034170503, 163.3721806098501190 ) ) ;
#2662 = CARTESIAN_POINT ( 'NONE',  ( -14.25104000824686601, -17.06110811922321346, 165.5322101203962859 ) ) ;
#2663 = ORIENTED_EDGE ( 'NONE', *, *, #1688, .T. ) ;
#2664 = CARTESIAN_POINT ( 'NONE',  ( 18.05498591109678941, 17.86602679096099422, 163.2701058073760123 ) ) ;
#2665 = EDGE_CURVE ( 'NONE', #452, #1649, #2261, .T. ) ;
#2666 = MANIFOLD_SOLID_BREP ( 'Ressalto-extrusão2', #373 ) ;
#2667 = CARTESIAN_POINT ( 'NONE',  ( -1.982125873339825262, -22.14145607300852703, 5.133630591848891811 ) ) ;
#2668 = CARTESIAN_POINT ( 'NONE',  ( -18.03975423701177760, -17.88139530757609208, 7.000049194915558992 ) ) ;
#2669 = AXIS2_PLACEMENT_3D ( 'NONE', #1608, #2118, #29 ) ;
#2670 = ORIENTED_EDGE ( 'NONE', *, *, #2343, .F. ) ;
#2671 = AXIS2_PLACEMENT_3D ( 'NONE', #2498, #639, #2514 ) ;
#2672 = CARTESIAN_POINT ( 'NONE',  ( 0.1483351323255784615, -22.22988852565087825, 7.000000000000000888 ) ) ;
#2673 = EDGE_CURVE ( 'NONE', #1518, #93, #619, .T. ) ;
#2674 = CARTESIAN_POINT ( 'NONE',  ( 22.17324729329060062, 1.598169183103349544, 164.0396271989982893 ) ) ;
#2675 = CARTESIAN_POINT ( 'NONE',  ( 16.99216643013993533, 14.33323813730194018, 5.644287227477458480 ) ) ;
#2676 = ORIENTED_EDGE ( 'NONE', *, *, #1716, .T. ) ;
#2677 = CARTESIAN_POINT ( 'NONE',  ( 25.39999999999999858, 2.823214546465453047E-15, 3.000078947856574807 ) ) ;
#2678 = CARTESIAN_POINT ( 'NONE',  ( -22.22999999999998977, -0.2611065112501231855, 167.2699999999999534 ) ) ;
#2679 = CARTESIAN_POINT ( 'NONE',  ( -26.82777909446511089, -23.97422090553492069, 5.000000000000000000 ) ) ;
#2680 = CARTESIAN_POINT ( 'NONE',  ( 0.000000000000000000, -25.40099999999999980, 167.2700000000000102 ) ) ;
#2681 = B_SPLINE_CURVE_WITH_KNOTS ( 'NONE', 3,
 ( #788, #1793, #3104, #495, #2019, #1825, #1508, #3361, #1540, #2542, #206, #996, #1289, #2329, #1778, #2819, #479, #546, #2113, #855, #820, #1859, #2934, #1906, #2903, #80 ),
 .UNSPECIFIED., .F., .F.,
 ( 4, 2, 2, 2, 2, 2, 2, 2, 2, 2, 2, 2, 4 ),
 ( 0.006255331148979742864, 0.007037066762667512285, 0.007818802376355281705, 0.008209670183199195906, 0.008600537990043110106, 0.008991405796887024307, 0.009382273603730938508, 0.009773141410574850974, 0.01016400921741876517, 0.01055487702426267937, 0.01094574483110659358, 0.01172748044479441851, 0.01250921605848224170 ),
 .UNSPECIFIED. ) ;
#2682 = LINE ( 'NONE', #1423, #2943 ) ;
#2683 = CARTESIAN_POINT ( 'NONE',  ( 17.77542467621704247, 18.14416216198558729, 163.2827918071291720 ) ) ;
#2684 = CARTESIAN_POINT ( 'NONE',  ( -22.22109117200855621, 0.6406389711534390408, 3.106996832217040261 ) ) ;
#2685 = PRODUCT_DEFINITION_SHAPE ( 'NONE', 'NONE',  #2586 ) ;
#2686 = ORIENTED_EDGE ( 'NONE', *, *, #1818, .F. ) ;
#2687 = VECTOR ( 'NONE', #2791, 999.9999999999998863 ) ;
#2688 = CARTESIAN_POINT ( 'NONE',  ( 0.9049652140756389018, -22.21190267442841915, 3.202760146765061933 ) ) ;
#2689 =( GEOMETRIC_REPRESENTATION_CONTEXT ( 3 ) GLOBAL_UNCERTAINTY_ASSIGNED_CONTEXT ( ( #3134 ) ) GLOBAL_UNIT_ASSIGNED_CONTEXT ( ( #3048, #3014, #3267 ) ) REPRESENTATION_CONTEXT ( 'NONE', 'WORKASPACE' ) );
#2690 = CARTESIAN_POINT ( 'NONE',  ( 15.52113022714390667, 15.91651842401172345, 6.999899262570204783 ) ) ;
#2691 = EDGE_CURVE ( 'NONE', #1891, #1379, #750, .T. ) ;
#2692 = VERTEX_POINT ( 'NONE', #424 ) ;
#2693 = CARTESIAN_POINT ( 'NONE',  ( 22.22999999999999687, 2.722389834504808026E-15, 163.2700000000000102 ) ) ;
#2694 = B_SPLINE_CURVE_WITH_KNOTS ( 'NONE', 3,
 ( #427, #1478, #1495, #195, #932, #2459, #2737, #1167, #2208, #3243, #143, #392, #1184, #3261, #3007, #1973, #678, #727, #1831, #1784, #501, #1530, #1545, #1767, #16, #260, #2825, #212, #2348, #2808 ),
 .UNSPECIFIED., .F., .F.,
 ( 4, 2, 2, 2, 2, 2, 2, 2, 2, 2, 2, 2, 2, 2, 4 ),
 ( 8.673617379884035472E-19, 0.0003909582347229457848, 0.0007819164694458907022, 0.001172874704168835620, 0.001563832938891780537, 0.002345749408337668204, 0.003127665877783555436, 0.003518624112506498619, 0.003909582347229442235, 0.004300540581952385852, 0.004691498816675329468, 0.005082457051398273085, 0.005473415286121216701, 0.005864373520844159450, 0.006255331755567103066 ),
 .UNSPECIFIED. ) ;
#2695 = MANIFOLD_SOLID_BREP ( 'Ressalto-extrusão1', #269 ) ;
#2696 = CARTESIAN_POINT ( 'NONE',  ( 0.1144441502338556377, 22.23009858773993486, 7.000000000000000000 ) ) ;
#2697 = CARTESIAN_POINT ( 'NONE',  ( -25.41356553209200086, -25.38843446790799874, 5.000000000000000000 ) ) ;
#2698 = CARTESIAN_POINT ( 'NONE',  ( 22.14261506050284822, -1.969300048102224254, 5.261620134043693220 ) ) ;
#2699 = CARTESIAN_POINT ( 'NONE',  ( -15.34982644838797405, -16.08017649687198514, 163.3334363528680342 ) ) ;
#2700 = CARTESIAN_POINT ( 'NONE',  ( -1.999894173717925883, -25.32114577393888410, 165.4036144914100248 ) ) ;
#2701 = CARTESIAN_POINT ( 'NONE',  ( -25.34953388199558333, -1.602061990016951043, 3.772221601875560104 ) ) ;
#2702 = CARTESIAN_POINT ( 'NONE',  ( 1.747883628947695112, 25.33998626404343568, 166.2763672252034439 ) ) ;
#2703 = ORIENTED_EDGE ( 'NONE', *, *, #2305, .F. ) ;
#2704 = CARTESIAN_POINT ( 'NONE',  ( 0.000000000000000000, 0.000000000000000000, 170.2700000000000102 ) ) ;
#2705 = CARTESIAN_POINT ( 'NONE',  ( 22.16146273868308114, 1.747143649538140942, 164.2623978264430775 ) ) ;
#2706 = CARTESIAN_POINT ( 'NONE',  ( 14.97898779336784614, 16.42744087867042779, 6.747839783366595512 ) ) ;
#2707 = ORIENTED_EDGE ( 'NONE', *, *, #3293, .F. ) ;
#2708 = EDGE_CURVE ( 'NONE', #3287, #1891, #2740, .T. ) ;
#2709 = CARTESIAN_POINT ( 'NONE',  ( 25.35027107316577144, -1.590288880822976259, 166.4898134168981017 ) ) ;
#2710 = LINE ( 'NONE', #3222, #436 ) ;
#2711 = CARTESIAN_POINT ( 'NONE',  ( -22.17912392473492034, -1.505958140148234037, 166.5925370775911176 ) ) ;
#2712 = CARTESIAN_POINT ( 'NONE',  ( -25.31972754259398783, -2.017770345903467710, 5.000000000000000000 ) ) ;
#2713 = CARTESIAN_POINT ( 'NONE',  ( -25.39999999999999858, 0.000000000000000000, 170.2700000000000102 ) ) ;
#2714 = ORIENTED_EDGE ( 'NONE', *, *, #2944, .T. ) ;
#2715 = CARTESIAN_POINT ( 'NONE',  ( 16.15733409760832018, 15.26853325203363809, 3.102758347464495525 ) ) ;
#2716 = B_SPLINE_CURVE_WITH_KNOTS ( 'NONE', 3,
 ( #79, #887, #1129, #42, #1665, #315, #3219, #2165, #3165, #835, #2706, #2951, #2690, #2148, #2434, #2917, #582, #1890, #872, #1875, #380, #1925, #3185, #2933, #1648, #2675, #2965, #3200, #1397, #1142 ),
 .UNSPECIFIED., .F., .F.,
 ( 4, 2, 2, 2, 2, 2, 2, 2, 2, 2, 2, 2, 2, 2, 4 ),
 ( 4.336808689942017736E-18, 0.0003910045443914817896, 0.0007820090887829592424, 0.001173013633174436587, 0.001564018177565914148, 0.002346027266348861464, 0.003128036355131808780, 0.003519040899523273331, 0.003910045443914737448, 0.004301049988306201999, 0.004692054532697665682, 0.005083059077089130233, 0.005474063621480593916, 0.005865068165872058467, 0.006256072710263523018 ),
 .UNSPECIFIED. ) ;
#2717 = CARTESIAN_POINT ( 'NONE',  ( 15.91498954706024094, -15.52102947105206354, 3.012799315758902807 ) ) ;
#2718 = CARTESIAN_POINT ( 'NONE',  ( 22.16230612023368707, -1.735037806147814221, 166.2732971640149344 ) ) ;
#2719 = ORIENTED_EDGE ( 'NONE', *, *, #2503, .F. ) ;
#2720 = CARTESIAN_POINT ( 'NONE',  ( 14.99214769812592785, 16.41543167264748604, 167.0178562140198721 ) ) ;
#2721 = CARTESIAN_POINT ( 'NONE',  ( 2.449293470561603660E-16, -22.22999999999999687, 167.2700000000000102 ) ) ;
#2722 = CARTESIAN_POINT ( 'NONE',  ( 22.22433879474021268, 0.5176807282388637965, 163.3337730548480522 ) ) ;
#2723 = CARTESIAN_POINT ( 'NONE',  ( 18.99482529799560737, 16.86313612203132806, 166.5911304877114389 ) ) ;
#2724 = AXIS2_PLACEMENT_3D ( 'NONE', #1127, #2162, #38 ) ;
#2725 = EDGE_LOOP ( 'NONE', ( #2486, #181 ) ) ;
#2726 = CIRCLE ( 'NONE', #551, 2.500000000000000000 ) ;
#2727 = VECTOR ( 'NONE', #253, 1000.000000000000000 ) ;
#2728 = CARTESIAN_POINT ( 'NONE',  ( -18.32391305082118649, -17.59007304915552794, 167.2059358258225927 ) ) ;
#2729 = DIRECTION ( 'NONE',  ( 0.000000000000000000, 0.000000000000000000, 1.000000000000000000 ) ) ;
#2730 = CARTESIAN_POINT ( 'NONE',  ( 16.75973862640320888, -14.60454047925890286, 6.322275670689101901 ) ) ;
#2731 = CARTESIAN_POINT ( 'NONE',  ( 1.730091966452516283, 22.16279987841621235, 6.006402704480018784 ) ) ;
#2732 = CARTESIAN_POINT ( 'NONE',  ( 1.507814348065121823, 22.17900238533406210, 163.9494194890557424 ) ) ;
#2733 = CARTESIAN_POINT ( 'NONE',  ( 25.39999999999999858, 2.823214546465453047E-15, 3.000078947856574807 ) ) ;
#2734 = ADVANCED_FACE ( 'NONE', ( #2038 ), #1320, .F. ) ;
#2735 = ORIENTED_EDGE ( 'NONE', *, *, #1261, .T. ) ;
#2736 = CARTESIAN_POINT ( 'NONE',  ( 15.61402811055580031, 15.82379439012231792, 2.999900588124931211 ) ) ;
#2737 = CARTESIAN_POINT ( 'NONE',  ( -19.15770833349746027, 16.67775472707946349, 6.002000438204122545 ) ) ;
#2738 = CARTESIAN_POINT ( 'NONE',  ( 17.51275400632396639, -18.39777506092284298, 6.898154422232614991 ) ) ;
#2739 = FACE_BOUND ( 'NONE', #33, .T. ) ;
#2740 = B_SPLINE_CURVE_WITH_KNOTS ( 'NONE', 3,
 ( #2733, #1764, #2345, #1527, #2294, #1047, #1511, #498, #2597, #272, #3329, #532, #1291, #2068 ),
 .UNSPECIFIED., .F., .F.,
 ( 4, 2, 2, 2, 2, 2, 4 ),
 ( 0.009366263046797457942, 0.01015200201276856250, 0.01054487149575411564, 0.01093774097873966705, 0.01133061046172521846, 0.01172347994471077161, 0.01250921891068187616 ),
 .UNSPECIFIED. ) ;
#2741 = ORIENTED_EDGE ( 'NONE', *, *, #1688, .F. ) ;
#2742 = FACE_BOUND ( 'NONE', #1582, .T. ) ;
#2743 = CARTESIAN_POINT ( 'NONE',  ( -25.40100000000028402, 2.017770345903112883, 5.000000000000000000 ) ) ;
#2744 = CARTESIAN_POINT ( 'NONE',  ( 17.06110811922325965, -14.25104000824681449, 165.5322101203962859 ) ) ;
#2745 = AXIS2_PLACEMENT_3D ( 'NONE', #2331, #2314, #2543 ) ;
#2746 = EDGE_LOOP ( 'NONE', ( #1240, #1095, #1886, #1408 ) ) ;
#2747 = CARTESIAN_POINT ( 'NONE',  ( -22.19683399412408775, -1.218722164681373288, 163.6788490459463219 ) ) ;
#2748 = CARTESIAN_POINT ( 'NONE',  ( -17.05801519508652575, -14.25471913452513206, 4.738935341993332884 ) ) ;
#2749 = CARTESIAN_POINT ( 'NONE',  ( 15.63987392943296584, -15.79823658003984654, 7.000050145986591588 ) ) ;
#2750 = CARTESIAN_POINT ( 'NONE',  ( 1.003508849084592924, 22.20760285874055029, 163.5350823796624979 ) ) ;
#2751 = CARTESIAN_POINT ( 'NONE',  ( -17.06104132172605148, -14.25112026175749591, 165.5331802395629381 ) ) ;
#2752 = CARTESIAN_POINT ( 'NONE',  ( -22.22433347999753295, 0.5179435971334128697, 163.3338335871075628 ) ) ;
#2753 = CARTESIAN_POINT ( 'NONE',  ( 15.89203495522395748, 15.54453182173807768, 3.013152678733145517 ) ) ;
#2754 = DIRECTION ( 'NONE',  ( -0.000000000000000000, -0.000000000000000000, -1.000000000000000000 ) ) ;
#2755 = EDGE_CURVE ( 'NONE', #3100, #1088, #209, .T. ) ;
#2756 = CARTESIAN_POINT ( 'NONE',  ( 23.98678643762676543, 26.81521356237322706, 165.2700000000000102 ) ) ;
#2757 = FACE_OUTER_BOUND ( 'NONE', #2930, .T. ) ;
#2758 = ORIENTED_EDGE ( 'NONE', *, *, #1111, .T. ) ;
#2759 = CARTESIAN_POINT ( 'NONE',  ( -14.24102358051289663, -17.06945070525925345, 165.2700000000000102 ) ) ;
#2760 = CARTESIAN_POINT ( 'NONE',  ( 1.003508849084592924, -22.20760285874053963, 167.0049176203374373 ) ) ;
#2761 = CARTESIAN_POINT ( 'NONE',  ( 14.26993693109586658, 37.93916187012463581, -156.0000000000000000 ) ) ;
#2762 = CARTESIAN_POINT ( 'NONE',  ( 22.16109198994719875, 1.750520518024999195, 6.007407582106872646 ) ) ;
#2763 = ORIENTED_EDGE ( 'NONE', *, *, #858, .T. ) ;
#2764 = B_SPLINE_CURVE_WITH_KNOTS ( 'NONE', 3,
 ( #1160, #2421, #1637, #351, #2200, #3237, #2435, #2658, #2167, #905, #2709, #630, #874, #318, #1944, #99, #3221, #2981 ),
 .UNSPECIFIED., .F., .F.,
 ( 4, 2, 2, 2, 2, 2, 2, 2, 4 ),
 ( 0.003128383672316376388, 0.003519252106899297631, 0.003910120541482218874, 0.004300988976065140551, 0.004691857410648061361, 0.005082725845230983037, 0.005473594279813904714, 0.005864462714396825524, 0.006255331148979747201 ),
 .UNSPECIFIED. ) ;
#2765 = DIRECTION ( 'NONE',  ( -1.000000000000000000, -3.491481338843133355E-15, -0.000000000000000000 ) ) ;
#2766 = DIRECTION ( 'NONE',  ( -0.000000000000000000, -0.000000000000000000, -1.000000000000000000 ) ) ;
#2767 = CARTESIAN_POINT ( 'NONE',  ( 15.54536258475290111, -15.89122601469540186, 6.987030884801748165 ) ) ;
#2768 = LINE ( 'NONE', #2787, #2129 ) ;
#2769 = SURFACE_SIDE_STYLE ('',( #2492 ) ) ;
#2770 = CARTESIAN_POINT ( 'NONE',  ( -25.39999999999999858, -0.2610716776876162992, 167.2700000000000671 ) ) ;
#2771 = CARTESIAN_POINT ( 'NONE',  ( 22.13984868963654051, -1.999999999999769296, 165.2700000000000102 ) ) ;
#2772 = CARTESIAN_POINT ( 'NONE',  ( 17.08087604751894872, -14.22731785858786857, 5.000000000000000000 ) ) ;
#2773 = CARTESIAN_POINT ( 'NONE',  ( 22.22999999999999687, 0.1325687400946373717, 2.998901005174805956 ) ) ;
#2774 = CARTESIAN_POINT ( 'NONE',  ( 0.8865425093478811469, 25.38481306774313140, 163.4724350433872928 ) ) ;
#2775 = EDGE_LOOP ( 'NONE', ( #781, #2308, #2288, #2301, #3193, #2193 ) ) ;
#2776 = CARTESIAN_POINT ( 'NONE',  ( -19.31896153602525601, 16.49053441127899333, 165.2700000000000102 ) ) ;
#2777 = CARTESIAN_POINT ( 'NONE',  ( 1.747856968265287136, -22.16140596464371271, 164.2635877581101624 ) ) ;
#2778 = DIRECTION ( 'NONE',  ( 1.000000000000000000, 0.000000000000000000, 0.000000000000000000 ) ) ;
#2779 = CARTESIAN_POINT ( 'NONE',  ( 22.20821326337640045, 1.013497657119606377, 6.754196024665709785 ) ) ;
#2780 = EDGE_LOOP ( 'NONE', ( #164, #262, #2619, #703, #1536, #1413 ) ) ;
#2781 = EDGE_CURVE ( 'NONE', #2538, #2248, #1034, .T. ) ;
#2782 = CARTESIAN_POINT ( 'NONE',  ( -18.87012139278416711, -17.00256647077497973, 166.7778310394942594 ) ) ;
#2783 = CARTESIAN_POINT ( 'NONE',  ( -22.16109198994720586, -1.750520518024869965, 6.007407582106828237 ) ) ;
#2784 = DIRECTION ( 'NONE',  ( -0.000000000000000000, -0.000000000000000000, -1.000000000000000000 ) ) ;
#2785 = AXIS2_PLACEMENT_3D ( 'NONE', #1783, #384, #1725 ) ;
#2786 = VECTOR ( 'NONE', #1827, 1000.000000000000000 ) ;
#2787 = CARTESIAN_POINT ( 'NONE',  ( -23.98678643762657714, -26.81521356237338694, 165.2700000000000102 ) ) ;
#2788 = CARTESIAN_POINT ( 'NONE',  ( 25.34942767565243216, 1.603723649898532333, 6.225580129139051344 ) ) ;
#2789 = DIRECTION ( 'NONE',  ( -0.000000000000000000, -0.000000000000000000, -1.000000000000000000 ) ) ;
#2790 = CARTESIAN_POINT ( 'NONE',  ( -17.77345337628700150, 18.14609318624619050, 163.2831534655782946 ) ) ;
#2791 = DIRECTION ( 'NONE',  ( -0.7071067811865439090, -0.7071067811865512365, -0.000000000000000000 ) ) ;
#2792 = CARTESIAN_POINT ( 'NONE',  ( 16.55302033588140631, -19.26546588759981304, 5.519542488925735846 ) ) ;
#2793 = CARTESIAN_POINT ( 'NONE',  ( 22.19678772436960656, -1.219575695566957441, 163.6794877594961122 ) ) ;
#2794 = EDGE_LOOP ( 'NONE', ( #2703, #1283, #216, #1733 ) ) ;
#2795 = CARTESIAN_POINT ( 'NONE',  ( -19.28492180538196621, -16.53063125304465686, 164.7457853494103119 ) ) ;
#2796 = CARTESIAN_POINT ( 'NONE',  ( -1.897228554485995922, 22.14894956775756896, 164.6237148028156980 ) ) ;
#2797 = CARTESIAN_POINT ( 'NONE',  ( 14.61708038420302280, -16.74880944828012375, 166.5910989948367842 ) ) ;
#2798 = EDGE_LOOP ( 'NONE', ( #2707, #3340, #114, #953 ) ) ;
#2799 = CARTESIAN_POINT ( 'NONE',  ( -22.20853213779640356, -1.005996805811219863, 167.0181051888646380 ) ) ;
#2800 = CARTESIAN_POINT ( 'NONE',  ( -1.778930862175492678, -25.33767841636871765, 5.888286748138053639 ) ) ;
#2801 = CARTESIAN_POINT ( 'NONE',  ( -16.54645771648874586, -14.84585695917668424, 3.410030043963566460 ) ) ;
#2802 = ADVANCED_FACE ( 'NONE', ( #2612 ), #2361, .F. ) ;
#2803 = CARTESIAN_POINT ( 'NONE',  ( 18.85819734589862762, 17.01579092001147586, 6.507842071087106106 ) ) ;
#2804 = CARTESIAN_POINT ( 'NONE',  ( 2.500000000000000000, 3.061616997868383141E-16, 10.00000000000000000 ) ) ;
#2805 = PRESENTATION_STYLE_ASSIGNMENT (( #1032 ) ) ;
#2806 = LINE ( 'NONE', #1272, #3153 ) ;
#2807 = CARTESIAN_POINT ( 'NONE',  ( -2.017823977393973678, 25.31972326861348677, 5.129752419285009246 ) ) ;
#2808 = CARTESIAN_POINT ( 'NONE',  ( -16.50408800036623802, 19.30738406092774895, 5.000000000000000000 ) ) ;
#2809 = CARTESIAN_POINT ( 'NONE',  ( 0.000000000000000000, 0.000000000000000000, 0.000000000000000000 ) ) ;
#2810 = CARTESIAN_POINT ( 'NONE',  ( 19.30738406092758197, 16.50408800036643342, 4.738949996508848628 ) ) ;
#2811 = ORIENTED_EDGE ( 'NONE', *, *, #249, .F. ) ;
#2812 = CARTESIAN_POINT ( 'NONE',  ( -18.87180423976950649, -17.00069166913682395, 163.7645217912211990 ) ) ;
#2813 = DIRECTION ( 'NONE',  ( 0.7820503818593055323, -0.4515169984863061092, 0.4295690867737476104 ) ) ;
#2814 = CARTESIAN_POINT ( 'NONE',  ( 17.00350249363466304, -14.31978848009967997, 165.9150003944327239 ) ) ;
#2815 = ORIENTED_EDGE ( 'NONE', *, *, #464, .T. ) ;
#2816 = CARTESIAN_POINT ( 'NONE',  ( -15.27044501819823452, 16.15552832491460933, 6.898140392439598756 ) ) ;
#2817 = CARTESIAN_POINT ( 'NONE',  ( 0.01777034590337913528, -25.39999378375527073, 3.000000000000000000 ) ) ;
#2818 = DIRECTION ( 'NONE',  ( 0.000000000000000000, 0.000000000000000000, -1.000000000000000000 ) ) ;
#2819 = CARTESIAN_POINT ( 'NONE',  ( 18.32216788611097158, -17.59188753185566867, 163.3334243183875003 ) ) ;
#2820 = EDGE_CURVE ( 'NONE', #2894, #2864, #3183, .T. ) ;
#2821 = CARTESIAN_POINT ( 'NONE',  ( 18.15661936261014731, -17.76270014013963561, 3.012796581546539176 ) ) ;
#2822 = DIRECTION ( 'NONE',  ( 0.000000000000000000, 0.000000000000000000, 1.000000000000000000 ) ) ;
#2823 = EDGE_CURVE ( 'NONE', #1314, #37, #68, .T. ) ;
#2824 = CARTESIAN_POINT ( 'NONE',  ( -18.32216788611085434, 17.59188753185580012, 163.3334243183875287 ) ) ;
#2825 = CARTESIAN_POINT ( 'NONE',  ( -16.55302033588128552, 19.26546588759991963, 5.519542488925734958 ) ) ;
#2826 = CARTESIAN_POINT ( 'NONE',  ( -16.90577942988746685, 14.43528949324857713, 164.2619425710505539 ) ) ;
#2827 = VERTEX_POINT ( 'NONE', #2025 ) ;
#2828 = CARTESIAN_POINT ( 'NONE',  ( -25.32253473881357664, 1.982229654096532956, 5.000000000000000000 ) ) ;
#2829 = CARTESIAN_POINT ( 'NONE',  ( 17.06945070525900476, 14.24102358051319150, 165.0089349463963231 ) ) ;
#2830 = EDGE_LOOP ( 'NONE', ( #2211, #2367, #2224, #1621 ) ) ;
#2831 = CARTESIAN_POINT ( 'NONE',  ( -14.25471913452506989, 17.05801519508657904, 5.130562691583422819 ) ) ;
#2832 = CARTESIAN_POINT ( 'NONE',  ( -0.5094027159817784423, -25.39603122358242970, 3.053226837383954617 ) ) ;
#2833 = CARTESIAN_POINT ( 'NONE',  ( 25.38843446790773584, -25.41356553209227087, 5.000000000000000000 ) ) ;
#2834 = CARTESIAN_POINT ( 'NONE',  ( 16.52564866123135090, 19.28894985533014506, 5.517884818454764861 ) ) ;
#2835 = CARTESIAN_POINT ( 'NONE',  ( 1.947364195056021874, -25.32543728613718059, 164.7449810821304936 ) ) ;
#2836 =( NAMED_UNIT ( * ) SI_UNIT ( $, .STERADIAN. ) SOLID_ANGLE_UNIT ( ) );
#2837 = AXIS2_PLACEMENT_3D ( 'NONE', #2545, #2822, #210 ) ;
#2838 = FACE_BOUND ( 'NONE', #1447, .T. ) ;
#2839 = LINE ( 'NONE', #2006, #2893 ) ;
#2840 = CARTESIAN_POINT ( 'NONE',  ( -18.39960830856918506, -17.51082689391828140, 3.102755119489143176 ) ) ;
#2841 = CARTESIAN_POINT ( 'NONE',  ( 15.25557947778810686, -16.16956547006706302, 163.3727715873505986 ) ) ;
#2842 = EDGE_CURVE ( 'NONE', #541, #3321, #2264, .T. ) ;
#2843 = VERTEX_POINT ( 'NONE', #637 ) ;
#2844 = DIRECTION ( 'NONE',  ( 0.7071067811865536790, -0.7071067811865414665, -0.000000000000000000 ) ) ;
#2845 = CARTESIAN_POINT ( 'NONE',  ( 14.83430185105732235, 16.55681823370947114, 163.6782936017518466 ) ) ;
#2846 = EDGE_LOOP ( 'NONE', ( #1021, #3132 ) ) ;
#2847 = CARTESIAN_POINT ( 'NONE',  ( -26.81521356237280429, -23.98678643762723084, 165.2700000000000102 ) ) ;
#2848 = CARTESIAN_POINT ( 'NONE',  ( 22.21287621882631669, -0.8805914223843595012, 3.208377842484036790 ) ) ;
#2849 = CARTESIAN_POINT ( 'NONE',  ( -22.22999999999999687, -3.178360030180717615E-23, 167.2700000000000102 ) ) ;
#2850 = B_SPLINE_CURVE_WITH_KNOTS ( 'NONE', 3,
 ( #1161, #3273, #2472, #906, #1490, #137, #942, #1179, #689, #2524, #2507, #706, #2256, #3290, #961, #2001, #1144, #1029, #2052, #772, #2037, #225, #1249, #2868, #1808, #2595, #1526, #1303, #3346, #255 ),
 .UNSPECIFIED., .F., .F.,
 ( 4, 2, 2, 2, 2, 2, 2, 2, 2, 2, 2, 2, 2, 2, 4 ),
 ( 1.753091011110292899E-05, 0.0004085070979888129295, 0.0007994832858665228657, 0.001190459473744232910, 0.001581435661621942955, 0.002363388037377360876, 0.003145340413132778363, 0.003536316601010486456, 0.003927292788888194115, 0.004318268976765902642, 0.004709245164643609434, 0.005100221352521317961, 0.005491197540399025620, 0.005882173728276734147, 0.006273149916154441806 ),
 .UNSPECIFIED. ) ;
#2851 = CARTESIAN_POINT ( 'NONE',  ( 0.01777034590337931569, -22.22999289731794548, 3.000000000000000000 ) ) ;
#2852 = CARTESIAN_POINT ( 'NONE',  ( 25.38070140813419329, -0.9957527995901795936, 6.729029859902381894 ) ) ;
#2853 = CARTESIAN_POINT ( 'NONE',  ( 18.81320667234007615, -17.06561125725297501, 3.408266631888057674 ) ) ;
#2854 = VECTOR ( 'NONE', #3292, 1000.000000000000000 ) ;
#2855 = CARTESIAN_POINT ( 'NONE',  ( -22.21290051868031412, 0.8800014733873320338, 6.791929635065218740 ) ) ;
#2856 = VECTOR ( 'NONE', #687, 1000.000000000000000 ) ;
#2857 = CARTESIAN_POINT ( 'NONE',  ( 5.206900561147631848E-15, 22.22999999999999687, 167.2700000000000102 ) ) ;
#2858 = CARTESIAN_POINT ( 'NONE',  ( -17.85563050166159016, -18.06526747801264676, 2.999897889695287478 ) ) ;
#2859 = CARTESIAN_POINT ( 'NONE',  ( -15.81127306453127979, 15.62670747985437103, 163.2698974113437203 ) ) ;
#2860 = ORIENTED_EDGE ( 'NONE', *, *, #2904, .F. ) ;
#2861 = CARTESIAN_POINT ( 'NONE',  ( -22.13823621771148709, -2.017770345903456608, 5.000000000000000000 ) ) ;
#2862 = EDGE_CURVE ( 'NONE', #2843, #1976, #3296, .T. ) ;
#2863 = CARTESIAN_POINT ( 'NONE',  ( 16.90668399767831076, 14.43422782039147556, 164.2643452865498261 ) ) ;
#2864 = VERTEX_POINT ( 'NONE', #657 ) ;
#2865 = CARTESIAN_POINT ( 'NONE',  ( 5.256025990544965887E-15, -22.22999999999999687, 163.2700000000000102 ) ) ;
#2866 = CARTESIAN_POINT ( 'NONE',  ( -1.815723280425712849, 22.15577983646642224, 5.885755643973924478 ) ) ;
#2867 = CARTESIAN_POINT ( 'NONE',  ( -16.40031921381815394, -15.00713809247933561, 6.735272761689762078 ) ) ;
#2868 = CARTESIAN_POINT ( 'NONE',  ( 1.021258579259447963, -25.37969242560628302, 6.734932994849862631 ) ) ;
#2869 = CARTESIAN_POINT ( 'NONE',  ( 1.573999491045790178, 25.35128796211580493, 3.782071494343775431 ) ) ;
#2870 = CARTESIAN_POINT ( 'NONE',  ( 19.16508481624936522, -16.66942016010528249, 3.991994365230127961 ) ) ;
#2871 = CARTESIAN_POINT ( 'NONE',  ( -22.22086144079092662, -0.6489725607112647454, 3.097637433929320672 ) ) ;
#2872 = CARTESIAN_POINT ( 'NONE',  ( 25.32113741521105155, -1.999999999999735989, 165.2700000000000102 ) ) ;
#2873 = CARTESIAN_POINT ( 'NONE',  ( -14.61708038420291267, 16.74880944828021967, 166.5910989948367842 ) ) ;
#2874 = CARTESIAN_POINT ( 'NONE',  ( -15.34783358629106331, 16.08207849161023617, 163.3341714655121280 ) ) ;
#2875 = EDGE_LOOP ( 'NONE', ( #1567, #236, #1919, #2126 ) ) ;
#2876 = CARTESIAN_POINT ( 'NONE',  ( -25.32217999549196819, 1.986921702544476087, 165.5330998264903428 ) ) ;
#2877 = CARTESIAN_POINT ( 'NONE',  ( -18.06526747801259347, 17.85563050166165056, 2.999897889695287923 ) ) ;
#2878 = ORIENTED_EDGE ( 'NONE', *, *, #545, .T. ) ;
#2879 = SURFACE_STYLE_USAGE ( .BOTH. , #1140 ) ;
#2880 = CARTESIAN_POINT ( 'NONE',  ( 22.17413467613923572, -1.585590840801468948, 3.776688031553791625 ) ) ;
#2881 = CARTESIAN_POINT ( 'NONE',  ( -22.22099423258008244, 0.6441991746880290082, 167.1679414729241557 ) ) ;
#2882 = EDGE_CURVE ( 'NONE', #43, #2074, #913, .T. ) ;
#2883 = ORIENTED_EDGE ( 'NONE', *, *, #2461, .T. ) ;
#2884 = CARTESIAN_POINT ( 'NONE',  ( 0.5094027159817789974, 25.39603122358242615, 3.053226837383954173 ) ) ;
#2885 = DIRECTION ( 'NONE',  ( -0.000000000000000000, 1.000000000000000000, -0.000000000000000000 ) ) ;
#2886 = CARTESIAN_POINT ( 'NONE',  ( -16.09247458494699501, 15.33693286994300564, 3.063447878311969852 ) ) ;
#2887 = CARTESIAN_POINT ( 'NONE',  ( -16.49053441127907149, 19.31896153602519206, 165.4005553413035727 ) ) ;
#2888 = AXIS2_PLACEMENT_3D ( 'NONE', #3256, #3001, #353 ) ;
#2889 = CARTESIAN_POINT ( 'NONE',  ( -22.13984868963652275, -2.000000000000078160, 165.0057586926332931 ) ) ;
#2890 = CARTESIAN_POINT ( 'NONE',  ( -16.55681823370932193, 14.83430185105749111, 163.6782936017518466 ) ) ;
#2891 = B_SPLINE_CURVE_WITH_KNOTS ( 'NONE', 3,
 ( #3158, #1614, #812, #1849, #1376, #1327, #1086, #2398, #1391, #1628, #796, #575, #2664, #829, #2683, #2620, #71, #5, #2141, #1867, #1123, #2911, #2368, #1580, #295, #2895 ),
 .UNSPECIFIED., .F., .F.,
 ( 4, 2, 2, 2, 2, 2, 2, 2, 2, 2, 2, 2, 4 ),
 ( 0.006255331148979751538, 0.007037066762667515754, 0.007818802376355279971, 0.008209670183199195906, 0.008600537990043110106, 0.008991405796887024307, 0.009382273603730940242, 0.009773141410574852708, 0.01016400921741876864, 0.01055487702426268284, 0.01094574483110659704, 0.01172748044479442892, 0.01250921605848226426 ),
 .UNSPECIFIED. ) ;
#2892 = AXIS2_PLACEMENT_3D ( 'NONE', #1696, #3025, #2281 ) ;
#2893 = VECTOR ( 'NONE', #3039, 1000.000000000000000 ) ;
#2894 = VERTEX_POINT ( 'NONE', #123 ) ;
#2895 = CARTESIAN_POINT ( 'NONE',  ( 16.49053441127879438, 19.31896153602542299, 165.2700000000000102 ) ) ;
#2896 = AXIS2_PLACEMENT_3D ( 'NONE', #584, #600, #2729 ) ;
#2897 = CARTESIAN_POINT ( 'NONE',  ( 16.62680796672908201, 14.75569981611702808, 163.7645193333421787 ) ) ;
#2898 = ORIENTED_EDGE ( 'NONE', *, *, #1489, .F. ) ;
#2899 = CARTESIAN_POINT ( 'NONE',  ( 0.6620587941050656289, -22.22046963957366117, 6.897916025252723848 ) ) ;
#2900 = CARTESIAN_POINT ( 'NONE',  ( 18.79084364926254835, 17.09023187525581378, 3.410033598784845577 ) ) ;
#2901 = CARTESIAN_POINT ( 'NONE',  ( 0.000000000000000000, 0.000000000000000000, 0.000000000000000000 ) ) ;
#2902 = CARTESIAN_POINT ( 'NONE',  ( -25.32113741521102668, -2.000000000000089706, 165.2700000000000102 ) ) ;
#2903 = CARTESIAN_POINT ( 'NONE',  ( 19.31896153602537680, -16.49053441127887609, 165.0056616779911280 ) ) ;
#2904 = EDGE_CURVE ( 'NONE', #2997, #605, #88, .T. ) ;
#2905 = CARTESIAN_POINT ( 'NONE',  ( -25.40099999999969071, -25.40100000000030889, 165.2700000000000102 ) ) ;
#2906 = CARTESIAN_POINT ( 'NONE',  ( -22.19728772675727413, 1.210309697494744041, 6.583852903087050734 ) ) ;
#2907 = CARTESIAN_POINT ( 'NONE',  ( -19.05009446191733247, 16.80057118079101386, 166.4893869931455583 ) ) ;
#2908 = CYLINDRICAL_SURFACE ( 'NONE', #1872, 2.000000000000000000 ) ;
#2909 = DIRECTION ( 'NONE',  ( -0.000000000000000000, 1.000000000000000000, -0.000000000000000000 ) ) ;
#2910 = VERTEX_POINT ( 'NONE', #449 ) ;
#2911 = CARTESIAN_POINT ( 'NONE',  ( 16.79557975174790840, 19.05525352655496363, 164.0391456347585972 ) ) ;
#2912 = CYLINDRICAL_SURFACE ( 'NONE', #879, 2.500000000000000000 ) ;
#2913 = ORIENTED_EDGE ( 'NONE', *, *, #1607, .T. ) ;
#2914 = SURFACE_STYLE_FILL_AREA ( #2179 ) ;
#2915 = CARTESIAN_POINT ( 'NONE',  ( 18.13362868665377903, 17.78617029123966731, 3.013148648913404948 ) ) ;
#2916 = CARTESIAN_POINT ( 'NONE',  ( 0.000000000000000000, 25.40099999999999980, 165.2700000000000102 ) ) ;
#2917 = CARTESIAN_POINT ( 'NONE',  ( 16.06960763843830264, 15.36089426069371022, 6.935935526306845844 ) ) ;
#2918 = ORIENTED_EDGE ( 'NONE', *, *, #1796, .F. ) ;
#2919 = FACE_OUTER_BOUND ( 'NONE', #365, .T. ) ;
#2920 = EDGE_CURVE ( 'NONE', #3299, #1428, #2694, .T. ) ;
#2921 = CARTESIAN_POINT ( 'NONE',  ( -22.22999999999999687, 0.000000000000000000, 170.2700000000000102 ) ) ;
#2922 = CARTESIAN_POINT ( 'NONE',  ( -16.50052401529303125, 19.31044705311017751, 165.5331603142776942 ) ) ;
#2923 = LINE ( 'NONE', #2379, #1220 ) ;
#2924 = CARTESIAN_POINT ( 'NONE',  ( -16.08191437890615205, -15.34800937984796754, 167.2059239329079787 ) ) ;
#2925 = EDGE_CURVE ( 'NONE', #3016, #1428, #469, .T. ) ;
#2926 = EDGE_LOOP ( 'NONE', ( #104, #2585, #1108, #2178, #1193, #98 ) ) ;
#2927 = CARTESIAN_POINT ( 'NONE',  ( -25.33635643557387240, 1.797657439213100616, 166.1563502787028312 ) ) ;
#2928 = CARTESIAN_POINT ( 'NONE',  ( -1.489589812507068123, -22.18022876703665602, 3.679063287433382179 ) ) ;
#2929 = CARTESIAN_POINT ( 'NONE',  ( -22.23000000000000043, 0.1312149721895896348, 3.001244861601530367 ) ) ;
#2930 = EDGE_LOOP ( 'NONE', ( #1599, #2670 ) ) ;
#2931 = CARTESIAN_POINT ( 'NONE',  ( 1.237843034846810797, -22.19577437429085975, 6.590091638374814487 ) ) ;
#2932 = CARTESIAN_POINT ( 'NONE',  ( 22.22999999999999687, 0.1320224947485438560, 163.2699999999999818 ) ) ;
#2933 = CARTESIAN_POINT ( 'NONE',  ( 16.88630737347450506, 14.45789736509241585, 6.003512773590659712 ) ) ;
#2934 = CARTESIAN_POINT ( 'NONE',  ( 19.15338867070765616, -16.68285785202890992, 164.2619903842075644 ) ) ;
#2935 = ORIENTED_EDGE ( 'NONE', *, *, #1192, .T. ) ;
#2936 = CARTESIAN_POINT ( 'NONE',  ( 25.38501706411152270, -0.8805182345231545860, 3.208342425317354252 ) ) ;
#2937 = CARTESIAN_POINT ( 'NONE',  ( -22.15729442181415010, -1.797149214488477087, 166.1573827995019030 ) ) ;
#2938 = CARTESIAN_POINT ( 'NONE',  ( 1.322287565427252787, 22.19083122103474182, 166.7761747428250487 ) ) ;
#2939 = CARTESIAN_POINT ( 'NONE',  ( -16.56847853100321899, -19.25222205188880409, 165.9149395483285048 ) ) ;
#2940 = CARTESIAN_POINT ( 'NONE',  ( 22.14144678196122129, -1.982229654096390181, 5.129790095339130218 ) ) ;
#2941 = ORIENTED_EDGE ( 'NONE', *, *, #1234, .T. ) ;
#2942 = CARTESIAN_POINT ( 'NONE',  ( -25.35539436803168911, 1.507553567590652399, 166.5908748746498418 ) ) ;
#2943 = VECTOR ( 'NONE', #2457, 1000.000000000000000 ) ;
#2944 = EDGE_CURVE ( 'NONE', #686, #767, #520, .T. ) ;
#2945 = CARTESIAN_POINT ( 'NONE',  ( -0.5064922052298411748, -22.22553409847089156, 6.947565454868625423 ) ) ;
#2946 = CARTESIAN_POINT ( 'NONE',  ( 0.1321996980370207520, 25.40000000000000213, 167.2700000000000671 ) ) ;
#2947 = COLOUR_RGB ( '',0.7921568627450980005, 0.8196078431372548767, 0.9333333333333333481 ) ;
#2948 = B_SPLINE_CURVE_WITH_KNOTS ( 'NONE', 3,
 ( #1496, #697, #2513, #196, #3061, #2497, #914, #3262, #2026, #3314, #712, #680, #3297, #2989, #983, #1203, #2738, #394, #659, #728, #933, #1445, #1714, #1731, #2479, #2209, #2792, #1974, #1185, #1768 ),
 .UNSPECIFIED., .F., .F.,
 ( 4, 2, 2, 2, 2, 2, 2, 2, 2, 2, 2, 2, 2, 2, 4 ),
 ( 1.734723475976807094E-18, 0.0003909582347229412854, 0.0007819164694458808360, 0.001172874704168820441, 0.001563832938891759937, 0.002345749408337649122, 0.003127665877783538956, 0.003518624112506483874, 0.003909582347229429225, 0.004300540581952373709, 0.004691498816675319060, 0.005082457051398264411, 0.005473415286121209762, 0.005864373520844154246, 0.006255331755567099597 ),
 .UNSPECIFIED. ) ;
#2949 = VERTEX_POINT ( 'NONE', #2600 ) ;
#2950 = CARTESIAN_POINT ( 'NONE',  ( -0.2610650513333945821, -22.23000000000000043, 167.2700000000000671 ) ) ;
#2951 = CARTESIAN_POINT ( 'NONE',  ( 15.33133573722271947, 16.09910039873759047, 6.947335196178758387 ) ) ;
#2952 = FACE_BOUND ( 'NONE', #1126, .T. ) ;
#2953 = CARTESIAN_POINT ( 'NONE',  ( 25.32906387132718251, 1.897646011553616452, 165.9150843489130978 ) ) ;
#2954 = DIRECTION ( 'NONE',  ( 0.7071067811865389130, 0.7071067811865561215, -0.000000000000000000 ) ) ;
#2955 = CARTESIAN_POINT ( 'NONE',  ( 16.50408800036637658, -19.30738406092763526, 5.000000000000000000 ) ) ;
#2956 = CARTESIAN_POINT ( 'NONE',  ( -25.40099999999969071, -25.40100000000030889, 165.2700000000000102 ) ) ;
#2957 = CARTESIAN_POINT ( 'NONE',  ( -1.735263814419237827, -25.34076085650143639, 166.2729686091018664 ) ) ;
#2958 = CARTESIAN_POINT ( 'NONE',  ( -25.36521411156379813, -1.332149006604142816, 3.486854948793317810 ) ) ;
#2959 = CARTESIAN_POINT ( 'NONE',  ( 0.5178854697398266316, 25.39504173737175208, 167.2061785143110058 ) ) ;
#2960 = ORIENTED_EDGE ( 'NONE', *, *, #2257, .T. ) ;
#2961 = EDGE_CURVE ( 'NONE', #992, #686, #172, .T. ) ;
#2962 = CARTESIAN_POINT ( 'NONE',  ( 25.38045935262508124, -1.002064036139018954, 163.5342091282384729 ) ) ;
#2963 = VECTOR ( 'NONE', #223, 1000.000000000000000 ) ;
#2964 = DIRECTION ( 'NONE',  ( 0.000000000000000000, 0.000000000000000000, -1.000000000000000000 ) ) ;
#2965 = CARTESIAN_POINT ( 'NONE',  ( 17.01659188369664477, 14.30416583645242845, 5.519598668734333913 ) ) ;
#2966 = EDGE_LOOP ( 'NONE', ( #560, #1139, #3113, #2134 ) ) ;
#2967 = CARTESIAN_POINT ( 'NONE',  ( 25.34099982064513412, -1.733063486343232373, 3.999125584688037804 ) ) ;
#2968 = CARTESIAN_POINT ( 'NONE',  ( 17.08087604751894872, -14.22731785858786857, 5.000000000000000000 ) ) ;
#2969 = CARTESIAN_POINT ( 'NONE',  ( 25.39572758494282567, 0.5244395614093771973, 167.2175283645618151 ) ) ;
#2970 = CYLINDRICAL_SURFACE ( 'NONE', #2350, 1.999999999999998002 ) ;
#2971 = CARTESIAN_POINT ( 'NONE',  ( -16.55787074857971319, -14.83312443049744367, 166.8604717571295168 ) ) ;
#2972 = CARTESIAN_POINT ( 'NONE',  ( -17.06945070525910069, -14.24102358051307604, 165.2700000000000102 ) ) ;
#2973 = CARTESIAN_POINT ( 'NONE',  ( 14.74396439326084440, 16.63721625371012180, 3.492661466410542648 ) ) ;
#2974 = CARTESIAN_POINT ( 'NONE',  ( 1.003470137828961661, 25.38040183370858216, 163.5350593976125992 ) ) ;
#2975 = ORIENTED_EDGE ( 'NONE', *, *, #3208, .F. ) ;
#2976 = CARTESIAN_POINT ( 'NONE',  ( 14.25104000824674877, 17.06110811922331294, 165.5322101203962859 ) ) ;
#2977 = CARTESIAN_POINT ( 'NONE',  ( 1.735257249293664872, -22.16228896946357807, 166.2729244935178485 ) ) ;
#2978 = CARTESIAN_POINT ( 'NONE',  ( -1.797957107391199516, -22.15722864035204154, 164.3842528895897601 ) ) ;
#2979 = DIRECTION ( 'NONE',  ( -0.000000000000000000, -0.000000000000000000, -1.000000000000000000 ) ) ;
#2980 = ORIENTED_EDGE ( 'NONE', *, *, #352, .T. ) ;
#2981 = CARTESIAN_POINT ( 'NONE',  ( 25.32113741521105155, -1.999999999999735989, 165.2700000000000102 ) ) ;
#2982 = EDGE_CURVE ( 'NONE', #1613, #1980, #1276, .T. ) ;
#2983 = CARTESIAN_POINT ( 'NONE',  ( 15.36089426069365516, -16.06960763843835593, 6.935935526306847621 ) ) ;
#2984 = CARTESIAN_POINT ( 'NONE',  ( 1.581111802196603078, 22.17447003139961126, 6.229473157542645190 ) ) ;
#2985 = CARTESIAN_POINT ( 'NONE',  ( -0.5269523340640699383, 25.39567341809322443, 167.2168348977979804 ) ) ;
#2986 = CARTESIAN_POINT ( 'NONE',  ( -22.22096762822046045, 0.6451152905346730915, 163.3723682511262894 ) ) ;
#2987 = CARTESIAN_POINT ( 'NONE',  ( -0.2643382732866819684, -25.40000000000000213, 163.2700000000000102 ) ) ;
#2988 = CARTESIAN_POINT ( 'NONE',  ( 14.29523152024689026, -17.02437227200640635, 4.475733149480097595 ) ) ;
#2989 = CARTESIAN_POINT ( 'NONE',  ( 17.88139530757613826, -18.03975423701170655, 7.000049194915554551 ) ) ;
#2990 = CARTESIAN_POINT ( 'NONE',  ( 22.22099423258007889, -0.6441991746879899283, 167.1679414729240705 ) ) ;
#2991 = VERTEX_POINT ( 'NONE', #3191 ) ;
#2992 = CARTESIAN_POINT ( 'NONE',  ( 16.62515542187733075, 14.75756972172156622, 166.7778125817756631 ) ) ;
#2993 = CARTESIAN_POINT ( 'NONE',  ( 1.507814348065121157, -22.17900238533405854, 166.5905805109442781 ) ) ;
#2994 = CARTESIAN_POINT ( 'NONE',  ( 15.62720550259163588, -15.81076796993174938, 167.2700470073841359 ) ) ;
#2995 = AXIS2_PLACEMENT_3D ( 'NONE', #2704, #700, #1170 ) ;
#2996 = VECTOR ( 'NONE', #1461, 1000.000000000000000 ) ;
#2997 = VERTEX_POINT ( 'NONE', #1846 ) ;
#2998 = CARTESIAN_POINT ( 'NONE',  ( -16.80057118079095346, -19.05009446191738931, 166.4893869931455868 ) ) ;
#2999 = CARTESIAN_POINT ( 'NONE',  ( -15.52102947105212039, -15.91498954706019298, 3.012799315758901919 ) ) ;
#3000 = LINE ( 'NONE', #1473, #1419 ) ;
#3001 = DIRECTION ( 'NONE',  ( 0.000000000000000000, 0.000000000000000000, 1.000000000000000000 ) ) ;
#3002 = EDGE_CURVE ( 'NONE', #220, #1258, #1230, .T. ) ;
#3003 = DIRECTION ( 'NONE',  ( -0.7071067811865561215, 0.7071067811865388020, 0.000000000000000000 ) ) ;
#3004 =( LENGTH_UNIT ( ) NAMED_UNIT ( * ) SI_UNIT ( .MILLI., .METRE. ) );
#3005 = FACE_OUTER_BOUND ( 'NONE', #836, .T. ) ;
#3006 = CARTESIAN_POINT ( 'NONE',  ( -1.228735386534405283, -25.37093521679184605, 166.8694350216237297 ) ) ;
#3007 = CARTESIAN_POINT ( 'NONE',  ( -17.78699386384554515, 18.13282407000026808, 6.987033544167697841 ) ) ;
#3008 = B_SPLINE_CURVE_WITH_KNOTS ( 'NONE', 3,
 ( #2289, #1025, #2078, #237, #3133, #1774, #527, #458, #2592, #1285, #2607, #8, #490, #3322, #2539, #801, #2816, #1537, #1505, #2095, #1057, #1265, #1299, #993, #1822, #266, #203, #2034, #2831, #2575 ),
 .UNSPECIFIED., .F., .F.,
 ( 4, 2, 2, 2, 2, 2, 2, 2, 2, 2, 2, 2, 2, 2, 4 ),
 ( 1.734723475976807094E-18, 0.0003910045443914695381, 0.0007820090887829373415, 0.001173013633174405145, 0.001564018177565872948, 0.002346027266348808555, 0.003128036355131744162, 0.003519040899523219121, 0.003910045443914694947, 0.004301049988306169906, 0.004692054532697645733, 0.005083059077089120692, 0.005474063621480596518, 0.005865068165872071478, 0.006256072710263547304 ),
 .UNSPECIFIED. ) ;
#3009 = LINE ( 'NONE', #412, #2996 ) ;
#3010 = CARTESIAN_POINT ( 'NONE',  ( 1.898144085984435847, 25.32902630873676131, 164.6263952542017535 ) ) ;
#3011 = EDGE_LOOP ( 'NONE', ( #2504, #2431, #718, #3316 ) ) ;
#3012 = CARTESIAN_POINT ( 'NONE',  ( 25.36571881965113917, -1.322435955444137834, 163.7639532894362162 ) ) ;
#3013 = CARTESIAN_POINT ( 'NONE',  ( 1.935924070617936144, -22.14555837929308524, 165.7889486780198069 ) ) ;
#3014 =( NAMED_UNIT ( * ) PLANE_ANGLE_UNIT ( ) SI_UNIT ( $, .RADIAN. ) );
#3015 = CARTESIAN_POINT ( 'NONE',  ( 16.86313612203125345, -18.99482529799567132, 166.5911304877113537 ) ) ;
#3016 = VERTEX_POINT ( 'NONE', #3173 ) ;
#3017 = CARTESIAN_POINT ( 'NONE',  ( -19.31044705311011711, -16.50052401529309520, 165.5331603142777226 ) ) ;
#3018 = CARTESIAN_POINT ( 'NONE',  ( -14.98252491413708576, -16.42281001423547693, 3.263414479369315835 ) ) ;
#3019 = CARTESIAN_POINT ( 'NONE',  ( 14.84639015088099967, -16.54597726124693935, 6.590487313514880263 ) ) ;
#3020 = CYLINDRICAL_SURFACE ( 'NONE', #108, 2.000000000000000000 ) ;
#3021 = CARTESIAN_POINT ( 'NONE',  ( 25.37046040194934449, 1.238784680388687276, 6.605596412090582348 ) ) ;
#3022 = CARTESIAN_POINT ( 'NONE',  ( -14.54906590670543665, -16.80868177553425014, 164.0391059121117792 ) ) ;
#3023 = CARTESIAN_POINT ( 'NONE',  ( -1.005602466811959417, -25.38122829501820732, 167.0183200674917146 ) ) ;
#3024 = DIRECTION ( 'NONE',  ( 0.7071067811865389130, 0.7071067811865561215, -0.000000000000000000 ) ) ;
#3025 = DIRECTION ( 'NONE',  ( -0.7071067811865437980, -0.7071067811865512365, -0.000000000000000000 ) ) ;
#3026 = CARTESIAN_POINT ( 'NONE',  ( 22.22999999999999332, -0.1304930629677687470, 167.2699999999998965 ) ) ;
#3027 = ADVANCED_FACE ( 'NONE', ( #3140 ), #2908, .F. ) ;
#3028 = EDGE_LOOP ( 'NONE', ( #2533, #522, #381, #2654, #2980, #1155 ) ) ;
#3029 = CARTESIAN_POINT ( 'NONE',  ( 14.55403449135479477, 16.80351980909196286, 166.4894214614891723 ) ) ;
#3030 = CARTESIAN_POINT ( 'NONE',  ( 1.999905555106552990, -22.13985722130162159, 165.0082365143476579 ) ) ;
#3031 = DIRECTION ( 'NONE',  ( 1.000000000000000000, 0.000000000000000000, 0.000000000000000000 ) ) ;
#3032 = CARTESIAN_POINT ( 'NONE',  ( 17.49985233052397859, -18.41004748600350638, 167.1681439555009376 ) ) ;
#3033 = ORIENTED_EDGE ( 'NONE', *, *, #924, .F. ) ;
#3034 = CARTESIAN_POINT ( 'NONE',  ( -1.982326842775773645, -25.32252713095635954, 4.869368003130620792 ) ) ;
#3035 = CARTESIAN_POINT ( 'NONE',  ( -16.40038363761684437, -15.00706994569140917, 3.264751643742712428 ) ) ;
#3036 = CARTESIAN_POINT ( 'NONE',  ( 16.91004426145225992, -14.43012825457255666, 6.002045766001595339 ) ) ;
#3037 = CARTESIAN_POINT ( 'NONE',  ( 1.003470137828961883, -25.38040183370858216, 167.0049406023874781 ) ) ;
#3038 = CYLINDRICAL_SURFACE ( 'NONE', #1966, 22.22999999999999687 ) ;
#3039 = DIRECTION ( 'NONE',  ( -0.000000000000000000, -0.000000000000000000, -1.000000000000000000 ) ) ;
#3040 = CARTESIAN_POINT ( 'NONE',  ( 16.09247458494710870, -15.33693286994290084, 3.063447878311971628 ) ) ;
#3041 = CARTESIAN_POINT ( 'NONE',  ( 22.17232187129474852, 1.602037180019149742, 3.772186758824978448 ) ) ;
#3042 = CARTESIAN_POINT ( 'NONE',  ( 1.987028711274122506, 25.32217157817412101, 165.0076548258468847 ) ) ;
#3043 = PRODUCT_DEFINITION_SHAPE ( 'NONE', 'NONE',  #459 ) ;
#3044 = VERTEX_POINT ( 'NONE', #922 ) ;
#3045 = CARTESIAN_POINT ( 'NONE',  ( -25.39999999999999858, 2.835349931024282071E-16, 3.000078947856573475 ) ) ;
#3046 = EDGE_CURVE ( 'NONE', #265, #1613, #2923, .T. ) ;
#3047 = CARTESIAN_POINT ( 'NONE',  ( 1.598876040890230055, -22.17319629982116780, 164.0405194380153091 ) ) ;
#3048 =( LENGTH_UNIT ( ) NAMED_UNIT ( * ) SI_UNIT ( .MILLI., .METRE. ) );
#3049 = CARTESIAN_POINT ( 'NONE',  ( 16.80351980909191667, -14.55403449135484983, 166.4894214614891723 ) ) ;
#3050 = VERTEX_POINT ( 'NONE', #2120 ) ;
#3051 = CARTESIAN_POINT ( 'NONE',  ( -1.969053943236713788, -25.32357559176781692, 5.263643860217405823 ) ) ;
#3052 = CARTESIAN_POINT ( 'NONE',  ( -14.82102684205455390, -16.56870257182227490, 3.408309175536493374 ) ) ;
#3053 = B_SPLINE_CURVE_WITH_KNOTS ( 'NONE', 3,
 ( #415, #1957, #2976, #1224, #2500, #954, #3247, #3029, #1699, #1994, #2720, #1448, #3232, #399, #625, #1977, #3300, #3283, #917, #1465, #2992, #2463, #362, #2516, #2194, #1663, #2249, #663, #1409, #2445 ),
 .UNSPECIFIED., .F., .F.,
 ( 4, 2, 2, 2, 2, 2, 2, 2, 2, 2, 2, 2, 2, 2, 4 ),
 ( 0.000000000000000000, 0.0003910044954582681887, 0.0007820089909165363774, 0.001173013486374804458, 0.001564017981833072755, 0.002346026972749667896, 0.003128035963666263471, 0.003519040459124562776, 0.003910044954582862081, 0.004301049450041161820, 0.004692053945499460692, 0.005083058440957760431, 0.005474062936416060170, 0.005865067431874359041, 0.006256071927332658780 ),
 .UNSPECIFIED. ) ;
#3054 = CARTESIAN_POINT ( 'NONE',  ( 16.67775472707925388, 19.15770833349764146, 6.002000438204128763 ) ) ;
#3055 = PRODUCT_DEFINITION_CONTEXT ( 'detailed design', #1946, 'design' ) ;
#3056 = AXIS2_PLACEMENT_3D ( 'NONE', #1114, #1622, #2220 ) ;
#3057 = CARTESIAN_POINT ( 'NONE',  ( 1.987028711274122506, -25.32217157817412101, 165.5323451741531358 ) ) ;
#3058 = CARTESIAN_POINT ( 'NONE',  ( -25.35548423367331949, -1.505975246845550286, 166.5925193694843642 ) ) ;
#3059 = CARTESIAN_POINT ( 'NONE',  ( -1.965096868927025842, 25.32406763723513166, 4.474833093084141566 ) ) ;
#3060 = CARTESIAN_POINT ( 'NONE',  ( -19.30738406092768500, -16.50408800036631263, 4.738949996508848628 ) ) ;
#3061 = CARTESIAN_POINT ( 'NONE',  ( 19.26384183981755527, -16.55496700521512921, 5.644938800957965519 ) ) ;
#3062 = DIRECTION ( 'NONE',  ( -1.000000000000000000, -3.491481338843133355E-15, -0.000000000000000000 ) ) ;
#3063 = EDGE_LOOP ( 'NONE', ( #1533, #599 ) ) ;
#3064 = CARTESIAN_POINT ( 'NONE',  ( -17.77542467621715971, -18.14416216198546294, 163.2827918071291435 ) ) ;
#3065 = CARTESIAN_POINT ( 'NONE',  ( 14.30071607306906500, -6.054928642124917104, -156.0000000000000000 ) ) ;
#3066 = CARTESIAN_POINT ( 'NONE',  ( 14.44435090484152084, -16.89789632501101835, 166.2735071107175315 ) ) ;
#3067 = B_SPLINE_CURVE_WITH_KNOTS ( 'NONE', 3,
 ( #2712, #370, #1418, #2454, #2204, #653, #3257, #673, #1153, #3179, #1869, #1377, #576, #343 ),
 .UNSPECIFIED., .F., .F.,
 ( 4, 2, 2, 2, 2, 2, 4 ),
 ( 0.000000000000000000, 0.0003932701989124817894, 0.0007865403978249635789, 0.001179810596737445368, 0.001573080795649927158, 0.002359621193474890303, 0.003146161591299853014 ),
 .UNSPECIFIED. ) ;
#3068 = ADVANCED_FACE ( 'NONE', ( #322 ), #603, .F. ) ;
#3069 = VERTEX_POINT ( 'NONE', #1684 ) ;
#3070 = CARTESIAN_POINT ( 'NONE',  ( 1.490049532927012699, 22.18020294071654064, 3.679425700951083122 ) ) ;
#3071 = LINE ( 'NONE', #720, #2856 ) ;
#3072 = CARTESIAN_POINT ( 'NONE',  ( 25.38480725391587711, 0.8867022675005734600, 163.4725172649881415 ) ) ;
#3073 = COLOUR_RGB ( '',0.7921568627450980005, 0.8196078431372548767, 0.9333333333333333481 ) ;
#3074 = CARTESIAN_POINT ( 'NONE',  ( 16.85066538008334547, 19.00588361083955746, 6.322261358146342047 ) ) ;
#3075 = LINE ( 'NONE', #2804, #3156 ) ;
#3076 = CARTESIAN_POINT ( 'NONE',  ( 17.09023187525575338, -18.79084364926260875, 3.410033598784843800 ) ) ;
#3077 = CARTESIAN_POINT ( 'NONE',  ( -25.39999999999999858, -3.393403512943965433E-23, 167.2700000000000102 ) ) ;
#3078 = CARTESIAN_POINT ( 'NONE',  ( -19.31896153602525601, 16.49053441127899333, 165.2700000000000102 ) ) ;
#3079 = CARTESIAN_POINT ( 'NONE',  ( -15.53261990999498465, 15.90368135828925489, 167.2570245213942997 ) ) ;
#3080 = CARTESIAN_POINT ( 'NONE',  ( -15.53178905567674306, 15.90448908744814283, 163.2831589775249199 ) ) ;
#3081 = ORIENTED_EDGE ( 'NONE', *, *, #1857, .T. ) ;
#3082 = DIRECTION ( 'NONE',  ( 0.7071067811865415775, 0.7071067811865536790, 0.000000000000000000 ) ) ;
#3083 = CARTESIAN_POINT ( 'NONE',  ( 17.06945070525900476, 14.24102358051319150, 165.2700000000000102 ) ) ;
#3084 = ORIENTED_EDGE ( 'NONE', *, *, #1115, .T. ) ;
#3085 = CARTESIAN_POINT ( 'NONE',  ( -25.39504224004319966, 0.5178731757788989087, 163.3338148179368545 ) ) ;
#3086 = CARTESIAN_POINT ( 'NONE',  ( -1.489667793509544591, -25.35644693831596896, 3.679156225589582441 ) ) ;
#3087 = CARTESIAN_POINT ( 'NONE',  ( -16.54597726124700330, -14.84639015088093927, 6.590487313514879375 ) ) ;
#3088 = CARTESIAN_POINT ( 'NONE',  ( 16.48688722102334481, 19.32209098304723938, 5.262179769990370737 ) ) ;
#3089 = EDGE_CURVE ( 'NONE', #3321, #2827, #1961, .T. ) ;
#3090 = DIRECTION ( 'NONE',  ( 1.000000000000000000, 0.000000000000000000, 0.000000000000000000 ) ) ;
#3091 = CARTESIAN_POINT ( 'NONE',  ( 16.50408800036637302, -19.30738406092763526, 4.738949996508852180 ) ) ;
#3092 = CARTESIAN_POINT ( 'NONE',  ( 25.39999999999999858, 3.110602869835007350E-15, 163.2700000000000102 ) ) ;
#3093 = AXIS2_PLACEMENT_3D ( 'NONE', #2956, #1693, #341 ) ;
#3094 = CARTESIAN_POINT ( 'NONE',  ( -2.017662573619263267, 25.31973613114221067, 4.738022989333595447 ) ) ;
#3095 = CARTESIAN_POINT ( 'NONE',  ( -14.31960049755152475, 17.00366070480438907, 165.9142852667266652 ) ) ;
#3096 = DIRECTION ( 'NONE',  ( -0.7071067811865467956, -0.7071067811865484609, 0.000000000000000000 ) ) ;
#3097 = ORIENTED_EDGE ( 'NONE', *, *, #270, .F. ) ;
#3098 = DIRECTION ( 'NONE',  ( 0.7071067811865536790, -0.7071067811865414665, -0.000000000000000000 ) ) ;
#3099 = CARTESIAN_POINT ( 'NONE',  ( -17.51082689391821745, 18.39960830856924545, 3.102755119489145397 ) ) ;
#3100 = VERTEX_POINT ( 'NONE', #2049 ) ;
#3101 = CARTESIAN_POINT ( 'NONE',  ( -25.39897012976854995, 0.2620674472249168163, 163.2829604084122650 ) ) ;
#3102 = FACE_OUTER_BOUND ( 'NONE', #2420, .T. ) ;
#3103 = CARTESIAN_POINT ( 'NONE',  ( -14.54055810013586125, -16.81518267828990432, 6.219413686944418096 ) ) ;
#3104 = CARTESIAN_POINT ( 'NONE',  ( 16.53063125304472081, -19.28492180538190937, 164.7457853494103119 ) ) ;
#3105 = DIRECTION ( 'NONE',  ( 0.7071067811865536790, -0.7071067811865414665, -0.000000000000000000 ) ) ;
#3106 = CARTESIAN_POINT ( 'NONE',  ( 17.87868017259415510, -18.04245617841701232, 3.000103320941792440 ) ) ;
#3107 = CIRCLE ( 'NONE', #2447, 25.39999999999999858 ) ;
#3108 = EDGE_CURVE ( 'NONE', #2623, #2123, #2017, .T. ) ;
#3109 = CARTESIAN_POINT ( 'NONE',  ( -22.22111889379384664, 0.6397086476122436638, 6.893337642794658215 ) ) ;
#3110 = FACE_BOUND ( 'NONE', #795, .T. ) ;
#3111 = CARTESIAN_POINT ( 'NONE',  ( -18.13362868665390693, -17.78617029123954296, 3.013148648913406280 ) ) ;
#3112 = CARTESIAN_POINT ( 'NONE',  ( -14.28156611463967707, 17.03583769239102352, 164.7457336411871722 ) ) ;
#3113 = ORIENTED_EDGE ( 'NONE', *, *, #2343, .T. ) ;
#3114 = CARTESIAN_POINT ( 'NONE',  ( -19.31896153602512811, -16.49053441127914255, 165.0089496864711407 ) ) ;
#3115 = CARTESIAN_POINT ( 'NONE',  ( -16.47697194869851245, -19.33053013762950201, 5.000000000000001776 ) ) ;
#3116 = ORIENTED_EDGE ( 'NONE', *, *, #2591, .F. ) ;
#3117 = LINE ( 'NONE', #2847, #2022 ) ;
#3118 = CARTESIAN_POINT ( 'NONE',  ( -1.814483874553462828, 22.15588165328212611, 4.111753764144758350 ) ) ;
#3119 = CYLINDRICAL_SURFACE ( 'NONE', #1750, 2.000000000000000000 ) ;
#3120 = CARTESIAN_POINT ( 'NONE',  ( -22.22999999999999687, 2.866971112438768931E-16, 3.000078947856573475 ) ) ;
#3121 = CARTESIAN_POINT ( 'NONE',  ( -25.39999999999999858, 0.000000000000000000, 170.2700000000000102 ) ) ;
#3122 = CARTESIAN_POINT ( 'NONE',  ( 16.50408800036637658, -19.30738406092763526, 5.000000000000000000 ) ) ;
#3123 = AXIS2_PLACEMENT_3D ( 'NONE', #3, #2057, #3096 ) ;
#3124 = CARTESIAN_POINT ( 'NONE',  ( -22.14261506050284112, 1.969300048102378131, 5.261620134043705654 ) ) ;
#3125 = CARTESIAN_POINT ( 'NONE',  ( 1.219423213067133638, 22.19679592020182923, 166.8606249985259353 ) ) ;
#3126 = CARTESIAN_POINT ( 'NONE',  ( -14.24102358051301209, 17.06945070525915398, 165.2700000000000102 ) ) ;
#3127 = CARTESIAN_POINT ( 'NONE',  ( 14.24102358051313288, -17.06945070525905095, 165.0089349463962947 ) ) ;
#3128 = VERTEX_POINT ( 'NONE', #2035 ) ;
#3129 = DIRECTION ( 'NONE',  ( 0.7071067811865536790, -0.7071067811865414665, -0.000000000000000000 ) ) ;
#3130 = EDGE_CURVE ( 'NONE', #504, #2910, #952, .T. ) ;
#3131 = CARTESIAN_POINT ( 'NONE',  ( 15.08041628215923602, 16.33305380604747370, 163.4720435461168790 ) ) ;
#3132 = ORIENTED_EDGE ( 'NONE', *, *, #904, .F. ) ;
#3133 = CARTESIAN_POINT ( 'NONE',  ( -17.01498651365253778, 14.30614110707235298, 5.644999411710081461 ) ) ;
#3134 = UNCERTAINTY_MEASURE_WITH_UNIT (LENGTH_MEASURE( 1.000000000000000082E-05 ), #3048, 'distance_accuracy_value', 'NONE');
#3135 = DIRECTION ( 'NONE',  ( 0.000000000000000000, 0.000000000000000000, 1.000000000000000000 ) ) ;
#3136 = CARTESIAN_POINT ( 'NONE',  ( 16.56847853100308754, 19.25222205188890356, 165.9149395483285616 ) ) ;
#3137 = CARTESIAN_POINT ( 'NONE',  ( 1.213314163863387973, 25.37167543979663975, 3.402369563373885963 ) ) ;
#3138 = DIRECTION ( 'NONE',  ( -0.000000000000000000, -0.000000000000000000, -1.000000000000000000 ) ) ;
#3139 = CARTESIAN_POINT ( 'NONE',  ( -17.32342352273978392, 18.57615884618872570, 167.0679169032594018 ) ) ;
#3140 = FACE_OUTER_BOUND ( 'NONE', #2780, .T. ) ;
#3141 = CARTESIAN_POINT ( 'NONE',  ( -15.07858479958558640, 16.33474313038320602, 163.4732824454608249 ) ) ;
#3142 = ORIENTED_EDGE ( 'NONE', *, *, #3377, .T. ) ;
#3143 = CARTESIAN_POINT ( 'NONE',  ( -25.39211984252340315, 0.6441434495123324888, 167.1679595436486352 ) ) ;
#3144 = CARTESIAN_POINT ( 'NONE',  ( -16.50408800036623802, 19.30738406092774895, 5.000000000000000000 ) ) ;
#3145 = ORIENTED_EDGE ( 'NONE', *, *, #416, .T. ) ;
#3146 = EDGE_CURVE ( 'NONE', #3269, #307, #3071, .T. ) ;
#3147 = CARTESIAN_POINT ( 'NONE',  ( -1.248663265960771929, 22.19567186801072012, 6.597790043846919694 ) ) ;
#3148 = CARTESIAN_POINT ( 'NONE',  ( -14.23734172960524624, -17.07254088107273660, 5.262210096474157162 ) ) ;
#3149 = VERTEX_POINT ( 'NONE', #1981 ) ;
#3150 = CARTESIAN_POINT ( 'NONE',  ( 25.36634497621232498, -1.310383732851625460, 6.501078005530286141 ) ) ;
#3151 = CARTESIAN_POINT ( 'NONE',  ( -22.14144678196120708, 1.982229654096543170, 5.000000000000000000 ) ) ;
#3152 = CARTESIAN_POINT ( 'NONE',  ( -25.37137641464726201, 1.210283616776239635, 6.583874012550371191 ) ) ;
#3153 = VECTOR ( 'NONE', #1476, 1000.000000000000000 ) ;
#3154 = CARTESIAN_POINT ( 'NONE',  ( -16.49053441127892583, -19.31896153602531285, 165.2700000000000102 ) ) ;
#3155 = DIRECTION ( 'NONE',  ( 1.000000000000000000, 0.000000000000000000, 0.000000000000000000 ) ) ;
#3156 = VECTOR ( 'NONE', #1510, 1000.000000000000000 ) ;
#3157 = EDGE_LOOP ( 'NONE', ( #1882, #2047, #2371, #641 ) ) ;
#3158 = CARTESIAN_POINT ( 'NONE',  ( 19.31896153602502508, 16.49053441127926689, 165.2700000000000102 ) ) ;
#3159 = AXIS2_PLACEMENT_3D ( 'NONE', #889, #1927, #335 ) ;
#3160 = CARTESIAN_POINT ( 'NONE',  ( -22.22883904248174147, 0.2602964283705276882, 3.015181721862726594 ) ) ;
#3161 = B_SPLINE_CURVE_WITH_KNOTS ( 'NONE', 3,
 ( #2216, #1772, #2744, #167, #2814, #734, #990, #3049, #150, #1226, #3250, #1701, #1467, #2994, #1244, #919, #201, #2502, #938, #402, #2032, #2797, #2519, #3066, #2015, #717, #973, #957, #474, #2537 ),
 .UNSPECIFIED., .F., .F.,
 ( 4, 2, 2, 2, 2, 2, 2, 2, 2, 2, 2, 2, 2, 2, 4 ),
 ( 0.000000000000000000, 0.0003910044954582684597, 0.0007820089909165369195, 0.001173013486374805325, 0.001564017981833073839, 0.002346026972749671799, 0.003128035963666270410, 0.003519040459124569715, 0.003910044954582869020, 0.004301049450041167892, 0.004692053945499465896, 0.005083058440957764768, 0.005474062936416064507, 0.005865067431874363378, 0.006256071927332663117 ),
 .UNSPECIFIED. ) ;
#3162 = EDGE_LOOP ( 'NONE', ( #595, #2028, #2352, #419 ) ) ;
#3163 =( LENGTH_UNIT ( ) NAMED_UNIT ( * ) SI_UNIT ( .MILLI., .METRE. ) );
#3164 = FACE_OUTER_BOUND ( 'NONE', #800, .T. ) ;
#3165 = CARTESIAN_POINT ( 'NONE',  ( 14.60454047925884424, 16.75973862640326217, 6.322275670689101901 ) ) ;
#3166 = ADVANCED_FACE ( 'NONE', ( #3343 ), #460, .F. ) ;
#3167 = ORIENTED_EDGE ( 'NONE', *, *, #124, .F. ) ;
#3168 = B_SPLINE_CURVE_WITH_KNOTS ( 'NONE', 3,
 ( #1494, #2263, #2055, #2024, #229, #1273, #1766, #194, #1544, #2317, #3350, #3059, #3094, #2807, #761, #1236, #2546, #1746, #1514, #2511, #1000, #1798, #468, #1477, #2279, #3295, #211, #1253, #964, #2296 ),
 .UNSPECIFIED., .F., .F.,
 ( 4, 2, 2, 2, 2, 2, 2, 2, 2, 2, 2, 2, 2, 2, 4 ),
 ( 1.753091011110268844E-05, 0.0004085070979888113032, 0.0007994832858665199384, 0.001190459473744228574, 0.001581435661621937317, 0.002363388037377353069, 0.003145340413132768388, 0.003536316601010477782, 0.003927292788888186309, 0.004318268976765896570, 0.004709245164643605965, 0.005100221352521314491, 0.005491197540399023885, 0.005882173728276733279, 0.006273149916154442673 ),
 .UNSPECIFIED. ) ;
#3169 = DIRECTION ( 'NONE',  ( -0.000000000000000000, -0.000000000000000000, -1.000000000000000000 ) ) ;
#3170 = ADVANCED_FACE ( 'NONE', ( #2273 ), #1999, .F. ) ;
#3171 = CARTESIAN_POINT ( 'NONE',  ( -22.14705489031262786, 1.918724597888580741, 5.516605437388558464 ) ) ;
#3172 = CARTESIAN_POINT ( 'NONE',  ( -16.56829322544238892, 19.25238145302151338, 165.9142301849564092 ) ) ;
#3173 = CARTESIAN_POINT ( 'NONE',  ( -14.25471913452506634, 17.05801519508658259, 5.000000000000000000 ) ) ;
#3174 = PRODUCT ( 'Montsimtubo', 'Montsimtubo', '', ( #2251 ) ) ;
#3175 = CARTESIAN_POINT ( 'NONE',  ( -14.99214769812603798, -16.41543167264738301, 167.0178562140198437 ) ) ;
#3176 = AXIS2_PLACEMENT_3D ( 'NONE', #1681, #112, #348 ) ;
#3177 = ORIENTED_EDGE ( 'NONE', *, *, #1857, .F. ) ;
#3178 = CARTESIAN_POINT ( 'NONE',  ( -25.37092095753877885, 1.219885387558994116, 166.8602358320277972 ) ) ;
#3179 = CARTESIAN_POINT ( 'NONE',  ( -25.37046040194935159, -1.238784680388590242, 6.605596412090522840 ) ) ;
#3180 = CARTESIAN_POINT ( 'NONE',  ( 0.6449398681690000634, 25.39209978069273532, 167.1676931499044372 ) ) ;
#3181 = ORIENTED_EDGE ( 'NONE', *, *, #1735, .T. ) ;
#3182 = CARTESIAN_POINT ( 'NONE',  ( 1.608237973296104295, -22.17186824344520346, 6.219585149653939382 ) ) ;
#3183 = B_SPLINE_CURVE_WITH_KNOTS ( 'NONE', 3,
 ( #550, #2376, #1591, #1080, #806, #28, #1843, #2629, #1334, #287, #694, #2530, #178, #1219 ),
 .UNSPECIFIED., .F., .F.,
 ( 4, 2, 2, 2, 2, 2, 4 ),
 ( 0.000000000000000000, 0.0003910946541693085458, 0.0007821893083386170916, 0.001173283962507925583, 0.001564378616677234183, 0.002346567925015792186, 0.003128757233354350839 ),
 .UNSPECIFIED. ) ;
#3184 = CARTESIAN_POINT ( 'NONE',  ( -1.507354492417227076, -22.17902858815221379, 163.9490569817291998 ) ) ;
#3185 = CARTESIAN_POINT ( 'NONE',  ( 16.79149372824164033, 14.56790689513862347, 6.220083478027107482 ) ) ;
#3186 = VERTEX_POINT ( 'NONE', #2817 ) ;
#3187 = CARTESIAN_POINT ( 'NONE',  ( 25.32253473881358374, -1.982229654096355986, 4.740286767479574337 ) ) ;
#3188 = CARTESIAN_POINT ( 'NONE',  ( 25.35548423367330528, 1.505975246845678850, 166.5925193694844211 ) ) ;
#3189 = EDGE_CURVE ( 'NONE', #605, #2248, #3288, .T. ) ;
#3190 = CARTESIAN_POINT ( 'NONE',  ( -2.000104556571113967, 25.32112915677177511, 165.4004273789092281 ) ) ;
#3191 = CARTESIAN_POINT ( 'NONE',  ( 6.304475260620618477E-15, 25.39999999999999858, 167.2700000000000102 ) ) ;
#3192 = DIRECTION ( 'NONE',  ( 1.000000000000000000, 1.047444401652940007E-14, -0.000000000000000000 ) ) ;
#3193 = ORIENTED_EDGE ( 'NONE', *, *, #2212, .T. ) ;
#3194 = DIRECTION ( 'NONE',  ( -0.000000000000000000, -1.000000000000000000, -0.000000000000000000 ) ) ;
#3195 = CARTESIAN_POINT ( 'NONE',  ( -25.40000000000000924, -0.2650399885007926337, 2.997723928757763723 ) ) ;
#3196 = CARTESIAN_POINT ( 'NONE',  ( 0.8871410647271257277, 25.38479189273540371, 167.0672666624691090 ) ) ;
#3197 = ORIENTED_EDGE ( 'NONE', *, *, #416, .F. ) ;
#3198 = CARTESIAN_POINT ( 'NONE',  ( 0.01777034590337931569, -22.22999289731794548, 3.000000000000000000 ) ) ;
#3199 = CARTESIAN_POINT ( 'NONE',  ( 22.22999999999999687, 2.722389834504808026E-15, 163.2700000000000102 ) ) ;
#3200 = CARTESIAN_POINT ( 'NONE',  ( 17.04959840791294567, 14.26480822660842840, 5.263179677771974596 ) ) ;
#3201 = VERTEX_POINT ( 'NONE', #1761 ) ;
#3202 = PRODUCT ( 'Tubo', 'Tubo', '', ( #2518 ) ) ;
#3203 = CYLINDRICAL_SURFACE ( 'NONE', #2896, 2.000000000000001776 ) ;
#3204 = B_SPLINE_CURVE_WITH_KNOTS ( 'NONE', 3,
 ( #3083, #2829, #1565, #2863, #2322, #2897, #2605, #488, #1535, #1263, #280, #766, #1055, #6, #1551, #2573, #814, #3131, #540, #2845, #2622, #2354, #264, #1803, #219, #799 ),
 .UNSPECIFIED., .F., .F.,
 ( 4, 2, 2, 2, 2, 2, 2, 2, 2, 2, 2, 2, 4 ),
 ( 0.006256071927332658780, 0.007037898791771953454, 0.007819725656211248127, 0.008210639088430895030, 0.008601552520650541933, 0.008992465952870190571, 0.009383379385089837474, 0.009774292817309484377, 0.01016520624952913301, 0.01055611968174877818, 0.01094703311396842682, 0.01172885997840766165, 0.01251068684284689474 ),
 .UNSPECIFIED. ) ;
#3205 = CARTESIAN_POINT ( 'NONE',  ( 25.35026030755808790, 1.590471009824776960, 166.4896279472328047 ) ) ;
#3206 = CARTESIAN_POINT ( 'NONE',  ( 1.735257249293665316, 22.16228896946358162, 164.2670755064821719 ) ) ;
#3207 = LINE ( 'NONE', #2139, #2467 ) ;
#3208 = EDGE_CURVE ( 'NONE', #3044, #3186, #2005, .T. ) ;
#3209 = CARTESIAN_POINT ( 'NONE',  ( -15.90448908744808065, -15.53178905567679635, 163.2831589775248915 ) ) ;
#3210 = CARTESIAN_POINT ( 'NONE',  ( 14.22731785858781883, 17.08087604751900557, 4.735628075149057814 ) ) ;
#3211 = VECTOR ( 'NONE', #119, 1000.000000000000000 ) ;
#3212 = CARTESIAN_POINT ( 'NONE',  ( -25.37052247249013703, -1.228256624433754496, 3.402520056261207682 ) ) ;
#3213 = CARTESIAN_POINT ( 'NONE',  ( -22.20800795572736419, 0.9944471822532373606, 3.270163144051532633 ) ) ;
#3214 = AXIS2_PLACEMENT_3D ( 'NONE', #1679, #377, #2268 ) ;
#3215 = ORIENTED_EDGE ( 'NONE', *, *, #82, .T. ) ;
#3216 = AXIS2_PLACEMENT_3D ( 'NONE', #2553, #1835, #2307 ) ;
#3217 = DIRECTION ( 'NONE',  ( 1.000000000000000000, 1.047444401652940007E-14, -0.000000000000000000 ) ) ;
#3218 = FACE_OUTER_BOUND ( 'NONE', #1394, .T. ) ;
#3219 = CARTESIAN_POINT ( 'NONE',  ( 14.43012825457250514, 16.91004426145230255, 6.002045766001596228 ) ) ;
#3220 = VERTEX_POINT ( 'NONE', #769 ) ;
#3221 = CARTESIAN_POINT ( 'NONE',  ( 25.32113741521105510, -1.999999999999738431, 165.4005253663895587 ) ) ;
#3222 = CARTESIAN_POINT ( 'NONE',  ( 25.40100000000009572, -2.017770345903290519, 5.000000000000000000 ) ) ;
#3223 = DIRECTION ( 'NONE',  ( -0.7071067811865487940, 0.7071067811865463515, -0.000000000000000000 ) ) ;
#3224 = CARTESIAN_POINT ( 'NONE',  ( -1.999894173717926327, 25.32114577393888766, 165.1363855085899388 ) ) ;
#3225 = B_SPLINE_CURVE_WITH_KNOTS ( 'NONE', 3,
 ( #1517, #2810, #214, #1257, #2300, #1347, #2900, #347, #77, #95, #1365, #2915, #2163, #1922, #1410, #1646, #2195, #57, #3234, #852, #1854, #562, #2387, #40, #1092, #2130 ),
 .UNSPECIFIED., .F., .F.,
 ( 4, 2, 2, 2, 2, 2, 2, 2, 2, 2, 2, 2, 4 ),
 ( 0.006255331755567105669, 0.007037067649956451655, 0.007818803544345798509, 0.008209671491540471502, 0.008600539438735142761, 0.008991407385929815754, 0.009382275333124488748, 0.009773143280319161741, 0.01016401122751383300, 0.01055487917470850426, 0.01094574712190317725, 0.01172748301629253365, 0.01250921891068189004 ),
 .UNSPECIFIED. ) ;
#3226 = CARTESIAN_POINT ( 'NONE',  ( -15.90368135828919982, -15.53261990999504683, 167.2570245213942997 ) ) ;
#3227 = CARTESIAN_POINT ( 'NONE',  ( -22.13984868963653696, 1.999999999999924061, 165.0088062386421370 ) ) ;
#3228 = CARTESIAN_POINT ( 'NONE',  ( 19.31896153602536970, -16.49053441127886188, 165.2700000000000102 ) ) ;
#3229 = LINE ( 'NONE', #1615, #2448 ) ;
#3230 = CARTESIAN_POINT ( 'NONE',  ( -22.14144678196119642, 1.982229654096544058, 4.740275155403679719 ) ) ;
#3231 = ORIENTED_EDGE ( 'NONE', *, *, #3002, .T. ) ;
#3232 = CARTESIAN_POINT ( 'NONE',  ( 15.53388303287044181, 15.90407244695839495, 167.2699055939385460 ) ) ;
#3233 = ADVANCED_FACE ( 'NONE', ( #817 ), #1874, .F. ) ;
#3234 = CARTESIAN_POINT ( 'NONE',  ( 17.22612267385041562, 18.66634754056929069, 3.263390775032965152 ) ) ;
#3235 = CARTESIAN_POINT ( 'NONE',  ( 22.13944447981193875, 2.004635941370477958, 5.263748726309588122 ) ) ;
#3236 = ORIENTED_EDGE ( 'NONE', *, *, #863, .T. ) ;
#3237 = CARTESIAN_POINT ( 'NONE',  ( 25.38482180527723742, -0.8862803139760064841, 167.0676869632766000 ) ) ;
#3238 = CARTESIAN_POINT ( 'NONE',  ( 14.45789736509236079, -16.88630737347455835, 6.003512773590659712 ) ) ;
#3239 = CARTESIAN_POINT ( 'NONE',  ( -22.13823621771148709, -2.017770345903456164, 4.734271288470464967 ) ) ;
#3240 = CARTESIAN_POINT ( 'NONE',  ( 1.999905555106553434, 22.13985722130162870, 165.5317634856524194 ) ) ;
#3241 = CARTESIAN_POINT ( 'NONE',  ( 17.05801519508643338, 14.25471913452524575, 5.000000000000000000 ) ) ;
#3242 = CARTESIAN_POINT ( 'NONE',  ( 2.449293493349823060E-16, -25.39999999999999858, 167.2700000000000102 ) ) ;
#3243 = CARTESIAN_POINT ( 'NONE',  ( -18.82125736315006748, 17.05738589559798868, 6.598885229220391224 ) ) ;
#3244 = CARTESIAN_POINT ( 'NONE',  ( -25.31972754259398783, -2.017770345903467710, 5.000000000000000000 ) ) ;
#3245 = CARTESIAN_POINT ( 'NONE',  ( 1.507832074600953032, 25.35537780858038559, 163.9494404237543392 ) ) ;
#3246 = ORIENTED_EDGE ( 'NONE', *, *, #330, .T. ) ;
#3247 = CARTESIAN_POINT ( 'NONE',  ( 14.44368509488459118, 16.89846616796624446, 166.2720507670362622 ) ) ;
#3248 = CARTESIAN_POINT ( 'NONE',  ( 19.30738406092757486, 16.50408800036644053, 5.000000000000000000 ) ) ;
#3249 = CARTESIAN_POINT ( 'NONE',  ( 22.13984868963649433, 2.000000000000233147, 165.2700000000000102 ) ) ;
#3250 = CARTESIAN_POINT ( 'NONE',  ( 16.41543167264743630, -14.99214769812597758, 167.0178562140198153 ) ) ;
#3251 = ADVANCED_FACE ( 'NONE', ( #1300 ), #299, .F. ) ;
#3252 = EDGE_LOOP ( 'NONE', ( #1547, #1486 ) ) ;
#3253 = DIRECTION ( 'NONE',  ( 1.000000000000000000, 1.047444401652940007E-14, -0.000000000000000000 ) ) ;
#3254 = CARTESIAN_POINT ( 'NONE',  ( 25.38075727553590610, -0.9943852406680386835, 3.270124497755185988 ) ) ;
#3255 = CARTESIAN_POINT ( 'NONE',  ( 14.77089004641127445, -16.61332187935472859, 6.507827012644761489 ) ) ;
#3256 = CARTESIAN_POINT ( 'NONE',  ( 0.000000000000000000, 0.000000000000000000, 170.2700000000000102 ) ) ;
#3257 = CARTESIAN_POINT ( 'NONE',  ( -25.33971173597332083, -1.750549104182290705, 6.007359077117237156 ) ) ;
#3258 = PRESENTATION_STYLE_ASSIGNMENT (( #1492 ) ) ;
#3259 = CARTESIAN_POINT ( 'NONE',  ( -22.21261677422828384, 0.8872610178384929824, 163.4727944250478515 ) ) ;
#3260 = CARTESIAN_POINT ( 'NONE',  ( -1.591746071953671127, -25.35017976917839633, 164.0520501222486018 ) ) ;
#3261 = CARTESIAN_POINT ( 'NONE',  ( -17.88139530757601392, 18.03975423701182379, 7.000049194915557216 ) ) ;
#3262 = CARTESIAN_POINT ( 'NONE',  ( 19.06187005837583470, -16.78720945260332797, 6.219381054409192089 ) ) ;
#3263 = CARTESIAN_POINT ( 'NONE',  ( 22.20761036480811512, -1.003342850151786703, 167.0050130852920915 ) ) ;
#3264 = EDGE_LOOP ( 'NONE', ( #2878, #1398 ) ) ;
#3265 = CARTESIAN_POINT ( 'NONE',  ( 25.33997315533036243, -1.748072836562084120, 164.2639340530886045 ) ) ;
#3266 = CARTESIAN_POINT ( 'NONE',  ( -1.986840982786882925, 22.14104827191502167, 165.0064610911844341 ) ) ;
#3267 =( NAMED_UNIT ( * ) SI_UNIT ( $, .STERADIAN. ) SOLID_ANGLE_UNIT ( ) );
#3268 = CARTESIAN_POINT ( 'NONE',  ( 17.23752921281760209, -18.65581266797284599, 167.0052851097742064 ) ) ;
#3269 = VERTEX_POINT ( 'NONE', #1317 ) ;
#3270 = ADVANCED_FACE ( 'NONE', ( #3102, #2096 ), #802, .F. ) ;
#3271 = CARTESIAN_POINT ( 'NONE',  ( -19.31896153602513166, -16.49053441127913544, 165.4005553413035727 ) ) ;
#3272 = CARTESIAN_POINT ( 'NONE',  ( -14.53558544166803479, -16.82034062312079925, 3.769115008388227217 ) ) ;
#3273 = CARTESIAN_POINT ( 'NONE',  ( 0.1497807093446280879, -25.39990142665309492, 2.999999999999999556 ) ) ;
#3274 = EDGE_CURVE ( 'NONE', #730, #2140, #1720, .T. ) ;
#3275 = DIRECTION ( 'NONE',  ( 0.000000000000000000, 0.000000000000000000, 1.000000000000000000 ) ) ;
#3276 = CARTESIAN_POINT ( 'NONE',  ( 25.32078369134563545, 2.004639338814123928, 5.263717239853628271 ) ) ;
#3277 = CARTESIAN_POINT ( 'NONE',  ( -25.32611253385858774, -1.936149437455654265, 165.7880017147312799 ) ) ;
#3278 = CARTESIAN_POINT ( 'NONE',  ( 15.33693286994284044, 16.09247458494715488, 3.063447878311970740 ) ) ;
#3279 = CARTESIAN_POINT ( 'NONE',  ( 16.34513471146411234, -15.06732135811426510, 3.202059405090967648 ) ) ;
#3280 = CYLINDRICAL_SURFACE ( 'NONE', #2892, 2.000000000000002665 ) ;
#3281 = CARTESIAN_POINT ( 'NONE',  ( 22.13984868963654051, -1.999999999999769296, 165.2700000000000102 ) ) ;
#3282 = ORIENTED_EDGE ( 'NONE', *, *, #2218, .F. ) ;
#3283 = CARTESIAN_POINT ( 'NONE',  ( 16.33314986828357718, 15.08031172833879729, 167.0678819789940803 ) ) ;
#3284 = CARTESIAN_POINT ( 'NONE',  ( 0.2622101417967890313, -22.22882138029716970, 163.2829817759260322 ) ) ;
#3285 = APPLICATION_PROTOCOL_DEFINITION ( 'draft international standard', 'automotive_design', 1998, #2423 ) ;
#3286 = CARTESIAN_POINT ( 'NONE',  ( 18.65882677045932780, -17.23560734267945804, 167.0178831872067349 ) ) ;
#3287 = VERTEX_POINT ( 'NONE', #1076 ) ;
#3288 = LINE ( 'NONE', #1538, #1706 ) ;
#3289 = CARTESIAN_POINT ( 'NONE',  ( -16.61497686530755757, -14.76902040323921739, 3.494506248214810373 ) ) ;
#3290 = CARTESIAN_POINT ( 'NONE',  ( 2.017823977393972790, -25.31972326861348321, 5.129752419285005693 ) ) ;
#3291 = CARTESIAN_POINT ( 'NONE',  ( 1.898144085984435847, -25.32902630873676131, 165.9136047457982386 ) ) ;
#3292 = DIRECTION ( 'NONE',  ( -0.000000000000000000, -0.000000000000000000, -1.000000000000000000 ) ) ;
#3293 = EDGE_CURVE ( 'NONE', #3100, #3201, #1923, .T. ) ;
#3294 = FACE_BOUND ( 'NONE', #510, .T. ) ;
#3295 = CARTESIAN_POINT ( 'NONE',  ( -0.6620671262858349726, 25.39165869843084522, 6.897905537000949217 ) ) ;
#3296 = LINE ( 'NONE', #161, #125 ) ;
#3297 = CARTESIAN_POINT ( 'NONE',  ( 18.15803234189329274, -17.76271335638535120, 6.999901181383830107 ) ) ;
#3298 = CARTESIAN_POINT ( 'NONE',  ( 0.1305553363864150607, 25.40000000000000568, 163.2700000000000387 ) ) ;
#3299 = VERTEX_POINT ( 'NONE', #1093 ) ;
#3300 = CARTESIAN_POINT ( 'NONE',  ( 16.16776225070180928, 15.25749161063069970, 167.1681267064540748 ) ) ;
#3301 = CARTESIAN_POINT ( 'NONE',  ( 0.5179371848084379781, -22.22433340256149492, 163.3338345489459016 ) ) ;
#3302 = SHAPE_DEFINITION_REPRESENTATION ( #3043, #1027 ) ;
#3303 = CARTESIAN_POINT ( 'NONE',  ( 19.31051590745771307, -16.50044319149739991, 165.5321797879551582 ) ) ;
#3304 = EDGE_LOOP ( 'NONE', ( #1037, #1344 ) ) ;
#3305 = B_SPLINE_CURVE_WITH_KNOTS ( 'NONE', 3,
 ( #3199, #2932, #2215, #2722, #2196, #1396, #597, #1141, #1431, #2674, #2705, #2180, #2656, #3249 ),
 .UNSPECIFIED., .F., .F.,
 ( 4, 2, 2, 2, 2, 2, 4 ),
 ( 0.009384921179803825536, 0.009775641887684212439, 0.01016636259556459934, 0.01055708330344498451, 0.01094780401132537141, 0.01172924542708614348, 0.01251068684284691729 ),
 .UNSPECIFIED. ) ;
#3306 = CARTESIAN_POINT ( 'NONE',  ( -1.780285537901772575, -25.33758285148254430, 4.114469879707884026 ) ) ;
#3307 = DIRECTION ( 'NONE',  ( -0.000000000000000000, -1.000000000000000000, -0.000000000000000000 ) ) ;
#3308 = CARTESIAN_POINT ( 'NONE',  ( 18.39777506092277903, 17.51275400632404455, 6.898154422232612326 ) ) ;
#3309 = CARTESIAN_POINT ( 'NONE',  ( 0.000000000000000000, 0.000000000000000000, 0.000000000000000000 ) ) ;
#3310 = DIRECTION ( 'NONE',  ( -0.000000000000000000, -0.000000000000000000, -1.000000000000000000 ) ) ;
#3311 = CARTESIAN_POINT ( 'NONE',  ( -18.14416216198541321, 17.77542467621723432, 163.2827918071292004 ) ) ;
#3312 = CARTESIAN_POINT ( 'NONE',  ( 14.25471913452518180, -17.05801519508648667, 4.738935341993333772 ) ) ;
#3313 = ADVANCED_FACE ( 'NONE', ( #3164 ), #834, .F. ) ;
#3314 = CARTESIAN_POINT ( 'NONE',  ( 18.82125736315017406, -17.05738589559785368, 6.598885229220389448 ) ) ;
#3315 = CARTESIAN_POINT ( 'NONE',  ( 22.23000000000000043, -0.1321527358519837547, 163.2700000000000955 ) ) ;
#3316 = ORIENTED_EDGE ( 'NONE', *, *, #1048, .T. ) ;
#3317 = CARTESIAN_POINT ( 'NONE',  ( -16.68285785202897742, -19.15338867070759576, 164.2619903842075644 ) ) ;
#3318 = CARTESIAN_POINT ( 'NONE',  ( -16.64444346626306270, 19.18658473296537181, 166.1565417237716531 ) ) ;
#3319 = CARTESIAN_POINT ( 'NONE',  ( 0.000000000000000000, 0.000000000000000000, 0.000000000000000000 ) ) ;
#3320 = CARTESIAN_POINT ( 'NONE',  ( 22.23000000000000398, 0.2627193652830466242, 7.002255451289663313 ) ) ;
#3321 = VERTEX_POINT ( 'NONE', #2405 ) ;
#3322 = CARTESIAN_POINT ( 'NONE',  ( -15.63987392943285570, 15.79823658003995313, 7.000050145986590699 ) ) ;
#3323 = CARTESIAN_POINT ( 'NONE',  ( -19.04973302493734977, -16.80098028038195324, 166.4900519313078462 ) ) ;
#3324 = CARTESIAN_POINT ( 'NONE',  ( -16.79808598675038311, -14.56129413224482683, 3.771246500143824232 ) ) ;
#3325 = CARTESIAN_POINT ( 'NONE',  ( 18.03975423701164615, 17.88139530757621642, 7.000049194915558104 ) ) ;
#3326 = CIRCLE ( 'NONE', #1690, 25.39999999999999858 ) ;
#3327 = PRODUCT_DEFINITION_CONTEXT ( 'detailed design', #509, 'design' ) ;
#3328 = CARTESIAN_POINT ( 'NONE',  ( 1.219388019163518022, -25.37094655941732668, 163.6793476089004855 ) ) ;
#3329 = CARTESIAN_POINT ( 'NONE',  ( 25.33528959235214728, 1.812639706458933686, 4.108047369533227133 ) ) ;
#3330 = CARTESIAN_POINT ( 'NONE',  ( -14.75729489214652901, -16.62539316567985992, 163.7626471984158627 ) ) ;
#3331 = CARTESIAN_POINT ( 'NONE',  ( -17.07705597050300739, 18.80281867216653424, 163.6800446150158734 ) ) ;
#3332 = CARTESIAN_POINT ( 'NONE',  ( -19.30738406092768855, -16.50408800036631263, 5.000000000000000000 ) ) ;
#3333 = CARTESIAN_POINT ( 'NONE',  ( 14.75569981611696946, -16.62680796672913885, 163.7645193333422640 ) ) ;
#3334 = CARTESIAN_POINT ( 'NONE',  ( -22.22999999999999687, -3.178360030180717615E-23, 167.2700000000000102 ) ) ;
#3335 = ORIENTED_EDGE ( 'NONE', *, *, #1968, .T. ) ;
#3336 = CARTESIAN_POINT ( 'NONE',  ( -25.32673578448260088, 1.930345943255201924, 4.478452660556095921 ) ) ;
#3337 = B_SPLINE_CURVE_WITH_KNOTS ( 'NONE', 3,
 ( #636, #656, #1694, #390, #1442, #2477, #3331, #2529, #2582, #2041, #710, #2790, #177, #1018, #3311, #2824, #483, #726, #448, #500, #1529, #1218, #981, #2564, #744, #3078 ),
 .UNSPECIFIED., .F., .F.,
 ( 4, 2, 2, 2, 2, 2, 2, 2, 2, 2, 2, 2, 4 ),
 ( 0.006255331148979746334, 0.007037066762667520091, 0.007818802376355293848, 0.008209670183199208049, 0.008600537990043122250, 0.008991405796887036450, 0.009382273603730950651, 0.009773141410574864851, 0.01016400921741877905, 0.01055487702426269325, 0.01094574483110660572, 0.01172748044479443238, 0.01250921605848226079 ),
 .UNSPECIFIED. ) ;
#3338 = DIRECTION ( 'NONE',  ( 0.000000000000000000, 0.000000000000000000, 1.000000000000000000 ) ) ;
#3339 = CARTESIAN_POINT ( 'NONE',  ( -16.50408800036624513, 19.30738406092774540, 4.738949996508849516 ) ) ;
#3340 = ORIENTED_EDGE ( 'NONE', *, *, #2755, .T. ) ;
#3341 = EDGE_CURVE ( 'NONE', #815, #452, #128, .T. ) ;
#3342 = CARTESIAN_POINT ( 'NONE',  ( -25.38045935262508124, 1.002064036139086678, 163.5342091282383876 ) ) ;
#3343 = FACE_OUTER_BOUND ( 'NONE', #2746, .T. ) ;
#3344 = CARTESIAN_POINT ( 'NONE',  ( -16.89510323700501360, -14.44778121665273751, 3.994340902199699173 ) ) ;
#3345 = VECTOR ( 'NONE', #2, 1000.000000000000000 ) ;
#3346 = CARTESIAN_POINT ( 'NONE',  ( 0.1482659009934118310, -25.39990248644344106, 6.999999999999999112 ) ) ;
#3347 = DIRECTION ( 'NONE',  ( -1.000000000000000000, -3.491481338843133355E-15, -0.000000000000000000 ) ) ;
#3348 = CARTESIAN_POINT ( 'NONE',  ( 18.88227282679425656, -16.98906470730445406, 3.492631547541297898 ) ) ;
#3349 = CARTESIAN_POINT ( 'NONE',  ( -25.39572758494283278, -0.5244395614093442237, 167.2175283645618151 ) ) ;
#3350 = CARTESIAN_POINT ( 'NONE',  ( -1.765563132996000872, 25.33876070811143677, 3.993470695519528046 ) ) ;
#3351 = CARTESIAN_POINT ( 'NONE',  ( 26.80264803028082810, -23.99935196971917506, 5.000000000000000000 ) ) ;
#3352 = CARTESIAN_POINT ( 'NONE',  ( 25.38843446790773584, -25.41356553209227087, 5.000000000000000000 ) ) ;
#3353 = ORIENTED_EDGE ( 'NONE', *, *, #1987, .T. ) ;
#3354 = CARTESIAN_POINT ( 'NONE',  ( -16.79557975174803275, -19.05525352655484639, 164.0391456347585972 ) ) ;
#3355 = CARTESIAN_POINT ( 'NONE',  ( -18.42209616609191869, 17.48716892349497343, 3.101753553423994170 ) ) ;
#3356 = ORIENTED_EDGE ( 'NONE', *, *, #2862, .T. ) ;
#3357 = CARTESIAN_POINT ( 'NONE',  ( -25.33997315533035177, 1.748072836562228227, 164.2639340530885192 ) ) ;
#3358 = CARTESIAN_POINT ( 'NONE',  ( -1.023426575091709090, 22.20773520495630748, 3.251710555543078751 ) ) ;
#3359 = CARTESIAN_POINT ( 'NONE',  ( -17.01659188369673359, -14.30416583645231476, 5.519598668734329472 ) ) ;
#3360 = ADVANCED_FACE ( 'NONE', ( #3218 ), #1173, .T. ) ;
#3361 = CARTESIAN_POINT ( 'NONE',  ( 17.23746285563059288, -18.65587588238146211, 163.5347366712115331 ) ) ;
#3362 = PRODUCT_DEFINITION_CONTEXT ( 'detailed design', #2423, 'design' ) ;
#3363 = CARTESIAN_POINT ( 'NONE',  ( 1.489667793509544369, 25.35644693831596186, 3.679156225589582441 ) ) ;
#3364 = CARTESIAN_POINT ( 'NONE',  ( 17.33471212533532935, -18.56562414650507264, 3.203243469477059957 ) ) ;
#3365 = CARTESIAN_POINT ( 'NONE',  ( -15.63715448423070420, 15.80094118634698575, 3.000100558140381679 ) ) ;
#3366 = CARTESIAN_POINT ( 'NONE',  ( -15.25749161063053094, 16.16776225070196560, 167.1681267064540464 ) ) ;
#3367 = FACE_OUTER_BOUND ( 'NONE', #2550, .T. ) ;
#3368 = ORIENTED_EDGE ( 'NONE', *, *, #590, .F. ) ;
#3369 = CARTESIAN_POINT ( 'NONE',  ( -18.57777044073257500, -17.32169419485687101, 163.4732552325852453 ) ) ;
#3370 = CARTESIAN_POINT ( 'NONE',  ( -17.33471212533519790, 18.56562414650518633, 3.203243469477062177 ) ) ;
#3371 = B_SPLINE_CURVE_WITH_KNOTS ( 'NONE', 3,
 ( #3144, #3339, #1040, #508, #2060, #2108, #235, #21, #3370, #3099, #1006, #2046, #749, #2877, #2076, #1581, #3355, #1281, #248, #1328, #2369, #1072, #1023, #1297, #1850, #2337 ),
 .UNSPECIFIED., .F., .F.,
 ( 4, 2, 2, 2, 2, 2, 2, 2, 2, 2, 2, 2, 4 ),
 ( 0.006255331755567103066, 0.007037067649956456859, 0.007818803544345810652, 0.008209671491540483645, 0.008600539438735158373, 0.008991407385929831367, 0.009382275333124506095, 0.009773143280319179088, 0.01016401122751385382, 0.01055487917470852854, 0.01094574712190320154, 0.01172748301629255099, 0.01250921891068190045 ),
 .UNSPECIFIED. ) ;
#3372 = ORIENTED_EDGE ( 'NONE', *, *, #2961, .F. ) ;
#3373 = CARTESIAN_POINT ( 'NONE',  ( 0.6265129984011010844, 22.22150024887381292, 3.102082056974438284 ) ) ;
#3374 = CARTESIAN_POINT ( 'NONE',  ( 0.000000000000000000, -25.40099999999999980, 165.2700000000000102 ) ) ;
#3375 = CARTESIAN_POINT ( 'NONE',  ( -15.33133573722283494, -16.09910039873747678, 6.947335196178757499 ) ) ;
#3376 = CARTESIAN_POINT ( 'NONE',  ( 19.03794767853425540, 16.81433360651003994, 6.220059161679150961 ) ) ;
#3377 = EDGE_CURVE ( 'NONE', #1361, #2894, #3305, .T. ) ;
#3378 = NEXT_ASSEMBLY_USAGE_OCCURRENCE ( 'NAUO1', ' ', ' ', #2586, #459, $ ) ;
#3379 = NEXT_ASSEMBLY_USAGE_OCCURRENCE ( 'NAUO2', ' ', ' ', #2586, #1067, $ ) ;
#3380 = NEXT_ASSEMBLY_USAGE_OCCURRENCE ( 'NAUO3', ' ', ' ', #2586, #1067, $ ) ;
#3381 = NEXT_ASSEMBLY_USAGE_OCCURRENCE ( 'NAUO4', ' ', ' ', #2586, #1067, $ ) ;
ENDSEC;
END-ISO-10303-21;
