ISO-10303-21;
HEADER;
FILE_DESCRIPTION (( 'STEP AP214' ),
    '1' );
FILE_NAME ('Nozzle.STEP',
    '2026-07-02T15:08:07',
    ( '' ),
    ( '' ),
    'SwSTEP 2.0',
    'SolidWorks 2023',
    '' );
FILE_SCHEMA (( 'AUTOMOTIVE_DESIGN' ));
ENDSEC;

DATA;
#1 = DIRECTION ( 'NONE',  ( -0.000000000000000000, -0.000000000000000000, 1.000000000000000000 ) ) ;
#2 = PLANE ( 'NONE',  #726 ) ;
#3 = ADVANCED_FACE ( 'NONE', ( #165 ), #57, .T. ) ;
#4 = CARTESIAN_POINT ( 'NONE',  ( 15.87697646299275611, 0.000000000000000000, -48.29205746812344557 ) ) ;
#5 = AXIS2_PLACEMENT_3D ( 'NONE', #438, #1205, #641 ) ;
#6 = DIRECTION ( 'NONE',  ( -1.000000000000000000, 0.000000000000000000, -0.000000000000000000 ) ) ;
#7 = ORIENTED_EDGE ( 'NONE', *, *, #684, .F. ) ;
#8 = CIRCLE ( 'NONE', #842, 18.48859821081602561 ) ;
#9 = DIRECTION ( 'NONE',  ( -1.000000000000000000, -6.938893903907222067E-15, 0.000000000000000000 ) ) ;
#10 = AXIS2_PLACEMENT_3D ( 'NONE', #1097, #1001, #74 ) ;
#11 = CARTESIAN_POINT ( 'NONE',  ( 22.00000000000000000, 0.3304163073963428676, 24.44453818215497520 ) ) ;
#12 = CARTESIAN_POINT ( 'NONE',  ( -2.499999999999849454, -21.85749299439440918, 26.94453818215503205 ) ) ;
#13 = FACE_OUTER_BOUND ( 'NONE', #292, .T. ) ;
#14 = CARTESIAN_POINT ( 'NONE',  ( -16.88560542357291183, 2.067890263364375123E-15, -47.29205746812343847 ) ) ;
#15 = EDGE_CURVE ( 'NONE', #826, #741, #471, .T. ) ;
#16 = EDGE_LOOP ( 'NONE', ( #379, #386 ) ) ;
#17 = DIRECTION ( 'NONE',  ( 1.000000000000000000, 0.000000000000000000, 0.000000000000000000 ) ) ;
#18 = CARTESIAN_POINT ( 'NONE',  ( -0.3280850848412936172, -21.99813839183710940, 24.46077071313652951 ) ) ;
#19 = CARTESIAN_POINT ( 'NONE',  ( 0.000000000000000000, 0.000000000000000000, 36.44453818215503560 ) ) ;
#20 = CARTESIAN_POINT ( 'NONE',  ( 0.000000000000000000, 0.000000000000000000, 41.44453818215502849 ) ) ;
#21 = VERTEX_POINT ( 'NONE', #597 ) ;
#22 = ADVANCED_FACE ( 'NONE', ( #967 ), #1055, .F. ) ;
#23 = CARTESIAN_POINT ( 'NONE',  ( -16.99999999999999645, -1.780655482809997885E-13, 26.94453818215503205 ) ) ;
#24 = FACE_OUTER_BOUND ( 'NONE', #68, .T. ) ;
#25 = CARTESIAN_POINT ( 'NONE',  ( 0.000000000000000000, 0.000000000000000000, 12.72152820831734843 ) ) ;
#26 = DIRECTION ( 'NONE',  ( 0.000000000000000000, 0.000000000000000000, -1.000000000000000000 ) ) ;
#27 = EDGE_LOOP ( 'NONE', ( #1455, #747, #638, #302 ) ) ;
#28 = AXIS2_PLACEMENT_3D ( 'NONE', #1443, #305, #1219 ) ;
#29 = CIRCLE ( 'NONE', #867, 2.500000000000002220 ) ;
#30 = ADVANCED_FACE ( 'NONE', ( #1337 ), #1052, .F. ) ;
#31 = CARTESIAN_POINT ( 'NONE',  ( -22.00000000000000000, 2.694222958124176809E-15, 32.84453818215503418 ) ) ;
#32 = EDGE_CURVE ( 'NONE', #21, #888, #1212, .T. ) ;
#33 = TOROIDAL_SURFACE ( 'NONE', #701, 15.41749661208787536, 5.000000000000000000 ) ;
#34 = CIRCLE ( 'NONE', #559, 1.000000000000000888 ) ;
#35 = CARTESIAN_POINT ( 'NONE',  ( 1.187103655206665341E-13, -16.99999999999999645, 26.94453818215503205 ) ) ;
#36 = CARTESIAN_POINT ( 'NONE',  ( 0.1670972045340107237, 21.99998602974143935, 29.44441524384658848 ) ) ;
#37 = DIRECTION ( 'NONE',  ( 0.000000000000000000, -1.000000000000000000, 0.000000000000000000 ) ) ;
#38 = ORIENTED_EDGE ( 'NONE', *, *, #1198, .F. ) ;
#39 = CARTESIAN_POINT ( 'NONE',  ( -1.253929039201261864, -21.96465694224131227, 29.11348181088400722 ) ) ;
#40 = VERTEX_POINT ( 'NONE', #1118 ) ;
#41 = EDGE_CURVE ( 'NONE', #124, #1162, #219, .T. ) ;
#42 = CARTESIAN_POINT ( 'NONE',  ( 0.000000000000000000, 0.000000000000000000, 36.44453818215503560 ) ) ;
#43 = CARTESIAN_POINT ( 'NONE',  ( -22.00000000000000355, 0.1653457287526647612, 29.44453818215502139 ) ) ;
#44 = EDGE_LOOP ( 'NONE', ( #1264, #587, #187, #1208 ) ) ;
#45 = CARTESIAN_POINT ( 'NONE',  ( 0.000000000000000000, 0.000000000000000000, 12.72152820831734843 ) ) ;
#46 = DIRECTION ( 'NONE',  ( 1.000000000000000000, 6.938893903907222067E-15, 0.000000000000000000 ) ) ;
#47 = ORIENTED_EDGE ( 'NONE', *, *, #862, .F. ) ;
#48 = CARTESIAN_POINT ( 'NONE',  ( -2.420165369323258986, 21.86650002740145737, 26.29695272531544603 ) ) ;
#49 = ADVANCED_FACE ( 'NONE', ( #1315 ), #144, .T. ) ;
#50 = CYLINDRICAL_SURFACE ( 'NONE', #104, 22.00000000000000000 ) ;
#51 = ORIENTED_EDGE ( 'NONE', *, *, #728, .T. ) ;
#52 = ORIENTED_EDGE ( 'NONE', *, *, #266, .T. ) ;
#53 = DIRECTION ( 'NONE',  ( 0.000000000000000000, 0.000000000000000000, -1.000000000000000000 ) ) ;
#54 = CIRCLE ( 'NONE', #600, 12.90200265599948715 ) ;
#55 = DIRECTION ( 'NONE',  ( -0.000000000000000000, -0.000000000000000000, 1.000000000000000000 ) ) ;
#56 = TOROIDAL_SURFACE ( 'NONE', #389, 15.41749661208787536, 5.000000000000000000 ) ;
#57 = PLANE ( 'NONE',  #281 ) ;
#58 = DIRECTION ( 'NONE',  ( -0.000000000000000000, -0.000000000000000000, 1.000000000000000000 ) ) ;
#59 = AXIS2_PLACEMENT_3D ( 'NONE', #1326, #427, #1445 ) ;
#60 = CARTESIAN_POINT ( 'NONE',  ( 15.41749661208787536, 0.000000000000000000, 9.827121527883900143 ) ) ;
#61 = EDGE_LOOP ( 'NONE', ( #1022, #111, #1291, #38 ) ) ;
#62 = B_SPLINE_CURVE_WITH_KNOTS ( 'NONE', 3,
 ( #1062, #500, #390, #830, #1397, #1413, #932, #1163, #278, #1272, #729, #711, #380, #132, #1180, #1298, #510, #155 ),
 .UNSPECIFIED., .F., .F.,
 ( 4, 2, 2, 2, 2, 2, 2, 2, 4 ),
 ( 4.679845606505450362E-19, 0.0004890174909042577928, 0.0009780349818085153687, 0.001467052472712772945, 0.001956069963617030737, 0.002445087454521288096, 0.002934104945425545456, 0.003423122436329802815, 0.003912139927234060607 ),
 .UNSPECIFIED. ) ;
#63 = DIRECTION ( 'NONE',  ( 1.000000000000000000, 0.000000000000000000, 0.000000000000000000 ) ) ;
#64 = CARTESIAN_POINT ( 'NONE',  ( 15.87697646299275611, 0.000000000000000000, -47.29205746812343847 ) ) ;
#65 = ORIENTED_EDGE ( 'NONE', *, *, #890, .T. ) ;
#66 = CARTESIAN_POINT ( 'NONE',  ( -0.1633980867405932236, 22.00001381476455720, 29.44465975211604203 ) ) ;
#67 = DIRECTION ( 'NONE',  ( 0.000000000000000000, 0.000000000000000000, -1.000000000000000000 ) ) ;
#68 = EDGE_LOOP ( 'NONE', ( #1088, #1091 ) ) ;
#69 = ORIENTED_EDGE ( 'NONE', *, *, #1082, .F. ) ;
#70 = EDGE_CURVE ( 'NONE', #1162, #402, #382, .T. ) ;
#71 = CARTESIAN_POINT ( 'NONE',  ( 7.034974387796470552, 1.342243874781398545E-15, 12.20831858373221834 ) ) ;
#72 = DIRECTION ( 'NONE',  ( -0.000000000000000000, -0.000000000000000000, 1.000000000000000000 ) ) ;
#73 = CARTESIAN_POINT ( 'NONE',  ( -21.85749299439436300, -2.500000000000231815, 26.77917500292960185 ) ) ;
#74 = DIRECTION ( 'NONE',  ( -1.000000000000000000, 0.000000000000000000, 0.000000000000000000 ) ) ;
#75 = DIRECTION ( 'NONE',  ( 1.000000000000000000, 0.000000000000000000, 0.000000000000000000 ) ) ;
#76 = VERTEX_POINT ( 'NONE', #752 ) ;
#77 = EDGE_LOOP ( 'NONE', ( #1303, #515 ) ) ;
#78 = CARTESIAN_POINT ( 'NONE',  ( 0.000000000000000000, 0.000000000000000000, 12.33884477595226592 ) ) ;
#79 = AXIS2_PLACEMENT_3D ( 'NONE', #1459, #1, #1375 ) ;
#80 = CARTESIAN_POINT ( 'NONE',  ( -21.94750161524705945, 1.524977932814724380, 24.95684060092508005 ) ) ;
#81 = DIRECTION ( 'NONE',  ( -0.000000000000000000, -0.000000000000000000, 1.000000000000000000 ) ) ;
#82 = AXIS2_PLACEMENT_3D ( 'NONE', #702, #130, #708 ) ;
#83 = AXIS2_PLACEMENT_3D ( 'NONE', #1230, #208, #875 ) ;
#84 = CARTESIAN_POINT ( 'NONE',  ( -18.99999999999999645, 2.326828918379970576E-15, 41.44453818215502849 ) ) ;
#85 = PRODUCT_DEFINITION_SHAPE ( 'NONE', 'NONE',  #300 ) ;
#86 = CIRCLE ( 'NONE', #202, 22.00000000000000000 ) ;
#87 = ORIENTED_EDGE ( 'NONE', *, *, #1328, .T. ) ;
#88 = DIRECTION ( 'NONE',  ( -1.000000000000000000, 0.000000000000000000, 0.000000000000000000 ) ) ;
#89 = CARTESIAN_POINT ( 'NONE',  ( -10.02588688174045473, 1.227817027833688600E-15, 12.47397543367730499 ) ) ;
#90 = DIRECTION ( 'NONE',  ( -0.000000000000000000, -0.000000000000000000, 1.000000000000000000 ) ) ;
#91 = DIRECTION ( 'NONE',  ( -1.000000000000000000, -1.047444401652940007E-14, -0.000000000000000000 ) ) ;
#92 = ADVANCED_FACE ( 'NONE', ( #994 ), #1438, .T. ) ;
#93 = DIRECTION ( 'NONE',  ( -1.000000000000000000, -1.047444401652940007E-14, 0.000000000000000000 ) ) ;
#94 = VERTEX_POINT ( 'NONE', #548 ) ;
#95 = CARTESIAN_POINT ( 'NONE',  ( 0.000000000000000000, 0.000000000000000000, 9.827121527883900143 ) ) ;
#96 = LINE ( 'NONE', #547, #1110 ) ;
#97 = CARTESIAN_POINT ( 'NONE',  ( -21.99099314870467126, 0.6495661569278935454, 24.52487074283369850 ) ) ;
#98 = DIRECTION ( 'NONE',  ( 0.000000000000000000, -1.000000000000000000, 0.000000000000000000 ) ) ;
#99 = FACE_OUTER_BOUND ( 'NONE', #651, .T. ) ;
#100 = ADVANCED_FACE ( 'NONE', ( #426 ), #780, .T. ) ;
#101 = ORIENTED_EDGE ( 'NONE', *, *, #1209, .F. ) ;
#102 = CARTESIAN_POINT ( 'NONE',  ( -21.99103312339716254, -0.6484896613823948330, 24.52450650521365461 ) ) ;
#103 = DIRECTION ( 'NONE',  ( 1.110223024625155594E-14, -1.000000000000000000, 0.000000000000000000 ) ) ;
#104 = AXIS2_PLACEMENT_3D ( 'NONE', #746, #528, #178 ) ;
#105 = AXIS2_PLACEMENT_3D ( 'NONE', #811, #687, #362 ) ;
#106 = ORIENTED_EDGE ( 'NONE', *, *, #1126, .F. ) ;
#107 = AXIS2_PLACEMENT_3D ( 'NONE', #1148, #118, #331 ) ;
#108 = CARTESIAN_POINT ( 'NONE',  ( -21.85749299439436300, -2.500000000000231370, 26.94453818215503205 ) ) ;
#109 = CARTESIAN_POINT ( 'NONE',  ( -2.499999999999849454, -21.85749299439440918, 26.94453818215503205 ) ) ;
#110 = FACE_OUTER_BOUND ( 'NONE', #877, .T. ) ;
#111 = ORIENTED_EDGE ( 'NONE', *, *, #408, .T. ) ;
#112 = ADVANCED_FACE ( 'NONE', ( #879 ), #197, .T. ) ;
#113 = CARTESIAN_POINT ( 'NONE',  ( 21.88510261346587527, 2.246390812901951861, 28.05385874370591992 ) ) ;
#114 = CARTESIAN_POINT ( 'NONE',  ( -2.372333281314589204, -21.87180861275326649, 26.13900585710746327 ) ) ;
#115 = DIRECTION ( 'NONE',  ( 0.000000000000000000, 0.000000000000000000, -1.000000000000000000 ) ) ;
#116 = DIRECTION ( 'NONE',  ( -0.000000000000000000, -0.000000000000000000, 1.000000000000000000 ) ) ;
#117 = ORIENTED_EDGE ( 'NONE', *, *, #1412, .T. ) ;
#118 = DIRECTION ( 'NONE',  ( -0.000000000000000000, -0.000000000000000000, 1.000000000000000000 ) ) ;
#119 = CARTESIAN_POINT ( 'NONE',  ( 21.96462164519252980, 1.254630522329863718, 24.77592492982402916 ) ) ;
#120 = CARTESIAN_POINT ( 'NONE',  ( -2.483638611086326886, -21.85938187921189879, 26.61550108657569425 ) ) ;
#121 = DIRECTION ( 'NONE',  ( 1.000000000000000000, 1.745740669421566678E-14, -0.000000000000000000 ) ) ;
#122 = CIRCLE ( 'NONE', #959, 20.33635727583860131 ) ;
#123 = CARTESIAN_POINT ( 'NONE',  ( -21.99105940352609778, -0.6471801856638818018, 29.36480463410700636 ) ) ;
#124 = VERTEX_POINT ( 'NONE', #108 ) ;
#125 = ADVANCED_BREP_SHAPE_REPRESENTATION ( 'Nozzle', ( #1210, #964 ), #537 ) ;
#126 = CARTESIAN_POINT ( 'NONE',  ( 21.85749299439435589, 2.500000000000383693, 26.94453818215503205 ) ) ;
#127 = FACE_BOUND ( 'NONE', #539, .T. ) ;
#128 = FACE_OUTER_BOUND ( 'NONE', #840, .T. ) ;
#129 = ADVANCED_FACE ( 'NONE', ( #563 ), #815, .T. ) ;
#130 = DIRECTION ( 'NONE',  ( 0.000000000000000000, 0.000000000000000000, -1.000000000000000000 ) ) ;
#131 = ORIENTED_EDGE ( 'NONE', *, *, #249, .F. ) ;
#132 = CARTESIAN_POINT ( 'NONE',  ( 21.87184174458290897, -2.372017290559534253, 26.13827806824019007 ) ) ;
#133 = CARTESIAN_POINT ( 'NONE',  ( 16.99999999999995381, 2.500000000000298872, 26.94453818215503205 ) ) ;
#134 = CARTESIAN_POINT ( 'NONE',  ( -14.88553160161894695, 0.000000000000000000, -47.42258366034350558 ) ) ;
#135 = DIRECTION ( 'NONE',  ( 1.000000000000000000, 0.000000000000000000, 0.000000000000000000 ) ) ;
#136 = ADVANCED_FACE ( 'NONE', ( #912 ), #345, .T. ) ;
#137 = ORIENTED_EDGE ( 'NONE', *, *, #1189, .F. ) ;
#138 = LINE ( 'NONE', #589, #933 ) ;
#139 = CARTESIAN_POINT ( 'NONE',  ( 1.107327015447417518, -21.97263729921869313, 29.19190808251124736 ) ) ;
#140 = EDGE_LOOP ( 'NONE', ( #131, #291, #87, #1467 ) ) ;
#141 = DIRECTION ( 'NONE',  ( -1.804112415015877800E-14, 1.000000000000000000, 0.000000000000000000 ) ) ;
#142 = CARTESIAN_POINT ( 'NONE',  ( -21.98575468647523934, -0.8059275486346973993, 29.31673061592399421 ) ) ;
#143 = ORIENTED_EDGE ( 'NONE', *, *, #1126, .T. ) ;
#144 = TOROIDAL_SURFACE ( 'NONE', #1435, 16.88560542357291183, 1.000000000000000000 ) ;
#145 = EDGE_CURVE ( 'NONE', #272, #1017, #1237, .T. ) ;
#146 = AXIS2_PLACEMENT_3D ( 'NONE', #1016, #1460, #448 ) ;
#147 = CARTESIAN_POINT ( 'NONE',  ( 21.85749299439443760, -2.499999999999620748, 26.94453818215503205 ) ) ;
#148 = CARTESIAN_POINT ( 'NONE',  ( -1.653828630337688788, -21.93805357949027979, 28.82639962197515260 ) ) ;
#149 = AXIS2_PLACEMENT_3D ( 'NONE', #163, #53, #1169 ) ;
#150 = ORIENTED_EDGE ( 'NONE', *, *, #953, .T. ) ;
#151 = CARTESIAN_POINT ( 'NONE',  ( 0.8079234289885290909, 21.98568144303983374, 29.31605572106757052 ) ) ;
#152 = CARTESIAN_POINT ( 'NONE',  ( 18.99999999999999289, 0.000000000000000000, 32.84453818215503418 ) ) ;
#153 = ORIENTED_EDGE ( 'NONE', *, *, #945, .T. ) ;
#154 = ORIENTED_EDGE ( 'NONE', *, *, #239, .F. ) ;
#155 = CARTESIAN_POINT ( 'NONE',  ( 21.85749299439443760, -2.499999999999620748, 26.94453818215503205 ) ) ;
#156 = CARTESIAN_POINT ( 'NONE',  ( 2.168308545511856256, -21.89307838847528842, 28.19970425160103744 ) ) ;
#157 = ADVANCED_FACE ( 'NONE', ( #1355 ), #293, .T. ) ;
#158 = ORIENTED_EDGE ( 'NONE', *, *, #658, .F. ) ;
#159 = CARTESIAN_POINT ( 'NONE',  ( -0.6492391138677976459, 21.99101071270167651, 24.52470955891509519 ) ) ;
#160 = DIRECTION ( 'NONE',  ( 0.000000000000000000, 0.000000000000000000, -1.000000000000000000 ) ) ;
#161 = EDGE_LOOP ( 'NONE', ( #1155, #1211 ) ) ;
#162 = ORIENTED_EDGE ( 'NONE', *, *, #707, .F. ) ;
#163 = CARTESIAN_POINT ( 'NONE',  ( 0.000000000000000000, 0.000000000000000000, -48.29205746812344557 ) ) ;
#164 = CARTESIAN_POINT ( 'NONE',  ( 1.985354681029076307, -21.91042697126141547, 28.47273012067066134 ) ) ;
#165 = FACE_OUTER_BOUND ( 'NONE', #279, .T. ) ;
#166 = DIRECTION ( 'NONE',  ( -1.000000000000000000, -1.047444401652940007E-14, -0.000000000000000000 ) ) ;
#167 = DIRECTION ( 'NONE',  ( 1.000000000000000000, 0.000000000000000000, 0.000000000000000000 ) ) ;
#168 = ORIENTED_EDGE ( 'NONE', *, *, #230, .F. ) ;
#169 = ORIENTED_EDGE ( 'NONE', *, *, #772, .F. ) ;
#170 = CARTESIAN_POINT ( 'NONE',  ( 22.00000000000000000, 2.608802456611147091E-23, 29.44453818215503205 ) ) ;
#171 = CARTESIAN_POINT ( 'NONE',  ( 0.8045422925575943518, -21.98580620995379675, 29.31720678262431434 ) ) ;
#172 = VECTOR ( 'NONE', #936, 1000.000000000000000 ) ;
#173 = VERTEX_POINT ( 'NONE', #336 ) ;
#174 = CARTESIAN_POINT ( 'NONE',  ( -0.1641189310406733215, 21.99999320770543676, 24.44459795435113847 ) ) ;
#175 = PRODUCT ( 'Nozzle', 'Nozzle', '', ( #903 ) ) ;
#176 = MECHANICAL_DESIGN_GEOMETRIC_PRESENTATION_REPRESENTATION (  '', ( #847 ), #1268 ) ;
#177 = CIRCLE ( 'NONE', #1322, 7.102539716658993640 ) ;
#178 = DIRECTION ( 'NONE',  ( 1.000000000000000000, 0.000000000000000000, 0.000000000000000000 ) ) ;
#179 = EDGE_CURVE ( 'NONE', #189, #688, #536, .T. ) ;
#180 = ORIENTED_EDGE ( 'NONE', *, *, #718, .F. ) ;
#181 = ORIENTED_EDGE ( 'NONE', *, *, #665, .F. ) ;
#182 = DIRECTION ( 'NONE',  ( -1.000000000000000000, 0.000000000000000000, 0.000000000000000000 ) ) ;
#183 = CARTESIAN_POINT ( 'NONE',  ( -21.99999999999999645, 2.694222958124176809E-15, 41.44453818215502849 ) ) ;
#184 = CARTESIAN_POINT ( 'NONE',  ( -21.91945101866407697, 1.884504954307457458, 25.29352297343739764 ) ) ;
#185 = CARTESIAN_POINT ( 'NONE',  ( 2.499999999999849454, 21.85749299439441273, 26.78130962641691681 ) ) ;
#186 = CARTESIAN_POINT ( 'NONE',  ( 0.000000000000000000, 0.000000000000000000, 32.84453818215503418 ) ) ;
#187 = ORIENTED_EDGE ( 'NONE', *, *, #1465, .F. ) ;
#188 = AXIS2_PLACEMENT_3D ( 'NONE', #35, #489, #1333 ) ;
#189 = VERTEX_POINT ( 'NONE', #360 ) ;
#190 = DIRECTION ( 'NONE',  ( -0.000000000000000000, -0.000000000000000000, 1.000000000000000000 ) ) ;
#191 = DIRECTION ( 'NONE',  ( 1.000000000000000000, 0.000000000000000000, 0.000000000000000000 ) ) ;
#192 = LINE ( 'NONE', #1119, #1294 ) ;
#193 = CARTESIAN_POINT ( 'NONE',  ( -18.99999999999999289, 2.326828918379970182E-15, 0.000000000000000000 ) ) ;
#194 = ORIENTED_EDGE ( 'NONE', *, *, #398, .T. ) ;
#195 = CARTESIAN_POINT ( 'NONE',  ( 21.91946740734297805, -1.884315126177864119, 28.59576998671932557 ) ) ;
#196 = ADVANCED_FACE ( 'NONE', ( #1019 ), #224, .T. ) ;
#197 = CONICAL_SURFACE ( 'NONE', #485, 10.02588688174045473, 1.043615663976220631 ) ;
#198 = CARTESIAN_POINT ( 'NONE',  ( 2.246900326133319581, 21.88505005968600869, 25.83625732932421215 ) ) ;
#199 = AXIS2_PLACEMENT_3D ( 'NONE', #619, #498, #1184 ) ;
#200 = CIRCLE ( 'NONE', #417, 7.102539716658993640 ) ;
#201 = CARTESIAN_POINT ( 'NONE',  ( -21.99999999999999289, 2.694222958124176020E-15, 0.000000000000000000 ) ) ;
#202 = AXIS2_PLACEMENT_3D ( 'NONE', #1076, #55, #511 ) ;
#203 = ORIENTED_EDGE ( 'NONE', *, *, #551, .T. ) ;
#204 = FACE_OUTER_BOUND ( 'NONE', #829, .T. ) ;
#205 = CARTESIAN_POINT ( 'NONE',  ( 0.000000000000000000, 0.000000000000000000, 41.44453818215502849 ) ) ;
#206 = EDGE_CURVE ( 'NONE', #688, #189, #1202, .T. ) ;
#207 = DIRECTION ( 'NONE',  ( 1.000000000000000000, 0.000000000000000000, 0.000000000000000000 ) ) ;
#208 = DIRECTION ( 'NONE',  ( -0.000000000000000000, -0.000000000000000000, 1.000000000000000000 ) ) ;
#209 = ORIENTED_EDGE ( 'NONE', *, *, #576, .F. ) ;
#210 = FACE_BOUND ( 'NONE', #955, .T. ) ;
#211 = CARTESIAN_POINT ( 'NONE',  ( -21.97263834027564400, -1.107178811059416512, 24.69716708162527752 ) ) ;
#212 = CARTESIAN_POINT ( 'NONE',  ( 2.500000000000154987, -21.85749299439437365, 26.94453818215503205 ) ) ;
#213 = CARTESIAN_POINT ( 'NONE',  ( 1.187103655206665341E-13, -16.99999999999999645, 26.94453818215503205 ) ) ;
#214 = ORIENTED_EDGE ( 'NONE', *, *, #945, .F. ) ;
#215 = DIRECTION ( 'NONE',  ( 0.000000000000000000, 0.000000000000000000, 1.000000000000000000 ) ) ;
#216 = CARTESIAN_POINT ( 'NONE',  ( 21.85936798764627298, 2.483758341504951339, 27.27243689476668465 ) ) ;
#217 = CARTESIAN_POINT ( 'NONE',  ( 17.87705028494671922, 2.189307240965628241E-15, -47.16153127590337846 ) ) ;
#218 = VECTOR ( 'NONE', #1216, 1000.000000000000000 ) ;
#219 = B_SPLINE_CURVE_WITH_KNOTS ( 'NONE', 3,
 ( #1220, #73, #1111, #320, #872, #1233, #1007, #1450, #669, #759, #1325, #1214, #211, #1104, #102, #656, #1444, #409 ),
 .UNSPECIFIED., .F., .F.,
 ( 4, 2, 2, 2, 2, 2, 2, 2, 4 ),
 ( 0.000000000000000000, 0.0004890172070393280753, 0.0009780344140786561506, 0.001467051621117984334, 0.001956068828157312301, 0.002445086035196640268, 0.002934103242235968668, 0.003423120449275296635, 0.003912137656314624602 ),
 .UNSPECIFIED. ) ;
#220 = VECTOR ( 'NONE', #1275, 1000.000000000000000 ) ;
#221 = EDGE_CURVE ( 'NONE', #1017, #1115, #899, .T. ) ;
#222 = ORIENTED_EDGE ( 'NONE', *, *, #1447, .F. ) ;
#223 = AXIS2_PLACEMENT_3D ( 'NONE', #909, #582, #689 ) ;
#224 = TOROIDAL_SURFACE ( 'NONE', #414, 8.026419249170283265, 1.000000000000000000 ) ;
#225 = CARTESIAN_POINT ( 'NONE',  ( -22.00000000000000000, 2.694222958124176809E-15, 0.000000000000000000 ) ) ;
#226 = CARTESIAN_POINT ( 'NONE',  ( 21.91953317914536115, 1.883454658652980118, 25.29253452815049741 ) ) ;
#227 = CARTESIAN_POINT ( 'NONE',  ( 2.246467399018214905, -21.88509468221377929, 25.83537883021041637 ) ) ;
#228 = CARTESIAN_POINT ( 'NONE',  ( 2.500000000000121236, -16.99999999999997868, 26.94453818215503205 ) ) ;
#229 = VERTEX_POINT ( 'NONE', #854 ) ;
#230 = EDGE_CURVE ( 'NONE', #941, #868, #1359, .T. ) ;
#231 = DIRECTION ( 'NONE',  ( -0.000000000000000000, -0.000000000000000000, 1.000000000000000000 ) ) ;
#232 = CARTESIAN_POINT ( 'NONE',  ( -1.650858423625602756, -21.93828549840420195, 25.05989206468396091 ) ) ;
#233 = DIRECTION ( 'NONE',  ( 1.000000000000000000, 1.745740669421566678E-14, -0.000000000000000000 ) ) ;
#234 = CARTESIAN_POINT ( 'NONE',  ( -21.96476928911669901, -1.251966551299931840, 29.11461359988455300 ) ) ;
#235 = ORIENTED_EDGE ( 'NONE', *, *, #728, .F. ) ;
#236 =( LENGTH_UNIT ( ) NAMED_UNIT ( * ) SI_UNIT ( .MILLI., .METRE. ) );
#237 = CARTESIAN_POINT ( 'NONE',  ( 21.96472882747391964, 1.252770754614752624, 29.11423463453800764 ) ) ;
#238 = CARTESIAN_POINT ( 'NONE',  ( -2.168577347913913211, -21.89304771087767776, 25.69003491951053419 ) ) ;
#239 = EDGE_CURVE ( 'NONE', #888, #695, #1427, .T. ) ;
#240 = CARTESIAN_POINT ( 'NONE',  ( 0.000000000000000000, 0.000000000000000000, -48.29205746812344557 ) ) ;
#241 = AXIS2_PLACEMENT_3D ( 'NONE', #1257, #26, #715 ) ;
#242 = DIRECTION ( 'NONE',  ( 1.224646799147353207E-16, 1.000000000000000000, 0.000000000000000000 ) ) ;
#243 = ORIENTED_EDGE ( 'NONE', *, *, #924, .F. ) ;
#244 = CIRCLE ( 'NONE', #1080, 18.99999999999999289 ) ;
#245 = DIRECTION ( 'NONE',  ( 1.000000000000000000, 0.000000000000000000, 0.000000000000000000 ) ) ;
#246 = FACE_OUTER_BOUND ( 'NONE', #566, .T. ) ;
#247 = EDGE_CURVE ( 'NONE', #1418, #76, #138, .T. ) ;
#248 = DIRECTION ( 'NONE',  ( -1.000000000000000000, -1.047444401652940007E-14, 0.000000000000000000 ) ) ;
#249 = EDGE_CURVE ( 'NONE', #443, #941, #942, .T. ) ;
#250 = CARTESIAN_POINT ( 'NONE',  ( 22.00000000000000000, 0.000000000000000000, 0.000000000000000000 ) ) ;
#251 = EDGE_LOOP ( 'NONE', ( #1434, #1300, #1436, #396 ) ) ;
#252 = B_SPLINE_CURVE_WITH_KNOTS ( 'NONE', 3,
 ( #1154, #349, #1387, #123, #142, #1378, #234, #491, #805, #592, #1372, #1026, #364, #1060, #1036, #1263 ),
 .UNSPECIFIED., .F., .F.,
 ( 4, 2, 2, 2, 2, 2, 2, 4 ),
 ( 0.01173457365492469942, 0.01222313299948064522, 0.01271169234403659101, 0.01320025168859253681, 0.01368881103314848260, 0.01417737037770442667, 0.01466592972226037246, 0.01564304841137226232 ),
 .UNSPECIFIED. ) ;
#253 = CARTESIAN_POINT ( 'NONE',  ( 21.85749299439443405, -2.499999999999621192, 27.10770893432405160 ) ) ;
#254 = CARTESIAN_POINT ( 'NONE',  ( -1.187103655206665341E-13, 16.99999999999999645, 26.94453818215503205 ) ) ;
#255 = DIRECTION ( 'NONE',  ( -1.000000000000000000, -1.047444401652940007E-14, 0.000000000000000000 ) ) ;
#256 = DIRECTION ( 'NONE',  ( -0.000000000000000000, -0.000000000000000000, 1.000000000000000000 ) ) ;
#257 = DIRECTION ( 'NONE',  ( 0.000000000000000000, 0.000000000000000000, -1.000000000000000000 ) ) ;
#258 = EDGE_CURVE ( 'NONE', #844, #580, #177, .T. ) ;
#259 = VERTEX_POINT ( 'NONE', #269 ) ;
#260 = DIRECTION ( 'NONE',  ( -1.000000000000000000, 1.224646799147353454E-16, 0.000000000000000000 ) ) ;
#261 = CARTESIAN_POINT ( 'NONE',  ( 0.000000000000000000, 0.000000000000000000, 0.000000000000000000 ) ) ;
#262 = ORIENTED_EDGE ( 'NONE', *, *, #1042, .F. ) ;
#263 = LINE ( 'NONE', #722, #892 ) ;
#264 = ORIENTED_EDGE ( 'NONE', *, *, #1050, .T. ) ;
#265 = AXIS2_PLACEMENT_3D ( 'NONE', #1404, #373, #949 ) ;
#266 = EDGE_CURVE ( 'NONE', #1115, #918, #62, .T. ) ;
#267 = VECTOR ( 'NONE', #986, 1000.000000000000000 ) ;
#268 = AXIS2_PLACEMENT_3D ( 'NONE', #585, #453, #907 ) ;
#269 = CARTESIAN_POINT ( 'NONE',  ( 12.90200265599948715, 0.000000000000000000, 14.14826607034979489 ) ) ;
#270 = CARTESIAN_POINT ( 'NONE',  ( 0.1633980867405932236, -22.00001381476455720, 29.44465975211604203 ) ) ;
#271 = CONICAL_SURFACE ( 'NONE', #323, 10.02588688174045473, 1.043615663976220631 ) ;
#272 = VERTEX_POINT ( 'NONE', #614 ) ;
#273 = DIRECTION ( 'NONE',  ( 1.000000000000000000, 0.000000000000000000, 0.000000000000000000 ) ) ;
#274 = DIRECTION ( 'NONE',  ( 0.1305261922200526836, 1.598484835071797150E-17, -0.9914448613738103822 ) ) ;
#275 = VERTEX_POINT ( 'NONE', #735 ) ;
#276 = APPLICATION_CONTEXT ( 'automotive_design' ) ;
#277 = VERTEX_POINT ( 'NONE', #1186 ) ;
#278 = CARTESIAN_POINT ( 'NONE',  ( 21.93809881161871900, -1.653233148992182100, 25.06214969410303794 ) ) ;
#279 = EDGE_LOOP ( 'NONE', ( #1304, #859 ) ) ;
#280 = CARTESIAN_POINT ( 'NONE',  ( -2.483762383305956334, 21.85936751798857358, 26.61667881892738308 ) ) ;
#281 = AXIS2_PLACEMENT_3D ( 'NONE', #512, #255, #1165 ) ;
#282 = CARTESIAN_POINT ( 'NONE',  ( -21.91952424766394358, 1.883566682788625712, 28.59643225963120017 ) ) ;
#283 = ORIENTED_EDGE ( 'NONE', *, *, #862, .T. ) ;
#284 = ORIENTED_EDGE ( 'NONE', *, *, #1253, .F. ) ;
#285 = CARTESIAN_POINT ( 'NONE',  ( 7.000000000000000000, 8.572527594031473190E-16, 12.47397543367730499 ) ) ;
#286 = DIRECTION ( 'NONE',  ( 0.000000000000000000, -1.000000000000000000, 0.000000000000000000 ) ) ;
#287 = ORIENTED_EDGE ( 'NONE', *, *, #1345, .F. ) ;
#288 = EDGE_CURVE ( 'NONE', #868, #660, #992, .T. ) ;
#289 = CARTESIAN_POINT ( 'NONE',  ( -0.8069458145496130053, 21.98571134433423779, 24.57275660983129839 ) ) ;
#290 = CARTESIAN_POINT ( 'NONE',  ( 0.000000000000000000, 0.000000000000000000, 41.44453818215502849 ) ) ;
#291 = ORIENTED_EDGE ( 'NONE', *, *, #1465, .T. ) ;
#292 = EDGE_LOOP ( 'NONE', ( #644, #153, #883, #243 ) ) ;
#293 = TOROIDAL_SURFACE ( 'NONE', #870, 15.87697646299275611, 1.000000000000000000 ) ;
#294 = CARTESIAN_POINT ( 'NONE',  ( 0.000000000000000000, 0.000000000000000000, 32.84453818215503418 ) ) ;
#295 = TOROIDAL_SURFACE ( 'NONE', #507, 8.026419249170283265, 1.000000000000000000 ) ;
#296 = AXIS2_PLACEMENT_3D ( 'NONE', #394, #1066, #857 ) ;
#297 = DIRECTION ( 'NONE',  ( 1.000000000000000000, 0.000000000000000000, 0.000000000000000000 ) ) ;
#298 = CARTESIAN_POINT ( 'NONE',  ( -2.372024049301990178, 21.87184233058218297, 26.13809404125568392 ) ) ;
#299 = PRESENTATION_LAYER_ASSIGNMENT (  '', '', ( #847 ) ) ;
#300 = PRODUCT_DEFINITION ( 'UNKNOWN', '', #1035, #312 ) ;
#301 = DIRECTION ( 'NONE',  ( 0.000000000000000000, 0.000000000000000000, -1.000000000000000000 ) ) ;
#302 = ORIENTED_EDGE ( 'NONE', *, *, #505, .F. ) ;
#303 = ADVANCED_FACE ( 'NONE', ( #1390 ), #727, .T. ) ;
#304 = ORIENTED_EDGE ( 'NONE', *, *, #569, .T. ) ;
#305 = DIRECTION ( 'NONE',  ( -0.000000000000000000, -0.000000000000000000, 1.000000000000000000 ) ) ;
#306 = CARTESIAN_POINT ( 'NONE',  ( -15.41749661208787536, 1.888098787685857873E-15, 9.827121527883900143 ) ) ;
#307 = CARTESIAN_POINT ( 'NONE',  ( 0.000000000000000000, 0.000000000000000000, 36.44453818215503560 ) ) ;
#308 = DIRECTION ( 'NONE',  ( 0.000000000000000000, 0.000000000000000000, -1.000000000000000000 ) ) ;
#309 = EDGE_LOOP ( 'NONE', ( #393, #1065, #65, #749 ) ) ;
#310 = ADVANCED_FACE ( 'NONE', ( #965 ), #338, .T. ) ;
#311 = ORIENTED_EDGE ( 'NONE', *, *, #288, .T. ) ;
#312 = PRODUCT_DEFINITION_CONTEXT ( 'detailed design', #276, 'design' ) ;
#313 = CARTESIAN_POINT ( 'NONE',  ( -21.97259404289657780, 1.108183082341968495, 24.69758955789523114 ) ) ;
#314 = CARTESIAN_POINT ( 'NONE',  ( -7.034974387796470552, 0.000000000000000000, 12.20831858373221834 ) ) ;
#315 = DIRECTION ( 'NONE',  ( -0.3826834323650830649, 4.686520405326216617E-17, 0.9238795325112895140 ) ) ;
#316 = ORIENTED_EDGE ( 'NONE', *, *, #551, .F. ) ;
#317 = ADVANCED_FACE ( 'NONE', ( #719 ), #1045, .F. ) ;
#318 = DIRECTION ( 'NONE',  ( -1.000000000000000000, 1.224646799147353454E-16, 0.000000000000000000 ) ) ;
#319 = CIRCLE ( 'NONE', #1380, 21.99999999999999645 ) ;
#320 = CARTESIAN_POINT ( 'NONE',  ( -21.86650414195860748, -2.420128389603429575, 26.29680492876541464 ) ) ;
#321 = DIRECTION ( 'NONE',  ( 1.000000000000000000, 0.000000000000000000, 0.000000000000000000 ) ) ;
#322 = AXIS2_PLACEMENT_3D ( 'NONE', #1353, #1241, #1134 ) ;
#323 = AXIS2_PLACEMENT_3D ( 'NONE', #764, #654, #431 ) ;
#324 = DIRECTION ( 'NONE',  ( -0.000000000000000000, -0.000000000000000000, 1.000000000000000000 ) ) ;
#325 = ORIENTED_EDGE ( 'NONE', *, *, #817, .T. ) ;
#326 = CARTESIAN_POINT ( 'NONE',  ( -8.026419249170283265, 0.000000000000000000, 12.33884477595226592 ) ) ;
#327 = CARTESIAN_POINT ( 'NONE',  ( 0.000000000000000000, 0.000000000000000000, -47.29205746812343847 ) ) ;
#328 = PRESENTATION_STYLE_ASSIGNMENT (( #895 ) ) ;
#329 = DIRECTION ( 'NONE',  ( -0.000000000000000000, -0.000000000000000000, 1.000000000000000000 ) ) ;
#330 = ORIENTED_EDGE ( 'NONE', *, *, #525, .F. ) ;
#331 = DIRECTION ( 'NONE',  ( 1.000000000000000000, 0.000000000000000000, 0.000000000000000000 ) ) ;
#332 = CARTESIAN_POINT ( 'NONE',  ( 21.99103326271039194, 0.6484813157793414273, 29.36457109280536670 ) ) ;
#333 = CARTESIAN_POINT ( 'NONE',  ( 2.419638138995940491, 21.86655867227426597, 26.29486331188346426 ) ) ;
#334 = EDGE_CURVE ( 'NONE', #918, #272, #990, .T. ) ;
#335 = ORIENTED_EDGE ( 'NONE', *, *, #32, .F. ) ;
#336 = CARTESIAN_POINT ( 'NONE',  ( -7.026419249170283265, 0.000000000000000000, 12.33884477595226592 ) ) ;
#337 = CARTESIAN_POINT ( 'NONE',  ( -17.00000000000002487, 2.499999999999824141, 26.94453818215503205 ) ) ;
#338 = CONICAL_SURFACE ( 'NONE', #682, 18.02588688174046183, 0.1308996938995758141 ) ;
#339 = DIRECTION ( 'NONE',  ( 1.000000000000000000, 0.000000000000000000, 0.000000000000000000 ) ) ;
#340 = CONICAL_SURFACE ( 'NONE', #532, 7.000000000000000000, 0.1308996938995756754 ) ;
#341 = EDGE_CURVE ( 'NONE', #888, #40, #1170, .T. ) ;
#342 = ADVANCED_FACE ( 'NONE', ( #204 ), #910, .F. ) ;
#343 = ORIENTED_EDGE ( 'NONE', *, *, #341, .T. ) ;
#344 = CIRCLE ( 'NONE', #796, 22.00000000000000000 ) ;
#345 = TOROIDAL_SURFACE ( 'NONE', #1177, 20.33635727583860131, 2.000000000000000000 ) ;
#346 = CARTESIAN_POINT ( 'NONE',  ( 21.87182379363363438, 2.372192842847072214, 26.13861207012792676 ) ) ;
#347 = CARTESIAN_POINT ( 'NONE',  ( -1.524557690870597337, -21.94753113817556311, 24.95651506249018325 ) ) ;
#348 = CARTESIAN_POINT ( 'NONE',  ( 0.000000000000000000, 0.000000000000000000, 9.827121527883900143 ) ) ;
#349 = CARTESIAN_POINT ( 'NONE',  ( -21.99999999999999645, -0.1651915890448570901, 29.44453818215503915 ) ) ;
#350 = ORIENTED_EDGE ( 'NONE', *, *, #825, .F. ) ;
#351 = EDGE_CURVE ( 'NONE', #1135, #173, #34, .T. ) ;
#352 = APPLICATION_PROTOCOL_DEFINITION ( 'draft international standard', 'automotive_design', 1998, #404 ) ;
#353 = CARTESIAN_POINT ( 'NONE',  ( 22.00000000000000711, 0.1632660133799834212, 29.44453818215504981 ) ) ;
#354 = FACE_OUTER_BOUND ( 'NONE', #27, .T. ) ;
#355 = LINE ( 'NONE', #228, #220 ) ;
#356 = CARTESIAN_POINT ( 'NONE',  ( -21.99999999999999289, 0.000000000000000000, 36.44453818215503560 ) ) ;
#357 = ORIENTED_EDGE ( 'NONE', *, *, #799, .T. ) ;
#358 = SHAPE_DEFINITION_REPRESENTATION ( #85, #125 ) ;
#359 = ADVANCED_FACE ( 'NONE', ( #436 ), #1125, .T. ) ;
#360 = CARTESIAN_POINT ( 'NONE',  ( -17.87705028494671922, 0.000000000000000000, -47.16153127590337846 ) ) ;
#361 = CARTESIAN_POINT ( 'NONE',  ( 8.026419249170283265, 9.829528642111089255E-16, 12.33884477595226592 ) ) ;
#362 = DIRECTION ( 'NONE',  ( -1.000000000000000000, 0.000000000000000000, 0.000000000000000000 ) ) ;
#363 = VECTOR ( 'NONE', #329, 1000.000000000000000 ) ;
#364 = CARTESIAN_POINT ( 'NONE',  ( -21.88511647669701077, -2.246245094883289273, 28.05397712177643754 ) ) ;
#365 = ORIENTED_EDGE ( 'NONE', *, *, #288, .F. ) ;
#366 = CIRCLE ( 'NONE', #105, 7.026419249170283265 ) ;
#367 = AXIS2_PLACEMENT_3D ( 'NONE', #518, #973, #318 ) ;
#368 = DIRECTION ( 'NONE',  ( 1.110223024625155594E-14, -1.000000000000000000, 0.000000000000000000 ) ) ;
#369 = EDGE_LOOP ( 'NONE', ( #1004, #560, #1349, #262 ) ) ;
#370 = CARTESIAN_POINT ( 'NONE',  ( 21.85749299439443760, -2.499999999999620748, 26.94453818215503205 ) ) ;
#371 = DIRECTION ( 'NONE',  ( 0.000000000000000000, -0.000000000000000000, 1.000000000000000000 ) ) ;
#372 = ORIENTED_EDGE ( 'NONE', *, *, #789, .T. ) ;
#373 = DIRECTION ( 'NONE',  ( -0.000000000000000000, -0.000000000000000000, 1.000000000000000000 ) ) ;
#374 = CARTESIAN_POINT ( 'NONE',  ( -0.6491325906007168189, -21.99100206305302763, 29.36428533722100553 ) ) ;
#375 = ORIENTED_EDGE ( 'NONE', *, *, #15, .F. ) ;
#376 = CARTESIAN_POINT ( 'NONE',  ( -2.500000000000154987, 21.85749299439437365, 26.94453818215503205 ) ) ;
#377 = EDGE_CURVE ( 'NONE', #173, #738, #1363, .T. ) ;
#378 = CARTESIAN_POINT ( 'NONE',  ( -2.500000000000121236, 16.99999999999997868, 26.94453818215503205 ) ) ;
#379 = ORIENTED_EDGE ( 'NONE', *, *, #846, .T. ) ;
#380 = CARTESIAN_POINT ( 'NONE',  ( 21.88500036963708695, -2.247373166115879339, 25.83736373780322637 ) ) ;
#381 = CARTESIAN_POINT ( 'NONE',  ( 1.250916550372966451, -21.96482972915504917, 29.11522429756121610 ) ) ;
#382 = B_SPLINE_CURVE_WITH_KNOTS ( 'NONE', 3,
 ( #1000, #418, #1123, #97, #648, #313, #765, #80, #975, #184, #432, #885, #894, #774, #1228, #1421, #1346, #533 ),
 .UNSPECIFIED., .F., .F.,
 ( 4, 2, 2, 2, 2, 2, 2, 2, 4 ),
 ( 0.003912137656314624602, 0.004400926938528386401, 0.004889716220742147332, 0.005378505502955909130, 0.005867294785169670929, 0.006356084067383431860, 0.006844873349597193658, 0.007333662631810955457, 0.007822451914024716388 ),
 .UNSPECIFIED. ) ;
#383 = ORIENTED_EDGE ( 'NONE', *, *, #882, .F. ) ;
#384 = CARTESIAN_POINT ( 'NONE',  ( -2.246467399018214905, 21.88509468221377929, 25.83537883021041637 ) ) ;
#385 = CARTESIAN_POINT ( 'NONE',  ( -8.026419249170283265, 0.000000000000000000, 12.33884477595226592 ) ) ;
#386 = ORIENTED_EDGE ( 'NONE', *, *, #1112, .T. ) ;
#387 = AXIS2_PLACEMENT_3D ( 'NONE', #758, #1213, #63 ) ;
#388 = CIRCLE ( 'NONE', #748, 1.000000000000000888 ) ;
#389 = AXIS2_PLACEMENT_3D ( 'NONE', #348, #256, #1386 ) ;
#390 = CARTESIAN_POINT ( 'NONE',  ( 21.99813716861127233, -0.3279352970415371216, 24.46078328217916820 ) ) ;
#391 = CARTESIAN_POINT ( 'NONE',  ( -2.372126299420678652, -21.87182982029376888, 27.75047080823509660 ) ) ;
#392 = AXIS2_PLACEMENT_3D ( 'NONE', #1024, #574, #1464 ) ;
#393 = ORIENTED_EDGE ( 'NONE', *, *, #1383, .F. ) ;
#394 = CARTESIAN_POINT ( 'NONE',  ( 8.026419249170283265, 9.829528642111089255E-16, 12.33884477595226592 ) ) ;
#395 = DIRECTION ( 'NONE',  ( 1.000000000000000000, 0.000000000000000000, 0.000000000000000000 ) ) ;
#396 = ORIENTED_EDGE ( 'NONE', *, *, #781, .T. ) ;
#397 = VERTEX_POINT ( 'NONE', #891 ) ;
#398 = EDGE_CURVE ( 'NONE', #1418, #530, #675, .T. ) ;
#399 = DIRECTION ( 'NONE',  ( 0.000000000000000000, 0.000000000000000000, -1.000000000000000000 ) ) ;
#400 = CYLINDRICAL_SURFACE ( 'NONE', #1409, 2.500000000000002220 ) ;
#401 = B_SPLINE_CURVE_WITH_KNOTS ( 'NONE', 3,
 ( #1159, #1047, #610, #490, #1393, #1400, #968, #753, #403, #1416, #1408, #513, #618, #151, #1089, #976, #36, #66, #1072, #598, #1056, #745, #1282, #739, #1174, #851, #946, #1301, #863, #1190, #1316, #376 ),
 .UNSPECIFIED., .F., .F.,
 ( 4, 2, 2, 2, 2, 2, 2, 2, 2, 2, 2, 2, 2, 2, 2, 4 ),
 ( 0.007822451914024714653, 0.008311239195108937466, 0.008800026476193158545, 0.009288813757277379624, 0.009777601038361602437, 0.01026638831944582525, 0.01075517560053004633, 0.01124396288161426741, 0.01173275016269849022, 0.01222153744378271303, 0.01271032472486693585, 0.01319911200595115519, 0.01368789928703537800, 0.01417668656811960082, 0.01466547384920382190, 0.01564304841137225538 ),
 .UNSPECIFIED. ) ;
#402 = VERTEX_POINT ( 'NONE', #884 ) ;
#403 = CARTESIAN_POINT ( 'NONE',  ( 1.884112982664466918, 21.91947677896683544, 28.59580130042589374 ) ) ;
#404 = APPLICATION_CONTEXT ( 'automotive_design' ) ;
#405 = CARTESIAN_POINT ( 'NONE',  ( -21.99104615456561973, 0.6476598420084329621, 29.36468487375230652 ) ) ;
#406 = ORIENTED_EDGE ( 'NONE', *, *, #646, .F. ) ;
#407 = DIRECTION ( 'NONE',  ( -0.000000000000000000, -1.000000000000000000, -0.000000000000000000 ) ) ;
#408 = EDGE_CURVE ( 'NONE', #523, #609, #1131, .T. ) ;
#409 = CARTESIAN_POINT ( 'NONE',  ( -22.00000000000000000, 2.694222924487314655E-15, 24.44453818215502849 ) ) ;
#410 = CARTESIAN_POINT ( 'NONE',  ( 1.253811673208985011, 21.96466151576444759, 24.77555953651566156 ) ) ;
#411 = FACE_BOUND ( 'NONE', #1399, .T. ) ;
#412 = ORIENTED_EDGE ( 'NONE', *, *, #206, .F. ) ;
#413 = VERTEX_POINT ( 'NONE', #639 ) ;
#414 = AXIS2_PLACEMENT_3D ( 'NONE', #793, #786, #685 ) ;
#415 = CARTESIAN_POINT ( 'NONE',  ( 21.93827303172472298, -1.651021290539069319, 28.82903776170771692 ) ) ;
#416 = CIRCLE ( 'NONE', #199, 15.87697646299275611 ) ;
#417 = AXIS2_PLACEMENT_3D ( 'NONE', #25, #1371, #1025 ) ;
#418 = CARTESIAN_POINT ( 'NONE',  ( -22.00000000000000355, 0.1631712006572128559, 24.44453818215504626 ) ) ;
#419 = DIRECTION ( 'NONE',  ( 1.000000000000000000, 0.000000000000000000, 0.000000000000000000 ) ) ;
#420 = AXIS2_PLACEMENT_3D ( 'NONE', #1014, #465, #472 ) ;
#421 = ADVANCED_FACE ( 'NONE', ( #1193 ), #999, .T. ) ;
#422 = CARTESIAN_POINT ( 'NONE',  ( 0.000000000000000000, 0.000000000000000000, 40.20990504688519707 ) ) ;
#423 = VERTEX_POINT ( 'NONE', #546 ) ;
#424 = EDGE_LOOP ( 'NONE', ( #1037, #1044, #430, #1385 ) ) ;
#425 = DIRECTION ( 'NONE',  ( 0.000000000000000000, 0.000000000000000000, -1.000000000000000000 ) ) ;
#426 = FACE_OUTER_BOUND ( 'NONE', #16, .T. ) ;
#427 = DIRECTION ( 'NONE',  ( 0.000000000000000000, 0.000000000000000000, -1.000000000000000000 ) ) ;
#428 = DIRECTION ( 'NONE',  ( 6.982962677686266711E-15, -1.000000000000000000, 0.000000000000000000 ) ) ;
#429 = EDGE_CURVE ( 'NONE', #529, #1049, #865, .T. ) ;
#430 = ORIENTED_EDGE ( 'NONE', *, *, #906, .F. ) ;
#431 = DIRECTION ( 'NONE',  ( 1.000000000000000000, 0.000000000000000000, 0.000000000000000000 ) ) ;
#432 = CARTESIAN_POINT ( 'NONE',  ( -21.91020225266912291, 1.987786680525053473, 25.41967814531419378 ) ) ;
#433 = CARTESIAN_POINT ( 'NONE',  ( 16.99999999999999645, 2.967759138016663731E-13, 26.94453818215503205 ) ) ;
#434 = CARTESIAN_POINT ( 'NONE',  ( 7.026419249170283265, 8.604881842963735802E-16, 12.33884477595226592 ) ) ;
#435 = EDGE_LOOP ( 'NONE', ( #836, #1231, #971, #756, #616, #287, #1342, #1389, #1424, #316 ) ) ;
#436 = FACE_OUTER_BOUND ( 'NONE', #1274, .T. ) ;
#437 = AXIS2_PLACEMENT_3D ( 'NONE', #290, #301, #1191 ) ;
#438 = CARTESIAN_POINT ( 'NONE',  ( 16.99999999999999645, 2.967759138016663731E-13, 26.94453818215503205 ) ) ;
#439 = SURFACE_STYLE_FILL_AREA ( #1008 ) ;
#440 = TOROIDAL_SURFACE ( 'NONE', #1057, 8.026419249170283265, 1.000000000000000000 ) ;
#441 = AXIS2_PLACEMENT_3D ( 'NONE', #307, #1229, #207 ) ;
#442 = DIRECTION ( 'NONE',  ( -1.000000000000000000, 0.000000000000000000, 0.000000000000000000 ) ) ;
#443 = VERTEX_POINT ( 'NONE', #71 ) ;
#444 = FACE_OUTER_BOUND ( 'NONE', #790, .T. ) ;
#445 = ADVANCED_FACE ( 'NONE', ( #1419 ), #628, .F. ) ;
#446 = CARTESIAN_POINT ( 'NONE',  ( 21.87184547272255131, 2.371995721658695100, 27.75107403938818251 ) ) ;
#447 = LINE ( 'NONE', #766, #655 ) ;
#448 = DIRECTION ( 'NONE',  ( 1.000000000000000000, 0.000000000000000000, 0.000000000000000000 ) ) ;
#449 = ORIENTED_EDGE ( 'NONE', *, *, #179, .F. ) ;
#450 = CARTESIAN_POINT ( 'NONE',  ( 21.85749299439435589, 2.500000000000383693, 26.94453818215503205 ) ) ;
#451 = DIRECTION ( 'NONE',  ( 1.000000000000000000, 6.982962677686266711E-15, 0.000000000000000000 ) ) ;
#452 = EDGE_CURVE ( 'NONE', #259, #21, #54, .T. ) ;
#453 = DIRECTION ( 'NONE',  ( -6.982962677686266711E-15, 1.000000000000000000, 0.000000000000000000 ) ) ;
#454 = ORIENTED_EDGE ( 'NONE', *, *, #846, .F. ) ;
#455 = CARTESIAN_POINT ( 'NONE',  ( 21.93809801978690643, 1.653236679086689254, 25.06216574106687389 ) ) ;
#456 = CARTESIAN_POINT ( 'NONE',  ( 2.169653891306084770, -21.89294196173003826, 25.69182696860957549 ) ) ;
#457 = AXIS2_PLACEMENT_3D ( 'NONE', #294, #1344, #1116 ) ;
#458 = DIRECTION ( 'NONE',  ( 1.000000000000000000, 0.000000000000000000, 0.000000000000000000 ) ) ;
#459 = CIRCLE ( 'NONE', #1079, 14.88553160161894517 ) ;
#460 = EDGE_CURVE ( 'NONE', #229, #277, #911, .T. ) ;
#461 = CARTESIAN_POINT ( 'NONE',  ( 18.48859821081602206, 0.000000000000000000, 40.20990504688519707 ) ) ;
#462 = ORIENTED_EDGE ( 'NONE', *, *, #460, .F. ) ;
#463 = AXIS2_PLACEMENT_3D ( 'NONE', #64, #286, #1181 ) ;
#464 =( NAMED_UNIT ( * ) PLANE_ANGLE_UNIT ( ) SI_UNIT ( $, .RADIAN. ) );
#465 = DIRECTION ( 'NONE',  ( -0.000000000000000000, -0.000000000000000000, 1.000000000000000000 ) ) ;
#466 = CARTESIAN_POINT ( 'NONE',  ( 1.882669717801209286, -21.91960135072732641, 25.29162891453285056 ) ) ;
#467 = LINE ( 'NONE', #921, #483 ) ;
#468 = DIRECTION ( 'NONE',  ( -0.000000000000000000, -0.000000000000000000, 1.000000000000000000 ) ) ;
#469 = EDGE_CURVE ( 'NONE', #741, #688, #1340, .T. ) ;
#470 = ORIENTED_EDGE ( 'NONE', *, *, #1297, .F. ) ;
#471 = CIRCLE ( 'NONE', #1043, 16.88560542357291183 ) ;
#472 = DIRECTION ( 'NONE',  ( 1.000000000000000000, 0.000000000000000000, 0.000000000000000000 ) ) ;
#473 = CARTESIAN_POINT ( 'NONE',  ( 2.372024049301990178, -21.87184233058218297, 26.13809404125568392 ) ) ;
#474 = DIRECTION ( 'NONE',  ( -1.000000000000000000, 0.000000000000000000, 0.000000000000000000 ) ) ;
#475 = PLANE ( 'NONE',  #698 ) ;
#476 = EDGE_LOOP ( 'NONE', ( #1296, #768, #1281, #106 ) ) ;
#477 = CARTESIAN_POINT ( 'NONE',  ( 22.00000000000000000, -4.816175412436839590E-16, 24.44453818215502849 ) ) ;
#478 = CARTESIAN_POINT ( 'NONE',  ( -1.253811673208985011, -21.96466151576444759, 24.77555953651566156 ) ) ;
#479 = AXIS2_PLACEMENT_3D ( 'NONE', #306, #526, #1428 ) ;
#480 = VECTOR ( 'NONE', #864, 1000.000000000000000 ) ;
#481 = PLANE ( 'NONE',  #1011 ) ;
#482 = ORIENTED_EDGE ( 'NONE', *, *, #1429, .T. ) ;
#483 = VECTOR ( 'NONE', #1040, 1000.000000000000000 ) ;
#484 = AXIS2_PLACEMENT_3D ( 'NONE', #814, #1028, #9 ) ;
#485 = AXIS2_PLACEMENT_3D ( 'NONE', #1096, #1038, #17 ) ;
#486 = CARTESIAN_POINT ( 'NONE',  ( 21.86655539397129289, -2.419667670653305347, 27.59410343312163150 ) ) ;
#487 = FACE_OUTER_BOUND ( 'NONE', #930, .T. ) ;
#488 = EDGE_CURVE ( 'NONE', #1127, #124, #252, .T. ) ;
#489 = DIRECTION ( 'NONE',  ( 6.982962677686266711E-15, -1.000000000000000000, -0.000000000000000000 ) ) ;
#490 = CARTESIAN_POINT ( 'NONE',  ( 2.420108442972950247, 21.86650667543193194, 27.59271734234154394 ) ) ;
#491 = CARTESIAN_POINT ( 'NONE',  ( -21.94760511039886453, -1.523528827325352220, 28.93338394704393579 ) ) ;
#492 = ORIENTED_EDGE ( 'NONE', *, *, #1284, .T. ) ;
#493 = CARTESIAN_POINT ( 'NONE',  ( 21.88504492102780219, -2.246950185105144548, 28.05271795093049292 ) ) ;
#494 = CARTESIAN_POINT ( 'NONE',  ( -0.8079234289885290909, -21.98568144303983374, 29.31605572106757052 ) ) ;
#495 = ADVANCED_FACE ( 'NONE', ( #1048, #1395 ), #586, .F. ) ;
#496 = ORIENTED_EDGE ( 'NONE', *, *, #1284, .F. ) ;
#497 = CARTESIAN_POINT ( 'NONE',  ( -2.500000000000154543, 21.85749299439437365, 26.77921353978805996 ) ) ;
#498 = DIRECTION ( 'NONE',  ( -0.000000000000000000, -0.000000000000000000, 1.000000000000000000 ) ) ;
#499 = ORIENTED_EDGE ( 'NONE', *, *, #646, .T. ) ;
#500 = CARTESIAN_POINT ( 'NONE',  ( 22.00000000000000711, -0.1653630689361833273, 24.44453818215505692 ) ) ;
#501 = CARTESIAN_POINT ( 'NONE',  ( 0.3260021051736326503, -21.99816555771703008, 29.42854269400654132 ) ) ;
#502 = ORIENTED_EDGE ( 'NONE', *, *, #789, .F. ) ;
#503 = CARTESIAN_POINT ( 'NONE',  ( 0.3280850848412936172, 21.99813839183710940, 24.46077071313652951 ) ) ;
#504 = LINE ( 'NONE', #754, #267 ) ;
#505 = EDGE_CURVE ( 'NONE', #21, #259, #553, .T. ) ;
#506 = VERTEX_POINT ( 'NONE', #694 ) ;
#507 = AXIS2_PLACEMENT_3D ( 'NONE', #1440, #308, #565 ) ;
#508 = ORIENTED_EDGE ( 'NONE', *, *, #781, .F. ) ;
#509 = CIRCLE ( 'NONE', #463, 1.000000000000000888 ) ;
#510 = CARTESIAN_POINT ( 'NONE',  ( 21.85749299439443405, -2.499999999999621636, 26.78129126262223281 ) ) ;
#511 = DIRECTION ( 'NONE',  ( 1.000000000000000000, 0.000000000000000000, 0.000000000000000000 ) ) ;
#512 = CARTESIAN_POINT ( 'NONE',  ( -16.99999999999999645, -1.780655482809997885E-13, 26.94453818215503205 ) ) ;
#513 = CARTESIAN_POINT ( 'NONE',  ( 1.253929039201261864, 21.96465694224131227, 29.11348181088400722 ) ) ;
#514 = CARTESIAN_POINT ( 'NONE',  ( 0.000000000000000000, 0.000000000000000000, -47.42258366034350558 ) ) ;
#515 = ORIENTED_EDGE ( 'NONE', *, *, #1198, .T. ) ;
#516 = EDGE_CURVE ( 'NONE', #397, #1379, #319, .T. ) ;
#517 = ADVANCED_FACE ( 'NONE', ( #210, #812 ), #475, .F. ) ;
#518 = CARTESIAN_POINT ( 'NONE',  ( -15.41749661208787536, 1.888098787685857873E-15, 9.827121527883900143 ) ) ;
#519 = DIRECTION ( 'NONE',  ( 6.982962677686266711E-15, -1.000000000000000000, -0.000000000000000000 ) ) ;
#520 = ORIENTED_EDGE ( 'NONE', *, *, #408, .F. ) ;
#521 = CARTESIAN_POINT ( 'NONE',  ( 0.8047438471607925026, 21.98579906554365238, 24.57193494943341605 ) ) ;
#522 = DIRECTION ( 'NONE',  ( -0.000000000000000000, -1.000000000000000000, -0.000000000000000000 ) ) ;
#523 = VERTEX_POINT ( 'NONE', #579 ) ;
#524 = VERTEX_POINT ( 'NONE', #929 ) ;
#525 = EDGE_CURVE ( 'NONE', #826, #189, #388, .T. ) ;
#526 = DIRECTION ( 'NONE',  ( 1.224646799147353207E-16, 1.000000000000000000, 0.000000000000000000 ) ) ;
#527 = CARTESIAN_POINT ( 'NONE',  ( -22.00000000000000000, 2.694222924487314655E-15, 24.44453818215502849 ) ) ;
#528 = DIRECTION ( 'NONE',  ( -0.000000000000000000, -0.000000000000000000, 1.000000000000000000 ) ) ;
#529 = VERTEX_POINT ( 'NONE', #461 ) ;
#530 = VERTEX_POINT ( 'NONE', #668 ) ;
#531 = AXIS2_PLACEMENT_3D ( 'NONE', #95, #631, #661 ) ;
#532 = AXIS2_PLACEMENT_3D ( 'NONE', #777, #659, #1335 ) ;
#533 = CARTESIAN_POINT ( 'NONE',  ( -21.85749299439441984, 2.499999999999773070, 26.94453818215503205 ) ) ;
#534 = EDGE_CURVE ( 'NONE', #1085, #423, #1197, .T. ) ;
#535 = COLOUR_RGB ( '',0.7921568627450980005, 0.8196078431372548767, 0.9333333333333333481 ) ;
#536 = CIRCLE ( 'NONE', #79, 17.87705028494672277 ) ;
#537 =( GEOMETRIC_REPRESENTATION_CONTEXT ( 3 ) GLOBAL_UNCERTAINTY_ASSIGNED_CONTEXT ( ( #605 ) ) GLOBAL_UNIT_ASSIGNED_CONTEXT ( ( #236, #464, #925 ) ) REPRESENTATION_CONTEXT ( 'NONE', 'WORKASPACE' ) );
#538 = CARTESIAN_POINT ( 'NONE',  ( -16.99999999999999645, -1.780655482809997885E-13, 26.94453818215503205 ) ) ;
#539 = EDGE_LOOP ( 'NONE', ( #304, #150 ) ) ;
#540 = DIRECTION ( 'NONE',  ( -1.000000000000000000, -6.938893903907222067E-15, 0.000000000000000000 ) ) ;
#541 = DIRECTION ( 'NONE',  ( 1.000000000000000000, 0.000000000000000000, 0.000000000000000000 ) ) ;
#542 = DIRECTION ( 'NONE',  ( -0.000000000000000000, -0.000000000000000000, 1.000000000000000000 ) ) ;
#543 = CARTESIAN_POINT ( 'NONE',  ( 10.41749661208787536, 0.000000000000000000, 9.827121527883900143 ) ) ;
#544 = ADVANCED_FACE ( 'NONE', ( #821, #1270 ), #481, .F. ) ;
#545 = ORIENTED_EDGE ( 'NONE', *, *, #488, .F. ) ;
#546 = CARTESIAN_POINT ( 'NONE',  ( 21.99999999999999645, 0.000000000000000000, 19.44453818215503205 ) ) ;
#547 = CARTESIAN_POINT ( 'NONE',  ( 22.00000000000000000, 0.000000000000000000, 0.000000000000000000 ) ) ;
#548 = CARTESIAN_POINT ( 'NONE',  ( -20.33635727583860131, 0.000000000000000000, 41.44453818215502849 ) ) ;
#549 = FILL_AREA_STYLE_COLOUR ( '', #535 ) ;
#550 = FACE_OUTER_BOUND ( 'NONE', #1329, .T. ) ;
#551 = EDGE_CURVE ( 'NONE', #423, #1115, #1366, .T. ) ;
#552 = ORIENTED_EDGE ( 'NONE', *, *, #1307, .F. ) ;
#553 = CIRCLE ( 'NONE', #1029, 12.90200265599948715 ) ;
#554 = CARTESIAN_POINT ( 'NONE',  ( 0.000000000000000000, 0.000000000000000000, -47.29205746812343847 ) ) ;
#555 = CIRCLE ( 'NONE', #1293, 15.87697646299275611 ) ;
#556 = VECTOR ( 'NONE', #1006, 1000.000000000000000 ) ;
#557 = CYLINDRICAL_SURFACE ( 'NONE', #146, 22.00000000000000000 ) ;
#558 = B_SPLINE_CURVE_WITH_KNOTS ( 'NONE', 3,
 ( #109, #564, #1398, #1053, #391, #1087, #1063, #1289, #607, #148, #1299, #39, #943, #494, #374, #831, #950, #270, #501, #1273, #171, #139, #381, #1187, #974, #622, #164, #156, #736, #839, #1280, #1306 ),
 .UNSPECIFIED., .F., .F.,
 ( 4, 2, 2, 2, 2, 2, 2, 2, 2, 2, 2, 2, 2, 2, 2, 4 ),
 ( 0.007822451914024714653, 0.008311239195108937466, 0.008800026476193158545, 0.009288813757277379624, 0.009777601038361602437, 0.01026638831944582525, 0.01075517560053004633, 0.01124396288161426741, 0.01173275016269849022, 0.01222153744378271303, 0.01271032472486693585, 0.01319911200595115519, 0.01368789928703537800, 0.01417668656811960082, 0.01466547384920382190, 0.01564304841137225538 ),
 .UNSPECIFIED. ) ;
#559 = AXIS2_PLACEMENT_3D ( 'NONE', #326, #407, #425 ) ;
#560 = ORIENTED_EDGE ( 'NONE', *, *, #1429, .F. ) ;
#561 = ADVANCED_FACE ( 'NONE', ( #571 ), #1453, .F. ) ;
#562 = EDGE_CURVE ( 'NONE', #275, #688, #828, .T. ) ;
#563 = FACE_OUTER_BOUND ( 'NONE', #476, .T. ) ;
#564 = CARTESIAN_POINT ( 'NONE',  ( -2.499999999999849454, -21.85749299439440563, 27.10772802151779004 ) ) ;
#565 = DIRECTION ( 'NONE',  ( -1.000000000000000000, 0.000000000000000000, 0.000000000000000000 ) ) ;
#566 = EDGE_LOOP ( 'NONE', ( #673, #51 ) ) ;
#567 = CARTESIAN_POINT ( 'NONE',  ( 0.000000000000000000, 0.000000000000000000, 39.44453818215502849 ) ) ;
#568 = CARTESIAN_POINT ( 'NONE',  ( -1.987557621561970800, -21.91022319570530996, 25.41937561677322321 ) ) ;
#569 = EDGE_CURVE ( 'NONE', #944, #660, #416, .T. ) ;
#570 = DIRECTION ( 'NONE',  ( -0.000000000000000000, -0.000000000000000000, 1.000000000000000000 ) ) ;
#571 = FACE_OUTER_BOUND ( 'NONE', #140, .T. ) ;
#572 = ORIENTED_EDGE ( 'NONE', *, *, #179, .T. ) ;
#573 = CARTESIAN_POINT ( 'NONE',  ( 21.97252273665445443, 1.109442578753746522, 24.69829480087526363 ) ) ;
#574 = DIRECTION ( 'NONE',  ( 0.000000000000000000, -0.000000000000000000, 1.000000000000000000 ) ) ;
#575 = CIRCLE ( 'NONE', #769, 5.000000000000000000 ) ;
#576 = EDGE_CURVE ( 'NONE', #868, #941, #459, .T. ) ;
#577 = VECTOR ( 'NONE', #233, 1000.000000000000000 ) ;
#578 = VECTOR ( 'NONE', #767, 1000.000000000000000 ) ;
#579 = CARTESIAN_POINT ( 'NONE',  ( -18.99999999999999289, 2.326828918379970182E-15, 32.84453818215503418 ) ) ;
#580 = VERTEX_POINT ( 'NONE', #1295 ) ;
#581 = CIRCLE ( 'NONE', #107, 7.034974387796470552 ) ;
#582 = DIRECTION ( 'NONE',  ( -6.982962677686266711E-15, 1.000000000000000000, 0.000000000000000000 ) ) ;
#583 = CARTESIAN_POINT ( 'NONE',  ( 21.91017443425040057, 1.988105061979841715, 28.46904314764467259 ) ) ;
#584 = CARTESIAN_POINT ( 'NONE',  ( 2.483762383305956334, -21.85936751798857358, 26.61667881892738308 ) ) ;
#585 = CARTESIAN_POINT ( 'NONE',  ( -1.187103655206665341E-13, 16.99999999999999645, 26.94453818215503205 ) ) ;
#586 = PLANE ( 'NONE',  #241 ) ;
#587 = ORIENTED_EDGE ( 'NONE', *, *, #351, .F. ) ;
#588 = DIRECTION ( 'NONE',  ( -0.000000000000000000, -0.000000000000000000, 1.000000000000000000 ) ) ;
#589 = CARTESIAN_POINT ( 'NONE',  ( 2.499999999999883205, 17.00000000000001421, 26.94453818215503205 ) ) ;
#590 = DIRECTION ( 'NONE',  ( -1.224646799147353207E-16, 1.000000000000000000, 0.000000000000000000 ) ) ;
#591 = CARTESIAN_POINT ( 'NONE',  ( 0.000000000000000000, 0.000000000000000000, 19.44453818215503205 ) ) ;
#592 = CARTESIAN_POINT ( 'NONE',  ( -21.91962607619747416, -1.882377821223289782, 28.59776876986074257 ) ) ;
#593 = ORIENTED_EDGE ( 'NONE', *, *, #1307, .T. ) ;
#594 = ADVANCED_FACE ( 'NONE', ( #1073, #411 ), #50, .T. ) ;
#595 = DIRECTION ( 'NONE',  ( 1.224646799147353207E-16, 1.000000000000000000, 0.000000000000000000 ) ) ;
#596 = DIRECTION ( 'NONE',  ( 0.000000000000000000, 0.000000000000000000, -1.000000000000000000 ) ) ;
#597 = CARTESIAN_POINT ( 'NONE',  ( -12.90200265599948715, 2.137131291825109225E-15, 14.14826607034979489 ) ) ;
#598 = CARTESIAN_POINT ( 'NONE',  ( -0.6457070235252521107, 21.99110337652650315, 29.36520301381730746 ) ) ;
#599 = AXIS2_PLACEMENT_3D ( 'NONE', #663, #861, #297 ) ;
#600 = AXIS2_PLACEMENT_3D ( 'NONE', #860, #190, #1005 ) ;
#601 = CARTESIAN_POINT ( 'NONE',  ( -18.99999999999999289, 0.000000000000000000, 32.84453818215503418 ) ) ;
#602 = EDGE_LOOP ( 'NONE', ( #1312, #1360, #1077, #1311 ) ) ;
#603 = AXIS2_PLACEMENT_3D ( 'NONE', #1145, #121, #141 ) ;
#604 = EDGE_CURVE ( 'NONE', #1049, #94, #1223, .T. ) ;
#605 = UNCERTAINTY_MEASURE_WITH_UNIT (LENGTH_MEASURE( 1.000000000000000082E-05 ), #236, 'distance_accuracy_value', 'NONE');
#606 = CARTESIAN_POINT ( 'NONE',  ( 21.87180466027385961, -2.372369539631536739, 27.74996372290701530 ) ) ;
#607 = CARTESIAN_POINT ( 'NONE',  ( -1.884112982664466918, -21.91947677896683544, 28.59580130042589374 ) ) ;
#608 = EDGE_CURVE ( 'NONE', #259, #695, #575, .T. ) ;
#609 = VERTEX_POINT ( 'NONE', #152 ) ;
#610 = CARTESIAN_POINT ( 'NONE',  ( 2.484175707895509344, 21.85932089784036236, 27.27001038027780311 ) ) ;
#611 = B_SPLINE_CURVE_WITH_KNOTS ( 'NONE', 3,
 ( #686, #905, #584, #697, #473, #227, #456, #1267, #466, #1150, #920, #1046, #1138, #1356, #794, #1039, #913, #1240, #18, #705, #1158, #810, #478, #347, #232, #803, #568, #238, #1255, #114, #1143, #120, #1031, #12 ),
 .UNSPECIFIED., .F., .F.,
 ( 4, 2, 2, 2, 2, 2, 2, 2, 2, 2, 2, 2, 2, 2, 2, 2, 4 ),
 ( 0.000000000000000000, 0.0004889032446265446658, 0.0009778064892530893316, 0.001466709733879633997, 0.001955612978506178663, 0.002444516223132723112, 0.002933419467759267995, 0.003422322712385812878, 0.003911225957012357327, 0.004400129201638901776, 0.004889032446265446225, 0.005377935690891991541, 0.005866838935518535990, 0.006355742180145080439, 0.006844645424771625755, 0.007333548669398170204, 0.007822451914024714653 ),
 .UNSPECIFIED. ) ;
#612 = CARTESIAN_POINT ( 'NONE',  ( -21.96471742899448643, 1.252879871434044556, 29.11409330122112138 ) ) ;
#613 = EDGE_LOOP ( 'NONE', ( #1093, #620, #948, #572 ) ) ;
#614 = CARTESIAN_POINT ( 'NONE',  ( 22.00000000000000000, 2.608802456611147091E-23, 29.44453818215503205 ) ) ;
#615 = DIRECTION ( 'NONE',  ( -0.000000000000000000, -1.000000000000000000, -0.000000000000000000 ) ) ;
#616 = ORIENTED_EDGE ( 'NONE', *, *, #1447, .T. ) ;
#617 = EDGE_CURVE ( 'NONE', #741, #826, #889, .T. ) ;
#618 = CARTESIAN_POINT ( 'NONE',  ( 1.110480498374023739, 21.97247737158160419, 29.19034956497623767 ) ) ;
#619 = CARTESIAN_POINT ( 'NONE',  ( 0.000000000000000000, 0.000000000000000000, -48.29205746812344557 ) ) ;
#620 = ORIENTED_EDGE ( 'NONE', *, *, #1161, .T. ) ;
#621 = DIRECTION ( 'NONE',  ( 0.000000000000000000, 0.000000000000000000, -1.000000000000000000 ) ) ;
#622 = CARTESIAN_POINT ( 'NONE',  ( 1.881830865452937873, -21.91967355718285049, 28.59839913269687628 ) ) ;
#623 = ORIENTED_EDGE ( 'NONE', *, *, #684, .T. ) ;
#624 = CARTESIAN_POINT ( 'NONE',  ( -1.652171485012374985, 21.93817900431220025, 25.06122097641699753 ) ) ;
#625 = ADVANCED_FACE ( 'NONE', ( #843 ), #1405, .T. ) ;
#626 = CARTESIAN_POINT ( 'NONE',  ( -21.97253651411514852, 1.109325298680895022, 29.19092674226102346 ) ) ;
#627 = VERTEX_POINT ( 'NONE', #1401 ) ;
#628 = CONICAL_SURFACE ( 'NONE', #387, 18.99999999999999645, 0.3926990816987169786 ) ;
#629 = EDGE_LOOP ( 'NONE', ( #235, #499, #284, #47 ) ) ;
#630 = CIRCLE ( 'NONE', #750, 2.500000000000002220 ) ;
#631 = DIRECTION ( 'NONE',  ( -0.000000000000000000, -0.000000000000000000, 1.000000000000000000 ) ) ;
#632 = CYLINDRICAL_SURFACE ( 'NONE', #915, 18.99999999999999289 ) ;
#633 = DIRECTION ( 'NONE',  ( 0.000000000000000000, 0.000000000000000000, -1.000000000000000000 ) ) ;
#634 = CARTESIAN_POINT ( 'NONE',  ( 0.1622928491710369792, 22.00000675440166731, 24.44447874341643256 ) ) ;
#635 = CARTESIAN_POINT ( 'NONE',  ( 0.000000000000000000, 0.000000000000000000, -47.29205746812343847 ) ) ;
#636 = ORIENTED_EDGE ( 'NONE', *, *, #258, .F. ) ;
#637 = EDGE_CURVE ( 'NONE', #530, #806, #733, .T. ) ;
#638 = ORIENTED_EDGE ( 'NONE', *, *, #608, .F. ) ;
#639 = CARTESIAN_POINT ( 'NONE',  ( -18.99999999999999289, 2.326828918379970182E-15, 36.44453818215503560 ) ) ;
#640 = LINE ( 'NONE', #89, #556 ) ;
#641 = DIRECTION ( 'NONE',  ( -1.745740669421566678E-14, 1.000000000000000000, 0.000000000000000000 ) ) ;
#642 = CARTESIAN_POINT ( 'NONE',  ( 22.00000000000000000, -4.816175412436839590E-16, 24.44453818215502849 ) ) ;
#643 = DIRECTION ( 'NONE',  ( -0.000000000000000000, -0.000000000000000000, 1.000000000000000000 ) ) ;
#644 = ORIENTED_EDGE ( 'NONE', *, *, #1064, .F. ) ;
#645 = ORIENTED_EDGE ( 'NONE', *, *, #982, .T. ) ;
#646 = EDGE_CURVE ( 'NONE', #277, #957, #504, .T. ) ;
#647 = CARTESIAN_POINT ( 'NONE',  ( 21.99812467434407637, -0.3289598756763452703, 29.42818460713961315 ) ) ;
#648 = CARTESIAN_POINT ( 'NONE',  ( -21.98577371528028834, 0.8054271279348406143, 24.57216911187133235 ) ) ;
#649 =( LENGTH_UNIT ( ) NAMED_UNIT ( * ) SI_UNIT ( .MILLI., .METRE. ) );
#650 = LINE ( 'NONE', #201, #363 ) ;
#651 = EDGE_LOOP ( 'NONE', ( #1010, #923, #987, #1286 ) ) ;
#652 = CARTESIAN_POINT ( 'NONE',  ( 0.000000000000000000, 0.000000000000000000, 39.44453818215502849 ) ) ;
#653 = AXIS2_PLACEMENT_3D ( 'NONE', #954, #1098, #1319 ) ;
#654 = DIRECTION ( 'NONE',  ( -0.000000000000000000, -0.000000000000000000, 1.000000000000000000 ) ) ;
#655 = VECTOR ( 'NONE', #91, 1000.000000000000000 ) ;
#656 = CARTESIAN_POINT ( 'NONE',  ( -21.99818308731058281, -0.3256033360295849111, 24.46037340785244396 ) ) ;
#657 = CARTESIAN_POINT ( 'NONE',  ( 2.372333281314589204, 21.87180861275326649, 26.13900585710746327 ) ) ;
#658 = EDGE_CURVE ( 'NONE', #173, #844, #935, .T. ) ;
#659 = DIRECTION ( 'NONE',  ( 0.000000000000000000, 0.000000000000000000, -1.000000000000000000 ) ) ;
#660 = VERTEX_POINT ( 'NONE', #1410 ) ;
#661 = DIRECTION ( 'NONE',  ( 1.000000000000000000, 0.000000000000000000, 0.000000000000000000 ) ) ;
#662 = DIRECTION ( 'NONE',  ( 1.000000000000000000, 0.000000000000000000, 0.000000000000000000 ) ) ;
#663 = CARTESIAN_POINT ( 'NONE',  ( 0.000000000000000000, 0.000000000000000000, 0.000000000000000000 ) ) ;
#664 = CARTESIAN_POINT ( 'NONE',  ( 15.41749661208787536, 0.000000000000000000, 9.827121527883900143 ) ) ;
#665 = EDGE_CURVE ( 'NONE', #402, #1127, #1058, .T. ) ;
#666 = LINE ( 'NONE', #887, #1361 ) ;
#667 = EDGE_LOOP ( 'NONE', ( #330, #763, #1061, #449 ) ) ;
#668 = CARTESIAN_POINT ( 'NONE',  ( -2.500000000000121236, 16.99999999999997868, 26.94453818215503205 ) ) ;
#669 = CARTESIAN_POINT ( 'NONE',  ( -21.91962527302373331, -1.882394045477402189, 25.29131139053338373 ) ) ;
#670 = LINE ( 'NONE', #1133, #1151 ) ;
#671 = CARTESIAN_POINT ( 'NONE',  ( -16.88560542357291183, 2.128598752165001682E-15, -48.29205746812344557 ) ) ;
#672 = EDGE_CURVE ( 'NONE', #94, #1049, #122, .T. ) ;
#673 = ORIENTED_EDGE ( 'NONE', *, *, #460, .T. ) ;
#674 = DIRECTION ( 'NONE',  ( 1.000000000000000000, 0.000000000000000000, 0.000000000000000000 ) ) ;
#675 = CIRCLE ( 'NONE', #938, 2.500000000000002220 ) ;
#676 = AXIS2_PLACEMENT_3D ( 'NONE', #385, #522, #960 ) ;
#677 = CARTESIAN_POINT ( 'NONE',  ( 21.94743439942864072, 1.526063665401292679, 28.93153263313960366 ) ) ;
#678 = DIRECTION ( 'NONE',  ( -1.000000000000000000, -1.224646799147353454E-16, 0.000000000000000000 ) ) ;
#679 = AXIS2_PLACEMENT_3D ( 'NONE', #880, #542, #1338 ) ;
#680 = CIRCLE ( 'NONE', #1384, 7.034974387796470552 ) ;
#681 = DIRECTION ( 'NONE',  ( -1.000000000000000000, -1.047444401652940007E-14, -0.000000000000000000 ) ) ;
#682 = AXIS2_PLACEMENT_3D ( 'NONE', #1279, #399, #1305 ) ;
#683 = ORIENTED_EDGE ( 'NONE', *, *, #1103, .T. ) ;
#684 = EDGE_CURVE ( 'NONE', #609, #523, #818, .T. ) ;
#685 = DIRECTION ( 'NONE',  ( -1.000000000000000000, 0.000000000000000000, 0.000000000000000000 ) ) ;
#686 = CARTESIAN_POINT ( 'NONE',  ( 2.500000000000154987, -21.85749299439437365, 26.94453818215503205 ) ) ;
#687 = DIRECTION ( 'NONE',  ( 0.000000000000000000, 0.000000000000000000, -1.000000000000000000 ) ) ;
#688 = VERTEX_POINT ( 'NONE', #217 ) ;
#689 = DIRECTION ( 'NONE',  ( -1.000000000000000000, -6.938893903907222067E-15, 0.000000000000000000 ) ) ;
#690 = ADVANCED_FACE ( 'NONE', ( #550 ), #295, .T. ) ;
#691 = CARTESIAN_POINT ( 'NONE',  ( 21.89289946886686522, 2.170077829365500310, 25.69257590403774572 ) ) ;
#692 = CARTESIAN_POINT ( 'NONE',  ( 1.187103655206665341E-13, -16.99999999999999645, 26.94453818215503205 ) ) ;
#693 = CARTESIAN_POINT ( 'NONE',  ( 16.99999999999995381, 2.500000000000298872, 26.94453818215503205 ) ) ;
#694 = CARTESIAN_POINT ( 'NONE',  ( -18.48859821081602206, 2.264200261959732382E-15, 40.20990504688519707 ) ) ;
#695 = VERTEX_POINT ( 'NONE', #543 ) ;
#696 = CYLINDRICAL_SURFACE ( 'NONE', #484, 2.500000000000002220 ) ;
#697 = CARTESIAN_POINT ( 'NONE',  ( 2.420165369323258986, -21.86650002740145737, 26.29695272531544603 ) ) ;
#698 = AXIS2_PLACEMENT_3D ( 'NONE', #601, #1146, #6 ) ;
#699 = FACE_OUTER_BOUND ( 'NONE', #1403, .T. ) ;
#700 = AXIS2_PLACEMENT_3D ( 'NONE', #1269, #248, #706 ) ;
#701 = AXIS2_PLACEMENT_3D ( 'NONE', #927, #934, #1376 ) ;
#702 = CARTESIAN_POINT ( 'NONE',  ( 0.000000000000000000, 0.000000000000000000, 12.47397543367730499 ) ) ;
#703 = EDGE_LOOP ( 'NONE', ( #365, #168, #593, #1330 ) ) ;
#704 = DIRECTION ( 'NONE',  ( 0.000000000000000000, 0.000000000000000000, -1.000000000000000000 ) ) ;
#705 = CARTESIAN_POINT ( 'NONE',  ( -0.6488332366402713713, -21.99101516438802051, 24.52467122422517321 ) ) ;
#706 = DIRECTION ( 'NONE',  ( 1.110223024625155594E-14, -1.000000000000000000, 0.000000000000000000 ) ) ;
#707 = EDGE_CURVE ( 'NONE', #1085, #1162, #666, .T. ) ;
#708 = DIRECTION ( 'NONE',  ( -1.000000000000000000, 0.000000000000000000, 0.000000000000000000 ) ) ;
#709 = ORIENTED_EDGE ( 'NONE', *, *, #452, .F. ) ;
#710 = UNCERTAINTY_MEASURE_WITH_UNIT (LENGTH_MEASURE( 1.000000000000000082E-05 ), #649, 'distance_accuracy_value', 'NONE');
#711 = CARTESIAN_POINT ( 'NONE',  ( 21.89292752784536589, -2.169826709125703523, 25.69198594881282816 ) ) ;
#712 = CARTESIAN_POINT ( 'NONE',  ( 16.99999999999999645, 2.967759138016663731E-13, 26.94453818215503205 ) ) ;
#713 = EDGE_LOOP ( 'NONE', ( #214, #866, #1278, #979 ) ) ;
#714 = FACE_OUTER_BOUND ( 'NONE', #1192, .T. ) ;
#715 = DIRECTION ( 'NONE',  ( -1.000000000000000000, 0.000000000000000000, -0.000000000000000000 ) ) ;
#716 = PRODUCT_RELATED_PRODUCT_CATEGORY ( 'part', '', ( #175 ) ) ;
#717 = ORIENTED_EDGE ( 'NONE', *, *, #247, .T. ) ;
#718 = EDGE_CURVE ( 'NONE', #524, #1411, #1128, .T. ) ;
#719 = FACE_OUTER_BOUND ( 'NONE', #876, .T. ) ;
#720 = CYLINDRICAL_SURFACE ( 'NONE', #1362, 2.500000000000002220 ) ;
#721 = CARTESIAN_POINT ( 'NONE',  ( 0.000000000000000000, 0.000000000000000000, -48.29205746812344557 ) ) ;
#722 = CARTESIAN_POINT ( 'NONE',  ( -17.00000000000002487, 2.499999999999824141, 26.94453818215503205 ) ) ;
#723 = CIRCLE ( 'NONE', #1108, 18.48859821081602561 ) ;
#724 = CARTESIAN_POINT ( 'NONE',  ( -21.85749299439441984, 2.499999999999773070, 26.94453818215503205 ) ) ;
#725 = ORIENTED_EDGE ( 'NONE', *, *, #808, .T. ) ;
#726 = AXIS2_PLACEMENT_3D ( 'NONE', #692, #816, #451 ) ;
#727 = CONICAL_SURFACE ( 'NONE', #149, 18.02588688174046183, 0.1308996938995758141 ) ;
#728 = EDGE_CURVE ( 'NONE', #277, #229, #29, .T. ) ;
#729 = CARTESIAN_POINT ( 'NONE',  ( 21.91026953594274929, -1.987086447405733036, 25.41858847937238863 ) ) ;
#730 = CARTESIAN_POINT ( 'NONE',  ( -20.33635727583860131, 0.000000000000000000, 39.44453818215502849 ) ) ;
#731 = ORIENTED_EDGE ( 'NONE', *, *, #1092, .F. ) ;
#732 = CARTESIAN_POINT ( 'NONE',  ( -1.526376908303520574, 21.94741259023844293, 24.95778339128212764 ) ) ;
#733 = LINE ( 'NONE', #378, #480 ) ;
#734 = ORIENTED_EDGE ( 'NONE', *, *, #737, .F. ) ;
#735 = CARTESIAN_POINT ( 'NONE',  ( 10.46027230521882778, 1.735160570322611642E-15, 9.174490566783637391 ) ) ;
#736 = CARTESIAN_POINT ( 'NONE',  ( 2.246013834931720243, -21.88514037433575865, 28.05445634147861611 ) ) ;
#737 = EDGE_CURVE ( 'NONE', #1185, #918, #1236, .T. ) ;
#738 = VERTEX_POINT ( 'NONE', #434 ) ;
#739 = CARTESIAN_POINT ( 'NONE',  ( -1.522678120594854079, 21.94766476388392817, 28.93404107701998029 ) ) ;
#740 = CARTESIAN_POINT ( 'NONE',  ( -21.94753710122502710, 1.524511363739045056, 28.93263840315518109 ) ) ;
#741 = VERTEX_POINT ( 'NONE', #1339 ) ;
#742 = CARTESIAN_POINT ( 'NONE',  ( -15.87697646299275611, 1.944368840554194400E-15, -47.29205746812343847 ) ) ;
#743 = CARTESIAN_POINT ( 'NONE',  ( -7.000000000000000000, 0.000000000000000000, 12.47397543367730499 ) ) ;
#744 = EDGE_LOOP ( 'NONE', ( #1388, #1100 ) ) ;
#745 = CARTESIAN_POINT ( 'NONE',  ( -1.107327015447417518, 21.97263729921869313, 29.19190808251124736 ) ) ;
#746 = CARTESIAN_POINT ( 'NONE',  ( 0.000000000000000000, 0.000000000000000000, 0.000000000000000000 ) ) ;
#747 = ORIENTED_EDGE ( 'NONE', *, *, #239, .T. ) ;
#748 = AXIS2_PLACEMENT_3D ( 'NONE', #14, #242, #1160 ) ;
#749 = ORIENTED_EDGE ( 'NONE', *, *, #534, .F. ) ;
#750 = AXIS2_PLACEMENT_3D ( 'NONE', #433, #900, #775 ) ;
#751 = CARTESIAN_POINT ( 'NONE',  ( 21.97260091866928278, -1.108042111549807585, 29.19155342869257197 ) ) ;
#752 = CARTESIAN_POINT ( 'NONE',  ( 2.499999999999849454, 21.85749299439440918, 26.94453818215503205 ) ) ;
#753 = CARTESIAN_POINT ( 'NONE',  ( 1.987459127975954587, 21.91023532593751000, 28.46998889895576923 ) ) ;
#754 = CARTESIAN_POINT ( 'NONE',  ( -2.499999999999883205, -17.00000000000001421, 26.94453818215503205 ) ) ;
#755 = ADVANCED_FACE ( 'NONE', ( #110 ), #1009, .F. ) ;
#756 = ORIENTED_EDGE ( 'NONE', *, *, #665, .T. ) ;
#757 = VERTEX_POINT ( 'NONE', #1222 ) ;
#758 = CARTESIAN_POINT ( 'NONE',  ( 0.000000000000000000, 0.000000000000000000, 41.44453818215502849 ) ) ;
#759 = CARTESIAN_POINT ( 'NONE',  ( -21.93820704670906707, -1.651802357412646138, 25.06089407059087648 ) ) ;
#760 = SURFACE_SIDE_STYLE ('',( #439 ) ) ;
#761 = LINE ( 'NONE', #193, #578 ) ;
#762 = ADVANCED_FACE ( 'NONE', ( #99 ), #340, .F. ) ;
#763 = ORIENTED_EDGE ( 'NONE', *, *, #617, .F. ) ;
#764 = CARTESIAN_POINT ( 'NONE',  ( 0.000000000000000000, 0.000000000000000000, 12.47397543367730499 ) ) ;
#765 = CARTESIAN_POINT ( 'NONE',  ( -21.96463113733112493, 1.254338011792877516, 24.77586680959281651 ) ) ;
#766 = CARTESIAN_POINT ( 'NONE',  ( -16.99999999999997158, -2.500000000000180300, 26.94453818215503205 ) ) ;
#767 = DIRECTION ( 'NONE',  ( -0.000000000000000000, -0.000000000000000000, 1.000000000000000000 ) ) ;
#768 = ORIENTED_EDGE ( 'NONE', *, *, #772, .T. ) ;
#769 = AXIS2_PLACEMENT_3D ( 'NONE', #60, #858, #1283 ) ;
#770 = CARTESIAN_POINT ( 'NONE',  ( 20.33635727583860131, 2.490485484417273173E-15, 39.44453818215502849 ) ) ;
#771 = CIRCLE ( 'NONE', #795, 2.500000000000002220 ) ;
#772 = EDGE_CURVE ( 'NONE', #1411, #1379, #650, .T. ) ;
#773 = AXIS2_PLACEMENT_3D ( 'NONE', #361, #590, #678 ) ;
#774 = CARTESIAN_POINT ( 'NONE',  ( -21.87180217443843233, 2.372391861203980490, 26.13918650449279824 ) ) ;
#775 = DIRECTION ( 'NONE',  ( -1.804112415015877800E-14, 1.000000000000000000, 0.000000000000000000 ) ) ;
#776 = CIRCLE ( 'NONE', #441, 18.99999999999999289 ) ;
#777 = CARTESIAN_POINT ( 'NONE',  ( 0.000000000000000000, 0.000000000000000000, 12.47397543367730499 ) ) ;
#778 = EDGE_LOOP ( 'NONE', ( #623, #725, #69, #908 ) ) ;
#779 = DIRECTION ( 'NONE',  ( -0.000000000000000000, -0.000000000000000000, 1.000000000000000000 ) ) ;
#780 = PLANE ( 'NONE',  #5 ) ;
#781 = EDGE_CURVE ( 'NONE', #529, #506, #723, .T. ) ;
#782 = CARTESIAN_POINT ( 'NONE',  ( 1.650858423625602756, 21.93828549840420195, 25.05989206468396091 ) ) ;
#783 = DIRECTION ( 'NONE',  ( 1.110223024625155594E-14, -1.000000000000000000, 0.000000000000000000 ) ) ;
#784 = ORIENTED_EDGE ( 'NONE', *, *, #41, .T. ) ;
#785 = CARTESIAN_POINT ( 'NONE',  ( 0.000000000000000000, 0.000000000000000000, 0.000000000000000000 ) ) ;
#786 = DIRECTION ( 'NONE',  ( 0.000000000000000000, 0.000000000000000000, -1.000000000000000000 ) ) ;
#787 = CARTESIAN_POINT ( 'NONE',  ( 2.483638611086326886, 21.85938187921189879, 26.61550108657569425 ) ) ;
#788 = LINE ( 'NONE', #84, #1432 ) ;
#789 = EDGE_CURVE ( 'NONE', #506, #529, #8, .T. ) ;
#790 = EDGE_LOOP ( 'NONE', ( #897, #717, #731, #1320 ) ) ;
#791 = AXIS2_PLACEMENT_3D ( 'NONE', #742, #595, #260 ) ;
#792 = VECTOR ( 'NONE', #274, 999.9999999999998863 ) ;
#793 = CARTESIAN_POINT ( 'NONE',  ( 0.000000000000000000, 0.000000000000000000, 12.33884477595226592 ) ) ;
#794 = CARTESIAN_POINT ( 'NONE',  ( 0.6492391138677976459, -21.99101071270167651, 24.52470955891509519 ) ) ;
#795 = AXIS2_PLACEMENT_3D ( 'NONE', #538, #93, #783 ) ;
#796 = AXIS2_PLACEMENT_3D ( 'NONE', #1352, #1347, #321 ) ;
#797 = CARTESIAN_POINT ( 'NONE',  ( 0.000000000000000000, 0.000000000000000000, 12.33884477595226592 ) ) ;
#798 = VECTOR ( 'NONE', #848, 999.9999999999998863 ) ;
#799 = EDGE_CURVE ( 'NONE', #695, #888, #1454, .T. ) ;
#800 = ORIENTED_EDGE ( 'NONE', *, *, #1253, .T. ) ;
#801 = CARTESIAN_POINT ( 'NONE',  ( 2.499999999999883205, 17.00000000000001421, 26.94453818215503205 ) ) ;
#802 = DIRECTION ( 'NONE',  ( -0.000000000000000000, -0.000000000000000000, 1.000000000000000000 ) ) ;
#803 = CARTESIAN_POINT ( 'NONE',  ( -1.884230952082890376, -21.91947485373590609, 25.29320591935412921 ) ) ;
#804 = LINE ( 'NONE', #693, #577 ) ;
#805 = CARTESIAN_POINT ( 'NONE',  ( -21.93819087815973390, -1.652009254083814938, 28.82798795912822598 ) ) ;
#806 = VERTEX_POINT ( 'NONE', #1114 ) ;
#807 = APPLICATION_PROTOCOL_DEFINITION ( 'draft international standard', 'automotive_design', 1998, #276 ) ;
#808 = EDGE_CURVE ( 'NONE', #523, #413, #761, .T. ) ;
#809 = CARTESIAN_POINT ( 'NONE',  ( 21.97263310337013564, 1.107287799294962127, 29.19185865361915688 ) ) ;
#810 = CARTESIAN_POINT ( 'NONE',  ( -1.107595720774464665, -21.97262398825696295, 24.69729754555507029 ) ) ;
#811 = CARTESIAN_POINT ( 'NONE',  ( 0.000000000000000000, 0.000000000000000000, 12.33884477595226592 ) ) ;
#812 = FACE_OUTER_BOUND ( 'NONE', #161, .T. ) ;
#813 = ORIENTED_EDGE ( 'NONE', *, *, #266, .F. ) ;
#814 = CARTESIAN_POINT ( 'NONE',  ( -1.187103655206665341E-13, 16.99999999999999645, 26.94453818215503205 ) ) ;
#815 = CYLINDRICAL_SURFACE ( 'NONE', #420, 21.99999999999999289 ) ;
#816 = DIRECTION ( 'NONE',  ( 6.982962677686266711E-15, -1.000000000000000000, 0.000000000000000000 ) ) ;
#817 = EDGE_CURVE ( 'NONE', #844, #506, #788, .T. ) ;
#818 = CIRCLE ( 'NONE', #1149, 18.99999999999999289 ) ;
#819 = CYLINDRICAL_SURFACE ( 'NONE', #603, 2.500000000000002220 ) ;
#820 = CIRCLE ( 'NONE', #989, 21.99999999999999289 ) ;
#821 = FACE_OUTER_BOUND ( 'NONE', #822, .T. ) ;
#822 = EDGE_LOOP ( 'NONE', ( #180, #383 ) ) ;
#823 = DIRECTION ( 'NONE',  ( -6.982962677686266711E-15, 1.000000000000000000, -0.000000000000000000 ) ) ;
#824 = DIRECTION ( 'NONE',  ( 1.000000000000000000, 1.745740669421566678E-14, -0.000000000000000000 ) ) ;
#825 = EDGE_CURVE ( 'NONE', #1252, #757, #771, .T. ) ;
#826 = VERTEX_POINT ( 'NONE', #671 ) ;
#827 = DIRECTION ( 'NONE',  ( -0.000000000000000000, -0.000000000000000000, 1.000000000000000000 ) ) ;
#828 = LINE ( 'NONE', #1277, #792 ) ;
#829 = EDGE_LOOP ( 'NONE', ( #970, #1179, #951, #978 ) ) ;
#830 = CARTESIAN_POINT ( 'NONE',  ( 21.99104409903932833, -0.6477344225753530749, 24.52441006984142291 ) ) ;
#831 = CARTESIAN_POINT ( 'NONE',  ( -0.3295565019295718656, -21.99811213194028880, 29.42807234271451122 ) ) ;
#832 = EDGE_LOOP ( 'NONE', ( #375, #1461, #412, #850 ) ) ;
#833 = CARTESIAN_POINT ( 'NONE',  ( 20.33635727583860131, 2.490485484417273173E-15, 41.44453818215502849 ) ) ;
#834 = CARTESIAN_POINT ( 'NONE',  ( -21.85749299439441984, 2.499999999999773515, 27.10780412195427047 ) ) ;
#835 = ADVANCED_FACE ( 'NONE', ( #997, #1124 ), #557, .T. ) ;
#836 = ORIENTED_EDGE ( 'NONE', *, *, #906, .T. ) ;
#837 = ORIENTED_EDGE ( 'NONE', *, *, #924, .T. ) ;
#838 = CARTESIAN_POINT ( 'NONE',  ( 0.000000000000000000, 0.000000000000000000, -47.42258366034350558 ) ) ;
#839 = CARTESIAN_POINT ( 'NONE',  ( 2.433457143917174825, -21.86536246516537219, 27.60353150315320292 ) ) ;
#840 = EDGE_LOOP ( 'NONE', ( #482, #194 ) ) ;
#841 = CARTESIAN_POINT ( 'NONE',  ( -1.882669717801209286, 21.91960135072732641, 25.29162891453285056 ) ) ;
#842 = AXIS2_PLACEMENT_3D ( 'NONE', #422, #1452, #442 ) ;
#843 = FACE_OUTER_BOUND ( 'NONE', #667, .T. ) ;
#844 = VERTEX_POINT ( 'NONE', #901 ) ;
#845 = CIRCLE ( 'NONE', #322, 2.500000000000002220 ) ;
#846 = EDGE_CURVE ( 'NONE', #1271, #1185, #845, .T. ) ;
#847 = STYLED_ITEM ( 'NONE', ( #328 ), #1210 ) ;
#848 = DIRECTION ( 'NONE',  ( 0.1305261922200525448, 1.598484835071795301E-17, -0.9914448613738103822 ) ) ;
#849 = CARTESIAN_POINT ( 'NONE',  ( 18.99999999999999289, 0.000000000000000000, 36.44453818215503560 ) ) ;
#850 = ORIENTED_EDGE ( 'NONE', *, *, #469, .F. ) ;
#851 = CARTESIAN_POINT ( 'NONE',  ( -1.881830865452937873, 21.91967355718285049, 28.59839913269687628 ) ) ;
#852 = CARTESIAN_POINT ( 'NONE',  ( -21.88500565586736357, 2.247322277049353278, 28.05182218643097514 ) ) ;
#853 = ORIENTED_EDGE ( 'NONE', *, *, #737, .T. ) ;
#854 = CARTESIAN_POINT ( 'NONE',  ( 2.500000000000121236, -16.99999999999997868, 26.94453818215503205 ) ) ;
#855 = DIRECTION ( 'NONE',  ( -6.982962677686266711E-15, 1.000000000000000000, -0.000000000000000000 ) ) ;
#856 = ORIENTED_EDGE ( 'NONE', *, *, #221, .F. ) ;
#857 = DIRECTION ( 'NONE',  ( -1.000000000000000000, -1.224646799147353454E-16, 0.000000000000000000 ) ) ;
#858 = DIRECTION ( 'NONE',  ( 0.000000000000000000, -1.000000000000000000, 0.000000000000000000 ) ) ;
#859 = ORIENTED_EDGE ( 'NONE', *, *, #825, .T. ) ;
#860 = CARTESIAN_POINT ( 'NONE',  ( 0.000000000000000000, 0.000000000000000000, 14.14826607034979489 ) ) ;
#861 = DIRECTION ( 'NONE',  ( -0.000000000000000000, -0.000000000000000000, 1.000000000000000000 ) ) ;
#862 = EDGE_CURVE ( 'NONE', #229, #1200, #355, .T. ) ;
#863 = CARTESIAN_POINT ( 'NONE',  ( -2.246013834931720243, 21.88514037433575865, 28.05445634147861611 ) ) ;
#864 = DIRECTION ( 'NONE',  ( -6.982962677686266711E-15, 1.000000000000000000, -0.000000000000000000 ) ) ;
#865 = CIRCLE ( 'NONE', #1059, 2.000000000000001776 ) ;
#866 = ORIENTED_EDGE ( 'NONE', *, *, #1276, .F. ) ;
#867 = AXIS2_PLACEMENT_3D ( 'NONE', #213, #428, #1327 ) ;
#868 = VERTEX_POINT ( 'NONE', #134 ) ;
#869 = TOROIDAL_SURFACE ( 'NONE', #1343, 15.87697646299275611, 1.000000000000000000 ) ;
#870 = AXIS2_PLACEMENT_3D ( 'NONE', #554, #802, #245 ) ;
#871 = CARTESIAN_POINT ( 'NONE',  ( 21.96463649739858681, -1.254243229569554696, 29.11326320494380226 ) ) ;
#872 = CARTESIAN_POINT ( 'NONE',  ( -21.87184891399574482, -2.371964089273423948, 26.13791029051300541 ) ) ;
#873 = LINE ( 'NONE', #1221, #1175 ) ;
#874 = ADVANCED_FACE ( 'NONE', ( #13 ), #440, .T. ) ;
#875 = DIRECTION ( 'NONE',  ( 1.000000000000000000, 0.000000000000000000, 0.000000000000000000 ) ) ;
#876 = EDGE_LOOP ( 'NONE', ( #988, #1373, #683, #545, #181 ) ) ;
#877 = EDGE_LOOP ( 'NONE', ( #350, #264, #1244, #1182, #1425 ) ) ;
#878 = CARTESIAN_POINT ( 'NONE',  ( 22.00000000000000000, -0.1631904594523452268, 29.44453818215501428 ) ) ;
#879 = FACE_OUTER_BOUND ( 'NONE', #309, .T. ) ;
#880 = CARTESIAN_POINT ( 'NONE',  ( 0.000000000000000000, 0.000000000000000000, 41.44453818215502849 ) ) ;
#881 = CARTESIAN_POINT ( 'NONE',  ( -16.99999999999999645, -1.780655482809997885E-13, 26.94453818215503205 ) ) ;
#882 = EDGE_CURVE ( 'NONE', #1411, #524, #820, .T. ) ;
#883 = ORIENTED_EDGE ( 'NONE', *, *, #658, .T. ) ;
#884 = CARTESIAN_POINT ( 'NONE',  ( -21.85749299439441984, 2.499999999999773070, 26.94453818215503205 ) ) ;
#885 = CARTESIAN_POINT ( 'NONE',  ( -21.89303262370264491, 2.168728009140794999, 25.69030022961366910 ) ) ;
#886 = DIRECTION ( 'NONE',  ( 0.3826834323650830649, 0.000000000000000000, 0.9238795325112895140 ) ) ;
#887 = CARTESIAN_POINT ( 'NONE',  ( -22.00000000000000000, 2.694222958124176809E-15, 0.000000000000000000 ) ) ;
#888 = VERTEX_POINT ( 'NONE', #1357 ) ;
#889 = CIRCLE ( 'NONE', #653, 16.88560542357291183 ) ;
#890 = EDGE_CURVE ( 'NONE', #259, #423, #1466, .T. ) ;
#891 = CARTESIAN_POINT ( 'NONE',  ( 21.99999999999999645, 0.000000000000000000, 41.44453818215502849 ) ) ;
#892 = VECTOR ( 'NONE', #166, 1000.000000000000000 ) ;
#893 = VECTOR ( 'NONE', #1141, 1000.000000000000000 ) ;
#894 = CARTESIAN_POINT ( 'NONE',  ( -21.88503798045152493, 2.247017155045892167, 25.83650010846361766 ) ) ;
#895 = SURFACE_STYLE_USAGE ( .BOTH. , #760 ) ;
#896 = CARTESIAN_POINT ( 'NONE',  ( 0.000000000000000000, 0.000000000000000000, 40.20990504688519707 ) ) ;
#897 = ORIENTED_EDGE ( 'NONE', *, *, #398, .F. ) ;
#898 = DIRECTION ( 'NONE',  ( -0.000000000000000000, -0.000000000000000000, 1.000000000000000000 ) ) ;
#899 = B_SPLINE_CURVE_WITH_KNOTS ( 'NONE', 3,
 ( #450, #1132, #904, #1254, #346, #1249, #691, #1261, #226, #455, #1142, #119, #573, #1030, #11, #477 ),
 .UNSPECIFIED., .F., .F.,
 ( 4, 2, 2, 2, 2, 2, 2, 4 ),
 ( 0.01173457954527694531, 0.01222313891538383962, 0.01271169828549073393, 0.01320025765559762823, 0.01368881702570452080, 0.01417737639581141684, 0.01466593576591830941, 0.01564305450613209802 ),
 .UNSPECIFIED. ) ;
#900 = DIRECTION ( 'NONE',  ( 1.000000000000000000, 1.745740669421566678E-14, 0.000000000000000000 ) ) ;
#901 = CARTESIAN_POINT ( 'NONE',  ( -7.102539716658993640, 1.567005257471035456E-15, 12.72152820831734843 ) ) ;
#902 = ORIENTED_EDGE ( 'NONE', *, *, #569, .F. ) ;
#903 = PRODUCT_CONTEXT ( 'NONE', #404, 'mechanical' ) ;
#904 = CARTESIAN_POINT ( 'NONE',  ( 21.85936528509476418, 2.483781503431905513, 26.61687802591164242 ) ) ;
#905 = CARTESIAN_POINT ( 'NONE',  ( 2.500000000000154543, -21.85749299439437365, 26.77921353978805996 ) ) ;
#906 = EDGE_CURVE ( 'NONE', #423, #1085, #937, .T. ) ;
#907 = DIRECTION ( 'NONE',  ( -1.000000000000000000, -6.982962677686266711E-15, 0.000000000000000000 ) ) ;
#908 = ORIENTED_EDGE ( 'NONE', *, *, #1018, .F. ) ;
#909 = CARTESIAN_POINT ( 'NONE',  ( -1.187103655206665341E-13, 16.99999999999999645, 26.94453818215503205 ) ) ;
#910 = TOROIDAL_SURFACE ( 'NONE', #531, 15.41749661208787536, 5.000000000000000000 ) ;
#911 = CIRCLE ( 'NONE', #1245, 2.500000000000002220 ) ;
#912 = FACE_OUTER_BOUND ( 'NONE', #1173, .T. ) ;
#913 = CARTESIAN_POINT ( 'NONE',  ( 0.1641189310406733215, -21.99999320770543676, 24.44459795435113847 ) ) ;
#914 = AXIS2_PLACEMENT_3D ( 'NONE', #1262, #115, #1153 ) ;
#915 = AXIS2_PLACEMENT_3D ( 'NONE', #261, #1171, #1102 ) ;
#916 = CARTESIAN_POINT ( 'NONE',  ( 10.02588688174045473, 0.000000000000000000, 12.47397543367730499 ) ) ;
#917 = CARTESIAN_POINT ( 'NONE',  ( 16.88560542357291183, 0.000000000000000000, -47.29205746812343847 ) ) ;
#918 = VERTEX_POINT ( 'NONE', #370 ) ;
#919 = CARTESIAN_POINT ( 'NONE',  ( 21.99818267363351509, 0.3256240715922217310, 29.42869926178435591 ) ) ;
#920 = CARTESIAN_POINT ( 'NONE',  ( 1.526376908303520574, -21.94741259023844293, 24.95778339128212764 ) ) ;
#921 = CARTESIAN_POINT ( 'NONE',  ( 18.99999999999999289, 0.000000000000000000, 0.000000000000000000 ) ) ;
#922 = DIRECTION ( 'NONE',  ( 1.000000000000000000, 0.000000000000000000, 0.000000000000000000 ) ) ;
#923 = ORIENTED_EDGE ( 'NONE', *, *, #249, .T. ) ;
#924 = EDGE_CURVE ( 'NONE', #580, #844, #200, .T. ) ;
#925 =( NAMED_UNIT ( * ) SI_UNIT ( $, .STERADIAN. ) SOLID_ANGLE_UNIT ( ) );
#926 = CARTESIAN_POINT ( 'NONE',  ( 21.89295142938404837, 2.169558293151022887, 28.19741245353751680 ) ) ;
#927 = CARTESIAN_POINT ( 'NONE',  ( 0.000000000000000000, 0.000000000000000000, 9.827121527883900143 ) ) ;
#928 = FACE_OUTER_BOUND ( 'NONE', #44, .T. ) ;
#929 = CARTESIAN_POINT ( 'NONE',  ( 21.99999999999999289, 0.000000000000000000, 36.44453818215503560 ) ) ;
#930 = EDGE_LOOP ( 'NONE', ( #406, #462, #283, #496 ) ) ;
#931 = ADVANCED_FACE ( 'NONE', ( #928 ), #1246, .T. ) ;
#932 = CARTESIAN_POINT ( 'NONE',  ( 21.96471195504103946, -1.252980506670356098, 24.77503673123022310 ) ) ;
#933 = VECTOR ( 'NONE', #823, 1000.000000000000000 ) ;
#934 = DIRECTION ( 'NONE',  ( -0.000000000000000000, -0.000000000000000000, 1.000000000000000000 ) ) ;
#935 = CIRCLE ( 'NONE', #676, 1.000000000000000888 ) ;
#936 = DIRECTION ( 'NONE',  ( 0.8642289084931787935, 0.000000000000000000, 0.5030987912176780874 ) ) ;
#937 = CIRCLE ( 'NONE', #1341, 21.99999999999999645 ) ;
#938 = AXIS2_PLACEMENT_3D ( 'NONE', #1227, #1331, #540 ) ;
#939 = DIRECTION ( 'NONE',  ( 1.000000000000000000, 6.938893903907222067E-15, 0.000000000000000000 ) ) ;
#940 = ORIENTED_EDGE ( 'NONE', *, *, #604, .T. ) ;
#941 = VERTEX_POINT ( 'NONE', #1251 ) ;
#942 = LINE ( 'NONE', #285, #798 ) ;
#943 = CARTESIAN_POINT ( 'NONE',  ( -1.110480498374023739, -21.97247737158160419, 29.19034956497623767 ) ) ;
#944 = VERTEX_POINT ( 'NONE', #4 ) ;
#945 = EDGE_CURVE ( 'NONE', #738, #173, #366, .T. ) ;
#946 = CARTESIAN_POINT ( 'NONE',  ( -1.985354681029076307, 21.91042697126141547, 28.47273012067066134 ) ) ;
#947 = CARTESIAN_POINT ( 'NONE',  ( 0.000000000000000000, 0.000000000000000000, 14.14826607034979489 ) ) ;
#948 = ORIENTED_EDGE ( 'NONE', *, *, #1218, .T. ) ;
#949 = DIRECTION ( 'NONE',  ( 1.000000000000000000, 0.000000000000000000, 0.000000000000000000 ) ) ;
#950 = CARTESIAN_POINT ( 'NONE',  ( -0.1670972045340107237, -21.99998602974143935, 29.44441524384658848 ) ) ;
#951 = ORIENTED_EDGE ( 'NONE', *, *, #1168, .F. ) ;
#952 = CARTESIAN_POINT ( 'NONE',  ( -2.169653891306084770, 21.89294196173003826, 25.69182696860957549 ) ) ;
#953 = EDGE_CURVE ( 'NONE', #660, #944, #555, .T. ) ;
#954 = CARTESIAN_POINT ( 'NONE',  ( 0.000000000000000000, 0.000000000000000000, -48.29205746812344557 ) ) ;
#955 = EDGE_LOOP ( 'NONE', ( #7, #520 ) ) ;
#956 = LINE ( 'NONE', #743, #1321 ) ;
#957 = VERTEX_POINT ( 'NONE', #1365 ) ;
#958 = CARTESIAN_POINT ( 'NONE',  ( 0.6488332366402713713, 21.99101516438802051, 24.52467122422517321 ) ) ;
#959 = AXIS2_PLACEMENT_3D ( 'NONE', #1090, #67, #1423 ) ;
#960 = DIRECTION ( 'NONE',  ( 0.000000000000000000, 0.000000000000000000, -1.000000000000000000 ) ) ;
#961 = ORIENTED_EDGE ( 'NONE', *, *, #1161, .F. ) ;
#962 = CIRCLE ( 'NONE', #223, 2.500000000000002220 ) ;
#963 = ORIENTED_EDGE ( 'NONE', *, *, #145, .F. ) ;
#964 = AXIS2_PLACEMENT_3D ( 'NONE', #785, #215, #1374 ) ;
#965 = FACE_OUTER_BOUND ( 'NONE', #602, .T. ) ;
#966 = CYLINDRICAL_SURFACE ( 'NONE', #1130, 2.500000000000002220 ) ;
#967 = FACE_OUTER_BOUND ( 'NONE', #629, .T. ) ;
#968 = CARTESIAN_POINT ( 'NONE',  ( 2.170005303695676790, 21.89290941846852334, 28.19676446230388223 ) ) ;
#969 = CARTESIAN_POINT ( 'NONE',  ( -21.85932260353238021, 2.484161093302934109, 27.27016174293150641 ) ) ;
#970 = ORIENTED_EDGE ( 'NONE', *, *, #799, .F. ) ;
#971 = ORIENTED_EDGE ( 'NONE', *, *, #70, .T. ) ;
#972 = ADVANCED_FACE ( 'NONE', ( #699 ), #56, .F. ) ;
#973 = DIRECTION ( 'NONE',  ( 1.224646799147353207E-16, 1.000000000000000000, 0.000000000000000000 ) ) ;
#974 = CARTESIAN_POINT ( 'NONE',  ( 1.651266225227772555, -21.93824733457653409, 28.82864627441525229 ) ) ;
#975 = CARTESIAN_POINT ( 'NONE',  ( -21.93825671755622864, 1.651237135308531112, 25.06022768088289254 ) ) ;
#976 = CARTESIAN_POINT ( 'NONE',  ( 0.3295565019295718656, 21.99811213194028880, 29.42807234271451122 ) ) ;
#977 = CARTESIAN_POINT ( 'NONE',  ( -21.93811006698664912, 1.653086017489227899, 28.82705886211950386 ) ) ;
#978 = ORIENTED_EDGE ( 'NONE', *, *, #341, .F. ) ;
#979 = ORIENTED_EDGE ( 'NONE', *, *, #351, .T. ) ;
#980 = CARTESIAN_POINT ( 'NONE',  ( 21.89303802834581703, -2.168674092787344687, 28.19887135937820943 ) ) ;
#981 = FACE_OUTER_BOUND ( 'NONE', #424, .T. ) ;
#982 = EDGE_CURVE ( 'NONE', #1271, #1017, #804, .T. ) ;
#983 = DIRECTION ( 'NONE',  ( -0.000000000000000000, -0.000000000000000000, 1.000000000000000000 ) ) ;
#984 = CARTESIAN_POINT ( 'NONE',  ( 1.987557621561970800, 21.91022319570530996, 25.41937561677322321 ) ) ;
#985 = B_SPLINE_CURVE_WITH_KNOTS ( 'NONE', 3,
 ( #1206, #497, #280, #48, #298, #384, #952, #1292, #841, #624, #732, #1078, #1183, #289, #159, #1196, #174, #634, #503, #958, #521, #1422, #410, #1113, #782, #1215, #984, #995, #198, #657, #333, #787, #185, #1334 ),
 .UNSPECIFIED., .F., .F.,
 ( 4, 2, 2, 2, 2, 2, 2, 2, 2, 2, 2, 2, 2, 2, 2, 2, 4 ),
 ( 0.000000000000000000, 0.0004889032446265446658, 0.0009778064892530893316, 0.001466709733879633997, 0.001955612978506178663, 0.002444516223132723112, 0.002933419467759267995, 0.003422322712385812878, 0.003911225957012357327, 0.004400129201638901776, 0.004889032446265446225, 0.005377935690891991541, 0.005866838935518535990, 0.006355742180145080439, 0.006844645424771625755, 0.007333548669398170204, 0.007822451914024714653 ),
 .UNSPECIFIED. ) ;
#986 = DIRECTION ( 'NONE',  ( 6.982962677686266711E-15, -1.000000000000000000, -0.000000000000000000 ) ) ;
#987 = ORIENTED_EDGE ( 'NONE', *, *, #230, .T. ) ;
#988 = ORIENTED_EDGE ( 'NONE', *, *, #1050, .F. ) ;
#989 = AXIS2_PLACEMENT_3D ( 'NONE', #19, #1256, #1139 ) ;
#990 = B_SPLINE_CURVE_WITH_KNOTS ( 'NONE', 3,
 ( #147, #253, #1051, #486, #606, #493, #980, #1426, #195, #415, #1313, #871, #751, #1204, #1324, #647, #878, #170 ),
 .UNSPECIFIED., .F., .F.,
 ( 4, 2, 2, 2, 2, 2, 2, 2, 4 ),
 ( 0.003912139927234060607, 0.004400929253507541820, 0.004889718579781023033, 0.005378507906054505114, 0.005867297232327986327, 0.006356086558601467540, 0.006844875884874949620, 0.007333665211148430833, 0.007822454537421912046 ),
 .UNSPECIFIED. ) ;
#991 = CIRCLE ( 'NONE', #1456, 5.000000000000000000 ) ;
#992 = CIRCLE ( 'NONE', #791, 1.000000000000000888 ) ;
#993 = DIRECTION ( 'NONE',  ( 0.000000000000000000, 0.000000000000000000, -1.000000000000000000 ) ) ;
#994 = FACE_OUTER_BOUND ( 'NONE', #1188, .T. ) ;
#995 = CARTESIAN_POINT ( 'NONE',  ( 2.168577347913913211, 21.89304771087767776, 25.69003491951053419 ) ) ;
#996 = ADVANCED_FACE ( 'NONE', ( #714 ), #819, .F. ) ;
#997 = FACE_BOUND ( 'NONE', #744, .T. ) ;
#998 = ORIENTED_EDGE ( 'NONE', *, *, #882, .T. ) ;
#999 = CYLINDRICAL_SURFACE ( 'NONE', #28, 18.99999999999999289 ) ;
#1000 = CARTESIAN_POINT ( 'NONE',  ( -22.00000000000000000, 2.694222924487314655E-15, 24.44453818215502849 ) ) ;
#1001 = DIRECTION ( 'NONE',  ( 0.000000000000000000, 0.000000000000000000, -1.000000000000000000 ) ) ;
#1002 = CARTESIAN_POINT ( 'NONE',  ( 0.000000000000000000, 0.000000000000000000, 36.44453818215503560 ) ) ;
#1003 = ADVANCED_FACE ( 'NONE', ( #128 ), #1021, .T. ) ;
#1004 = ORIENTED_EDGE ( 'NONE', *, *, #247, .F. ) ;
#1005 = DIRECTION ( 'NONE',  ( 1.000000000000000000, 0.000000000000000000, 0.000000000000000000 ) ) ;
#1006 = DIRECTION ( 'NONE',  ( -0.8642289084931787935, 1.058375166516782242E-16, 0.5030987912176780874 ) ) ;
#1007 = CARTESIAN_POINT ( 'NONE',  ( -21.89295695274695674, -2.169504337794126325, 25.69156277579824987 ) ) ;
#1008 = FILL_AREA_STYLE ('',( #549 ) ) ;
#1009 = CYLINDRICAL_SURFACE ( 'NONE', #1054, 2.500000000000002220 ) ;
#1010 = ORIENTED_EDGE ( 'NONE', *, *, #1144, .T. ) ;
#1011 = AXIS2_PLACEMENT_3D ( 'NONE', #356, #371, #135 ) ;
#1012 = CIRCLE ( 'NONE', #10, 10.46027230521882778 ) ;
#1013 = AXIS2_PLACEMENT_3D ( 'NONE', #23, #1382, #368 ) ;
#1014 = CARTESIAN_POINT ( 'NONE',  ( 0.000000000000000000, 0.000000000000000000, 0.000000000000000000 ) ) ;
#1015 =( NAMED_UNIT ( * ) PLANE_ANGLE_UNIT ( ) SI_UNIT ( $, .RADIAN. ) );
#1016 = CARTESIAN_POINT ( 'NONE',  ( 0.000000000000000000, 0.000000000000000000, 0.000000000000000000 ) ) ;
#1017 = VERTEX_POINT ( 'NONE', #1033 ) ;
#1018 = EDGE_CURVE ( 'NONE', #609, #1336, #467, .T. ) ;
#1019 = FACE_OUTER_BOUND ( 'NONE', #713, .T. ) ;
#1020 = DIRECTION ( 'NONE',  ( -0.1305261922200526836, 0.000000000000000000, -0.9914448613738103822 ) ) ;
#1021 = PLANE ( 'NONE',  #268 ) ;
#1022 = ORIENTED_EDGE ( 'NONE', *, *, #808, .F. ) ;
#1023 = CARTESIAN_POINT ( 'NONE',  ( 21.85749299439434878, 2.500000000000383693, 27.10988363752451846 ) ) ;
#1024 = CARTESIAN_POINT ( 'NONE',  ( -15.00000000000000000, 0.000000000000000000, -48.29205746812344557 ) ) ;
#1025 = DIRECTION ( 'NONE',  ( -1.000000000000000000, 0.000000000000000000, 0.000000000000000000 ) ) ;
#1026 = CARTESIAN_POINT ( 'NONE',  ( -21.89304764128854686, -2.168615716747815725, 28.19916427865462438 ) ) ;
#1027 = ORIENTED_EDGE ( 'NONE', *, *, #1064, .T. ) ;
#1028 = DIRECTION ( 'NONE',  ( -6.982962677686266711E-15, 1.000000000000000000, -0.000000000000000000 ) ) ;
#1029 = AXIS2_PLACEMENT_3D ( 'NONE', #947, #779, #1232 ) ;
#1030 = CARTESIAN_POINT ( 'NONE',  ( 21.99219406019750522, 0.6586906800679217522, 24.51101907560002147 ) ) ;
#1031 = CARTESIAN_POINT ( 'NONE',  ( -2.499999999999849454, -21.85749299439441273, 26.78130962641691681 ) ) ;
#1032 = AXIS2_PLACEMENT_3D ( 'NONE', #1332, #72, #662 ) ;
#1033 = CARTESIAN_POINT ( 'NONE',  ( 21.85749299439435589, 2.500000000000383693, 26.94453818215503205 ) ) ;
#1034 = EDGE_CURVE ( 'NONE', #757, #1252, #1225, .T. ) ;
#1035 = PRODUCT_DEFINITION_FORMATION_WITH_SPECIFIED_SOURCE ( 'ANY', '', #175, .NOT_KNOWN. ) ;
#1036 = CARTESIAN_POINT ( 'NONE',  ( -21.85749299439436300, -2.500000000000230926, 27.27495488444323968 ) ) ;
#1037 = ORIENTED_EDGE ( 'NONE', *, *, #452, .T. ) ;
#1038 = DIRECTION ( 'NONE',  ( -0.000000000000000000, -0.000000000000000000, 1.000000000000000000 ) ) ;
#1039 = CARTESIAN_POINT ( 'NONE',  ( 0.3264340483939035531, -21.99817047859173158, 24.46048447805035053 ) ) ;
#1040 = DIRECTION ( 'NONE',  ( -0.000000000000000000, -0.000000000000000000, 1.000000000000000000 ) ) ;
#1041 = DIRECTION ( 'NONE',  ( -0.000000000000000000, -0.000000000000000000, 1.000000000000000000 ) ) ;
#1042 = EDGE_CURVE ( 'NONE', #76, #806, #401, .T. ) ;
#1043 = AXIS2_PLACEMENT_3D ( 'NONE', #721, #633, #1308 ) ;
#1044 = ORIENTED_EDGE ( 'NONE', *, *, #1383, .T. ) ;
#1045 = CYLINDRICAL_SURFACE ( 'NONE', #1013, 2.500000000000002220 ) ;
#1046 = CARTESIAN_POINT ( 'NONE',  ( 1.253092671842447992, -21.96471043806710810, 24.77502675765565243 ) ) ;
#1047 = CARTESIAN_POINT ( 'NONE',  ( 2.499999999999849454, 21.85749299439440563, 27.10772802151779004 ) ) ;
#1048 = FACE_BOUND ( 'NONE', #1121, .T. ) ;
#1049 = VERTEX_POINT ( 'NONE', #833 ) ;
#1050 = EDGE_CURVE ( 'NONE', #1252, #402, #263, .T. ) ;
#1051 = CARTESIAN_POINT ( 'NONE',  ( 21.85938011922858593, -2.483654009135279228, 27.27345977550868028 ) ) ;
#1052 = CONICAL_SURFACE ( 'NONE', #1248, 18.99999999999999645, 0.3926990816987169786 ) ;
#1053 = CARTESIAN_POINT ( 'NONE',  ( -2.420108442972950247, -21.86650667543193194, 27.59271734234154394 ) ) ;
#1054 = AXIS2_PLACEMENT_3D ( 'NONE', #881, #681, #103 ) ;
#1055 = CYLINDRICAL_SURFACE ( 'NONE', #188, 2.500000000000002220 ) ;
#1056 = CARTESIAN_POINT ( 'NONE',  ( -0.8045422925575943518, 21.98580620995379675, 29.31720678262431434 ) ) ;
#1057 = AXIS2_PLACEMENT_3D ( 'NONE', #797, #1377, #474 ) ;
#1058 = B_SPLINE_CURVE_WITH_KNOTS ( 'NONE', 3,
 ( #724, #834, #969, #1207, #1417, #852, #1302, #1178, #282, #977, #740, #612, #626, #1081, #405, #1067, #43, #1310 ),
 .UNSPECIFIED., .F., .F.,
 ( 4, 2, 2, 2, 2, 2, 2, 2, 4 ),
 ( 0.007822451914024716388, 0.008311467131637214484, 0.008800482349249712580, 0.009289497566862210676, 0.009778512784474707037, 0.01026752800208720687, 0.01075654321969970323, 0.01124555843731220132, 0.01173457365492469942 ),
 .UNSPECIFIED. ) ;
#1059 = AXIS2_PLACEMENT_3D ( 'NONE', #770, #1094, #1086 ) ;
#1060 = CARTESIAN_POINT ( 'NONE',  ( -21.86535493215745873, -2.433518972662152002, 27.60322821383333292 ) ) ;
#1061 = ORIENTED_EDGE ( 'NONE', *, *, #469, .T. ) ;
#1062 = CARTESIAN_POINT ( 'NONE',  ( 22.00000000000000000, -4.816175412436839590E-16, 24.44453818215502849 ) ) ;
#1063 = CARTESIAN_POINT ( 'NONE',  ( -2.170005303695676790, -21.89290941846852334, 28.19676446230388223 ) ) ;
#1064 = EDGE_CURVE ( 'NONE', #738, #580, #1381, .T. ) ;
#1065 = ORIENTED_EDGE ( 'NONE', *, *, #505, .T. ) ;
#1066 = DIRECTION ( 'NONE',  ( -1.224646799147353207E-16, 1.000000000000000000, 0.000000000000000000 ) ) ;
#1067 = CARTESIAN_POINT ( 'NONE',  ( -21.99813756138617649, 0.3278994869106079402, 29.42829646473478178 ) ) ;
#1068 = ORIENTED_EDGE ( 'NONE', *, *, #608, .T. ) ;
#1069 = DIRECTION ( 'NONE',  ( 0.000000000000000000, 0.000000000000000000, -1.000000000000000000 ) ) ;
#1070 = CARTESIAN_POINT ( 'NONE',  ( 1.187103655206665341E-13, -16.99999999999999645, 26.94453818215503205 ) ) ;
#1071 = ORIENTED_EDGE ( 'NONE', *, *, #604, .F. ) ;
#1072 = CARTESIAN_POINT ( 'NONE',  ( -0.3260021051736326503, 21.99816555771703008, 29.42854269400654132 ) ) ;
#1073 = FACE_OUTER_BOUND ( 'NONE', #1354, .T. ) ;
#1074 = ORIENTED_EDGE ( 'NONE', *, *, #488, .T. ) ;
#1075 = DIRECTION ( 'NONE',  ( -1.000000000000000000, 0.000000000000000000, 0.000000000000000000 ) ) ;
#1076 = CARTESIAN_POINT ( 'NONE',  ( 0.000000000000000000, 0.000000000000000000, 32.84453818215503418 ) ) ;
#1077 = ORIENTED_EDGE ( 'NONE', *, *, #206, .T. ) ;
#1078 = CARTESIAN_POINT ( 'NONE',  ( -1.253092671842447992, 21.96471043806710810, 24.77502675765565243 ) ) ;
#1079 = AXIS2_PLACEMENT_3D ( 'NONE', #514, #160, #395 ) ;
#1080 = AXIS2_PLACEMENT_3D ( 'NONE', #42, #58, #273 ) ;
#1081 = CARTESIAN_POINT ( 'NONE',  ( -21.98573307754584150, 0.8065386074600651156, 29.31653305060332215 ) ) ;
#1082 = EDGE_CURVE ( 'NONE', #1336, #413, #244, .T. ) ;
#1083 = ORIENTED_EDGE ( 'NONE', *, *, #1136, .F. ) ;
#1084 = CIRCLE ( 'NONE', #59, 10.46027230521882778 ) ;
#1085 = VERTEX_POINT ( 'NONE', #1309 ) ;
#1086 = DIRECTION ( 'NONE',  ( -1.000000000000000000, -1.224646799147351482E-16, 0.000000000000000000 ) ) ;
#1087 = CARTESIAN_POINT ( 'NONE',  ( -2.247553033020147417, -21.88498179647533348, 28.05134256502741863 ) ) ;
#1088 = ORIENTED_EDGE ( 'NONE', *, *, #617, .T. ) ;
#1089 = CARTESIAN_POINT ( 'NONE',  ( 0.6491325906007168189, 21.99100206305302763, 29.36428533722100553 ) ) ;
#1090 = CARTESIAN_POINT ( 'NONE',  ( 0.000000000000000000, 0.000000000000000000, 41.44453818215502849 ) ) ;
#1091 = ORIENTED_EDGE ( 'NONE', *, *, #15, .T. ) ;
#1092 = EDGE_CURVE ( 'NONE', #806, #76, #985, .T. ) ;
#1093 = ORIENTED_EDGE ( 'NONE', *, *, #562, .F. ) ;
#1094 = DIRECTION ( 'NONE',  ( -1.224646799147353207E-16, 1.000000000000000000, 0.000000000000000000 ) ) ;
#1095 = FACE_OUTER_BOUND ( 'NONE', #1147, .T. ) ;
#1096 = CARTESIAN_POINT ( 'NONE',  ( 0.000000000000000000, 0.000000000000000000, 12.47397543367730499 ) ) ;
#1097 = CARTESIAN_POINT ( 'NONE',  ( 0.000000000000000000, 0.000000000000000000, 9.174490566783637391 ) ) ;
#1098 = DIRECTION ( 'NONE',  ( 0.000000000000000000, 0.000000000000000000, -1.000000000000000000 ) ) ;
#1099 = ORIENTED_EDGE ( 'NONE', *, *, #334, .T. ) ;
#1100 = ORIENTED_EDGE ( 'NONE', *, *, #1042, .T. ) ;
#1101 = DIRECTION ( 'NONE',  ( 6.982962677686266711E-15, -1.000000000000000000, 0.000000000000000000 ) ) ;
#1102 = DIRECTION ( 'NONE',  ( 1.000000000000000000, 0.000000000000000000, 0.000000000000000000 ) ) ;
#1103 = EDGE_CURVE ( 'NONE', #757, #124, #447, .T. ) ;
#1104 = CARTESIAN_POINT ( 'NONE',  ( -21.98573677114277913, -0.8062624772557587249, 24.57252161372121790 ) ) ;
#1105 = DIRECTION ( 'NONE',  ( 0.000000000000000000, 0.000000000000000000, -1.000000000000000000 ) ) ;
#1106 = DIRECTION ( 'NONE',  ( -0.000000000000000000, -0.000000000000000000, 1.000000000000000000 ) ) ;
#1107 = AXIS2_PLACEMENT_3D ( 'NONE', #652, #993, #88 ) ;
#1108 = AXIS2_PLACEMENT_3D ( 'NONE', #896, #1106, #1120 ) ;
#1109 = ORIENTED_EDGE ( 'NONE', *, *, #334, .F. ) ;
#1110 = VECTOR ( 'NONE', #898, 1000.000000000000000 ) ;
#1111 = CARTESIAN_POINT ( 'NONE',  ( -21.85936839170607016, -2.483754884874808333, 26.61660303373123782 ) ) ;
#1112 = EDGE_CURVE ( 'NONE', #1185, #1271, #630, .T. ) ;
#1113 = CARTESIAN_POINT ( 'NONE',  ( 1.524557690870597337, 21.94753113817556311, 24.95651506249018325 ) ) ;
#1114 = CARTESIAN_POINT ( 'NONE',  ( -2.500000000000154987, 21.85749299439437365, 26.94453818215503205 ) ) ;
#1115 = VERTEX_POINT ( 'NONE', #642 ) ;
#1116 = DIRECTION ( 'NONE',  ( 1.000000000000000000, 0.000000000000000000, 0.000000000000000000 ) ) ;
#1117 = CARTESIAN_POINT ( 'NONE',  ( -21.99999999999999289, 2.694222958124176020E-15, 36.44453818215503560 ) ) ;
#1118 = CARTESIAN_POINT ( 'NONE',  ( -10.46027230521882778, 0.000000000000000000, 9.174490566783637391 ) ) ;
#1119 = CARTESIAN_POINT ( 'NONE',  ( 18.99999999999999645, 0.000000000000000000, 41.44453818215502849 ) ) ;
#1120 = DIRECTION ( 'NONE',  ( -1.000000000000000000, 0.000000000000000000, 0.000000000000000000 ) ) ;
#1121 = EDGE_LOOP ( 'NONE', ( #1415, #940 ) ) ;
#1122 = CARTESIAN_POINT ( 'NONE',  ( 0.000000000000000000, 0.000000000000000000, 19.44453818215503205 ) ) ;
#1123 = CARTESIAN_POINT ( 'NONE',  ( -21.99812551246269621, 0.3289221739871302508, 24.46088423834611092 ) ) ;
#1124 = FACE_OUTER_BOUND ( 'NONE', #435, .T. ) ;
#1125 = TOROIDAL_SURFACE ( 'NONE', #1107, 20.33635727583860131, 2.000000000000000000 ) ;
#1126 = EDGE_CURVE ( 'NONE', #524, #397, #873, .T. ) ;
#1127 = VERTEX_POINT ( 'NONE', #1439 ) ;
#1128 = CIRCLE ( 'NONE', #1317, 21.99999999999999289 ) ;
#1129 = CIRCLE ( 'NONE', #679, 21.99999999999999645 ) ;
#1130 = AXIS2_PLACEMENT_3D ( 'NONE', #712, #824, #1391 ) ;
#1131 = CIRCLE ( 'NONE', #457, 18.99999999999999289 ) ;
#1132 = CARTESIAN_POINT ( 'NONE',  ( 21.85749299439434168, 2.500000000000384137, 26.77934699554795372 ) ) ;
#1133 = CARTESIAN_POINT ( 'NONE',  ( -18.02588688174046183, 0.000000000000000000, -48.29205746812344557 ) ) ;
#1134 = DIRECTION ( 'NONE',  ( -1.804112415015877800E-14, 1.000000000000000000, 0.000000000000000000 ) ) ;
#1135 = VERTEX_POINT ( 'NONE', #314 ) ;
#1136 = EDGE_CURVE ( 'NONE', #1379, #397, #1129, .T. ) ;
#1137 = CARTESIAN_POINT ( 'NONE',  ( 22.00000000000000000, 2.608802456611147091E-23, 29.44453818215503205 ) ) ;
#1138 = CARTESIAN_POINT ( 'NONE',  ( 1.107757681900229496, -21.97260880692589424, 24.69745511902080892 ) ) ;
#1139 = DIRECTION ( 'NONE',  ( 1.000000000000000000, 0.000000000000000000, 0.000000000000000000 ) ) ;
#1140 = ORIENTED_EDGE ( 'NONE', *, *, #1297, .T. ) ;
#1141 = DIRECTION ( 'NONE',  ( -0.000000000000000000, -0.000000000000000000, 1.000000000000000000 ) ) ;
#1142 = CARTESIAN_POINT ( 'NONE',  ( 21.94732704753040764, 1.527591971948569993, 24.95872752829453134 ) ) ;
#1143 = CARTESIAN_POINT ( 'NONE',  ( -2.419638138995940491, -21.86655867227426597, 26.29486331188346426 ) ) ;
#1144 = EDGE_CURVE ( 'NONE', #1135, #443, #680, .T. ) ;
#1145 = CARTESIAN_POINT ( 'NONE',  ( 16.99999999999999645, 2.967759138016663731E-13, 26.94453818215503205 ) ) ;
#1146 = DIRECTION ( 'NONE',  ( 0.000000000000000000, 0.000000000000000000, -1.000000000000000000 ) ) ;
#1147 = EDGE_LOOP ( 'NONE', ( #1068, #357, #335, #709 ) ) ;
#1148 = CARTESIAN_POINT ( 'NONE',  ( 0.000000000000000000, 0.000000000000000000, 12.20831858373221834 ) ) ;
#1149 = AXIS2_PLACEMENT_3D ( 'NONE', #186, #643, #75 ) ;
#1150 = CARTESIAN_POINT ( 'NONE',  ( 1.652171485012374985, -21.93817900431220025, 25.06122097641699753 ) ) ;
#1151 = VECTOR ( 'NONE', #1020, 999.9999999999998863 ) ;
#1152 = EDGE_CURVE ( 'NONE', #1323, #627, #344, .T. ) ;
#1153 = DIRECTION ( 'NONE',  ( -1.000000000000000000, 0.000000000000000000, 0.000000000000000000 ) ) ;
#1154 = CARTESIAN_POINT ( 'NONE',  ( -22.00000000000000000, 2.746689449838247787E-15, 29.44453818215503205 ) ) ;
#1155 = ORIENTED_EDGE ( 'NONE', *, *, #1345, .T. ) ;
#1156 = LINE ( 'NONE', #225, #893 ) ;
#1157 = DIRECTION ( 'NONE',  ( -1.000000000000000000, 0.000000000000000000, 0.000000000000000000 ) ) ;
#1158 = CARTESIAN_POINT ( 'NONE',  ( -0.8047438471607925026, -21.98579906554365238, 24.57193494943341605 ) ) ;
#1159 = CARTESIAN_POINT ( 'NONE',  ( 2.499999999999849454, 21.85749299439440918, 26.94453818215503205 ) ) ;
#1160 = DIRECTION ( 'NONE',  ( -1.000000000000000000, 1.224646799147353454E-16, 0.000000000000000000 ) ) ;
#1161 = EDGE_CURVE ( 'NONE', #275, #40, #1012, .T. ) ;
#1162 = VERTEX_POINT ( 'NONE', #527 ) ;
#1163 = CARTESIAN_POINT ( 'NONE',  ( 21.94752442046443974, -1.524697750747838976, 24.95657604355051262 ) ) ;
#1164 = FACE_OUTER_BOUND ( 'NONE', #778, .T. ) ;
#1165 = DIRECTION ( 'NONE',  ( 1.047444401652940007E-14, -1.000000000000000000, 0.000000000000000000 ) ) ;
#1166 = DIRECTION ( 'NONE',  ( 1.000000000000000000, 0.000000000000000000, 0.000000000000000000 ) ) ;
#1167 = ORIENTED_EDGE ( 'NONE', *, *, #429, .T. ) ;
#1168 = EDGE_CURVE ( 'NONE', #40, #275, #1084, .T. ) ;
#1169 = DIRECTION ( 'NONE',  ( -1.000000000000000000, 0.000000000000000000, 0.000000000000000000 ) ) ;
#1170 = CIRCLE ( 'NONE', #367, 5.000000000000000888 ) ;
#1171 = DIRECTION ( 'NONE',  ( -0.000000000000000000, -0.000000000000000000, 1.000000000000000000 ) ) ;
#1172 = VECTOR ( 'NONE', #116, 1000.000000000000000 ) ;
#1173 = EDGE_LOOP ( 'NONE', ( #1203, #502, #1140, #1071 ) ) ;
#1174 = CARTESIAN_POINT ( 'NONE',  ( -1.651266225227772555, 21.93824733457653409, 28.82864627441525229 ) ) ;
#1175 = VECTOR ( 'NONE', #81, 1000.000000000000000 ) ;
#1176 = CIRCLE ( 'NONE', #773, 1.000000000000000000 ) ;
#1177 = AXIS2_PLACEMENT_3D ( 'NONE', #567, #704, #1157 ) ;
#1178 = CARTESIAN_POINT ( 'NONE',  ( -21.91027735398298404, 1.986999295041006475, 28.47059537249001337 ) ) ;
#1179 = ORIENTED_EDGE ( 'NONE', *, *, #1209, .T. ) ;
#1180 = CARTESIAN_POINT ( 'NONE',  ( 21.86651518907531511, -2.420031957980690152, 26.29604962878948271 ) ) ;
#1181 = DIRECTION ( 'NONE',  ( 0.000000000000000000, 0.000000000000000000, -1.000000000000000000 ) ) ;
#1182 = ORIENTED_EDGE ( 'NONE', *, *, #41, .F. ) ;
#1183 = CARTESIAN_POINT ( 'NONE',  ( -1.107757681900229496, 21.97260880692589424, 24.69745511902080892 ) ) ;
#1184 = DIRECTION ( 'NONE',  ( 1.000000000000000000, 0.000000000000000000, 0.000000000000000000 ) ) ;
#1185 = VERTEX_POINT ( 'NONE', #1234 ) ;
#1186 = CARTESIAN_POINT ( 'NONE',  ( -2.499999999999883205, -17.00000000000001421, 26.94453818215503205 ) ) ;
#1187 = CARTESIAN_POINT ( 'NONE',  ( 1.522678120594854079, -21.94766476388392817, 28.93404107701998029 ) ) ;
#1188 = EDGE_LOOP ( 'NONE', ( #169, #998, #143, #1083 ) ) ;
#1189 = EDGE_CURVE ( 'NONE', #580, #529, #192, .T. ) ;
#1190 = CARTESIAN_POINT ( 'NONE',  ( -2.433457143917174825, 21.86536246516537219, 27.60353150315320292 ) ) ;
#1191 = DIRECTION ( 'NONE',  ( -1.000000000000000000, 0.000000000000000000, 0.000000000000000000 ) ) ;
#1192 = EDGE_LOOP ( 'NONE', ( #1368, #853, #813, #856, #1392 ) ) ;
#1193 = FACE_OUTER_BOUND ( 'NONE', #61, .T. ) ;
#1194 = DIRECTION ( 'NONE',  ( -1.000000000000000000, -6.938893903907222067E-15, 0.000000000000000000 ) ) ;
#1195 = ORIENTED_EDGE ( 'NONE', *, *, #672, .F. ) ;
#1196 = CARTESIAN_POINT ( 'NONE',  ( -0.3264340483939035531, 21.99817047859173158, 24.46048447805035053 ) ) ;
#1197 = CIRCLE ( 'NONE', #1431, 21.99999999999999645 ) ;
#1198 = EDGE_CURVE ( 'NONE', #413, #1336, #776, .T. ) ;
#1199 = DIRECTION ( 'NONE',  ( -0.000000000000000000, -0.000000000000000000, 1.000000000000000000 ) ) ;
#1200 = VERTEX_POINT ( 'NONE', #212 ) ;
#1201 = TOROIDAL_SURFACE ( 'NONE', #1032, 15.41749661208787536, 5.000000000000000000 ) ;
#1202 = CIRCLE ( 'NONE', #1243, 17.87705028494672277 ) ;
#1203 = ORIENTED_EDGE ( 'NONE', *, *, #429, .F. ) ;
#1204 = CARTESIAN_POINT ( 'NONE',  ( 21.98577616842074534, -0.8053537882050830765, 29.31692940515427637 ) ) ;
#1205 = DIRECTION ( 'NONE',  ( 1.000000000000000000, 1.745740669421566678E-14, 0.000000000000000000 ) ) ;
#1206 = CARTESIAN_POINT ( 'NONE',  ( -2.500000000000154987, 21.85749299439437365, 26.94453818215503205 ) ) ;
#1207 = CARTESIAN_POINT ( 'NONE',  ( -21.86651502488885512, 2.420033406606453941, 27.59301744298111814 ) ) ;
#1208 = ORIENTED_EDGE ( 'NONE', *, *, #1276, .T. ) ;
#1209 = EDGE_CURVE ( 'NONE', #695, #275, #991, .T. ) ;
#1210 = MANIFOLD_SOLID_BREP ( 'nozzle', #1442 ) ;
#1211 = ORIENTED_EDGE ( 'NONE', *, *, #1152, .T. ) ;
#1212 = CIRCLE ( 'NONE', #479, 5.000000000000000888 ) ;
#1213 = DIRECTION ( 'NONE',  ( -0.000000000000000000, -0.000000000000000000, 1.000000000000000000 ) ) ;
#1214 = CARTESIAN_POINT ( 'NONE',  ( -21.96474132233887744, -1.252557469362320042, 24.77471440074920395 ) ) ;
#1215 = CARTESIAN_POINT ( 'NONE',  ( 1.884230952082890376, 21.91947485373590609, 25.29320591935412921 ) ) ;
#1216 = DIRECTION ( 'NONE',  ( 1.000000000000000000, 1.745740669421566678E-14, -0.000000000000000000 ) ) ;
#1217 = ORIENTED_EDGE ( 'NONE', *, *, #1152, .F. ) ;
#1218 = EDGE_CURVE ( 'NONE', #40, #189, #670, .T. ) ;
#1219 = DIRECTION ( 'NONE',  ( 1.000000000000000000, 0.000000000000000000, 0.000000000000000000 ) ) ;
#1220 = CARTESIAN_POINT ( 'NONE',  ( -21.85749299439436300, -2.500000000000231370, 26.94453818215503205 ) ) ;
#1221 = CARTESIAN_POINT ( 'NONE',  ( 21.99999999999999289, 0.000000000000000000, 0.000000000000000000 ) ) ;
#1222 = CARTESIAN_POINT ( 'NONE',  ( -16.99999999999997158, -2.500000000000180300, 26.94453818215503205 ) ) ;
#1223 = CIRCLE ( 'NONE', #437, 20.33635727583860131 ) ;
#1224 = ORIENTED_EDGE ( 'NONE', *, *, #534, .T. ) ;
#1225 = CIRCLE ( 'NONE', #700, 2.500000000000002220 ) ;
#1226 = AXIS2_PLACEMENT_3D ( 'NONE', #730, #615, #596 ) ;
#1227 = CARTESIAN_POINT ( 'NONE',  ( -1.187103655206665341E-13, 16.99999999999999645, 26.94453818215503205 ) ) ;
#1228 = CARTESIAN_POINT ( 'NONE',  ( -21.86655455223676370, 2.419675175731700101, 26.29501069336889074 ) ) ;
#1229 = DIRECTION ( 'NONE',  ( -0.000000000000000000, -0.000000000000000000, 1.000000000000000000 ) ) ;
#1230 = CARTESIAN_POINT ( 'NONE',  ( 0.000000000000000000, 0.000000000000000000, 9.827121527883900143 ) ) ;
#1231 = ORIENTED_EDGE ( 'NONE', *, *, #707, .T. ) ;
#1232 = DIRECTION ( 'NONE',  ( 1.000000000000000000, 0.000000000000000000, 0.000000000000000000 ) ) ;
#1233 = CARTESIAN_POINT ( 'NONE',  ( -21.88510663498160014, -2.246351738473731707, 25.83513921720438589 ) ) ;
#1234 = CARTESIAN_POINT ( 'NONE',  ( 17.00000000000004263, -2.499999999999705569, 26.94453818215503205 ) ) ;
#1235 = ADVANCED_FACE ( 'NONE', ( #127, #24 ), #1370, .F. ) ;
#1236 = LINE ( 'NONE', #1433, #218 ) ;
#1237 = B_SPLINE_CURVE_WITH_KNOTS ( 'NONE', 3,
 ( #1137, #353, #919, #332, #1369, #809, #237, #677, #1463, #1364, #583, #926, #113, #446, #1266, #216, #1023, #126 ),
 .UNSPECIFIED., .F., .F.,
 ( 4, 2, 2, 2, 2, 2, 2, 2, 4 ),
 ( 0.007822454537421912046, 0.008311470163403791855, 0.008800485789385669930, 0.009289501415367549739, 0.009778517041349427813, 0.01026753266733130762, 0.01075654829331318743, 0.01124556391929506724, 0.01173457954527694531 ),
 .UNSPECIFIED. ) ;
#1238 = EDGE_LOOP ( 'NONE', ( #837, #325, #372, #137 ) ) ;
#1239 = DIRECTION ( 'NONE',  ( 1.000000000000000000, 0.000000000000000000, 0.000000000000000000 ) ) ;
#1240 = CARTESIAN_POINT ( 'NONE',  ( -0.1622928491710369792, -22.00000675440166731, 24.44447874341643256 ) ) ;
#1241 = DIRECTION ( 'NONE',  ( 1.000000000000000000, 1.745740669421566678E-14, 0.000000000000000000 ) ) ;
#1242 = ADVANCED_FACE ( 'NONE', ( #246 ), #2, .T. ) ;
#1243 = AXIS2_PLACEMENT_3D ( 'NONE', #1350, #231, #1239 ) ;
#1244 = ORIENTED_EDGE ( 'NONE', *, *, #70, .F. ) ;
#1245 = AXIS2_PLACEMENT_3D ( 'NONE', #1449, #1101, #939 ) ;
#1246 = TOROIDAL_SURFACE ( 'NONE', #914, 8.026419249170283265, 1.000000000000000000 ) ;
#1247 = CIRCLE ( 'NONE', #1226, 2.000000000000001776 ) ;
#1248 = AXIS2_PLACEMENT_3D ( 'NONE', #205, #983, #191 ) ;
#1249 = CARTESIAN_POINT ( 'NONE',  ( 21.88506079572333718, 2.246795253445706297, 25.83605865108746968 ) ) ;
#1250 =( NAMED_UNIT ( * ) SI_UNIT ( $, .STERADIAN. ) SOLID_ANGLE_UNIT ( ) );
#1251 = CARTESIAN_POINT ( 'NONE',  ( 14.88553160161894695, 1.822951862952942070E-15, -47.42258366034350558 ) ) ;
#1252 = VERTEX_POINT ( 'NONE', #337 ) ;
#1253 = EDGE_CURVE ( 'NONE', #1200, #957, #611, .T. ) ;
#1254 = CARTESIAN_POINT ( 'NONE',  ( 21.86648877051818474, 2.420266529289295754, 26.29735840652712042 ) ) ;
#1255 = CARTESIAN_POINT ( 'NONE',  ( -2.246900326133319581, -21.88505005968600869, 25.83625732932421215 ) ) ;
#1256 = DIRECTION ( 'NONE',  ( -0.000000000000000000, -0.000000000000000000, 1.000000000000000000 ) ) ;
#1257 = CARTESIAN_POINT ( 'NONE',  ( -21.99999999999999645, 0.000000000000000000, 41.44453818215502849 ) ) ;
#1258 = EDGE_LOOP ( 'NONE', ( #209, #311, #902, #552 ) ) ;
#1259 = FACE_OUTER_BOUND ( 'NONE', #1258, .T. ) ;
#1260 = ADVANCED_FACE ( 'NONE', ( #354 ), #33, .F. ) ;
#1261 = CARTESIAN_POINT ( 'NONE',  ( 21.91010639631523205, 1.988849577409222080, 25.42101440821144109 ) ) ;
#1262 = CARTESIAN_POINT ( 'NONE',  ( 0.000000000000000000, 0.000000000000000000, 12.33884477595226592 ) ) ;
#1263 = CARTESIAN_POINT ( 'NONE',  ( -21.85749299439436300, -2.500000000000231370, 26.94453818215503205 ) ) ;
#1264 = ORIENTED_EDGE ( 'NONE', *, *, #377, .F. ) ;
#1265 = AXIS2_PLACEMENT_3D ( 'NONE', #635, #1199, #167 ) ;
#1266 = CARTESIAN_POINT ( 'NONE',  ( 21.86650204976973200, 2.420147190925826308, 27.59219599225353647 ) ) ;
#1267 = CARTESIAN_POINT ( 'NONE',  ( 1.988197773987552486, -21.91016602765142807, 25.42015207486035422 ) ) ;
#1268 =( GEOMETRIC_REPRESENTATION_CONTEXT ( 3 ) GLOBAL_UNCERTAINTY_ASSIGNED_CONTEXT ( ( #710 ) ) GLOBAL_UNIT_ASSIGNED_CONTEXT ( ( #649, #1015, #1250 ) ) REPRESENTATION_CONTEXT ( 'NONE', 'WORKASPACE' ) );
#1269 = CARTESIAN_POINT ( 'NONE',  ( -16.99999999999999645, -1.780655482809997885E-13, 26.94453818215503205 ) ) ;
#1270 = FACE_BOUND ( 'NONE', #77, .T. ) ;
#1271 = VERTEX_POINT ( 'NONE', #133 ) ;
#1272 = CARTESIAN_POINT ( 'NONE',  ( 21.91951691202704922, -1.883650088693152203, 25.29274261119495293 ) ) ;
#1273 = CARTESIAN_POINT ( 'NONE',  ( 0.6457070235252521107, -21.99110337652650315, 29.36520301381730746 ) ) ;
#1274 = EDGE_LOOP ( 'NONE', ( #508, #1167, #1195, #470 ) ) ;
#1275 = DIRECTION ( 'NONE',  ( 6.982962677686266711E-15, -1.000000000000000000, -0.000000000000000000 ) ) ;
#1276 = EDGE_CURVE ( 'NONE', #443, #738, #1176, .T. ) ;
#1277 = CARTESIAN_POINT ( 'NONE',  ( 18.02588688174046183, 2.207534467151572547E-15, -48.29205746812344557 ) ) ;
#1278 = ORIENTED_EDGE ( 'NONE', *, *, #1144, .F. ) ;
#1279 = CARTESIAN_POINT ( 'NONE',  ( 0.000000000000000000, 0.000000000000000000, -48.29205746812344557 ) ) ;
#1280 = CARTESIAN_POINT ( 'NONE',  ( 2.500000000000154987, -21.85749299439437721, 27.27510903979171175 ) ) ;
#1281 = ORIENTED_EDGE ( 'NONE', *, *, #516, .F. ) ;
#1282 = CARTESIAN_POINT ( 'NONE',  ( -1.250916550372966451, 21.96482972915504917, 29.11522429756121610 ) ) ;
#1283 = DIRECTION ( 'NONE',  ( 0.000000000000000000, 0.000000000000000000, -1.000000000000000000 ) ) ;
#1284 = EDGE_CURVE ( 'NONE', #957, #1200, #558, .T. ) ;
#1285 = ORIENTED_EDGE ( 'NONE', *, *, #1136, .T. ) ;
#1286 = ORIENTED_EDGE ( 'NONE', *, *, #1328, .F. ) ;
#1287 = DIRECTION ( 'NONE',  ( 1.000000000000000000, 0.000000000000000000, 0.000000000000000000 ) ) ;
#1288 = AXIS2_PLACEMENT_3D ( 'NONE', #838, #1069, #1287 ) ;
#1289 = CARTESIAN_POINT ( 'NONE',  ( -1.987459127975954587, -21.91023532593751000, 28.46998889895576923 ) ) ;
#1290 = AXIS2_PLACEMENT_3D ( 'NONE', #917, #37, #257 ) ;
#1291 = ORIENTED_EDGE ( 'NONE', *, *, #1018, .T. ) ;
#1292 = CARTESIAN_POINT ( 'NONE',  ( -1.988197773987552486, 21.91016602765142807, 25.42015207486035422 ) ) ;
#1293 = AXIS2_PLACEMENT_3D ( 'NONE', #240, #827, #458 ) ;
#1294 = VECTOR ( 'NONE', #886, 1000.000000000000000 ) ;
#1295 = CARTESIAN_POINT ( 'NONE',  ( 7.102539716658993640, 0.000000000000000000, 12.72152820831734843 ) ) ;
#1296 = ORIENTED_EDGE ( 'NONE', *, *, #718, .T. ) ;
#1297 = EDGE_CURVE ( 'NONE', #506, #94, #1247, .T. ) ;
#1298 = CARTESIAN_POINT ( 'NONE',  ( 21.85932218080077760, -2.484164847118810915, 26.61893551964578108 ) ) ;
#1299 = CARTESIAN_POINT ( 'NONE',  ( -1.525361107345019729, -21.94747744315734650, 28.93198075796830082 ) ) ;
#1300 = ORIENTED_EDGE ( 'NONE', *, *, #258, .T. ) ;
#1301 = CARTESIAN_POINT ( 'NONE',  ( -2.168308545511856256, 21.89307838847528842, 28.19970425160103744 ) ) ;
#1302 = CARTESIAN_POINT ( 'NONE',  ( -21.89294011367554660, 2.169698851446715260, 28.19730457725720285 ) ) ;
#1303 = ORIENTED_EDGE ( 'NONE', *, *, #1082, .T. ) ;
#1304 = ORIENTED_EDGE ( 'NONE', *, *, #1034, .T. ) ;
#1305 = DIRECTION ( 'NONE',  ( -1.000000000000000000, 0.000000000000000000, 0.000000000000000000 ) ) ;
#1306 = CARTESIAN_POINT ( 'NONE',  ( 2.500000000000154987, -21.85749299439437365, 26.94453818215503205 ) ) ;
#1307 = EDGE_CURVE ( 'NONE', #941, #944, #509, .T. ) ;
#1308 = DIRECTION ( 'NONE',  ( 1.000000000000000000, 0.000000000000000000, 0.000000000000000000 ) ) ;
#1309 = CARTESIAN_POINT ( 'NONE',  ( -21.99999999999999645, 2.694222958124176415E-15, 19.44453818215503205 ) ) ;
#1310 = CARTESIAN_POINT ( 'NONE',  ( -22.00000000000000000, 2.746689449838247787E-15, 29.44453818215503205 ) ) ;
#1311 = ORIENTED_EDGE ( 'NONE', *, *, #1218, .F. ) ;
#1312 = ORIENTED_EDGE ( 'NONE', *, *, #1168, .T. ) ;
#1313 = CARTESIAN_POINT ( 'NONE',  ( 21.94750932150750700, -1.524866264338005095, 28.93232015693870096 ) ) ;
#1314 = AXIS2_PLACEMENT_3D ( 'NONE', #78, #1437, #182 ) ;
#1315 = FACE_OUTER_BOUND ( 'NONE', #832, .T. ) ;
#1316 = CARTESIAN_POINT ( 'NONE',  ( -2.500000000000154987, 21.85749299439437721, 27.27510903979171175 ) ) ;
#1317 = AXIS2_PLACEMENT_3D ( 'NONE', #1002, #1446, #1348 ) ;
#1318 = ADVANCED_FACE ( 'NONE', ( #487 ), #720, .F. ) ;
#1319 = DIRECTION ( 'NONE',  ( 1.000000000000000000, 0.000000000000000000, 0.000000000000000000 ) ) ;
#1320 = ORIENTED_EDGE ( 'NONE', *, *, #637, .F. ) ;
#1321 = VECTOR ( 'NONE', #1406, 999.9999999999998863 ) ;
#1322 = AXIS2_PLACEMENT_3D ( 'NONE', #45, #621, #1075 ) ;
#1323 = VERTEX_POINT ( 'NONE', #31 ) ;
#1324 = CARTESIAN_POINT ( 'NONE',  ( 21.99099398369348179, -0.6495285959432870460, 29.36421311222216346 ) ) ;
#1325 = CARTESIAN_POINT ( 'NONE',  ( -21.94744218260764868, -1.525956490995340697, 24.95745684411199150 ) ) ;
#1326 = CARTESIAN_POINT ( 'NONE',  ( 0.000000000000000000, 0.000000000000000000, 9.174490566783637391 ) ) ;
#1327 = DIRECTION ( 'NONE',  ( 1.000000000000000000, 6.938893903907222067E-15, 0.000000000000000000 ) ) ;
#1328 = EDGE_CURVE ( 'NONE', #1135, #868, #956, .T. ) ;
#1329 = EDGE_LOOP ( 'NONE', ( #158, #1448, #1027, #636 ) ) ;
#1330 = ORIENTED_EDGE ( 'NONE', *, *, #953, .F. ) ;
#1331 = DIRECTION ( 'NONE',  ( -6.982962677686266711E-15, 1.000000000000000000, 0.000000000000000000 ) ) ;
#1332 = CARTESIAN_POINT ( 'NONE',  ( 0.000000000000000000, 0.000000000000000000, 9.827121527883900143 ) ) ;
#1333 = DIRECTION ( 'NONE',  ( 1.000000000000000000, 6.938893903907222067E-15, 0.000000000000000000 ) ) ;
#1334 = CARTESIAN_POINT ( 'NONE',  ( 2.499999999999849454, 21.85749299439440918, 26.94453818215503205 ) ) ;
#1335 = DIRECTION ( 'NONE',  ( -1.000000000000000000, 0.000000000000000000, 0.000000000000000000 ) ) ;
#1336 = VERTEX_POINT ( 'NONE', #849 ) ;
#1337 = FACE_OUTER_BOUND ( 'NONE', #251, .T. ) ;
#1338 = DIRECTION ( 'NONE',  ( 1.000000000000000000, 0.000000000000000000, 0.000000000000000000 ) ) ;
#1339 = CARTESIAN_POINT ( 'NONE',  ( 16.88560542357291183, 0.000000000000000000, -48.29205746812344557 ) ) ;
#1340 = CIRCLE ( 'NONE', #1290, 1.000000000000000888 ) ;
#1341 = AXIS2_PLACEMENT_3D ( 'NONE', #591, #570, #339 ) ;
#1342 = ORIENTED_EDGE ( 'NONE', *, *, #1412, .F. ) ;
#1343 = AXIS2_PLACEMENT_3D ( 'NONE', #1462, #588, #674 ) ;
#1344 = DIRECTION ( 'NONE',  ( -0.000000000000000000, -0.000000000000000000, 1.000000000000000000 ) ) ;
#1345 = EDGE_CURVE ( 'NONE', #627, #1323, #86, .T. ) ;
#1346 = CARTESIAN_POINT ( 'NONE',  ( -21.85749299439442339, 2.499999999999773515, 26.78134767468158017 ) ) ;
#1347 = DIRECTION ( 'NONE',  ( -0.000000000000000000, -0.000000000000000000, 1.000000000000000000 ) ) ;
#1348 = DIRECTION ( 'NONE',  ( 1.000000000000000000, 0.000000000000000000, 0.000000000000000000 ) ) ;
#1349 = ORIENTED_EDGE ( 'NONE', *, *, #637, .T. ) ;
#1350 = CARTESIAN_POINT ( 'NONE',  ( 0.000000000000000000, 0.000000000000000000, -47.16153127590337846 ) ) ;
#1351 = ADVANCED_FACE ( 'NONE', ( #1420 ), #966, .F. ) ;
#1352 = CARTESIAN_POINT ( 'NONE',  ( 0.000000000000000000, 0.000000000000000000, 32.84453818215503418 ) ) ;
#1353 = CARTESIAN_POINT ( 'NONE',  ( 16.99999999999999645, 2.967759138016663731E-13, 26.94453818215503205 ) ) ;
#1354 = EDGE_LOOP ( 'NONE', ( #162, #1224, #203, #52, #1099, #117, #1217, #222, #1074, #784 ) ) ;
#1355 = FACE_OUTER_BOUND ( 'NONE', #703, .T. ) ;
#1356 = CARTESIAN_POINT ( 'NONE',  ( 0.8069458145496130053, -21.98571134433423779, 24.57275660983129839 ) ) ;
#1357 = CARTESIAN_POINT ( 'NONE',  ( -10.41749661208787536, 1.275775388112181343E-15, 9.827121527883900143 ) ) ;
#1358 = ADVANCED_FACE ( 'NONE', ( #1414 ), #400, .F. ) ;
#1359 = CIRCLE ( 'NONE', #1288, 14.88553160161894517 ) ;
#1360 = ORIENTED_EDGE ( 'NONE', *, *, #562, .T. ) ;
#1361 = VECTOR ( 'NONE', #324, 1000.000000000000000 ) ;
#1362 = AXIS2_PLACEMENT_3D ( 'NONE', #1070, #519, #46 ) ;
#1363 = CIRCLE ( 'NONE', #1314, 7.026419249170283265 ) ;
#1364 = CARTESIAN_POINT ( 'NONE',  ( 21.91961398587741172, 1.882526527346105594, 28.59761753793992511 ) ) ;
#1365 = CARTESIAN_POINT ( 'NONE',  ( -2.499999999999849454, -21.85749299439440918, 26.94453818215503205 ) ) ;
#1366 = LINE ( 'NONE', #250, #1172 ) ;
#1367 = ADVANCED_FACE ( 'NONE', ( #1164 ), #632, .T. ) ;
#1368 = ORIENTED_EDGE ( 'NONE', *, *, #1112, .F. ) ;
#1369 = CARTESIAN_POINT ( 'NONE',  ( 21.98573575538627267, 0.8062971289259964758, 29.31654587856215954 ) ) ;
#1370 = PLANE ( 'NONE',  #392 ) ;
#1371 = DIRECTION ( 'NONE',  ( 0.000000000000000000, 0.000000000000000000, -1.000000000000000000 ) ) ;
#1372 = CARTESIAN_POINT ( 'NONE',  ( -21.91038491361245732, -1.985815220003928072, 28.47212408184909549 ) ) ;
#1373 = ORIENTED_EDGE ( 'NONE', *, *, #1034, .F. ) ;
#1374 = DIRECTION ( 'NONE',  ( 1.000000000000000000, 0.000000000000000000, 0.000000000000000000 ) ) ;
#1375 = DIRECTION ( 'NONE',  ( 1.000000000000000000, 0.000000000000000000, 0.000000000000000000 ) ) ;
#1376 = DIRECTION ( 'NONE',  ( 1.000000000000000000, 0.000000000000000000, 0.000000000000000000 ) ) ;
#1377 = DIRECTION ( 'NONE',  ( 0.000000000000000000, 0.000000000000000000, -1.000000000000000000 ) ) ;
#1378 = CARTESIAN_POINT ( 'NONE',  ( -21.97257822598130517, -1.108482950093747865, 29.19133183218848160 ) ) ;
#1379 = VERTEX_POINT ( 'NONE', #183 ) ;
#1380 = AXIS2_PLACEMENT_3D ( 'NONE', #20, #1041, #1166 ) ;
#1381 = CIRCLE ( 'NONE', #296, 1.000000000000000000 ) ;
#1382 = DIRECTION ( 'NONE',  ( -1.000000000000000000, -1.047444401652940007E-14, -0.000000000000000000 ) ) ;
#1383 = EDGE_CURVE ( 'NONE', #21, #1085, #640, .T. ) ;
#1384 = AXIS2_PLACEMENT_3D ( 'NONE', #1451, #1430, #419 ) ;
#1385 = ORIENTED_EDGE ( 'NONE', *, *, #890, .F. ) ;
#1386 = DIRECTION ( 'NONE',  ( 1.000000000000000000, 0.000000000000000000, 0.000000000000000000 ) ) ;
#1387 = CARTESIAN_POINT ( 'NONE',  ( -21.99814026352136409, -0.3276596230384576924, 29.42831978740745669 ) ) ;
#1388 = ORIENTED_EDGE ( 'NONE', *, *, #1092, .T. ) ;
#1389 = ORIENTED_EDGE ( 'NONE', *, *, #145, .T. ) ;
#1390 = FACE_OUTER_BOUND ( 'NONE', #613, .T. ) ;
#1391 = DIRECTION ( 'NONE',  ( -1.804112415015877800E-14, 1.000000000000000000, 0.000000000000000000 ) ) ;
#1392 = ORIENTED_EDGE ( 'NONE', *, *, #982, .F. ) ;
#1393 = CARTESIAN_POINT ( 'NONE',  ( 2.372126299420678652, 21.87182982029376888, 27.75047080823509660 ) ) ;
#1394 = ADVANCED_FACE ( 'NONE', ( #1095 ), #1201, .F. ) ;
#1395 = FACE_OUTER_BOUND ( 'NONE', #1407, .T. ) ;
#1396 = ORIENTED_EDGE ( 'NONE', *, *, #516, .T. ) ;
#1397 = CARTESIAN_POINT ( 'NONE',  ( 21.98572968465181532, -0.8066298368151819664, 24.57257466454463568 ) ) ;
#1398 = CARTESIAN_POINT ( 'NONE',  ( -2.484175707895509344, -21.85932089784036236, 27.27001038027780311 ) ) ;
#1399 = EDGE_LOOP ( 'NONE', ( #800, #492 ) ) ;
#1400 = CARTESIAN_POINT ( 'NONE',  ( 2.247553033020147417, 21.88498179647533348, 28.05134256502741863 ) ) ;
#1401 = CARTESIAN_POINT ( 'NONE',  ( 22.00000000000000000, 0.000000000000000000, 32.84453818215503418 ) ) ;
#1402 = ADVANCED_FACE ( 'NONE', ( #981 ), #271, .T. ) ;
#1403 = EDGE_LOOP ( 'NONE', ( #154, #343, #961, #101 ) ) ;
#1404 = CARTESIAN_POINT ( 'NONE',  ( 0.000000000000000000, 0.000000000000000000, 9.827121527883900143 ) ) ;
#1405 = TOROIDAL_SURFACE ( 'NONE', #1265, 16.88560542357291183, 1.000000000000000000 ) ;
#1406 = DIRECTION ( 'NONE',  ( -0.1305261922200525448, 0.000000000000000000, -0.9914448613738103822 ) ) ;
#1407 = EDGE_LOOP ( 'NONE', ( #1396, #1285 ) ) ;
#1408 = CARTESIAN_POINT ( 'NONE',  ( 1.525361107345019729, 21.94747744315734650, 28.93198075796830082 ) ) ;
#1409 = AXIS2_PLACEMENT_3D ( 'NONE', #254, #855, #1194 ) ;
#1410 = CARTESIAN_POINT ( 'NONE',  ( -15.87697646299275611, 1.944368840554194400E-15, -48.29205746812344557 ) ) ;
#1411 = VERTEX_POINT ( 'NONE', #1117 ) ;
#1412 = EDGE_CURVE ( 'NONE', #272, #627, #96, .T. ) ;
#1413 = CARTESIAN_POINT ( 'NONE',  ( 21.97253253773704884, -1.109403145077445973, 24.69818841326168979 ) ) ;
#1414 = FACE_OUTER_BOUND ( 'NONE', #369, .T. ) ;
#1415 = ORIENTED_EDGE ( 'NONE', *, *, #672, .T. ) ;
#1416 = CARTESIAN_POINT ( 'NONE',  ( 1.653828630337688788, 21.93805357949027979, 28.82639962197515260 ) ) ;
#1417 = CARTESIAN_POINT ( 'NONE',  ( -21.87184276660969573, 2.372008424726219644, 27.75083298932883480 ) ) ;
#1418 = VERTEX_POINT ( 'NONE', #801 ) ;
#1419 = FACE_OUTER_BOUND ( 'NONE', #1238, .T. ) ;
#1420 = FACE_OUTER_BOUND ( 'NONE', #1441, .T. ) ;
#1421 = CARTESIAN_POINT ( 'NONE',  ( -21.85938098110088390, 2.483646324476111555, 26.61557792671778699 ) ) ;
#1422 = CARTESIAN_POINT ( 'NONE',  ( 1.107595720774464665, 21.97262398825696295, 24.69729754555507029 ) ) ;
#1423 = DIRECTION ( 'NONE',  ( -1.000000000000000000, 0.000000000000000000, 0.000000000000000000 ) ) ;
#1424 = ORIENTED_EDGE ( 'NONE', *, *, #221, .T. ) ;
#1425 = ORIENTED_EDGE ( 'NONE', *, *, #1103, .F. ) ;
#1426 = CARTESIAN_POINT ( 'NONE',  ( 21.91020998644007278, -1.987702135991263885, 28.46951007002237688 ) ) ;
#1427 = CIRCLE ( 'NONE', #265, 10.41749661208787536 ) ;
#1428 = DIRECTION ( 'NONE',  ( -1.000000000000000000, 1.224646799147353454E-16, 0.000000000000000000 ) ) ;
#1429 = EDGE_CURVE ( 'NONE', #530, #1418, #962, .T. ) ;
#1430 = DIRECTION ( 'NONE',  ( -0.000000000000000000, -0.000000000000000000, 1.000000000000000000 ) ) ;
#1431 = AXIS2_PLACEMENT_3D ( 'NONE', #1122, #468, #922 ) ;
#1432 = VECTOR ( 'NONE', #315, 1000.000000000000000 ) ;
#1433 = CARTESIAN_POINT ( 'NONE',  ( 17.00000000000004263, -2.499999999999705569, 26.94453818215503205 ) ) ;
#1434 = ORIENTED_EDGE ( 'NONE', *, *, #817, .F. ) ;
#1435 = AXIS2_PLACEMENT_3D ( 'NONE', #327, #90, #541 ) ;
#1436 = ORIENTED_EDGE ( 'NONE', *, *, #1189, .T. ) ;
#1437 = DIRECTION ( 'NONE',  ( 0.000000000000000000, 0.000000000000000000, -1.000000000000000000 ) ) ;
#1438 = CYLINDRICAL_SURFACE ( 'NONE', #599, 21.99999999999999289 ) ;
#1439 = CARTESIAN_POINT ( 'NONE',  ( -22.00000000000000000, 2.746689449838247787E-15, 29.44453818215503205 ) ) ;
#1440 = CARTESIAN_POINT ( 'NONE',  ( 0.000000000000000000, 0.000000000000000000, 12.33884477595226592 ) ) ;
#1441 = EDGE_LOOP ( 'NONE', ( #734, #454, #645, #963, #1109 ) ) ;
#1442 = CLOSED_SHELL ( 'NONE', ( #1394, #874, #690, #1260, #359, #49, #1457, #972, #755, #22, #996, #1458, #931, #129, #1367, #835, #1402, #310, #762, #445, #30, #561, #1235, #303, #112, #594, #517, #421, #544, #92, #495, #196, #1358, #1003, #1351, #100, #1318, #1242, #317, #3, #342, #157, #625, #136 ) ) ;
#1443 = CARTESIAN_POINT ( 'NONE',  ( 0.000000000000000000, 0.000000000000000000, 0.000000000000000000 ) ) ;
#1444 = CARTESIAN_POINT ( 'NONE',  ( -22.00000000000000355, -0.1632472881836747325, 24.44453818215502139 ) ) ;
#1445 = DIRECTION ( 'NONE',  ( -1.000000000000000000, 0.000000000000000000, 0.000000000000000000 ) ) ;
#1446 = DIRECTION ( 'NONE',  ( -0.000000000000000000, -0.000000000000000000, 1.000000000000000000 ) ) ;
#1447 = EDGE_CURVE ( 'NONE', #1127, #1323, #1156, .T. ) ;
#1448 = ORIENTED_EDGE ( 'NONE', *, *, #377, .T. ) ;
#1449 = CARTESIAN_POINT ( 'NONE',  ( 1.187103655206665341E-13, -16.99999999999999645, 26.94453818215503205 ) ) ;
#1450 = CARTESIAN_POINT ( 'NONE',  ( -21.91018717295012408, -1.987966612604608496, 25.41984634843526436 ) ) ;
#1451 = CARTESIAN_POINT ( 'NONE',  ( 0.000000000000000000, 0.000000000000000000, 12.20831858373221834 ) ) ;
#1452 = DIRECTION ( 'NONE',  ( -0.000000000000000000, -0.000000000000000000, 1.000000000000000000 ) ) ;
#1453 = CONICAL_SURFACE ( 'NONE', #82, 7.000000000000000000, 0.1308996938995756754 ) ;
#1454 = CIRCLE ( 'NONE', #83, 10.41749661208787536 ) ;
#1455 = ORIENTED_EDGE ( 'NONE', *, *, #32, .T. ) ;
#1456 = AXIS2_PLACEMENT_3D ( 'NONE', #664, #98, #1105 ) ;
#1457 = ADVANCED_FACE ( 'NONE', ( #1259 ), #869, .T. ) ;
#1458 = ADVANCED_FACE ( 'NONE', ( #444 ), #696, .F. ) ;
#1459 = CARTESIAN_POINT ( 'NONE',  ( 0.000000000000000000, 0.000000000000000000, -47.16153127590337846 ) ) ;
#1460 = DIRECTION ( 'NONE',  ( -0.000000000000000000, -0.000000000000000000, 1.000000000000000000 ) ) ;
#1461 = ORIENTED_EDGE ( 'NONE', *, *, #525, .T. ) ;
#1462 = CARTESIAN_POINT ( 'NONE',  ( 0.000000000000000000, 0.000000000000000000, -47.29205746812343847 ) ) ;
#1463 = CARTESIAN_POINT ( 'NONE',  ( 21.93819972610162239, 1.651900782041433091, 28.82809898260048698 ) ) ;
#1464 = DIRECTION ( 'NONE',  ( 1.000000000000000000, 0.000000000000000000, 0.000000000000000000 ) ) ;
#1465 = EDGE_CURVE ( 'NONE', #443, #1135, #581, .T. ) ;
#1466 = LINE ( 'NONE', #916, #172 ) ;
#1467 = ORIENTED_EDGE ( 'NONE', *, *, #576, .T. ) ;
ENDSEC;
END-ISO-10303-21;
