ISO-10303-21;
HEADER;
FILE_DESCRIPTION (( 'STEP AP214' ),
    '1' );
FILE_NAME ('Tubo.STEP',
    '2026-07-02T15:14:12',
    ( '' ),
    ( '' ),
    'SwSTEP 2.0',
    'SolidWorks 2023',
    '' );
FILE_SCHEMA (( 'AUTOMOTIVE_DESIGN' ));
ENDSEC;

DATA;
#1 = CARTESIAN_POINT ( 'NONE',  ( -25.28450244364346844, 2.419704120004576797, 393.1494094416061671 ) ) ;
#2 = CARTESIAN_POINT ( 'NONE',  ( 1.883324313028972297, 22.15038027814425803, 394.1521637203593968 ) ) ;
#3 = CARTESIAN_POINT ( 'NONE',  ( 25.37622332052083607, -1.109158185475296765, 390.2535319903758477 ) ) ;
#4 = CIRCLE ( 'NONE', #1239, 22.22999999999999687 ) ;
#5 = CARTESIAN_POINT ( 'NONE',  ( -22.08695842539866305, -2.517770345903457052, 7.500000000000000000 ) ) ;
#6 = CARTESIAN_POINT ( 'NONE',  ( -0.3254155503327064713, 25.39842767747492047, 390.0158213148002346 ) ) ;
#7 = ORIENTED_EDGE ( 'NONE', *, *, #867, .T. ) ;
#8 = VERTEX_POINT ( 'NONE', #526 ) ;
#9 = CARTESIAN_POINT ( 'NONE',  ( -25.27666908435523041, -2.500000000000090594, 392.5000000000000000 ) ) ;
#10 = EDGE_CURVE ( 'NONE', #1154, #1793, #1467, .T. ) ;
#11 = CARTESIAN_POINT ( 'NONE',  ( -25.36974292808441334, 1.246690644740436227, 9.662729739651728877 ) ) ;
#12 = CARTESIAN_POINT ( 'NONE',  ( 0.3278540843778874336, 22.22815736285206967, 394.9837629796363103 ) ) ;
#13 = CARTESIAN_POINT ( 'NONE',  ( 1.126051076657537786, -22.20197891630746057, 9.746900518967724025 ) ) ;
#14 = CARTESIAN_POINT ( 'NONE',  ( 22.09790401751674693, -2.420036916762046797, 391.8515351932747990 ) ) ;
#15 = CARTESIAN_POINT ( 'NONE',  ( -1.651249363599271103, 25.34653299993163955, 390.6158744741263718 ) ) ;
#16 = CARTESIAN_POINT ( 'NONE',  ( -22.22999999999999687, 0.1643926162625018450, 5.001231712819834918 ) ) ;
#17 = CARTESIAN_POINT ( 'NONE',  ( -25.30185934997200903, 2.231547682862117021, 8.603249734241945390 ) ) ;
#18 = CARTESIAN_POINT ( 'NONE',  ( 2.371785444243024177, 22.10320030027419591, 393.3069342757011100 ) ) ;
#19 = CARTESIAN_POINT ( 'NONE',  ( 0.3468084268240922974, -22.22787301363566925, 9.983638326000397356 ) ) ;
#20 = CARTESIAN_POINT ( 'NONE',  ( -1.510429273544556361, -22.17904889508685784, 5.514651461193724735 ) ) ;
#21 = CARTESIAN_POINT ( 'NONE',  ( -1.252030121268578267, 25.36949269757244707, 390.3298752550700783 ) ) ;
#22 = ORIENTED_EDGE ( 'NONE', *, *, #275, .T. ) ;
#23 = CARTESIAN_POINT ( 'NONE',  ( -22.19551081888455002, 1.245174115183000696, 5.336338239878951839 ) ) ;
#24 = CARTESIAN_POINT ( 'NONE',  ( 2.402954720949433298, 25.28609933990118463, 6.854521736398361043 ) ) ;
#25 = CARTESIAN_POINT ( 'NONE',  ( 0.01777034590337945100, -22.22999289731794903, 10.00000000000000000 ) ) ;
#26 = CARTESIAN_POINT ( 'NONE',  ( 1.542150208088398644, -22.17686178162056621, 5.511797537068051867 ) ) ;
#27 = CARTESIAN_POINT ( 'NONE',  ( -1.237408940522551903, -22.19595516293338022, 5.331699315973840392 ) ) ;
#28 = CARTESIAN_POINT ( 'NONE',  ( -1.653830339039422448, 25.34636410874801626, 394.3818633267077871 ) ) ;
#29 = ORIENTED_EDGE ( 'NONE', *, *, #451, .F. ) ;
#30 = VECTOR ( 'NONE', #574, 1000.000000000000000 ) ;
#31 = CARTESIAN_POINT ( 'NONE',  ( 3.061616744181124549E-16, -22.22999999999999687, 395.0000000000000000 ) ) ;
#32 = AXIS2_PLACEMENT_3D ( 'NONE', #1637, #327, #1270 ) ;
#33 = CARTESIAN_POINT ( 'NONE',  ( 2.372640597576871624, 25.28902006529638058, 391.6953718368545196 ) ) ;
#34 = AXIS2_PLACEMENT_3D ( 'NONE', #1707, #954, #971 ) ;
#35 = CARTESIAN_POINT ( 'NONE',  ( -25.32232474376799658, 1.987027428212332580, 390.9739703439336154 ) ) ;
#36 = CARTESIAN_POINT ( 'NONE',  ( 25.39837733940445830, -0.3288424534501588892, 394.9836636158053125 ) ) ;
#37 = CARTESIAN_POINT ( 'NONE',  ( 22.08897688893718225, -2.499999999999770850, 392.5000000000000000 ) ) ;
#38 = CARTESIAN_POINT ( 'NONE',  ( -2.483534966165831470, 22.09085746963572561, 392.1704501669780143 ) ) ;
#39 = ADVANCED_FACE ( 'NONE', ( #804 ), #103, .F. ) ;
#40 = ORIENTED_EDGE ( 'NONE', *, *, #857, .T. ) ;
#41 = CARTESIAN_POINT ( 'NONE',  ( 0.1828688265823748549, -25.39987827754158900, 5.000000000000000000 ) ) ;
#42 = CARTESIAN_POINT ( 'NONE',  ( 3.061616809865627822E-16, 25.39999999999999858, 390.0000000000000000 ) ) ;
#43 = CARTESIAN_POINT ( 'NONE',  ( 0.8063154697244622193, -25.38765053926059778, 390.1279317604092398 ) ) ;
#44 = CARTESIAN_POINT ( 'NONE',  ( -25.40000000000000213, 0.1652417346512991825, 390.0000000000000000 ) ) ;
#45 = DIRECTION ( 'NONE',  ( -0.000000000000000000, 1.000000000000000000, -0.000000000000000000 ) ) ;
#46 = CARTESIAN_POINT ( 'NONE',  ( -0.3466415428662357190, 25.39814113511266669, 9.983664908730847998 ) ) ;
#47 = CARTESIAN_POINT ( 'NONE',  ( -1.884117817787059002, 22.15031238277749637, 394.1512556154860363 ) ) ;
#48 = ORIENTED_EDGE ( 'NONE', *, *, #1800, .F. ) ;
#49 = EDGE_CURVE ( 'NONE', #1083, #425, #816, .T. ) ;
#50 = CARTESIAN_POINT ( 'NONE',  ( 0.01777034590337944753, -25.39999378375527073, 10.00000000000000000 ) ) ;
#51 = CARTESIAN_POINT ( 'NONE',  ( -22.08897688893716804, 2.499999999999924949, 392.5000000000000000 ) ) ;
#52 = FACE_OUTER_BOUND ( 'NONE', #280, .T. ) ;
#53 = CARTESIAN_POINT ( 'NONE',  ( 0.8055248158639481959, 22.21591743786764184, 390.1276638979849736 ) ) ;
#54 = CARTESIAN_POINT ( 'NONE',  ( -2.371529476954687077, -25.28912470674815793, 393.3078791057303079 ) ) ;
#55 = FACE_OUTER_BOUND ( 'NONE', #297, .T. ) ;
#56 = FACE_BOUND ( 'NONE', #73, .T. ) ;
#57 = CARTESIAN_POINT ( 'NONE',  ( -25.27842036093877098, 2.482229654096533622, 7.337482007459101396 ) ) ;
#58 = ORIENTED_EDGE ( 'NONE', *, *, #387, .F. ) ;
#59 = CARTESIAN_POINT ( 'NONE',  ( 25.27490519240948785, 2.517770345903644902, 7.500000000000000000 ) ) ;
#60 = VERTEX_POINT ( 'NONE', #244 ) ;
#61 = CARTESIAN_POINT ( 'NONE',  ( 1.510536220323078549, 25.35541350940377470, 5.514724900954433906 ) ) ;
#62 = CIRCLE ( 'NONE', #576, 25.39999999999999858 ) ;
#63 = CARTESIAN_POINT ( 'NONE',  ( 1.108232989393068024, 25.37626404276796421, 390.2530735352244733 ) ) ;
#64 = EDGE_CURVE ( 'NONE', #1473, #1650, #707, .T. ) ;
#65 = CARTESIAN_POINT ( 'NONE',  ( 0.1632271466829899043, 22.23000000000000043, 390.0000000000000568 ) ) ;
#66 = CARTESIAN_POINT ( 'NONE',  ( -1.092226394884303842, -25.37695146469959440, 5.254024718719660036 ) ) ;
#67 = DIRECTION ( 'NONE',  ( -0.000000000000000000, -0.000000000000000000, -1.000000000000000000 ) ) ;
#68 = CARTESIAN_POINT ( 'NONE',  ( -2.517703983106791110, 25.27491180316696529, 7.335743978792470976 ) ) ;
#69 = CARTESIAN_POINT ( 'NONE',  ( -25.39999999999999503, 0.1643015092259167698, 5.001231065202051518 ) ) ;
#70 = CARTESIAN_POINT ( 'NONE',  ( 25.29917086391665748, 2.261846896859848854, 6.386073612746494987 ) ) ;
#71 = CARTESIAN_POINT ( 'NONE',  ( 25.37028915414274621, 1.265047847113655255, 9.691200572756116571 ) ) ;
#72 = B_SPLINE_CURVE_WITH_KNOTS ( 'NONE', 3,
 ( #134, #1023, #418, #1582, #1600, #282, #1140, #1456, #997, #855, #412, #1567, #1430, #140, #1, #289, #862, #1346 ),
 .UNSPECIFIED., .F., .F.,
 ( 4, 2, 2, 2, 2, 2, 2, 2, 4 ),
 ( 0.003911339821328247389, 0.004400031067529107734, 0.004888722313729968079, 0.005377413559930828424, 0.005866104806131689636, 0.006354796052332549114, 0.006843487298533410326, 0.007332178544734270671, 0.007820869790935131016 ),
 .UNSPECIFIED. ) ;
#73 = EDGE_LOOP ( 'NONE', ( #670, #382 ) ) ;
#74 = CARTESIAN_POINT ( 'NONE',  ( 0.01777034590337945100, -22.22999289731794903, 10.00000000000000000 ) ) ;
#75 = CARTESIAN_POINT ( 'NONE',  ( -22.09789338035054129, -2.420130707596515496, 393.1477240834753388 ) ) ;
#76 = CARTESIAN_POINT ( 'NONE',  ( -22.09098087329586946, 2.482229654096544280, 7.662445222875899908 ) ) ;
#77 = B_SPLINE_CURVE_WITH_KNOTS ( 'NONE', 3,
 ( #1066, #1634, #772, #901, #1468, #345, #1655, #1770, #932, #1789, #178, #1054, #1349, #54, #632, #209, #1508, #218, #749, #1328, #1622, #325, #1197, #1379, #1708, #1388, #1249, #1531, #99, #1840, #125, #542 ),
 .UNSPECIFIED., .F., .F.,
 ( 4, 2, 2, 2, 2, 2, 2, 2, 2, 2, 2, 2, 2, 2, 2, 4 ),
 ( 0.007820871263219241615, 0.008309561210844492937, 0.008798251158469744260, 0.009286941106094997317, 0.009775631053720248639, 0.01026432100134549996, 0.01075301094897075302, 0.01124170089659600434, 0.01173039084422125566, 0.01221908079184650699, 0.01270777073947175831, 0.01319646068709701137, 0.01368515063472226269, 0.01417384058234751401, 0.01466253052997276707, 0.01563991042522326971 ),
 .UNSPECIFIED. ) ;
#78 = CARTESIAN_POINT ( 'NONE',  ( -25.28446696177536879, 2.420075810157868990, 391.8516953821180664 ) ) ;
#79 = FACE_BOUND ( 'NONE', #596, .T. ) ;
#80 = EDGE_CURVE ( 'NONE', #661, #94, #1363, .T. ) ;
#81 = CARTESIAN_POINT ( 'NONE',  ( -1.669111559229705000, 25.34536891731280761, 9.384213337003744826 ) ) ;
#82 = CARTESIAN_POINT ( 'NONE',  ( -2.465753189790753641, -25.28005315090949878, 7.829614170602093637 ) ) ;
#83 = CARTESIAN_POINT ( 'NONE',  ( 25.37597065477577374, 1.115070702859294993, 5.247658977949337888 ) ) ;
#84 = CARTESIAN_POINT ( 'NONE',  ( 22.17873353512852574, -1.514905233375453131, 5.518241565507882029 ) ) ;
#85 = ORIENTED_EDGE ( 'NONE', *, *, #718, .F. ) ;
#86 = CARTESIAN_POINT ( 'NONE',  ( -2.401982054201025729, -22.09987356594963259, 8.149112149255893556 ) ) ;
#87 = FACE_OUTER_BOUND ( 'NONE', #1144, .T. ) ;
#88 = CARTESIAN_POINT ( 'NONE',  ( 22.22999999999999687, 2.492147104742599229E-15, 390.0000000000000000 ) ) ;
#89 = CARTESIAN_POINT ( 'NONE',  ( -1.881865831764657937, -22.15050472027071748, 394.1538236664569581 ) ) ;
#90 = CARTESIAN_POINT ( 'NONE',  ( -2.005900791374510828, 25.32083337119612665, 9.024417683019303027 ) ) ;
#91 = CARTESIAN_POINT ( 'NONE',  ( -2.482348174373376626, -25.27840872277216278, 7.336653074114622086 ) ) ;
#92 = CARTESIAN_POINT ( 'NONE',  ( -0.01777034590337936773, 22.22999289731794548, 10.00000000000000000 ) ) ;
#93 = CARTESIAN_POINT ( 'NONE',  ( -22.14113478638928711, 1.987789616251039115, 394.0248563544521403 ) ) ;
#94 = VERTEX_POINT ( 'NONE', #667 ) ;
#95 = FACE_OUTER_BOUND ( 'NONE', #580, .T. ) ;
#96 = CYLINDRICAL_SURFACE ( 'NONE', #1665, 2.500000000000001332 ) ;
#97 = CARTESIAN_POINT ( 'NONE',  ( 0.3289958139639900803, -25.39837516596028522, 394.9836414214049682 ) ) ;
#98 = VECTOR ( 'NONE', #1837, 1000.000000000000000 ) ;
#99 = CARTESIAN_POINT ( 'NONE',  ( -1.109806895559578344, -25.37618877191623312, 390.2539306427427164 ) ) ;
#100 = AXIS2_PLACEMENT_3D ( 'NONE', #1073, #1651, #352 ) ;
#101 = B_SPLINE_CURVE_WITH_KNOTS ( 'NONE', 3,
 ( #1319, #1168, #460, #154, #261, #1036, #1613, #1585, #319, #893, #834, #753, #1332, #1412, #143, #716 ),
 .UNSPECIFIED., .F., .F.,
 ( 4, 2, 2, 2, 2, 2, 2, 4 ),
 ( 0.01173228243413805896, 0.01222073550516469993, 0.01270918857619134090, 0.01319764164721798014, 0.01368609471824462111, 0.01417454778927126208, 0.01466300086029790305, 0.01563990700235103060 ),
 .UNSPECIFIED. ) ;
#102 = CARTESIAN_POINT ( 'NONE',  ( 25.27997681711661215, -2.466533955743474227, 7.175887791986435893 ) ) ;
#103 = CYLINDRICAL_SURFACE ( 'NONE', #523, 2.500000000000000444 ) ;
#104 = CARTESIAN_POINT ( 'NONE',  ( 22.22999999999999687, 2.675145791739027361E-15, 5.000063157836487804 ) ) ;
#105 = EDGE_CURVE ( 'NONE', #1306, #424, #1822, .T. ) ;
#106 = ORIENTED_EDGE ( 'NONE', *, *, #731, .T. ) ;
#107 = CYLINDRICAL_SURFACE ( 'NONE', #996, 2.500000000000000444 ) ;
#108 = DIRECTION ( 'NONE',  ( -1.110223024625155594E-14, 1.000000000000000000, 0.000000000000000000 ) ) ;
#109 = CARTESIAN_POINT ( 'NONE',  ( 1.254426700869095468, -25.36936710464441802, 394.6686229080983708 ) ) ;
#110 = CARTESIAN_POINT ( 'NONE',  ( -2.247376110817847383, -22.11619697047858324, 391.3926850876272283 ) ) ;
#111 = CARTESIAN_POINT ( 'NONE',  ( 25.30743737594835352, -2.170025960715562086, 6.247507832191135257 ) ) ;
#112 = DIRECTION ( 'NONE',  ( -1.000000000000000000, -3.491481338843133355E-15, -0.000000000000000000 ) ) ;
#113 = DIRECTION ( 'NONE',  ( -0.000000000000000000, -0.000000000000000000, -1.000000000000000000 ) ) ;
#114 = ORIENTED_EDGE ( 'NONE', *, *, #927, .T. ) ;
#115 = CARTESIAN_POINT ( 'NONE',  ( -0.7881499033630272599, -22.21653419611839908, 9.872130628564358190 ) ) ;
#116 = CARTESIAN_POINT ( 'NONE',  ( -22.22999999999999687, -3.395099563890190608E-23, 395.0000000000000000 ) ) ;
#117 = CARTESIAN_POINT ( 'NONE',  ( 2.419849959020722086, -25.28448865729625084, 391.8508427163653209 ) ) ;
#118 = CARTESIAN_POINT ( 'NONE',  ( -1.106798175137045703, -22.20294059061598446, 394.7475561157987158 ) ) ;
#119 = CARTESIAN_POINT ( 'NONE',  ( -22.16875226496772910, 1.653084403468595642, 390.6174778440440605 ) ) ;
#120 = CARTESIAN_POINT ( 'NONE',  ( 0.1475479332592381787, 22.23012505044180642, 9.999999999999998224 ) ) ;
#121 = B_SPLINE_CURVE_WITH_KNOTS ( 'NONE', 3,
 ( #333, #630, #642, #799, #1074, #208, #1203, #610, #1618, #478, #1778, #467, #324, #1051, #900, #1653 ),
 .UNSPECIFIED., .F., .F.,
 ( 4, 2, 2, 2, 2, 2, 2, 4 ),
 ( 0.01171469006203543217, 0.01220534267339142345, 0.01269599528474741473, 0.01318664789610340601, 0.01367730050745939729, 0.01416795311881538857, 0.01465860573017137986, 0.01563991095288336589 ),
 .UNSPECIFIED. ) ;
#122 = ORIENTED_EDGE ( 'NONE', *, *, #718, .T. ) ;
#123 = CARTESIAN_POINT ( 'NONE',  ( -25.40100000000026270, 0.01777034590311307727, 7.500000000000000000 ) ) ;
#124 = CARTESIAN_POINT ( 'NONE',  ( 22.14131543177695605, 1.985819224177252540, 390.9724198621686924 ) ) ;
#125 = CARTESIAN_POINT ( 'NONE',  ( -0.3304994977884015972, -25.40000000000000213, 389.9999999999999432 ) ) ;
#126 = CARTESIAN_POINT ( 'NONE',  ( 22.16884822932249577, 1.651800942428066854, 394.3836456241573387 ) ) ;
#127 = EDGE_CURVE ( 'NONE', #1473, #237, #430, .T. ) ;
#128 = VECTOR ( 'NONE', #920, 1000.000000000000000 ) ;
#129 = LINE ( 'NONE', #700, #1300 ) ;
#130 = CIRCLE ( 'NONE', #302, 22.22999999999999687 ) ;
#131 = CARTESIAN_POINT ( 'NONE',  ( 25.40100000000008151, 2.482229654096710814, 7.500000000000000000 ) ) ;
#132 = ORIENTED_EDGE ( 'NONE', *, *, #825, .F. ) ;
#133 = DIRECTION ( 'NONE',  ( 1.000000000000000000, 1.047444401652940007E-14, -0.000000000000000000 ) ) ;
#134 = CARTESIAN_POINT ( 'NONE',  ( -25.39999999999999858, -3.758843327287599152E-23, 395.0000000000000000 ) ) ;
#135 = EDGE_CURVE ( 'NONE', #391, #636, #1706, .T. ) ;
#136 = CARTESIAN_POINT ( 'NONE',  ( 25.39999999999999858, 3.064717935851204788E-15, 5.000063157836488692 ) ) ;
#137 = CARTESIAN_POINT ( 'NONE',  ( 0.3100789177049534384, 22.22841240765549742, 9.983763597544452750 ) ) ;
#138 = ORIENTED_EDGE ( 'NONE', *, *, #944, .T. ) ;
#139 = CARTESIAN_POINT ( 'NONE',  ( -22.16953783175604187, 1.642449039753322237, 5.623833174216226638 ) ) ;
#140 = CARTESIAN_POINT ( 'NONE',  ( -25.28903955347148624, 2.372433752160161724, 393.3052352414513848 ) ) ;
#141 = CARTESIAN_POINT ( 'NONE',  ( 1.652912198248128961, 22.16876492273150845, 394.3826674405747781 ) ) ;
#142 = CARTESIAN_POINT ( 'NONE',  ( 25.28907965923394485, 2.372009007227150246, 393.3064969167974709 ) ) ;
#143 = CARTESIAN_POINT ( 'NONE',  ( 25.27666908435521620, 2.500000000000267342, 392.1696604696811619 ) ) ;
#144 = B_SPLINE_CURVE_WITH_KNOTS ( 'NONE', 3,
 ( #600, #863, #12, #1735, #1327, #1119, #419, #998, #141, #2, #1150, #733, #1309, #18, #631, #1621, #509, #1498, #653, #1065, #1487, #622, #1779, #1226, #1086, #1357, #1215, #643, #489, #53, #344, #217, #65, #1797 ),
 .UNSPECIFIED., .F., .F.,
 ( 4, 2, 2, 2, 2, 2, 2, 2, 2, 2, 2, 2, 2, 2, 2, 2, 4 ),
 ( 1.211162028669041150E-17, 0.0004888952431780491364, 0.0009777904863560861297, 0.001466685729534122906, 0.001955580972712160116, 0.002444476215890197326, 0.002933371459068233669, 0.003422266702246270879, 0.003911161945424308090, 0.004400057188602345300, 0.004888952431780382510, 0.005377847674958419720, 0.005866742918136455195, 0.006355638161314493273, 0.006844533404492531350, 0.007333428647670568561, 0.007822323890848605771 ),
 .UNSPECIFIED. ) ;
#145 = CARTESIAN_POINT ( 'NONE',  ( 1.633574475651511149, 22.17020589469555247, 5.615779245384356244 ) ) ;
#146 = ADVANCED_FACE ( 'NONE', ( #882 ), #1166, .F. ) ;
#147 = ORIENTED_EDGE ( 'NONE', *, *, #158, .T. ) ;
#148 = VERTEX_POINT ( 'NONE', #25 ) ;
#149 = CARTESIAN_POINT ( 'NONE',  ( 22.22814499235346730, -0.3289156059001547838, 394.9836547401907296 ) ) ;
#150 = CARTESIAN_POINT ( 'NONE',  ( -25.39223564193789784, -0.6484134124171127000, 394.9200514815890983 ) ) ;
#151 = CARTESIAN_POINT ( 'NONE',  ( 2.371785444243024177, -22.10320030027419591, 391.6930657242991174 ) ) ;
#152 = CARTESIAN_POINT ( 'NONE',  ( 1.901085722846954651, -22.14886298484075411, 5.847826289868386596 ) ) ;
#153 = AXIS2_PLACEMENT_3D ( 'NONE', #449, #1737, #163 ) ;
#154 = CARTESIAN_POINT ( 'NONE',  ( 25.39225761725688102, 0.6471270493059997353, 390.0797220210577620 ) ) ;
#155 = CARTESIAN_POINT ( 'NONE',  ( -1.106692210752604710, 25.37632548434555702, 390.2523920543272311 ) ) ;
#156 = ORIENTED_EDGE ( 'NONE', *, *, #1721, .F. ) ;
#157 = ORIENTED_EDGE ( 'NONE', *, *, #1576, .T. ) ;
#158 = EDGE_CURVE ( 'NONE', #547, #1844, #144, .T. ) ;
#159 = CARTESIAN_POINT ( 'NONE',  ( -22.09276221702858223, 2.466531837054865228, 7.175841922003137974 ) ) ;
#160 = CARTESIAN_POINT ( 'NONE',  ( -25.30866773889604460, 2.153935785564657923, 8.748982164965829256 ) ) ;
#161 = CARTESIAN_POINT ( 'NONE',  ( 1.986762075820742490, -22.14123076671155133, 390.9736326677305556 ) ) ;
#162 = CARTESIAN_POINT ( 'NONE',  ( 2.517829930059785060, -22.08695163319084287, 7.662289803216204120 ) ) ;
#163 = DIRECTION ( 'NONE',  ( 0.000000000000000000, 0.000000000000000000, -1.000000000000000000 ) ) ;
#164 = CARTESIAN_POINT ( 'NONE',  ( -2.170732315814430269, 25.30723571274323191, 393.7508327306929345 ) ) ;
#165 = ORIENTED_EDGE ( 'NONE', *, *, #1827, .F. ) ;
#166 = CYLINDRICAL_SURFACE ( 'NONE', #1093, 2.500000000000002220 ) ;
#167 = CARTESIAN_POINT ( 'NONE',  ( 0.000000000000000000, 0.000000000000000000, 400.0000000000000000 ) ) ;
#168 = CARTESIAN_POINT ( 'NONE',  ( -0.01777034590337914222, -25.40099999999999980, 7.500000000000000000 ) ) ;
#169 = CARTESIAN_POINT ( 'NONE',  ( 25.27666908435521265, 2.500000000000267342, 392.5000000000000000 ) ) ;
#170 = CARTESIAN_POINT ( 'NONE',  ( -1.239718926791467374E-15, -25.39999999999999858, 390.0000000000000000 ) ) ;
#171 = CARTESIAN_POINT ( 'NONE',  ( -2.372675349957050539, 22.10310565292097351, 393.3045230775709911 ) ) ;
#172 = EDGE_LOOP ( 'NONE', ( #1243, #1825 ) ) ;
#173 = CARTESIAN_POINT ( 'NONE',  ( 0.8232542087739422865, -25.38710647716934332, 9.872343262241416895 ) ) ;
#174 = EDGE_LOOP ( 'NONE', ( #132, #605, #1573, #1452 ) ) ;
#175 = MANIFOLD_SOLID_BREP ( 'PadrãoCircular2', #189 ) ;
#176 = CYLINDRICAL_SURFACE ( 'NONE', #1700, 22.22999999999999687 ) ;
#177 = CARTESIAN_POINT ( 'NONE',  ( 3.061616744181124549E-16, -22.22999999999999687, 395.0000000000000000 ) ) ;
#178 = CARTESIAN_POINT ( 'NONE',  ( -1.987446583779005627, -25.32228964681121397, 394.0253625738822620 ) ) ;
#179 = CARTESIAN_POINT ( 'NONE',  ( 25.27829004788473100, 2.483761901012850437, 392.8278698075665716 ) ) ;
#180 = CARTESIAN_POINT ( 'NONE',  ( 22.19508372997195877, -1.252867791252841423, 390.3304375019170607 ) ) ;
#181 = CARTESIAN_POINT ( 'NONE',  ( 22.10491271716832884, -2.355766185202284202, 8.301814074885887962 ) ) ;
#182 = ORIENTED_EDGE ( 'NONE', *, *, #857, .F. ) ;
#183 = ORIENTED_EDGE ( 'NONE', *, *, #1661, .T. ) ;
#184 = VECTOR ( 'NONE', #870, 1000.000000000000000 ) ;
#185 = CARTESIAN_POINT ( 'NONE',  ( 25.28612788306834958, -2.402654794431266172, 8.146532730055941585 ) ) ;
#186 = ORIENTED_EDGE ( 'NONE', *, *, #656, .F. ) ;
#187 = FACE_OUTER_BOUND ( 'NONE', #853, .T. ) ;
#188 = DIRECTION ( 'NONE',  ( -0.000000000000000000, 1.000000000000000000, -0.000000000000000000 ) ) ;
#189 = CLOSED_SHELL ( 'NONE', ( #1181, #1493, #429, #337, #1017, #1277, #463, #1620, #1857, #1298, #1554, #765, #1345, #1331, #1776, #593, #543, #963, #146, #492, #1391, #39 ) ) ;
#190 = CARTESIAN_POINT ( 'NONE',  ( -1.636234936255107408, -25.34750578786638187, 5.618296143023979283 ) ) ;
#191 = CARTESIAN_POINT ( 'NONE',  ( 25.39999999999999858, 3.110602869834276865E-15, 400.0000000000000000 ) ) ;
#192 = EDGE_CURVE ( 'NONE', #8, #688, #1408, .T. ) ;
#193 = CARTESIAN_POINT ( 'NONE',  ( 25.27842036093878519, -2.482229654096356875, 7.500000000000000000 ) ) ;
#194 = CARTESIAN_POINT ( 'NONE',  ( -0.6589826919010604023, 22.22226772656973992, 394.9334604649214384 ) ) ;
#195 = EDGE_LOOP ( 'NONE', ( #506, #710, #465, #1859, #1494, #1712, #745, #434, #757, #737, #650, #286, #1280, #755, #877, #29 ) ) ;
#196 = DIRECTION ( 'NONE',  ( -0.000000000000000000, -0.000000000000000000, -1.000000000000000000 ) ) ;
#197 = CARTESIAN_POINT ( 'NONE',  ( 0.3084325012978513247, 25.40022200182015766, 10.00000000000000000 ) ) ;
#198 = CARTESIAN_POINT ( 'NONE',  ( 2.499940652974441679, 25.27667495409835041, 392.6640754413747914 ) ) ;
#199 = CARTESIAN_POINT ( 'NONE',  ( 1.252615037174810597, -25.36945932129561854, 390.3302897227594599 ) ) ;
#200 = CARTESIAN_POINT ( 'NONE',  ( -25.39999999999999858, 0.000000000000000000, 390.0000000000000000 ) ) ;
#201 = CARTESIAN_POINT ( 'NONE',  ( 22.09789338035052708, 2.420130707596669151, 393.1477240834753388 ) ) ;
#202 = PLANE ( 'NONE',  #847 ) ;
#203 = CARTESIAN_POINT ( 'NONE',  ( -2.500122052231767977, 22.08896307523743019, 392.6633813484456823 ) ) ;
#204 = ORIENTED_EDGE ( 'NONE', *, *, #1268, .F. ) ;
#205 = CARTESIAN_POINT ( 'NONE',  ( 1.126608579791944953, -25.37545399377581035, 5.253382542637440089 ) ) ;
#206 = EDGE_CURVE ( 'NONE', #1475, #1394, #1750, .T. ) ;
#207 = CARTESIAN_POINT ( 'NONE',  ( 2.354939657302514533, 25.29067438246643462, 6.695596426706144300 ) ) ;
#208 = CARTESIAN_POINT ( 'NONE',  ( -25.37597065477577374, -1.115070702859225937, 5.247658977949389403 ) ) ;
#209 = CARTESIAN_POINT ( 'NONE',  ( -2.483545481477213546, -25.27831141776692547, 392.8294681170853551 ) ) ;
#210 = CARTESIAN_POINT ( 'NONE',  ( 22.14111969239329625, 1.987971437403187380, 394.0246856377420954 ) ) ;
#211 = CARTESIAN_POINT ( 'NONE',  ( -2.186836831305432050, 25.30584883519939154, 8.753659651746344750 ) ) ;
#212 = CARTESIAN_POINT ( 'NONE',  ( -0.3254678401338991778, 22.22820318004771067, 390.0158240446319269 ) ) ;
#213 = CARTESIAN_POINT ( 'NONE',  ( -0.01777034590337883690, 22.22999289731794548, 4.999999999999998224 ) ) ;
#214 = CARTESIAN_POINT ( 'NONE',  ( 25.35397052395582307, 1.546119302420531083, 9.505339732816315390 ) ) ;
#215 = CARTESIAN_POINT ( 'NONE',  ( -1.089025564483135700, -22.20381938490249496, 9.747557336288101837 ) ) ;
#216 = DIRECTION ( 'NONE',  ( -0.000000000000000000, -0.000000000000000000, -1.000000000000000000 ) ) ;
#217 = CARTESIAN_POINT ( 'NONE',  ( 0.3290334593588676304, 22.22814321510657720, 390.0163610794343185 ) ) ;
#218 = CARTESIAN_POINT ( 'NONE',  ( -2.500126163419392977, -25.27665660611085485, 392.3367810016589488 ) ) ;
#219 = CARTESIAN_POINT ( 'NONE',  ( 22.08695842539864529, 2.517770345903611151, 7.168100919139390292 ) ) ;
#220 = PRODUCT_DEFINITION_SHAPE ( 'NONE', 'NONE',  #439 ) ;
#221 = AXIS2_PLACEMENT_3D ( 'NONE', #1546, #252, #1526 ) ;
#222 = DIRECTION ( 'NONE',  ( -0.000000000000000000, -0.000000000000000000, -1.000000000000000000 ) ) ;
#223 = CARTESIAN_POINT ( 'NONE',  ( -25.39840698751341819, 0.3259011936993315706, 5.018420901543233725 ) ) ;
#224 = CARTESIAN_POINT ( 'NONE',  ( -2.186713816924207521, 22.12237538298851902, 6.246070258065703484 ) ) ;
#225 = CARTESIAN_POINT ( 'NONE',  ( 22.09098087329588722, -2.482229654096391513, 7.337470207463433702 ) ) ;
#226 = ORIENTED_EDGE ( 'NONE', *, *, #451, .T. ) ;
#227 = CARTESIAN_POINT ( 'NONE',  ( -1.633503252704919806, -22.17020396909375179, 9.384104007889584764 ) ) ;
#228 = CARTESIAN_POINT ( 'NONE',  ( -22.17798743872878475, -1.525953247893038212, 394.4870838567863416 ) ) ;
#229 = CARTESIAN_POINT ( 'NONE',  ( -22.09281849219664906, 2.466026781706225357, 7.827454331122371656 ) ) ;
#230 = CARTESIAN_POINT ( 'NONE',  ( -2.420667471255474545, -22.09783437928301808, 391.8543037498760668 ) ) ;
#231 = CARTESIAN_POINT ( 'NONE',  ( -0.1828688265823745773, 25.39987827754157834, 4.999999999999997335 ) ) ;
#232 = B_SPLINE_CURVE_WITH_KNOTS ( 'NONE', 3,
 ( #169, #1026, #179, #1177, #142, #1284, #284, #858, #715, #459, #1035, #1612, #1293, #1151, #1736, #431, #1006, #1584 ),
 .UNSPECIFIED., .F., .F.,
 ( 4, 2, 2, 2, 2, 2, 2, 2, 4 ),
 ( 0.000000000000000000, 0.0004889174776660529329, 0.0009778349553321058658, 0.001466752432998158799, 0.001955669910664211732, 0.002444587388330264014, 0.002933504865996316730, 0.003422422343662369013, 0.003911339821328421729 ),
 .UNSPECIFIED. ) ;
#233 = CARTESIAN_POINT ( 'NONE',  ( -25.39999999999999858, 5.513308049033149200E-17, 5.000063157836486916 ) ) ;
#234 = CARTESIAN_POINT ( 'NONE',  ( -1.669031651034799557, 22.16755767340076488, 5.615885580356187567 ) ) ;
#235 = CARTESIAN_POINT ( 'NONE',  ( 22.16953783175604897, -1.642449039753227202, 5.623833174216276376 ) ) ;
#236 = B_SPLINE_CURVE_WITH_KNOTS ( 'NONE', 3,
 ( #59, #486, #1212, #1061, #1640, #1071, #1649, #926, #1504, #214, #71, #976, #668, #1232, #677, #1111 ),
 .UNSPECIFIED., .F., .F.,
 ( 4, 2, 2, 2, 2, 2, 2, 4 ),
 ( 0.000000000000000000, 0.0004911423809013159896, 0.0009822847618026319793, 0.001473427142703948077, 0.001964569523605263959, 0.002946854285407896588, 0.003437996666309212253, 0.003929139047210527050 ),
 .UNSPECIFIED. ) ;
#237 = VERTEX_POINT ( 'NONE', #550 ) ;
#238 = CARTESIAN_POINT ( 'NONE',  ( -25.30606236406531906, -2.184410508077240465, 8.758024353401600237 ) ) ;
#239 = CARTESIAN_POINT ( 'NONE',  ( -22.12270661624717505, -2.183418605061532070, 6.240171267984412573 ) ) ;
#240 = CARTESIAN_POINT ( 'NONE',  ( 22.17814892807138705, 1.523521659834694786, 390.5111489565575766 ) ) ;
#241 = CARTESIAN_POINT ( 'NONE',  ( -22.11631067509203064, -2.246250511766973101, 391.3905719952408049 ) ) ;
#242 = EDGE_CURVE ( 'NONE', #1182, #587, #541, .T. ) ;
#243 = CARTESIAN_POINT ( 'NONE',  ( -25.27666908435523041, -2.500000000000090594, 392.5000000000000000 ) ) ;
#244 = CARTESIAN_POINT ( 'NONE',  ( -25.27490519240950917, -2.517770345903467710, 7.500000000000000000 ) ) ;
#245 = CARTESIAN_POINT ( 'NONE',  ( 22.11777411645761759, -2.231776962527511010, 6.397351036096289079 ) ) ;
#246 = CARTESIAN_POINT ( 'NONE',  ( 22.08897688893718225, -2.499999999999770850, 392.5000000000000000 ) ) ;
#247 = CARTESIAN_POINT ( 'NONE',  ( -22.22105305957171595, -0.6507843067681483573, 5.075942346704288788 ) ) ;
#248 = CARTESIAN_POINT ( 'NONE',  ( 22.23000000000000398, 0.1651824625980271022, 389.9999999999999432 ) ) ;
#249 = CARTESIAN_POINT ( 'NONE',  ( -22.19513451664078829, -1.251963223070085229, 390.3299228564249006 ) ) ;
#250 = CARTESIAN_POINT ( 'NONE',  ( -25.35463676353186813, -1.523443513843233399, 390.5110913861329891 ) ) ;
#251 = CARTESIAN_POINT ( 'NONE',  ( -1.269985087208860941, 22.19411581874549455, 5.329987675636075117 ) ) ;
#252 = DIRECTION ( 'NONE',  ( 0.000000000000000000, 0.000000000000000000, 1.000000000000000000 ) ) ;
#253 = ORIENTED_EDGE ( 'NONE', *, *, #995, .F. ) ;
#254 = CARTESIAN_POINT ( 'NONE',  ( 22.22999999999999687, 2.775196261564005585E-15, 9.999936842163512196 ) ) ;
#255 = CARTESIAN_POINT ( 'NONE',  ( -22.21588476861638739, -0.8062529301945192683, 394.8720198381849968 ) ) ;
#256 = CARTESIAN_POINT ( 'NONE',  ( 1.252615037174810597, 25.36945932129561854, 394.6697102772405970 ) ) ;
#257 = CARTESIAN_POINT ( 'NONE',  ( -0.6589826919010604023, -22.22226772656973992, 390.0665395350784479 ) ) ;
#258 = CARTESIAN_POINT ( 'NONE',  ( 25.39840698751341819, -0.3259011936993112535, 5.018420901543255042 ) ) ;
#259 = CARTESIAN_POINT ( 'NONE',  ( 25.27666908435526238, -2.499999999999737099, 392.5000000000000000 ) ) ;
#260 = ORIENTED_EDGE ( 'NONE', *, *, #399, .T. ) ;
#261 = CARTESIAN_POINT ( 'NONE',  ( 25.38766736262496693, 0.8057781591610992944, 390.1277533025263438 ) ) ;
#262 = EDGE_CURVE ( 'NONE', #1313, #661, #1723, .T. ) ;
#263 = CARTESIAN_POINT ( 'NONE',  ( -22.22813875415359064, -0.3294947895383139591, 5.014121874992326866 ) ) ;
#264 = CARTESIAN_POINT ( 'NONE',  ( 2.484061767589682113, -25.27826096906024489, 392.1736318982073612 ) ) ;
#265 = CARTESIAN_POINT ( 'NONE',  ( -1.525452219609056081, -22.17802140576347014, 394.4874586464653134 ) ) ;
#266 = CARTESIAN_POINT ( 'NONE',  ( 22.19510689975971118, 1.252553334355847925, 394.6698261942493104 ) ) ;
#267 = CARTESIAN_POINT ( 'NONE',  ( -22.22999999999999687, 0.1653371022816735036, 390.0000000000000568 ) ) ;
#268 = CARTESIAN_POINT ( 'NONE',  ( 1.506620382316078643, 22.17930382707088555, 9.488194593718791481 ) ) ;
#269 = ORIENTED_EDGE ( 'NONE', *, *, #1268, .T. ) ;
#270 = VERTEX_POINT ( 'NONE', #673 ) ;
#271 = CARTESIAN_POINT ( 'NONE',  ( -22.11472879887091025, -2.261786707930362628, 6.385953085889678249 ) ) ;
#272 = EDGE_CURVE ( 'NONE', #409, #878, #669, .T. ) ;
#273 = CARTESIAN_POINT ( 'NONE',  ( 2.483776392337078587, -25.27828880111741938, 392.8280106424249425 ) ) ;
#274 = LINE ( 'NONE', #1855, #551 ) ;
#275 = EDGE_CURVE ( 'NONE', #270, #906, #1248, .T. ) ;
#276 = CARTESIAN_POINT ( 'NONE',  ( 25.30045948235927966, -2.247369164529689822, 391.3928114588780431 ) ) ;
#277 = B_SPLINE_CURVE_WITH_KNOTS ( 'NONE', 3,
 ( #1342, #1200, #1059, #764, #1638, #339, #312, #744, #1169, #320, #1472, #894, #348, #181, #1333, #1069, #916, #775 ),
 .UNSPECIFIED., .F., .F.,
 ( 4, 2, 2, 2, 2, 2, 2, 2, 4 ),
 ( 0.003929888540435922013, 0.004416442752998366375, 0.004902996965560809869, 0.005389551178123254231, 0.005876105390685698593, 0.006362659603248142087, 0.006849213815810586449, 0.007335768028373030811, 0.007822322240935474305 ),
 .UNSPECIFIED. ) ;
#278 = CARTESIAN_POINT ( 'NONE',  ( -2.371529476954687077, 25.28912470674815793, 391.6921208942698627 ) ) ;
#279 = VECTOR ( 'NONE', #546, 1000.000000000000000 ) ;
#280 = EDGE_LOOP ( 'NONE', ( #1072, #1453, #1241, #165 ) ) ;
#281 = CARTESIAN_POINT ( 'NONE',  ( -22.17873353512851864, 1.514905233375538174, 5.518241565507827850 ) ) ;
#282 = CARTESIAN_POINT ( 'NONE',  ( -25.37627292209136698, 1.108022658581426789, 394.7470258191040671 ) ) ;
#283 = CARTESIAN_POINT ( 'NONE',  ( 1.652912198248128961, -22.16876492273150845, 390.6173325594252788 ) ) ;
#284 = CARTESIAN_POINT ( 'NONE',  ( 25.30733667341192472, 2.169563338203153169, 393.7528746386157081 ) ) ;
#285 = CARTESIAN_POINT ( 'NONE',  ( 2.151755625661345483, 22.12580551964320463, 8.753067612379554774 ) ) ;
#286 = ORIENTED_EDGE ( 'NONE', *, *, #1193, .F. ) ;
#287 = VERTEX_POINT ( 'NONE', #1347 ) ;
#288 = CARTESIAN_POINT ( 'NONE',  ( -22.22817791443848279, 0.3260339683410981015, 5.018439253700908154 ) ) ;
#289 = CARTESIAN_POINT ( 'NONE',  ( -25.27830135490463803, 2.483649021421133529, 392.8289197312539613 ) ) ;
#290 = CARTESIAN_POINT ( 'NONE',  ( 0.1632271466829899043, -22.23000000000000043, 395.0000000000001137 ) ) ;
#291 = CARTESIAN_POINT ( 'NONE',  ( 25.32232474376800369, -1.987027428212200242, 390.9739703439336722 ) ) ;
#292 = EDGE_CURVE ( 'NONE', #636, #1394, #1506, .T. ) ;
#293 = B_SPLINE_CURVE_WITH_KNOTS ( 'NONE', 3,
 ( #1861, #559, #1134, #564, #988, #436, #11, #1425, #713, #1742, #1447, #160, #17, #848, #881, #1308, #1165, #1751 ),
 .UNSPECIFIED., .F., .F.,
 ( 4, 2, 2, 2, 2, 2, 2, 2, 4 ),
 ( 0.003929139047210351843, 0.004415605475365497364, 0.004902071903520642884, 0.005388538331675789272, 0.005875004759830935661, 0.006361471187986081181, 0.006847937616141226702, 0.007334404044296373090, 0.007820870472451519478 ),
 .UNSPECIFIED. ) ;
#294 = CARTESIAN_POINT ( 'NONE',  ( 22.16875226496773976, -1.653084403468503938, 390.6174778440441173 ) ) ;
#295 = CARTESIAN_POINT ( 'NONE',  ( 2.466284725341152839, 22.09279030009558298, 7.826421109198589576 ) ) ;
#296 = ORIENTED_EDGE ( 'NONE', *, *, #1721, .T. ) ;
#297 = EDGE_LOOP ( 'NONE', ( #588, #1730, #1626, #22 ) ) ;
#298 = CARTESIAN_POINT ( 'NONE',  ( -25.40100000000023428, -2.500000000000268230, 392.5000000000000000 ) ) ;
#299 = DIRECTION ( 'NONE',  ( 1.000000000000000000, 1.047444401652940007E-14, -0.000000000000000000 ) ) ;
#300 = CARTESIAN_POINT ( 'NONE',  ( 2.247089091666986782, -22.11622527290034057, 391.3922546624178835 ) ) ;
#301 = CARTESIAN_POINT ( 'NONE',  ( 2.004522929234818562, -22.13962990877285364, 5.973620509574079307 ) ) ;
#302 = AXIS2_PLACEMENT_3D ( 'NONE', #1098, #1543, #560 ) ;
#303 = CARTESIAN_POINT ( 'NONE',  ( -1.971753601116665200, -22.14256907355159498, 5.977349739229418368 ) ) ;
#304 = CARTESIAN_POINT ( 'NONE',  ( -2.420691887800403119, 25.28440749605849547, 393.1455962505216348 ) ) ;
#305 = EDGE_LOOP ( 'NONE', ( #321, #7, #138, #1184, #909, #992 ) ) ;
#306 = ORIENTED_EDGE ( 'NONE', *, *, #292, .F. ) ;
#307 = CARTESIAN_POINT ( 'NONE',  ( -22.12549758059852678, 2.154887377048009700, 6.252459829401875169 ) ) ;
#308 = CARTESIAN_POINT ( 'NONE',  ( -25.39842696630987717, -0.3255433705773354558, 394.9841720231934232 ) ) ;
#309 = CARTESIAN_POINT ( 'NONE',  ( 1.108280797382803939, -22.20287304628112679, 394.7469006395588167 ) ) ;
#310 = CARTESIAN_POINT ( 'NONE',  ( 2.437596903197976506, -22.09597396592762664, 6.850752397830487617 ) ) ;
#311 = CARTESIAN_POINT ( 'NONE',  ( 22.09078729496273397, -2.484161293995736042, 392.1743806678562692 ) ) ;
#312 = CARTESIAN_POINT ( 'NONE',  ( 22.19541695086362765, -1.246784272875576693, 9.662673418263359792 ) ) ;
#313 = ORIENTED_EDGE ( 'NONE', *, *, #903, .T. ) ;
#314 = CARTESIAN_POINT ( 'NONE',  ( 2.390457978869896749, -25.28734223618689114, 8.304518040191403827 ) ) ;
#315 = CARTESIAN_POINT ( 'NONE',  ( -0.01777034590337914222, 25.39999378375527073, 10.00000000000000000 ) ) ;
#316 = CARTESIAN_POINT ( 'NONE',  ( 1.252707691810404533, -22.19509287919099449, 390.3303439535652046 ) ) ;
#317 = CARTESIAN_POINT ( 'NONE',  ( -25.30731799923474412, 2.169807391203705915, 391.2474105234595072 ) ) ;
#318 = CARTESIAN_POINT ( 'NONE',  ( 2.501538448355650424, -22.08882611151016917, 7.828081306742448398 ) ) ;
#319 = CARTESIAN_POINT ( 'NONE',  ( 25.34648491297640405, 1.651981925120632466, 390.6165209757608068 ) ) ;
#320 = CARTESIAN_POINT ( 'NONE',  ( 22.15133697160603532, -1.872063884220998675, 9.144828549738097223 ) ) ;
#321 = ORIENTED_EDGE ( 'NONE', *, *, #570, .F. ) ;
#322 = CARTESIAN_POINT ( 'NONE',  ( 0.8240957879975516764, -25.38707896577505352, 5.127943611527972401 ) ) ;
#323 = DIRECTION ( 'NONE',  ( -0.000000000000000000, -0.000000000000000000, -1.000000000000000000 ) ) ;
#324 = CARTESIAN_POINT ( 'NONE',  ( -25.29917086391667524, -2.261846896859695200, 6.386073612746541173 ) ) ;
#325 = CARTESIAN_POINT ( 'NONE',  ( -2.247421886745165853, -25.30045560640613189, 391.3927705154283672 ) ) ;
#326 = CYLINDRICAL_SURFACE ( 'NONE', #363, 22.22999999999999687 ) ;
#327 = DIRECTION ( 'NONE',  ( -0.000000000000000000, 1.000000000000000000, -0.000000000000000000 ) ) ;
#328 = CARTESIAN_POINT ( 'NONE',  ( -2.371518886060377529, 22.10323033937851278, 391.6920815340527042 ) ) ;
#329 = ORIENTED_EDGE ( 'NONE', *, *, #927, .F. ) ;
#330 = CARTESIAN_POINT ( 'NONE',  ( 25.27842036093878519, -2.482229654096356875, 7.500000000000000000 ) ) ;
#331 = ORIENTED_EDGE ( 'NONE', *, *, #479, .T. ) ;
#332 = CYLINDRICAL_SURFACE ( 'NONE', #1326, 25.39999999999999858 ) ;
#333 = CARTESIAN_POINT ( 'NONE',  ( -25.39999999999999858, 5.513308049033149200E-17, 5.000063157836486916 ) ) ;
#334 = SURFACE_STYLE_FILL_AREA ( #931 ) ;
#335 = CARTESIAN_POINT ( 'NONE',  ( 0.01777034590337914222, -25.39999378375527073, 4.999999999999998224 ) ) ;
#336 = CARTESIAN_POINT ( 'NONE',  ( 25.28903955347150756, -2.372433752159982312, 393.3052352414513848 ) ) ;
#337 = ADVANCED_FACE ( 'NONE', ( #52 ), #1042, .F. ) ;
#338 = CARTESIAN_POINT ( 'NONE',  ( -22.22999999999999687, -0.1640532385727059839, 10.00110298474233694 ) ) ;
#339 = CARTESIAN_POINT ( 'NONE',  ( 22.20318837637325160, -1.101817290103703550, 9.741240801883508382 ) ) ;
#340 = ORIENTED_EDGE ( 'NONE', *, *, #619, .T. ) ;
#341 = CARTESIAN_POINT ( 'NONE',  ( -22.22999999999999687, 0.000000000000000000, 400.0000000000000000 ) ) ;
#342 = CARTESIAN_POINT ( 'NONE',  ( 1.633401142402625128, 25.34768963934801889, 9.384199372160855646 ) ) ;
#343 = CARTESIAN_POINT ( 'NONE',  ( 1.651343475291483287, 25.34653330538955629, 390.6157727138986502 ) ) ;
#344 = CARTESIAN_POINT ( 'NONE',  ( 0.6496662613347233828, 22.22108340197546283, 390.0803597263209213 ) ) ;
#345 = CARTESIAN_POINT ( 'NONE',  ( -1.106692210752604710, -25.37632548434555702, 394.7476079456729394 ) ) ;
#346 = CARTESIAN_POINT ( 'NONE',  ( 25.37627292209135632, -1.108022658581366615, 394.7470258191040671 ) ) ;
#347 = CARTESIAN_POINT ( 'NONE',  ( -1.272212778588015514, 25.36848158538215259, 9.668616730520172453 ) ) ;
#348 = CARTESIAN_POINT ( 'NONE',  ( 22.11780054848560084, -2.231524019674198112, 8.603293402572157689 ) ) ;
#349 = EDGE_CURVE ( 'NONE', #1010, #1547, #1642, .T. ) ;
#350 = DIRECTION ( 'NONE',  ( 1.000000000000000000, 0.000000000000000000, 0.000000000000000000 ) ) ;
#351 = LINE ( 'NONE', #341, #573 ) ;
#352 = DIRECTION ( 'NONE',  ( 0.000000000000000000, 0.000000000000000000, -1.000000000000000000 ) ) ;
#353 = CARTESIAN_POINT ( 'NONE',  ( 1.884749238413567340, 25.33024686383670598, 390.8492522762771273 ) ) ;
#354 = CARTESIAN_POINT ( 'NONE',  ( -22.14232291956085419, 1.974475513883760858, 9.018952235967701014 ) ) ;
#355 = CARTESIAN_POINT ( 'NONE',  ( -25.39838878393157984, 0.3277466860220351053, 390.0162217641491225 ) ) ;
#356 = CARTESIAN_POINT ( 'NONE',  ( 22.21574861404072720, 0.8103567855625721794, 5.123258862874942920 ) ) ;
#357 = CARTESIAN_POINT ( 'NONE',  ( -0.8240957879975510103, 25.38707896577506062, 5.127943611527972401 ) ) ;
#358 = CARTESIAN_POINT ( 'NONE',  ( -1.088869942260499490, -25.37709644117924412, 9.747633397896390051 ) ) ;
#359 = CARTESIAN_POINT ( 'NONE',  ( -1.545959391324505328, 22.17660072035141283, 9.485356530742171444 ) ) ;
#360 = LINE ( 'NONE', #805, #279 ) ;
#361 = ORIENTED_EDGE ( 'NONE', *, *, #1040, .T. ) ;
#362 = CARTESIAN_POINT ( 'NONE',  ( 3.061616997868386099E-16, -25.40099999999999980, 390.0000000000000000 ) ) ;
#363 = AXIS2_PLACEMENT_3D ( 'NONE', #773, #902, #655 ) ;
#364 = CARTESIAN_POINT ( 'NONE',  ( -22.16884822932250998, -1.651800942427976260, 394.3836456241571682 ) ) ;
#365 = CARTESIAN_POINT ( 'NONE',  ( -2.168951545723969421, -22.12412388757189063, 393.7539159077583122 ) ) ;
#366 = CARTESIAN_POINT ( 'NONE',  ( 25.34654780829319876, -1.651120260542785489, 394.3844199682201292 ) ) ;
#367 = VECTOR ( 'NONE', #1196, 1000.000000000000000 ) ;
#368 = CARTESIAN_POINT ( 'NONE',  ( -2.501803308410533333, 25.27651120638983784, 7.173492441739676373 ) ) ;
#369 = CARTESIAN_POINT ( 'NONE',  ( -2.228057708297823680, -25.30216877998662994, 8.610459076320470473 ) ) ;
#370 = CARTESIAN_POINT ( 'NONE',  ( -2.501774701174697135, 22.08879894547352762, 7.826002947890858152 ) ) ;
#371 = CARTESIAN_POINT ( 'NONE',  ( 22.19551081888456068, -1.245174115182931418, 5.336338239879004242 ) ) ;
#372 = ORIENTED_EDGE ( 'NONE', *, *, #272, .T. ) ;
#373 = CARTESIAN_POINT ( 'NONE',  ( -2.353753110172636998, -22.10512924046429362, 8.307904892839680144 ) ) ;
#374 = CARTESIAN_POINT ( 'NONE',  ( -25.40100000000026270, -2.660613524638660533E-13, 392.5000000000000000 ) ) ;
#375 = EDGE_CURVE ( 'NONE', #1852, #60, #121, .T. ) ;
#376 = CARTESIAN_POINT ( 'NONE',  ( 0.8054158842457185274, -25.38767934216245692, 394.8723752127967259 ) ) ;
#377 = CARTESIAN_POINT ( 'NONE',  ( -25.27829004788474521, -2.483761901012672801, 392.8278698075666284 ) ) ;
#378 = CARTESIAN_POINT ( 'NONE',  ( -22.11620116995949203, 2.247326146518967338, 391.3927238765011225 ) ) ;
#379 = CARTESIAN_POINT ( 'NONE',  ( -2.151172352851548730, -25.30890640651188406, 8.753925737573931443 ) ) ;
#380 = CARTESIAN_POINT ( 'NONE',  ( 25.34579603187070163, 1.662584147284866809, 5.610191940638072694 ) ) ;
#381 = FACE_OUTER_BOUND ( 'NONE', #1263, .T. ) ;
#382 = ORIENTED_EDGE ( 'NONE', *, *, #1286, .F. ) ;
#383 = CARTESIAN_POINT ( 'NONE',  ( -22.20253724444046739, -1.115125334388005429, 5.247689247354652586 ) ) ;
#384 = CARTESIAN_POINT ( 'NONE',  ( 2.500059018132899880, -25.27666324714141410, 392.6622619015940359 ) ) ;
#385 = ADVANCED_BREP_SHAPE_REPRESENTATION ( 'Tubo', ( #175, #519 ), #421 ) ;
#386 = CARTESIAN_POINT ( 'NONE',  ( -0.6481654546358377456, -22.22113470261725965, 394.9201117816347164 ) ) ;
#387 = EDGE_CURVE ( 'NONE', #1411, #617, #1477, .T. ) ;
#388 = CARTESIAN_POINT ( 'NONE',  ( -25.39838859723979070, -0.3276842728651998549, 390.0162242591946438 ) ) ;
#389 = CARTESIAN_POINT ( 'NONE',  ( -2.517646815049283671, 22.08697250711282223, 7.332899862403270852 ) ) ;
#390 = LINE ( 'NONE', #527, #1027 ) ;
#391 = VERTEX_POINT ( 'NONE', #788 ) ;
#392 = CARTESIAN_POINT ( 'NONE',  ( -25.28751876989785075, -2.388606473785057638, 8.310082410099411732 ) ) ;
#393 = CARTESIAN_POINT ( 'NONE',  ( 22.10139630069248184, 2.388564248736252615, 8.310204928950392755 ) ) ;
#394 = CARTESIAN_POINT ( 'NONE',  ( 2.247316667800948853, -25.30046495744408119, 393.6074374387843022 ) ) ;
#395 = CARTESIAN_POINT ( 'NONE',  ( -1.989514500401419417, -22.14098035139177867, 390.9773373612130740 ) ) ;
#396 = SHAPE_DEFINITION_REPRESENTATION ( #220, #385 ) ;
#397 = CARTESIAN_POINT ( 'NONE',  ( -22.10317606698584925, 2.372011119444660920, 391.6937131579088600 ) ) ;
#398 = PRODUCT ( 'Tubo', 'Tubo', '', ( #1542 ) ) ;
#399 = EDGE_CURVE ( 'NONE', #1182, #817, #477, .T. ) ;
#400 = CARTESIAN_POINT ( 'NONE',  ( -22.22108661169173160, 0.6495575975900275134, 394.9196696616872941 ) ) ;
#401 = ORIENTED_EDGE ( 'NONE', *, *, #606, .F. ) ;
#402 = CARTESIAN_POINT ( 'NONE',  ( -25.39999999999999858, -4.488501521713153438E-17, 9.999936842163512196 ) ) ;
#403 = CARTESIAN_POINT ( 'NONE',  ( -22.22999999999999687, 4.724404275217281513E-17, 5.000063157836486916 ) ) ;
#404 = CARTESIAN_POINT ( 'NONE',  ( 0.1652884690309706917, 25.39999999999999858, 395.0000000000001137 ) ) ;
#405 = CARTESIAN_POINT ( 'NONE',  ( 1.246441527914020942E-14, -22.22999999999999687, 390.0000000000000000 ) ) ;
#406 = CARTESIAN_POINT ( 'NONE',  ( -22.20282166229104348, 1.109311463088324956, 390.2536048637291515 ) ) ;
#407 = CARTESIAN_POINT ( 'NONE',  ( 0.1454538329319565726, 22.23012337644724923, 5.000000000000000000 ) ) ;
#408 = EDGE_CURVE ( 'NONE', #1030, #1461, #1490, .T. ) ;
#409 = VERTEX_POINT ( 'NONE', #1413 ) ;
#410 = VERTEX_POINT ( 'NONE', #1685 ) ;
#411 = CARTESIAN_POINT ( 'NONE',  ( 2.371823195662775774, 25.28909594710600572, 393.3068242883001631 ) ) ;
#412 = CARTESIAN_POINT ( 'NONE',  ( -25.32225904809605055, 1.987822368372341497, 394.0248152903541836 ) ) ;
#413 = CARTESIAN_POINT ( 'NONE',  ( -25.38766736262497403, -0.8057781591610490013, 390.1277533025263438 ) ) ;
#414 = CARTESIAN_POINT ( 'NONE',  ( 2.354840474501522340, 22.10501294014940399, 6.695279375561076662 ) ) ;
#415 = ORIENTED_EDGE ( 'NONE', *, *, #242, .F. ) ;
#416 = ORIENTED_EDGE ( 'NONE', *, *, #1128, .F. ) ;
#417 = CARTESIAN_POINT ( 'NONE',  ( 0.000000000000000000, 25.40099999999999980, 392.5000000000000000 ) ) ;
#418 = CARTESIAN_POINT ( 'NONE',  ( -25.39837733940445474, 0.3288424534501812047, 394.9836636158053693 ) ) ;
#419 = CARTESIAN_POINT ( 'NONE',  ( 1.252707691810404533, 22.19509287919099449, 394.6696560464346248 ) ) ;
#420 = CARTESIAN_POINT ( 'NONE',  ( 1.270476845683566891, -22.19408286751204784, 5.330343478047191219 ) ) ;
#421 =( GEOMETRIC_REPRESENTATION_CONTEXT ( 3 ) GLOBAL_UNCERTAINTY_ASSIGNED_CONTEXT ( ( #1824 ) ) GLOBAL_UNIT_ASSIGNED_CONTEXT ( ( #1716, #1398, #1831 ) ) REPRESENTATION_CONTEXT ( 'NONE', 'WORKASPACE' ) );
#422 = LINE ( 'NONE', #131, #1024 ) ;
#423 = STYLED_ITEM ( 'NONE', ( #943 ), #175 ) ;
#424 = VERTEX_POINT ( 'NONE', #1853 ) ;
#425 = VERTEX_POINT ( 'NONE', #557 ) ;
#426 = FACE_OUTER_BOUND ( 'NONE', #442, .T. ) ;
#427 = B_SPLINE_CURVE_WITH_KNOTS ( 'NONE', 3,
 ( #1856, #1135, #1717, #989, #1568, #276, #1167, #291, #742, #874, #1602, #1591, #3, #1744, #1310, #1141, #734, #1160 ),
 .UNSPECIFIED., .F., .F.,
 ( 4, 2, 2, 2, 2, 2, 2, 2, 4 ),
 ( 0.007820869790935129282, 0.008309796371335494841, 0.008798722951735862136, 0.009287649532136227695, 0.009776576112536593255, 0.01026550269293696055, 0.01075442927333732611, 0.01124335585373769167, 0.01173228243413805896 ),
 .UNSPECIFIED. ) ;
#428 = CARTESIAN_POINT ( 'NONE',  ( -25.32224417931853822, -1.988025226918367361, 394.0246165536609624 ) ) ;
#429 = ADVANCED_FACE ( 'NONE', ( #819 ), #96, .F. ) ;
#430 = LINE ( 'NONE', #1590, #1244 ) ;
#431 = CARTESIAN_POINT ( 'NONE',  ( 25.39842696630988073, 0.3255433705773562725, 394.9841720231934801 ) ) ;
#432 = CARTESIAN_POINT ( 'NONE',  ( -22.08884439851428994, -2.501378916807353914, 7.829410629958323931 ) ) ;
#433 = CARTESIAN_POINT ( 'NONE',  ( 0.7886609369754548071, 22.21652234339881105, 9.872028634205076258 ) ) ;
#434 = ORIENTED_EDGE ( 'NONE', *, *, #1318, .T. ) ;
#435 = CARTESIAN_POINT ( 'NONE',  ( 22.11623333001010394, -2.247019350611556554, 393.6080340375536935 ) ) ;
#436 = CARTESIAN_POINT ( 'NONE',  ( -25.37654389739246952, 1.101671279701734729, 9.741311915283615619 ) ) ;
#437 = CARTESIAN_POINT ( 'NONE',  ( 0.8055248158639481959, -22.21591743786764184, 394.8723361020151401 ) ) ;
#438 = CARTESIAN_POINT ( 'NONE',  ( 0.01777034590337918038, -22.22999289731794548, 4.999999999999998224 ) ) ;
#439 = PRODUCT_DEFINITION ( 'UNKNOWN', '', #1571, #1323 ) ;
#440 = CARTESIAN_POINT ( 'NONE',  ( 22.22999999999999687, 2.722389868455606450E-15, 395.0000000000000000 ) ) ;
#441 = CARTESIAN_POINT ( 'NONE',  ( -1.881856871405790166, 25.33045546951244376, 390.8461656148277257 ) ) ;
#442 = EDGE_LOOP ( 'NONE', ( #306, #1384, #797, #569 ) ) ;
#443 = ORIENTED_EDGE ( 'NONE', *, *, #1158, .F. ) ;
#444 = DIRECTION ( 'NONE',  ( 0.000000000000000000, 0.000000000000000000, -1.000000000000000000 ) ) ;
#445 = CARTESIAN_POINT ( 'NONE',  ( 0.000000000000000000, 0.000000000000000000, 400.0000000000000000 ) ) ;
#446 = CARTESIAN_POINT ( 'NONE',  ( 0.1653215196283448207, -22.23000000000000043, 390.0000000000001137 ) ) ;
#447 = CARTESIAN_POINT ( 'NONE',  ( 0.01777034590337945100, -22.22999289731794903, 10.00000000000000000 ) ) ;
#448 = VECTOR ( 'NONE', #483, 1000.000000000000000 ) ;
#449 = CARTESIAN_POINT ( 'NONE',  ( 0.01777034590337914222, 25.40099999999999980, 7.500000000000000000 ) ) ;
#450 = CARTESIAN_POINT ( 'NONE',  ( -0.8059253979793794542, 22.21589650056465359, 390.1278712203923078 ) ) ;
#451 = EDGE_CURVE ( 'NONE', #410, #1296, #1676, .T. ) ;
#452 = ORIENTED_EDGE ( 'NONE', *, *, #995, .T. ) ;
#453 = VECTOR ( 'NONE', #113, 1000.000000000000000 ) ;
#454 = CARTESIAN_POINT ( 'NONE',  ( 22.17804637548204383, -1.524973059280209098, 394.4877014846741190 ) ) ;
#455 = ORIENTED_EDGE ( 'NONE', *, *, #206, .F. ) ;
#456 = CARTESIAN_POINT ( 'NONE',  ( 0.01777034590337914222, 25.40099999999999980, 4.999999999999999112 ) ) ;
#457 = CARTESIAN_POINT ( 'NONE',  ( 2.419869479322443784, -22.09792218830325794, 393.1488235143252155 ) ) ;
#458 = CARTESIAN_POINT ( 'NONE',  ( -25.38764646799218738, 0.8064420063437728325, 390.1279751921456409 ) ) ;
#459 = CARTESIAN_POINT ( 'NONE',  ( 25.34649815823307506, 1.651785400781166313, 394.3836622817148623 ) ) ;
#460 = CARTESIAN_POINT ( 'NONE',  ( 25.39838859723980136, 0.3276842728652251679, 390.0162242591947575 ) ) ;
#461 = CARTESIAN_POINT ( 'NONE',  ( -1.255175212011395480, 22.19495761180988680, 394.6683029757250551 ) ) ;
#462 = ORIENTED_EDGE ( 'NONE', *, *, #1838, .T. ) ;
#463 = ADVANCED_FACE ( 'NONE', ( #87 ), #1395, .F. ) ;
#464 = CARTESIAN_POINT ( 'NONE',  ( 22.22999999999999687, 2.722389834504565846E-15, 0.000000000000000000 ) ) ;
#465 = ORIENTED_EDGE ( 'NONE', *, *, #1745, .F. ) ;
#466 = DIRECTION ( 'NONE',  ( 1.000000000000000000, 0.000000000000000000, 0.000000000000000000 ) ) ;
#467 = CARTESIAN_POINT ( 'NONE',  ( -25.30615147399144504, -2.183400706731338126, 6.240147637677131875 ) ) ;
#468 = CARTESIAN_POINT ( 'NONE',  ( 0.3277946219303644604, -25.39838792409010892, 390.0162306449919356 ) ) ;
#469 = LINE ( 'NONE', #1034, #1121 ) ;
#470 = CARTESIAN_POINT ( 'NONE',  ( 25.38768246826218800, -0.8053077170186010436, 394.8724077905284844 ) ) ;
#471 = CARTESIAN_POINT ( 'NONE',  ( 0.000000000000000000, 0.000000000000000000, 400.0000000000000000 ) ) ;
#472 = CARTESIAN_POINT ( 'NONE',  ( -2.420667471255474545, 22.09783437928301808, 393.1456962501239900 ) ) ;
#473 = B_SPLINE_CURVE_WITH_KNOTS ( 'NONE', 3,
 ( #37, #1604, #311, #14, #726, #1294, #603, #1008, #884, #294, #1152, #180, #1161, #875, #1303, #1746, #1459, #1772 ),
 .UNSPECIFIED., .F., .F.,
 ( 4, 2, 2, 2, 2, 2, 2, 2, 4 ),
 ( 0.007822321374924161297, 0.008311329299015018587, 0.008800337223105877613, 0.009289345147196734903, 0.009778353071287593928, 0.01026736099537845122, 0.01075636891946930851, 0.01124537684356016580, 0.01173438476765102309 ),
 .UNSPECIFIED. ) ;
#474 = ORIENTED_EDGE ( 'NONE', *, *, #349, .F. ) ;
#475 = CARTESIAN_POINT ( 'NONE',  ( 2.016156811938882409, -25.32090952194517541, 5.962910123091262449 ) ) ;
#476 = CARTESIAN_POINT ( 'NONE',  ( 2.465753189790753641, 25.28005315090949878, 7.829614170602093637 ) ) ;
#477 = B_SPLINE_CURVE_WITH_KNOTS ( 'NONE', 3,
 ( #1518, #1631, #508, #75, #652, #1225, #1806, #1085, #1664, #364, #228, #1404, #1557, #255, #1104, #1565, #986, #116 ),
 .UNSPECIFIED., .F., .F.,
 ( 4, 2, 2, 2, 2, 2, 2, 2, 4 ),
 ( 0.000000000000000000, 0.0004890089784782183490, 0.0009780179569564366980, 0.001467026935434655047, 0.001956035913912873396, 0.002445044892391091962, 0.002934053870869310094, 0.003423062849347528226, 0.003912071827825746792 ),
 .UNSPECIFIED. ) ;
#478 = CARTESIAN_POINT ( 'NONE',  ( -25.32948493229827847, -1.894928916996647228, 5.840764440648992917 ) ) ;
#479 = EDGE_CURVE ( 'NONE', #826, #1615, #979, .T. ) ;
#480 = SURFACE_SIDE_STYLE ('',( #334 ) ) ;
#481 = CARTESIAN_POINT ( 'NONE',  ( -25.30045948235926190, 2.247369164529837260, 391.3928114588778726 ) ) ;
#482 = CARTESIAN_POINT ( 'NONE',  ( 22.20253724444046739, 1.115125334388064271, 5.247689247354606401 ) ) ;
#483 = DIRECTION ( 'NONE',  ( -0.000000000000000000, -0.000000000000000000, -1.000000000000000000 ) ) ;
#484 = CARTESIAN_POINT ( 'NONE',  ( -1.651267604853513982, 22.16888796644206394, 390.6158909199153868 ) ) ;
#485 = ORIENTED_EDGE ( 'NONE', *, *, #940, .T. ) ;
#486 = CARTESIAN_POINT ( 'NONE',  ( 25.27490519240948785, 2.517770345903644014, 7.666079245618320215 ) ) ;
#487 = CARTESIAN_POINT ( 'NONE',  ( 1.234487589235646610, 25.37035158227935128, 9.669980774612200847 ) ) ;
#488 = CARTESIAN_POINT ( 'NONE',  ( 2.419892635971418127, 25.28448436314650749, 391.8512660182738045 ) ) ;
#489 = CARTESIAN_POINT ( 'NONE',  ( 1.108280797382803939, 22.20287304628112679, 390.2530993604412970 ) ) ;
#490 = CARTESIAN_POINT ( 'NONE',  ( -2.229730638374337381, -25.30202072542378033, 6.392951133096675065 ) ) ;
#491 = CARTESIAN_POINT ( 'NONE',  ( 25.35454583281894259, -1.524919209688087252, 394.4877446451436640 ) ) ;
#492 = ADVANCED_FACE ( 'NONE', ( #1256 ), #1131, .F. ) ;
#493 = CARTESIAN_POINT ( 'NONE',  ( -2.389540770719932539, 25.28742802713304272, 6.693018870704571910 ) ) ;
#494 = CARTESIAN_POINT ( 'NONE',  ( -25.29062896006418271, 2.355405826242025658, 6.697296951930127307 ) ) ;
#495 = ORIENTED_EDGE ( 'NONE', *, *, #1052, .F. ) ;
#496 = CARTESIAN_POINT ( 'NONE',  ( 25.30185934997203390, -2.231547682861962922, 8.603249734241900981 ) ) ;
#497 = CARTESIAN_POINT ( 'NONE',  ( 0.3123213487699070812, 25.40022472253597385, 4.999999999999998224 ) ) ;
#498 = CARTESIAN_POINT ( 'NONE',  ( -25.40100000000023428, -2.482229654096887561, 7.500000000000000000 ) ) ;
#499 =( NAMED_UNIT ( * ) PLANE_ANGLE_UNIT ( ) SI_UNIT ( $, .RADIAN. ) );
#500 = FACE_OUTER_BOUND ( 'NONE', #985, .T. ) ;
#501 = CARTESIAN_POINT ( 'NONE',  ( 22.08897688893712896, 2.500000000000233591, 392.5000000000000000 ) ) ;
#502 = CARTESIAN_POINT ( 'NONE',  ( -1.542966143382021649, 25.35345417851881322, 9.487536696558137805 ) ) ;
#503 = DIRECTION ( 'NONE',  ( 4.163336342344333082E-15, -1.000000000000000000, 0.000000000000000000 ) ) ;
#504 = DIRECTION ( 'NONE',  ( 1.000000000000000000, 1.047444401652940007E-14, -0.000000000000000000 ) ) ;
#505 = CARTESIAN_POINT ( 'NONE',  ( 22.22999999999999687, 2.722389834504565846E-15, 400.0000000000000000 ) ) ;
#506 = ORIENTED_EDGE ( 'NONE', *, *, #1607, .F. ) ;
#507 = CARTESIAN_POINT ( 'NONE',  ( -2.465765431987938072, -22.09284794348786818, 7.829542561828366942 ) ) ;
#508 = CARTESIAN_POINT ( 'NONE',  ( -22.09083256210044865, -2.483755463896322180, 392.8279297573120630 ) ) ;
#509 = CARTESIAN_POINT ( 'NONE',  ( 2.499940205647452895, 22.08898365637922367, 392.6641158365685556 ) ) ;
#510 = CARTESIAN_POINT ( 'NONE',  ( -22.22115204192742866, -0.6471757957980153186, 390.0797325990367881 ) ) ;
#511 = CARTESIAN_POINT ( 'NONE',  ( 22.16804412467387664, 1.662616305321897192, 5.610225063068624785 ) ) ;
#512 = CARTESIAN_POINT ( 'NONE',  ( 0.000000000000000000, 0.000000000000000000, 400.0000000000000000 ) ) ;
#513 = CARTESIAN_POINT ( 'NONE',  ( -25.39233525016235049, 0.6438941176832547741, 5.083691847744380432 ) ) ;
#514 = CARTESIAN_POINT ( 'NONE',  ( -2.005208661509893187, 22.13956521991318027, 5.974632988474433581 ) ) ;
#515 = CARTESIAN_POINT ( 'NONE',  ( -22.09084506003923920, 2.483646540275665782, 392.8289569542300796 ) ) ;
#516 = COLOUR_RGB ( '',0.7921568627450980005, 0.8196078431372548767, 0.9333333333333333481 ) ;
#517 = ORIENTED_EDGE ( 'NONE', *, *, #1414, .T. ) ;
#518 = DIRECTION ( 'NONE',  ( -0.000000000000000000, -1.000000000000000000, -0.000000000000000000 ) ) ;
#519 = AXIS2_PLACEMENT_3D ( 'NONE', #982, #973, #534 ) ;
#520 = CARTESIAN_POINT ( 'NONE',  ( -22.08695842539866305, -2.517770345903457052, 7.500000000000000000 ) ) ;
#521 = CARTESIAN_POINT ( 'NONE',  ( 22.19513451664078119, 1.251963223070163833, 390.3299228564249006 ) ) ;
#522 = CARTESIAN_POINT ( 'NONE',  ( -1.109912696139425448, -22.20278426418273554, 390.2539833454337668 ) ) ;
#523 = AXIS2_PLACEMENT_3D ( 'NONE', #1514, #112, #823 ) ;
#524 = CARTESIAN_POINT ( 'NONE',  ( -25.27666908435522330, -2.500000000000089262, 392.1696604696811050 ) ) ;
#525 = CARTESIAN_POINT ( 'NONE',  ( -1.507577575971890349, -25.35558930233861119, 9.487531186053704602 ) ) ;
#526 = CARTESIAN_POINT ( 'NONE',  ( -22.22999999999999687, -5.588924662915351493E-17, 9.999936842163512196 ) ) ;
#527 = CARTESIAN_POINT ( 'NONE',  ( 25.40100000000009928, -2.517770345903290963, 7.500000000000000000 ) ) ;
#528 = ORIENTED_EDGE ( 'NONE', *, *, #1674, .F. ) ;
#529 = EDGE_CURVE ( 'NONE', #287, #1435, #994, .T. ) ;
#530 = CARTESIAN_POINT ( 'NONE',  ( -25.37028915414274977, -1.265047847113579760, 9.691200572756059728 ) ) ;
#531 = CARTESIAN_POINT ( 'NONE',  ( 22.08695842539864884, 2.517770345903611151, 7.500000000000000000 ) ) ;
#532 = CARTESIAN_POINT ( 'NONE',  ( 1.986790219210516018, -25.32234330918066334, 390.9736687935765644 ) ) ;
#533 = CARTESIAN_POINT ( 'NONE',  ( -22.16883229075599004, -1.652007097915117573, 390.6165479053537410 ) ) ;
#534 = DIRECTION ( 'NONE',  ( 1.000000000000000000, 0.000000000000000000, 0.000000000000000000 ) ) ;
#535 = CARTESIAN_POINT ( 'NONE',  ( 25.39233525016235760, -0.6438941176832172486, 5.083691847744421288 ) ) ;
#536 = CARTESIAN_POINT ( 'NONE',  ( -0.1809621723495284107, 22.22986244405069201, 4.999999999999996447 ) ) ;
#537 = CARTESIAN_POINT ( 'NONE',  ( 22.09976393311624676, -2.402988926712951390, 6.854430220794812456 ) ) ;
#538 = ORIENTED_EDGE ( 'NONE', *, *, #680, .F. ) ;
#539 = CARTESIAN_POINT ( 'NONE',  ( -25.27490519240950917, -2.517770345903467710, 7.500000000000000000 ) ) ;
#540 = CARTESIAN_POINT ( 'NONE',  ( 22.08695842539864529, 2.517770345903611151, 7.666113399219955937 ) ) ;
#541 = LINE ( 'NONE', #1829, #1569 ) ;
#542 = CARTESIAN_POINT ( 'NONE',  ( -1.239718926791467374E-15, -25.39999999999999858, 390.0000000000000000 ) ) ;
#543 = ADVANCED_FACE ( 'NONE', ( #426 ), #166, .F. ) ;
#544 = CARTESIAN_POINT ( 'NONE',  ( -22.12405223873251003, 2.169707701994001869, 391.2472480264481192 ) ) ;
#545 = CARTESIAN_POINT ( 'NONE',  ( -2.438435273440802575, 22.09588081354146638, 8.145706487214312119 ) ) ;
#546 = DIRECTION ( 'NONE',  ( -0.000000000000000000, -1.000000000000000000, -0.000000000000000000 ) ) ;
#547 = VERTEX_POINT ( 'NONE', #845 ) ;
#548 = CARTESIAN_POINT ( 'NONE',  ( -1.507686011117065572, -22.17923622935479244, 9.487455746552299729 ) ) ;
#549 = CARTESIAN_POINT ( 'NONE',  ( 22.19604184606554753, 1.265139277336807977, 9.691147502404865222 ) ) ;
#550 = CARTESIAN_POINT ( 'NONE',  ( -0.01777034590337883690, 25.39999378375527073, 4.999999999999998224 ) ) ;
#551 = VECTOR ( 'NONE', #299, 1000.000000000000000 ) ;
#552 = CARTESIAN_POINT ( 'NONE',  ( -22.08897688893714673, -2.500000000000079492, 392.5000000000000000 ) ) ;
#553 = EDGE_CURVE ( 'NONE', #1516, #1402, #566, .T. ) ;
#554 = CARTESIAN_POINT ( 'NONE',  ( -25.33041216873306567, -1.882434882476739624, 390.8468283728212214 ) ) ;
#555 = LINE ( 'NONE', #1401, #453 ) ;
#556 = ORIENTED_EDGE ( 'NONE', *, *, #867, .F. ) ;
#557 = CARTESIAN_POINT ( 'NONE',  ( 22.22999999999999687, 2.722389834504565846E-15, 400.0000000000000000 ) ) ;
#558 = CARTESIAN_POINT ( 'NONE',  ( 1.525119378130056713, -25.35453380601820328, 394.4875921482626495 ) ) ;
#559 = CARTESIAN_POINT ( 'NONE',  ( -25.40000000000000213, 0.1624556971408463724, 9.998782055417109405 ) ) ;
#560 = DIRECTION ( 'NONE',  ( 1.000000000000000000, 0.000000000000000000, 0.000000000000000000 ) ) ;
#561 = CARTESIAN_POINT ( 'NONE',  ( -2.500126163419392977, 25.27665660611085485, 392.6632189983411649 ) ) ;
#562 = ORIENTED_EDGE ( 'NONE', *, *, #529, .T. ) ;
#563 = CARTESIAN_POINT ( 'NONE',  ( 25.33118223057721963, -1.872071861737515608, 9.144826966726364859 ) ) ;
#564 = CARTESIAN_POINT ( 'NONE',  ( -25.39228521322565157, 0.6459385073258873122, 9.915769649000216290 ) ) ;
#565 = CARTESIAN_POINT ( 'NONE',  ( 1.272270643681397306, -22.19397700449739474, 9.668579061149412013 ) ) ;
#566 = B_SPLINE_CURVE_WITH_KNOTS ( 'NONE', 3,
 ( #581, #1437, #149, #1299, #1156, #1741, #1749, #454, #1608, #1314, #861, #1307, #435, #993, #589, #1022, #1597, #1574 ),
 .UNSPECIFIED., .F., .F.,
 ( 4, 2, 2, 2, 2, 2, 2, 2, 4 ),
 ( 0.003912071827825898580, 0.004400853021213181095, 0.004889634214600464476, 0.005378415407987746991, 0.005867196601375029505, 0.006355977794762312887, 0.006844758988149595401, 0.007333540181536878783, 0.007822321374924161297 ),
 .UNSPECIFIED. ) ;
#567 = CARTESIAN_POINT ( 'NONE',  ( 2.229484535393063460, 22.11800780927086052, 6.392433800177570902 ) ) ;
#568 = ORIENTED_EDGE ( 'NONE', *, *, #64, .T. ) ;
#569 = ORIENTED_EDGE ( 'NONE', *, *, #206, .T. ) ;
#570 = EDGE_CURVE ( 'NONE', #688, #1030, #1652, .T. ) ;
#571 = CARTESIAN_POINT ( 'NONE',  ( -22.10495337901740598, 2.355376060967280250, 6.697208643529247496 ) ) ;
#572 = CARTESIAN_POINT ( 'NONE',  ( -25.30733667341193183, -2.169563338203005731, 393.7528746386156513 ) ) ;
#573 = VECTOR ( 'NONE', #1804, 1000.000000000000000 ) ;
#574 = DIRECTION ( 'NONE',  ( -0.000000000000000000, -0.000000000000000000, -1.000000000000000000 ) ) ;
#575 = CARTESIAN_POINT ( 'NONE',  ( 1.902420584263470049, -22.14875603155803319, 9.150854093122628541 ) ) ;
#576 = AXIS2_PLACEMENT_3D ( 'NONE', #1586, #991, #1279 ) ;
#577 = CARTESIAN_POINT ( 'NONE',  ( -22.08695842539865595, -2.517770345903456608, 7.666113399219946167 ) ) ;
#578 = CARTESIAN_POINT ( 'NONE',  ( 0.6318907008628676936, 22.22159595942190080, 5.080358347422841092 ) ) ;
#579 = ORIENTED_EDGE ( 'NONE', *, *, #1105, .F. ) ;
#580 = EDGE_LOOP ( 'NONE', ( #1365, #729, #226, #416, #951, #331, #895, #1021, #157, #372, #1587, #1795, #401, #1137, #156, #1536 ) ) ;
#581 = CARTESIAN_POINT ( 'NONE',  ( 22.22999999999999687, 2.722389868455606450E-15, 395.0000000000000000 ) ) ;
#582 = CARTESIAN_POINT ( 'NONE',  ( -25.35449310500930764, -1.525917332699505247, 394.4871117561046390 ) ) ;
#583 = CARTESIAN_POINT ( 'NONE',  ( 2.168986625212338204, -22.12411931363402218, 393.7537980060662903 ) ) ;
#584 = CARTESIAN_POINT ( 'NONE',  ( 2.501823923155023444, -22.08879401920713548, 7.173563418633271738 ) ) ;
#585 = DIRECTION ( 'NONE',  ( -1.000000000000000000, -3.491481338843133355E-15, -0.000000000000000000 ) ) ;
#586 = CARTESIAN_POINT ( 'NONE',  ( 2.151223669932872173, 22.12585351480716511, 6.246214735965395448 ) ) ;
#587 = VERTEX_POINT ( 'NONE', #9 ) ;
#588 = ORIENTED_EDGE ( 'NONE', *, *, #1414, .F. ) ;
#589 = CARTESIAN_POINT ( 'NONE',  ( 22.09794325511782276, -2.419677560601046551, 393.1495177576346691 ) ) ;
#590 = CYLINDRICAL_SURFACE ( 'NONE', #967, 2.500000000000000444 ) ;
#591 = CARTESIAN_POINT ( 'NONE',  ( 1.525164986083714203, -22.17803323650461067, 394.4875559451024856 ) ) ;
#592 = CARTESIAN_POINT ( 'NONE',  ( 0.6653527390763435134, -22.22061598487423595, 5.079833898431654227 ) ) ;
#593 = ADVANCED_FACE ( 'NONE', ( #1164 ), #880, .F. ) ;
#594 = LINE ( 'NONE', #1028, #1208 ) ;
#595 = CARTESIAN_POINT ( 'NONE',  ( -2.419749444709857311, 22.09793524962809386, 391.8508762479777374 ) ) ;
#596 = EDGE_LOOP ( 'NONE', ( #1662, #1324 ) ) ;
#597 = ORIENTED_EDGE ( 'NONE', *, *, #529, .F. ) ;
#598 = CARTESIAN_POINT ( 'NONE',  ( 25.39228521322565513, -0.6459385073258492316, 9.915769649000177210 ) ) ;
#599 = CARTESIAN_POINT ( 'NONE',  ( 0.000000000000000000, 0.000000000000000000, 400.0000000000000000 ) ) ;
#600 = CARTESIAN_POINT ( 'NONE',  ( 1.246441527914020942E-14, 22.22999999999999687, 395.0000000000000000 ) ) ;
#601 = CARTESIAN_POINT ( 'NONE',  ( 0.6674416304808541422, -22.22055661915627667, 9.919638943121368513 ) ) ;
#602 = EDGE_CURVE ( 'NONE', #1402, #852, #1454, .T. ) ;
#603 = CARTESIAN_POINT ( 'NONE',  ( 22.12405223873251714, -2.169707701993878413, 391.2472480264481760 ) ) ;
#604 = CARTESIAN_POINT ( 'NONE',  ( -0.6588514679724376544, 25.39323584099884101, 394.9334975560532826 ) ) ;
#605 = ORIENTED_EDGE ( 'NONE', *, *, #1732, .F. ) ;
#606 = EDGE_CURVE ( 'NONE', #1436, #1547, #1581, .T. ) ;
#607 = CARTESIAN_POINT ( 'NONE',  ( 0.3453096126459966331, -25.39815611965855879, 5.016194242692077587 ) ) ;
#608 = ORIENTED_EDGE ( 'NONE', *, *, #814, .F. ) ;
#609 = CARTESIAN_POINT ( 'NONE',  ( 0.6412970816224833337, 25.39368493564307983, 5.066561888869840047 ) ) ;
#610 = CARTESIAN_POINT ( 'NONE',  ( -25.35406463938057087, -1.533021465154990715, 5.504787632544739573 ) ) ;
#611 = SURFACE_STYLE_USAGE ( .BOTH. , #480 ) ;
#612 = B_SPLINE_CURVE_WITH_KNOTS ( 'NONE', 3,
 ( #1535, #938, #1672, #400, #1252, #1101, #958, #1843, #1383, #1660, #93, #1851, #1242, #1553, #1823, #515, #1834, #1692 ),
 .UNSPECIFIED., .F., .F.,
 ( 4, 2, 2, 2, 2, 2, 2, 2, 4 ),
 ( 0.003912071827825746792, 0.004400853021213048388, 0.004889634214600349985, 0.005378415407987651581, 0.005867196601374953177, 0.006355977794762254773, 0.006844758988149557237, 0.007333540181536859701, 0.007822321374924161297 ),
 .UNSPECIFIED. ) ;
#613 = DIRECTION ( 'NONE',  ( -1.000000000000000000, -3.491481338843133355E-15, -0.000000000000000000 ) ) ;
#614 = CARTESIAN_POINT ( 'NONE',  ( 25.39220170306701263, -0.6494624736852719904, 394.9196943631250747 ) ) ;
#615 = CARTESIAN_POINT ( 'NONE',  ( -1.092141213717901405, -22.20366550365990932, 5.253982658182430043 ) ) ;
#616 = CARTESIAN_POINT ( 'NONE',  ( -2.499876568324554515, 22.08899085876039692, 392.3329045655401046 ) ) ;
#617 = VERTEX_POINT ( 'NONE', #464 ) ;
#618 = CARTESIAN_POINT ( 'NONE',  ( 2.389540770719932095, -25.28742802713303917, 6.693018870704571910 ) ) ;
#619 = EDGE_CURVE ( 'NONE', #617, #696, #4, .T. ) ;
#620 = CARTESIAN_POINT ( 'NONE',  ( 2.482348174373376626, 25.27840872277216278, 7.336653074114622086 ) ) ;
#621 = CARTESIAN_POINT ( 'NONE',  ( 1.525119378130056713, 25.35453380601820328, 390.5124078517375779 ) ) ;
#622 = CARTESIAN_POINT ( 'NONE',  ( 2.247248623541645340, 22.11621000952041172, 391.3924209470413871 ) ) ;
#623 = CARTESIAN_POINT ( 'NONE',  ( -2.354939657302514533, -25.29067438246643462, 6.695596426706144300 ) ) ;
#624 = CARTESIAN_POINT ( 'NONE',  ( 22.08695842539864884, 2.517770345903611151, 7.500000000000000000 ) ) ;
#625 = CARTESIAN_POINT ( 'NONE',  ( -22.22818411105355452, -0.3272052337225822560, 9.986270469486681733 ) ) ;
#626 = CARTESIAN_POINT ( 'NONE',  ( -2.170692652710652037, 22.12395245600323790, 393.7509048190542558 ) ) ;
#627 = ORIENTED_EDGE ( 'NONE', *, *, #1689, .F. ) ;
#628 = CARTESIAN_POINT ( 'NONE',  ( 2.501536547330557525, -25.27653741271273091, 7.828043470285098948 ) ) ;
#629 = CARTESIAN_POINT ( 'NONE',  ( 1.088869942260499490, 25.37709644117924412, 9.747633397896390051 ) ) ;
#630 = CARTESIAN_POINT ( 'NONE',  ( -25.39999999999999858, -0.1656265015812743713, 4.998885832003994167 ) ) ;
#631 = CARTESIAN_POINT ( 'NONE',  ( 2.419830448462351402, 22.09792670087099253, 393.1492320590593863 ) ) ;
#632 = CARTESIAN_POINT ( 'NONE',  ( -2.419773051050936097, -25.28449573698434705, 393.1490344984277954 ) ) ;
#633 = CARTESIAN_POINT ( 'NONE',  ( 22.22999999999999687, 2.675145791739027361E-15, 5.000063157836487804 ) ) ;
#634 = DIRECTION ( 'NONE',  ( 1.000000000000000000, 0.000000000000000000, -0.000000000000000000 ) ) ;
#635 = CARTESIAN_POINT ( 'NONE',  ( -25.27997681711659794, 2.466533955743649642, 7.175887791986420794 ) ) ;
#636 = VERTEX_POINT ( 'NONE', #31 ) ;
#637 = AXIS2_PLACEMENT_3D ( 'NONE', #1220, #658, #503 ) ;
#638 = B_SPLINE_CURVE_WITH_KNOTS ( 'NONE', 3,
 ( #1352, #57, #635, #1792, #494, #1647, #1524, #1512, #793, #1802, #948, #1230, #513, #223, #69, #233 ),
 .UNSPECIFIED., .F., .F.,
 ( 4, 2, 2, 2, 2, 2, 2, 4 ),
 ( 0.007820870472451519478, 0.008307597921149508999, 0.008794325369847498519, 0.009767780267243475825, 0.01025450771594146535, 0.01074123516463945313, 0.01122796261333744265, 0.01171469006203543217 ),
 .UNSPECIFIED. ) ;
#639 = CARTESIAN_POINT ( 'NONE',  ( 25.29059272391690882, -2.355803748111148010, 8.301709168499822766 ) ) ;
#640 = ORIENTED_EDGE ( 'NONE', *, *, #49, .T. ) ;
#641 = CARTESIAN_POINT ( 'NONE',  ( 1.237339222966969299, 25.37021295837051227, 5.331650823923559379 ) ) ;
#642 = CARTESIAN_POINT ( 'NONE',  ( -25.39837061938650820, -0.3295079372241461746, 5.014125782372085283 ) ) ;
#643 = CARTESIAN_POINT ( 'NONE',  ( 1.254502061394640489, 22.19498842198922262, 390.3314217912086974 ) ) ;
#644 = DIRECTION ( 'NONE',  ( -0.000000000000000000, 1.000000000000000000, -0.000000000000000000 ) ) ;
#645 = CARTESIAN_POINT ( 'NONE',  ( 22.12270661624716794, 2.183418605061660411, 6.240171267984367276 ) ) ;
#646 = CARTESIAN_POINT ( 'NONE',  ( -0.8232542087739421754, 25.38710647716935043, 9.872343262241418671 ) ) ;
#647 = CARTESIAN_POINT ( 'NONE',  ( 0.01777034590337918038, -22.22999289731794548, 4.999999999999998224 ) ) ;
#648 = CARTESIAN_POINT ( 'NONE',  ( -1.901879102543093003, 22.14879445739037678, 9.151265711102428924 ) ) ;
#649 = CARTESIAN_POINT ( 'NONE',  ( 25.28002599783897963, -2.466028979690958689, 7.827419213203274495 ) ) ;
#650 = ORIENTED_EDGE ( 'NONE', *, *, #944, .F. ) ;
#651 = CARTESIAN_POINT ( 'NONE',  ( -2.228054414073584955, -22.11815240858070553, 8.610452595146433907 ) ) ;
#652 = CARTESIAN_POINT ( 'NONE',  ( -22.10318204175997536, -2.371967792822154308, 393.3066170939304698 ) ) ;
#653 = CARTESIAN_POINT ( 'NONE',  ( 2.483768372160727100, 22.09083131099225383, 392.1719223824281926 ) ) ;
#654 = CARTESIAN_POINT ( 'NONE',  ( -2.153075301812700904, -25.30874418544636129, 6.249351762324783621 ) ) ;
#655 = DIRECTION ( 'NONE',  ( -1.000000000000000000, 0.000000000000000000, 0.000000000000000000 ) ) ;
#656 = EDGE_CURVE ( 'NONE', #1030, #696, #351, .T. ) ;
#657 = CARTESIAN_POINT ( 'NONE',  ( -1.270181494507527376, 25.36858640337957027, 5.330164155972673790 ) ) ;
#658 = DIRECTION ( 'NONE',  ( -1.000000000000000000, -3.491481338843133355E-15, -0.000000000000000000 ) ) ;
#659 = CARTESIAN_POINT ( 'NONE',  ( 25.32136984140756297, 1.999192443315626289, 5.966654211706482691 ) ) ;
#660 = PLANE ( 'NONE',  #221 ) ;
#661 = VERTEX_POINT ( 'NONE', #1039 ) ;
#662 = CARTESIAN_POINT ( 'NONE',  ( 22.22115204192742510, 0.6471757957980522891, 390.0797325990368449 ) ) ;
#663 = CARTESIAN_POINT ( 'NONE',  ( -2.484004827240778646, -22.09080431489223884, 392.1740020367195712 ) ) ;
#664 = CARTESIAN_POINT ( 'NONE',  ( -0.1809237827670072407, 25.39987963833330653, 10.00000000000000000 ) ) ;
#665 = CARTESIAN_POINT ( 'NONE',  ( -2.466261209082576400, -25.28000330037278687, 7.174209773157945946 ) ) ;
#666 = EDGE_CURVE ( 'NONE', #678, #703, #1063, .T. ) ;
#667 = CARTESIAN_POINT ( 'NONE',  ( 25.27666908435521265, 2.500000000000267342, 392.5000000000000000 ) ) ;
#668 = CARTESIAN_POINT ( 'NONE',  ( 25.39215919957868905, 0.6515962944599483775, 9.923953895337168873 ) ) ;
#669 = CIRCLE ( 'NONE', #34, 25.39999999999999858 ) ;
#670 = ORIENTED_EDGE ( 'NONE', *, *, #49, .F. ) ;
#671 = FACE_BOUND ( 'NONE', #1703, .T. ) ;
#672 = DIRECTION ( 'NONE',  ( -0.000000000000000000, -0.000000000000000000, -1.000000000000000000 ) ) ;
#673 = CARTESIAN_POINT ( 'NONE',  ( -1.239718926791467374E-15, 25.39999999999999858, 395.0000000000000000 ) ) ;
#674 = CARTESIAN_POINT ( 'NONE',  ( -22.17814892807138705, -1.523521659834599307, 390.5111489565575766 ) ) ;
#675 = CARTESIAN_POINT ( 'NONE',  ( 25.34710128586776534, -1.642432686934076180, 5.623817973636763057 ) ) ;
#676 = DIRECTION ( 'NONE',  ( 0.000000000000000000, 0.000000000000000000, 1.000000000000000000 ) ) ;
#677 = CARTESIAN_POINT ( 'NONE',  ( 25.40000000000000213, 0.1640172338044550426, 10.00110272880900730 ) ) ;
#678 = VERTEX_POINT ( 'NONE', #1627 ) ;
#679 = LINE ( 'NONE', #362, #1632 ) ;
#680 = EDGE_CURVE ( 'NONE', #425, #1516, #746, .T. ) ;
#681 = CARTESIAN_POINT ( 'NONE',  ( -25.39999999999999858, 0.000000000000000000, 400.0000000000000000 ) ) ;
#682 = CARTESIAN_POINT ( 'NONE',  ( 22.20286250115863069, 1.108478878468667217, 390.2532040415518964 ) ) ;
#683 = CARTESIAN_POINT ( 'NONE',  ( -22.23000000000000043, -0.1651824625980297390, 389.9999999999999432 ) ) ;
#684 = CARTESIAN_POINT ( 'NONE',  ( 22.20292218421468178, 1.107170412175225049, 394.7473752643015814 ) ) ;
#685 = CARTESIAN_POINT ( 'NONE',  ( -25.37625482086616913, -1.108433048740540938, 390.2531780195315605 ) ) ;
#686 = CARTESIAN_POINT ( 'NONE',  ( 25.35406463938056021, 1.533021465155087748, 5.504787632544677400 ) ) ;
#687 = CARTESIAN_POINT ( 'NONE',  ( 22.22817791443848634, -0.3260339683410802825, 5.018439253700928582 ) ) ;
#688 = VERTEX_POINT ( 'NONE', #1202 ) ;
#689 = DIRECTION ( 'NONE',  ( -1.000000000000000000, 0.000000000000000000, 0.000000000000000000 ) ) ;
#690 = CARTESIAN_POINT ( 'NONE',  ( 22.13992918057309112, 2.001223413735604861, 9.030642188979831175 ) ) ;
#691 = EDGE_CURVE ( 'NONE', #1793, #1436, #236, .T. ) ;
#692 = CARTESIAN_POINT ( 'NONE',  ( 2.169544393816534633, -25.30734049967354693, 391.2469639070993708 ) ) ;
#693 = CARTESIAN_POINT ( 'NONE',  ( -0.8059253979793794542, -22.21589650056465359, 394.8721287796076354 ) ) ;
#694 = CARTESIAN_POINT ( 'NONE',  ( -22.17808134916550955, 1.524508823399177038, 390.5118973912734646 ) ) ;
#695 = CARTESIAN_POINT ( 'NONE',  ( 22.12549758059853033, -2.154887377047879582, 6.252459829401918689 ) ) ;
#696 = VERTEX_POINT ( 'NONE', #1410 ) ;
#697 = DIRECTION ( 'NONE',  ( 1.000000000000000000, 1.047444401652940007E-14, -0.000000000000000000 ) ) ;
#698 = CARTESIAN_POINT ( 'NONE',  ( -1.239718926791467374E-15, 25.39999999999999858, 395.0000000000000000 ) ) ;
#699 = DIRECTION ( 'NONE',  ( -0.000000000000000000, -1.000000000000000000, -0.000000000000000000 ) ) ;
#700 = CARTESIAN_POINT ( 'NONE',  ( 22.22999999999999687, 2.722389834504565846E-15, 400.0000000000000000 ) ) ;
#701 = MECHANICAL_DESIGN_GEOMETRIC_PRESENTATION_REPRESENTATION (  '', ( #423 ), #1733 ) ;
#702 = CARTESIAN_POINT ( 'NONE',  ( -2.419773051050936097, 25.28449573698434705, 391.8509655015723183 ) ) ;
#703 = VERTEX_POINT ( 'NONE', #1814 ) ;
#704 = ORIENTED_EDGE ( 'NONE', *, *, #1698, .F. ) ;
#705 = CARTESIAN_POINT ( 'NONE',  ( 25.37654389739246596, -1.101671279701668338, 9.741311915283558776 ) ) ;
#706 = CARTESIAN_POINT ( 'NONE',  ( -25.37630887179757622, -1.107077221387507304, 394.7474214671644859 ) ) ;
#707 = B_SPLINE_CURVE_WITH_KNOTS ( 'NONE', 3,
 ( #213, #536, #1648, #813, #1261, #1081, #251, #1813, #234, #1110, #514, #224, #1392, #1091, #1671, #1691, #389, #965, #370, #545, #925, #1544, #949, #1525, #648, #1400, #359, #1503, #1382, #1803, #784, #92 ),
 .UNSPECIFIED., .F., .F.,
 ( 4, 2, 2, 2, 2, 2, 2, 2, 2, 2, 2, 2, 2, 2, 2, 4 ),
 ( 0.007822179430343554479, 0.008310968743428053668, 0.008799758056512551121, 0.009288547369597050310, 0.009777336682681549498, 0.01026612599576604869, 0.01075491530885054788, 0.01124370462193504533, 0.01173249393501954452, 0.01222128324810404371, 0.01271007256118854289, 0.01319886187427304035, 0.01368765118735753954, 0.01417644050044203699, 0.01466522981352653618, 0.01564280843969553109 ),
 .UNSPECIFIED. ) ;
#708 = CARTESIAN_POINT ( 'NONE',  ( -0.01777034590337936773, 22.22999289731794548, 10.00000000000000000 ) ) ;
#709 = CARTESIAN_POINT ( 'NONE',  ( 1.234938233699816701, 22.19608863716483427, 9.669655744435647904 ) ) ;
#710 = ORIENTED_EDGE ( 'NONE', *, *, #105, .T. ) ;
#711 = ORIENTED_EDGE ( 'NONE', *, *, #1193, .T. ) ;
#712 = CARTESIAN_POINT ( 'NONE',  ( 25.32329796696590662, -1.974508081126451708, 9.018911004321672920 ) ) ;
#713 = CARTESIAN_POINT ( 'NONE',  ( -25.34721905042685108, 1.640711023885378816, 9.377870833235231629 ) ) ;
#714 = CARTESIAN_POINT ( 'NONE',  ( 1.651338207618361142, -22.16888988010212458, 394.3842263105877350 ) ) ;
#715 = CARTESIAN_POINT ( 'NONE',  ( 25.33041298239412598, 1.882429822571167310, 394.1531898151403084 ) ) ;
#716 = CARTESIAN_POINT ( 'NONE',  ( 25.27666908435521265, 2.500000000000267342, 392.5000000000000000 ) ) ;
#717 = CARTESIAN_POINT ( 'NONE',  ( 1.970269754236732673, 22.14270069644449279, 5.975464303704671742 ) ) ;
#718 = EDGE_CURVE ( 'NONE', #817, #1223, #612, .T. ) ;
#719 = ORIENTED_EDGE ( 'NONE', *, *, #1128, .T. ) ;
#720 = ORIENTED_EDGE ( 'NONE', *, *, #606, .T. ) ;
#721 = CARTESIAN_POINT ( 'NONE',  ( -22.21603564003524411, 0.8020530618936737577, 5.132621531962681338 ) ) ;
#722 = DIRECTION ( 'NONE',  ( 4.163336342344336238E-15, -1.000000000000000000, 0.000000000000000000 ) ) ;
#723 = AXIS2_PLACEMENT_3D ( 'NONE', #1206, #613, #1780 ) ;
#724 = CARTESIAN_POINT ( 'NONE',  ( 2.500059460634436181, -22.08897015926485352, 392.6622890412733682 ) ) ;
#725 = CARTESIAN_POINT ( 'NONE',  ( 2.437637369075816185, -22.09596926251527549, 8.148833507731957582 ) ) ;
#726 = CARTESIAN_POINT ( 'NONE',  ( 22.10317606698586346, -2.372011119444504601, 391.6937131579086895 ) ) ;
#727 = CARTESIAN_POINT ( 'NONE',  ( -1.525402695227773275, 25.35452397056858587, 390.5124971822628481 ) ) ;
#728 = ORIENTED_EDGE ( 'NONE', *, *, #1689, .T. ) ;
#729 = ORIENTED_EDGE ( 'NONE', *, *, #1204, .F. ) ;
#730 = CARTESIAN_POINT ( 'NONE',  ( -22.15141585303138072, 1.871048430137290497, 5.854188954357738339 ) ) ;
#731 = EDGE_CURVE ( 'NONE', #1461, #60, #390, .T. ) ;
#732 = CARTESIAN_POINT ( 'NONE',  ( -25.38765052527921640, -0.8061468459760915417, 394.8720561730088434 ) ) ;
#733 = CARTESIAN_POINT ( 'NONE',  ( 2.169516523561064503, 22.12407108704654846, 393.7530837294190746 ) ) ;
#734 = CARTESIAN_POINT ( 'NONE',  ( 25.40000000000000213, -0.1652417346512772001, 390.0000000000000000 ) ) ;
#735 = CARTESIAN_POINT ( 'NONE',  ( -2.229612148286099771, -22.11799486136494863, 6.392698139786768152 ) ) ;
#736 = CARTESIAN_POINT ( 'NONE',  ( -1.989593478400403459, 25.32212029033062350, 394.0225567634083177 ) ) ;
#737 = ORIENTED_EDGE ( 'NONE', *, *, #1576, .F. ) ;
#738 = CARTESIAN_POINT ( 'NONE',  ( 25.39839031701450622, -0.3273441761036797737, 9.981400492783325973 ) ) ;
#739 = FACE_OUTER_BOUND ( 'NONE', #195, .T. ) ;
#740 = EDGE_CURVE ( 'NONE', #1010, #1411, #1603, .T. ) ;
#741 = CARTESIAN_POINT ( 'NONE',  ( 25.39999999999999858, 3.110602869834276865E-15, 400.0000000000000000 ) ) ;
#742 = CARTESIAN_POINT ( 'NONE',  ( 25.33032856090450124, -1.883560887196483291, 390.8480984626533541 ) ) ;
#743 = CYLINDRICAL_SURFACE ( 'NONE', #153, 2.500000000000000444 ) ;
#744 = CARTESIAN_POINT ( 'NONE',  ( 22.17869820442745876, -1.515371440505784539, 9.481345744867391900 ) ) ;
#745 = ORIENTED_EDGE ( 'NONE', *, *, #10, .F. ) ;
#746 = LINE ( 'NONE', #505, #1630 ) ;
#747 = CARTESIAN_POINT ( 'NONE',  ( 2.482109832092164847, 25.27843212692927821, 7.666954872022368583 ) ) ;
#748 = DIRECTION ( 'NONE',  ( -0.000000000000000000, 1.000000000000000000, -0.000000000000000000 ) ) ;
#749 = CARTESIAN_POINT ( 'NONE',  ( -2.484007355943762541, -25.27826574545846583, 392.1740380544182472 ) ) ;
#750 = CARTESIAN_POINT ( 'NONE',  ( 25.40000000000000924, -0.1631344169307292202, 395.0000000000000000 ) ) ;
#751 = VECTOR ( 'NONE', #504, 1000.000000000000000 ) ;
#752 = AXIS2_PLACEMENT_3D ( 'NONE', #167, #1766, #466 ) ;
#753 = CARTESIAN_POINT ( 'NONE',  ( 25.30742191554878673, 2.168593937658016557, 391.2453443441532954 ) ) ;
#754 = CARTESIAN_POINT ( 'NONE',  ( -1.987446880914168323, 22.14116671487462185, 390.9746440392575551 ) ) ;
#755 = ORIENTED_EDGE ( 'NONE', *, *, #1040, .F. ) ;
#756 = CARTESIAN_POINT ( 'NONE',  ( 2.186836831305430273, -25.30584883519939154, 8.753659651746348302 ) ) ;
#757 = ORIENTED_EDGE ( 'NONE', *, *, #879, .T. ) ;
#758 = FACE_BOUND ( 'NONE', #1774, .T. ) ;
#759 = CARTESIAN_POINT ( 'NONE',  ( 2.483776392337078587, 25.27828880111741938, 392.1719893575750007 ) ) ;
#760 = CARTESIAN_POINT ( 'NONE',  ( 1.109049164714746016, -25.37622813758147799, 390.2534777276338218 ) ) ;
#761 = CARTESIAN_POINT ( 'NONE',  ( -1.510536220323078549, -25.35541350940377470, 5.514724900954433906 ) ) ;
#762 = CARTESIAN_POINT ( 'NONE',  ( 25.33026466640096785, -1.884509443580979715, 394.1510181369252450 ) ) ;
#763 = CARTESIAN_POINT ( 'NONE',  ( -0.6674107706857030919, 25.39173677284631481, 9.919651826511705295 ) ) ;
#764 = CARTESIAN_POINT ( 'NONE',  ( 22.22118214580552831, -0.6460304727413366255, 9.915745225121975537 ) ) ;
#765 = ADVANCED_FACE ( 'NONE', ( #381, #1702 ), #660, .F. ) ;
#766 = VERTEX_POINT ( 'NONE', #824 ) ;
#767 = CARTESIAN_POINT ( 'NONE',  ( 1.669111559229704778, -25.34536891731280406, 9.384213337003746602 ) ) ;
#768 = B_SPLINE_CURVE_WITH_KNOTS ( 'NONE', 3,
 ( #633, #1623, #1198, #1067, #356, #482, #914, #1340, #511, #1509, #1522, #645, #1359, #933, #219, #624 ),
 .UNSPECIFIED., .F., .F.,
 ( 4, 2, 2, 2, 2, 2, 2, 4 ),
 ( 0.01171678235865696374, 0.01220753385755028904, 0.01269828535644361434, 0.01318903685533693790, 0.01367978835423026319, 0.01417053985312358849, 0.01466129135201691205, 0.01564279434980355918 ),
 .UNSPECIFIED. ) ;
#769 = CARTESIAN_POINT ( 'NONE',  ( 2.466261209082576400, 25.28000330037278687, 7.174209773157945946 ) ) ;
#770 = CARTESIAN_POINT ( 'NONE',  ( 3.061616997868386099E-16, 25.40099999999999980, 395.0000000000000000 ) ) ;
#771 = CARTESIAN_POINT ( 'NONE',  ( -22.10491271716831463, 2.355766185202430307, 8.301814074885916384 ) ) ;
#772 = CARTESIAN_POINT ( 'NONE',  ( -0.3254155503327064713, -25.39842767747492047, 394.9841786851998222 ) ) ;
#773 = CARTESIAN_POINT ( 'NONE',  ( 0.000000000000000000, 0.000000000000000000, 400.0000000000000000 ) ) ;
#774 = DIRECTION ( 'NONE',  ( 0.000000000000000000, 0.000000000000000000, 1.000000000000000000 ) ) ;
#775 = CARTESIAN_POINT ( 'NONE',  ( 22.09098087329588012, -2.482229654096390181, 7.500000000000000000 ) ) ;
#776 = ORIENTED_EDGE ( 'NONE', *, *, #1532, .T. ) ;
#777 = CARTESIAN_POINT ( 'NONE',  ( 2.517836298089798142, -25.27489862255517394, 7.662229669426457335 ) ) ;
#778 = CARTESIAN_POINT ( 'NONE',  ( 1.971846136567108498, 25.32350860985393126, 5.977463270298632558 ) ) ;
#779 = CARTESIAN_POINT ( 'NONE',  ( 22.22999999999999687, 2.722389834504565846E-15, 400.0000000000000000 ) ) ;
#780 = CARTESIAN_POINT ( 'NONE',  ( -22.22999999999999687, 2.302427296192277585E-16, 390.0000000000000000 ) ) ;
#781 = CARTESIAN_POINT ( 'NONE',  ( 22.15045958430962614, 1.882396975137649253, 394.1532237654976143 ) ) ;
#782 = CARTESIAN_POINT ( 'NONE',  ( -22.12261178679494122, -2.184355054297965726, 8.758118549393575591 ) ) ;
#783 = CARTESIAN_POINT ( 'NONE',  ( -1.881865831764657937, 22.15050472027071748, 390.8461763335430987 ) ) ;
#784 = CARTESIAN_POINT ( 'NONE',  ( -0.3483413693140569034, 22.22972864345792132, 10.00000000000000000 ) ) ;
#785 = AXIS2_PLACEMENT_3D ( 'NONE', #1376, #1845, #689 ) ;
#786 = CARTESIAN_POINT ( 'NONE',  ( 1.670558566785879107, -25.34526722885662409, 5.617225574784816544 ) ) ;
#787 = CARTESIAN_POINT ( 'NONE',  ( -1.864103525552548879, -22.15200656721283679, 9.153814724187053997 ) ) ;
#788 = CARTESIAN_POINT ( 'NONE',  ( 1.246441527914020942E-14, -22.22999999999999687, 390.0000000000000000 ) ) ;
#789 = FILL_AREA_STYLE_COLOUR ( '', #516 ) ;
#790 = CARTESIAN_POINT ( 'NONE',  ( -0.3123213487699070812, -25.40022472253597385, 4.999999999999998224 ) ) ;
#791 = CARTESIAN_POINT ( 'NONE',  ( 25.27666908435526238, -2.499999999999737099, 392.5000000000000000 ) ) ;
#792 = CARTESIAN_POINT ( 'NONE',  ( -1.542066213064370528, 25.35351196440542765, 5.511723514063082696 ) ) ;
#793 = CARTESIAN_POINT ( 'NONE',  ( -25.35514493753715470, 1.514886888446096425, 5.518222376099516602 ) ) ;
#794 = CARTESIAN_POINT ( 'NONE',  ( 25.39999999999999858, 0.1656265015812820596, 4.998885832003986174 ) ) ;
#795 = CARTESIAN_POINT ( 'NONE',  ( 22.15141585303138783, -1.871048430137179919, 5.854188954357790742 ) ) ;
#796 = UNCERTAINTY_MEASURE_WITH_UNIT (LENGTH_MEASURE( 1.000000000000000082E-05 ), #1807, 'distance_accuracy_value', 'NONE');
#797 = ORIENTED_EDGE ( 'NONE', *, *, #1158, .T. ) ;
#798 = CARTESIAN_POINT ( 'NONE',  ( 25.39999999999999858, 3.164736031904780536E-15, 9.999936842163512196 ) ) ;
#799 = CARTESIAN_POINT ( 'NONE',  ( -25.39217114288052457, -0.6507305518219111962, 5.075930626109619759 ) ) ;
#800 = CARTESIAN_POINT ( 'NONE',  ( -1.239718926791467374E-15, -25.39999999999999858, 390.0000000000000000 ) ) ;
#801 = CARTESIAN_POINT ( 'NONE',  ( -25.28445893226601271, -2.420156488424754393, 393.1476220836038920 ) ) ;
#802 = CARTESIAN_POINT ( 'NONE',  ( -2.016156811938883298, 25.32090952194517186, 5.962910123091262449 ) ) ;
#803 = CARTESIAN_POINT ( 'NONE',  ( 0.01777034590337944753, -25.39999378375527073, 10.00000000000000000 ) ) ;
#804 = FACE_OUTER_BOUND ( 'NONE', #1155, .T. ) ;
#805 = CARTESIAN_POINT ( 'NONE',  ( 0.01777034590337944753, 25.40099999999999980, 10.00000000000000000 ) ) ;
#806 = ORIENTED_EDGE ( 'NONE', *, *, #292, .T. ) ;
#807 = CARTESIAN_POINT ( 'NONE',  ( -25.32949360220404600, -1.894816722704059986, 9.159369275828710855 ) ) ;
#808 = CARTESIAN_POINT ( 'NONE',  ( -22.16804412467388374, -1.662616305321804155, 5.610225063068677187 ) ) ;
#809 = CARTESIAN_POINT ( 'NONE',  ( 0.6474759419405462513, 25.39224947422620104, 394.9201930558639901 ) ) ;
#810 = CARTESIAN_POINT ( 'NONE',  ( -22.08897688893714673, -2.500000000000079492, 392.1695896800999890 ) ) ;
#811 = CARTESIAN_POINT ( 'NONE',  ( -22.19508372997195167, 1.252867791252902929, 390.3304375019169470 ) ) ;
#812 = B_SPLINE_CURVE_WITH_KNOTS ( 'NONE', 3,
 ( #1409, #841, #1699, #1679, #397, #378, #544, #974, #1552, #119, #694, #811, #406, #1389, #983, #1560, #267, #1418 ),
 .UNSPECIFIED., .F., .F.,
 ( 4, 2, 2, 2, 2, 2, 2, 2, 4 ),
 ( 0.007822321374924161297, 0.008311329299015037669, 0.008800337223105915777, 0.009289345147196793884, 0.009778353071287670256, 0.01026736099537854663, 0.01075636891946942300, 0.01124537684356029937, 0.01173438476765117748 ),
 .UNSPECIFIED. ) ;
#813 = CARTESIAN_POINT ( 'NONE',  ( -0.6659430296606559940, 22.22060906076709585, 5.079890086033316265 ) ) ;
#814 = EDGE_CURVE ( 'NONE', #1083, #817, #555, .T. ) ;
#815 = CARTESIAN_POINT ( 'NONE',  ( 22.10495337901741664, -2.355376060967134588, 6.697208643529275918 ) ) ;
#816 = CIRCLE ( 'NONE', #1178, 22.22999999999999687 ) ;
#817 = VERTEX_POINT ( 'NONE', #1262 ) ;
#818 = CARTESIAN_POINT ( 'NONE',  ( 22.22999999999999687, 2.675145791739027361E-15, 5.000063157836487804 ) ) ;
#819 = FACE_OUTER_BOUND ( 'NONE', #959, .T. ) ;
#820 = CARTESIAN_POINT ( 'NONE',  ( 0.8063154697244622193, 25.38765053926059778, 394.8720682395907602 ) ) ;
#821 = CARTESIAN_POINT ( 'NONE',  ( -2.419749444709857311, -22.09793524962809386, 393.1491237520223763 ) ) ;
#822 = CARTESIAN_POINT ( 'NONE',  ( 25.27842036093878164, -2.482229654096357319, 7.337482007459104949 ) ) ;
#823 = DIRECTION ( 'NONE',  ( 4.163336342344336238E-15, -1.000000000000000000, 0.000000000000000000 ) ) ;
#824 = CARTESIAN_POINT ( 'NONE',  ( 25.39999999999999858, 3.110602869834267793E-15, 390.0000000000000000 ) ) ;
#825 = EDGE_CURVE ( 'NONE', #148, #703, #360, .T. ) ;
#826 = VERTEX_POINT ( 'NONE', #1120 ) ;
#827 = CARTESIAN_POINT ( 'NONE',  ( -0.1454147471979935768, -22.23012334520266364, 10.00000000000000178 ) ) ;
#828 = DIRECTION ( 'NONE',  ( 1.000000000000000000, 1.047444401652940007E-14, -0.000000000000000000 ) ) ;
#829 = CARTESIAN_POINT ( 'NONE',  ( 2.499940652974441679, -25.27667495409835041, 392.3359245586255497 ) ) ;
#830 = CARTESIAN_POINT ( 'NONE',  ( -0.3305647260796903408, -22.22999999999999332, 390.0000000000000000 ) ) ;
#831 = CARTESIAN_POINT ( 'NONE',  ( -25.30055367953232803, -2.246310718155691610, 391.3906933911161445 ) ) ;
#832 = CARTESIAN_POINT ( 'NONE',  ( -0.01777034590337936773, 22.22999289731794548, 10.00000000000000000 ) ) ;
#833 = ORIENTED_EDGE ( 'NONE', *, *, #1594, .F. ) ;
#834 = CARTESIAN_POINT ( 'NONE',  ( 25.32241584449909055, 1.985864918947916502, 390.9724853503528266 ) ) ;
#835 = B_SPLINE_CURVE_WITH_KNOTS ( 'NONE', 3,
 ( #438, #864, #1317, #592, #1016, #1439, #420, #26, #1302, #152, #301, #1578, #1726, #1449, #310, #584, #1862, #162, #318, #725, #1432, #1760, #883, #892, #575, #1458, #1469, #565, #13, #999, #601, #19, #1752, #447 ),
 .UNSPECIFIED., .F., .F.,
 ( 4, 2, 2, 2, 2, 2, 2, 2, 2, 2, 2, 2, 2, 2, 2, 2, 4 ),
 ( 1.084202172485504434E-19, 0.0004889044277506952906, 0.0009778088555013903643, 0.001466713283252085546, 0.001955617711002780729, 0.002444522138753475911, 0.002933426566504171093, 0.003422330994254866275, 0.003911235422005561457, 0.004400139849756256639, 0.004889044277506951822, 0.005377948705257647004, 0.005866853133008342186, 0.006355757560759037368, 0.006844661988509732550, 0.007333566416260427732, 0.007822470844011122915 ),
 .UNSPECIFIED. ) ;
#836 = CARTESIAN_POINT ( 'NONE',  ( -25.39999999999999858, 0.000000000000000000, 400.0000000000000000 ) ) ;
#837 = CARTESIAN_POINT ( 'NONE',  ( 22.22815944593492077, 0.3276617573294802743, 390.0162188953902387 ) ) ;
#838 = CARTESIAN_POINT ( 'NONE',  ( -2.500122052231767977, -22.08896307523743019, 392.3366186515542040 ) ) ;
#839 = CARTESIAN_POINT ( 'NONE',  ( 22.22112610842994584, 0.6484833594193977202, 394.9200333138469432 ) ) ;
#840 = B_SPLINE_CURVE_WITH_KNOTS ( 'NONE', 3,
 ( #1369, #1044, #1358, #78, #1611, #481, #317, #35, #1488, #891, #1076, #1759, #921, #458, #1188, #355, #44, #200 ),
 .UNSPECIFIED., .F., .F.,
 ( 4, 2, 2, 2, 2, 2, 2, 2, 4 ),
 ( 0.007820869790935131016, 0.008309796371335517393, 0.008798722951735903769, 0.009287649532136291880, 0.009776576112536678256, 0.01026550269293706463, 0.01075442927333745274, 0.01124335585373783912, 0.01173228243413822550 ),
 .UNSPECIFIED. ) ;
#841 = CARTESIAN_POINT ( 'NONE',  ( -22.08897688893716804, 2.499999999999925393, 392.3367351717137694 ) ) ;
#842 = CARTESIAN_POINT ( 'NONE',  ( -2.169010201139967009, 25.30738413245682494, 391.2461779821177288 ) ) ;
#843 = ORIENTED_EDGE ( 'NONE', *, *, #272, .F. ) ;
#844 = ORIENTED_EDGE ( 'NONE', *, *, #1080, .F. ) ;
#845 = CARTESIAN_POINT ( 'NONE',  ( 1.246441527914020942E-14, 22.22999999999999687, 395.0000000000000000 ) ) ;
#846 = CARTESIAN_POINT ( 'NONE',  ( 1.651343475291483287, -25.34653330538955629, 394.3842272861013498 ) ) ;
#847 = AXIS2_PLACEMENT_3D ( 'NONE', #512, #774, #634 ) ;
#848 = CARTESIAN_POINT ( 'NONE',  ( -25.29059272391688751, 2.355803748111313212, 8.301709168499852964 ) ) ;
#849 = CARTESIAN_POINT ( 'NONE',  ( 25.27842036093878519, -2.482229654096356875, 7.500000000000000000 ) ) ;
#850 = AXIS2_PLACEMENT_3D ( 'NONE', #1705, #1235, #1828 ) ;
#851 = CARTESIAN_POINT ( 'NONE',  ( -2.499872360301227392, 25.27668170861166175, 392.3329387638151502 ) ) ;
#852 = VERTEX_POINT ( 'NONE', #259 ) ;
#853 = EDGE_LOOP ( 'NONE', ( #538, #1719, #888, #122, #728, #1483, #1784, #1343, #1353, #1555, #58, #1596, #562, #704, #860, #1020 ) ) ;
#854 = CARTESIAN_POINT ( 'NONE',  ( -22.14239987624917205, 1.973654102702086410, 5.979793854816803922 ) ) ;
#855 = CARTESIAN_POINT ( 'NONE',  ( -25.33026466640096430, 1.884509443581083410, 394.1510181369252450 ) ) ;
#856 = CARTESIAN_POINT ( 'NONE',  ( 2.483768372160727100, -22.09083131099225383, 392.8280776175718074 ) ) ;
#857 = EDGE_CURVE ( 'NONE', #1650, #1473, #1271, .T. ) ;
#858 = CARTESIAN_POINT ( 'NONE',  ( 25.32224417931853466, 1.988025226918500143, 394.0246165536611329 ) ) ;
#859 = CARTESIAN_POINT ( 'NONE',  ( 1.236733180185264569, 22.19598558627825824, 5.331422471892313553 ) ) ;
#860 = ORIENTED_EDGE ( 'NONE', *, *, #262, .T. ) ;
#861 = CARTESIAN_POINT ( 'NONE',  ( 22.14113478638929067, -1.987789616250891678, 394.0248563544521971 ) ) ;
#862 = CARTESIAN_POINT ( 'NONE',  ( -25.27666908435525528, 2.499999999999914291, 392.6631740088299125 ) ) ;
#863 = CARTESIAN_POINT ( 'NONE',  ( 0.1653215196283448207, 22.23000000000000043, 395.0000000000001137 ) ) ;
#864 = CARTESIAN_POINT ( 'NONE',  ( 0.1830950524386603107, -22.22986073905612514, 4.999999999999997335 ) ) ;
#865 = CARTESIAN_POINT ( 'NONE',  ( -22.09602027473355434, -2.437176925417564810, 8.150611020196151912 ) ) ;
#866 = CARTESIAN_POINT ( 'NONE',  ( 2.482288992773220571, 22.09097420576880211, 7.337711695957198188 ) ) ;
#867 = EDGE_CURVE ( 'NONE', #688, #1201, #422, .T. ) ;
#868 = ORIENTED_EDGE ( 'NONE', *, *, #1218, .T. ) ;
#869 = ORIENTED_EDGE ( 'NONE', *, *, #1465, .T. ) ;
#870 = DIRECTION ( 'NONE',  ( 1.000000000000000000, 1.047444401652940007E-14, -0.000000000000000000 ) ) ;
#871 = LINE ( 'NONE', #1014, #1360 ) ;
#872 = VECTOR ( 'NONE', #910, 1000.000000000000000 ) ;
#873 = CARTESIAN_POINT ( 'NONE',  ( 2.499940205647452895, -22.08898365637922367, 392.3358841634315581 ) ) ;
#874 = CARTESIAN_POINT ( 'NONE',  ( 25.34641430688940389, -1.653066363659829285, 390.6174613145537364 ) ) ;
#875 = CARTESIAN_POINT ( 'NONE',  ( 22.21588103081698407, -0.8065306653970757411, 390.1280026736579316 ) ) ;
#876 = CARTESIAN_POINT ( 'NONE',  ( -2.372741979496059361, 25.28901054860562070, 393.3043368493752610 ) ) ;
#877 = ORIENTED_EDGE ( 'NONE', *, *, #1218, .F. ) ;
#878 = VERTEX_POINT ( 'NONE', #1710 ) ;
#879 = EDGE_CURVE ( 'NONE', #878, #409, #62, .T. ) ;
#880 = CYLINDRICAL_SURFACE ( 'NONE', #1056, 2.500000000000002220 ) ;
#881 = CARTESIAN_POINT ( 'NONE',  ( -25.28612788306833181, 2.402654794431435814, 8.146532730055968230 ) ) ;
#882 = FACE_OUTER_BOUND ( 'NONE', #1628, .T. ) ;
#883 = CARTESIAN_POINT ( 'NONE',  ( 2.186749414493987409, -22.12237073070420479, 8.753811037929908778 ) ) ;
#884 = CARTESIAN_POINT ( 'NONE',  ( 22.15035989616064782, -1.883566165830293127, 390.8481052661881563 ) ) ;
#885 = CARTESIAN_POINT ( 'NONE',  ( -1.109806895559578344, 25.37618877191623312, 394.7460693572572836 ) ) ;
#886 = ORIENTED_EDGE ( 'NONE', *, *, #1105, .T. ) ;
#887 = CARTESIAN_POINT ( 'NONE',  ( 1.272212778588015514, -25.36848158538214904, 9.668616730520172453 ) ) ;
#888 = ORIENTED_EDGE ( 'NONE', *, *, #814, .T. ) ;
#889 = CARTESIAN_POINT ( 'NONE',  ( -25.39999999999999858, -3.758843327287599152E-23, 395.0000000000000000 ) ) ;
#890 = CARTESIAN_POINT ( 'NONE',  ( 0.6496662613347233828, -22.22108340197546283, 394.9196402736790787 ) ) ;
#891 = CARTESIAN_POINT ( 'NONE',  ( -25.34641430688938968, 1.653066363659941640, 390.6174613145537364 ) ) ;
#892 = CARTESIAN_POINT ( 'NONE',  ( 2.005793065930070007, -22.13951114919149177, 9.024558291268892418 ) ) ;
#893 = CARTESIAN_POINT ( 'NONE',  ( 25.33041216873304791, 1.882434882476863081, 390.8468283728213919 ) ) ;
#894 = CARTESIAN_POINT ( 'NONE',  ( 22.12559048434516384, -2.153894971462395613, 8.749051324141722930 ) ) ;
#895 = ORIENTED_EDGE ( 'NONE', *, *, #1433, .F. ) ;
#896 = CARTESIAN_POINT ( 'NONE',  ( 1.542066213064370528, -25.35351196440542410, 5.511723514063080920 ) ) ;
#897 = ORIENTED_EDGE ( 'NONE', *, *, #602, .F. ) ;
#898 = B_SPLINE_CURVE_WITH_KNOTS ( 'NONE', 3,
 ( #1485, #197, #1786, #629, #487, #1617, #342, #1325, #1062, #1041, #1496, #1629, #919, #476, #747, #620, #769, #24, #207, #1195, #1315, #778, #929, #1355, #61, #641, #1213, #609, #497, #1796 ),
 .UNSPECIFIED., .F., .F.,
 ( 4, 2, 2, 2, 2, 2, 2, 2, 2, 2, 2, 2, 2, 2, 4 ),
 ( 0.007838732815649744959, 0.008816071745445071967, 0.009304741210342736338, 0.009793410675240400709, 0.01028208014013806508, 0.01077074960503572945, 0.01125941906993339382, 0.01174808853483105819, 0.01223675799972872257, 0.01272542746462638694, 0.01321409692952405131, 0.01370276639442171568, 0.01419143585931938005, 0.01468010532421704442, 0.01565744425401237316 ),
 .UNSPECIFIED. ) ;
#899 = DIRECTION ( 'NONE',  ( -1.000000000000000000, 0.000000000000000000, 0.000000000000000000 ) ) ;
#900 = CARTESIAN_POINT ( 'NONE',  ( -25.27490519240950917, -2.517770345903467710, 7.168172738808976874 ) ) ;
#901 = CARTESIAN_POINT ( 'NONE',  ( -0.6479939950610403843, -25.39224542159844944, 394.9201534667792544 ) ) ;
#902 = DIRECTION ( 'NONE',  ( -0.000000000000000000, -0.000000000000000000, -1.000000000000000000 ) ) ;
#903 = EDGE_CURVE ( 'NONE', #906, #270, #1287, .T. ) ;
#904 = CARTESIAN_POINT ( 'NONE',  ( -22.11472195981809108, -2.261864330711363724, 8.614063707313421858 ) ) ;
#905 = CARTESIAN_POINT ( 'NONE',  ( -2.247376110817847383, 22.11619697047858324, 393.6073149123726580 ) ) ;
#906 = VERTEX_POINT ( 'NONE', #1362 ) ;
#907 = AXIS2_PLACEMENT_3D ( 'NONE', #168, #748, #1292 ) ;
#908 = CARTESIAN_POINT ( 'NONE',  ( 2.202469543444535827, -25.30464015155455115, 6.241769742631867679 ) ) ;
#909 = ORIENTED_EDGE ( 'NONE', *, *, #731, .F. ) ;
#910 = DIRECTION ( 'NONE',  ( -0.000000000000000000, -1.000000000000000000, -0.000000000000000000 ) ) ;
#911 = CARTESIAN_POINT ( 'NONE',  ( 2.247316667800948853, 25.30046495744408119, 391.3925625612158115 ) ) ;
#912 = CARTESIAN_POINT ( 'NONE',  ( -22.11780054848558663, 2.231524019674333115, 8.603293402572194992 ) ) ;
#913 = CARTESIAN_POINT ( 'NONE',  ( -22.22999999999999687, 4.724404275217281513E-17, 5.000063157836486916 ) ) ;
#914 = CARTESIAN_POINT ( 'NONE',  ( 22.19470678109206929, 1.259627683060971837, 5.324073303664332180 ) ) ;
#915 = CARTESIAN_POINT ( 'NONE',  ( -1.670558566785879773, 25.34526722885662409, 5.617225574784817432 ) ) ;
#916 = CARTESIAN_POINT ( 'NONE',  ( 22.09098087329588367, -2.482229654096390625, 7.662445222875892803 ) ) ;
#917 = EDGE_LOOP ( 'NONE', ( #329, #517, #313, #1281 ) ) ;
#918 = CARTESIAN_POINT ( 'NONE',  ( 25.30866773889605170, -2.153935785564509597, 8.748982164965784847 ) ) ;
#919 = CARTESIAN_POINT ( 'NONE',  ( 2.401982215102153262, 25.28619203328380394, 8.149101068644595713 ) ) ;
#920 = DIRECTION ( 'NONE',  ( 1.000000000000000000, 1.047444401652940007E-14, -0.000000000000000000 ) ) ;
#921 = CARTESIAN_POINT ( 'NONE',  ( -25.37622332052082186, 1.109158185475365377, 390.2535319903757909 ) ) ;
#922 = CARTESIAN_POINT ( 'NONE',  ( 22.11630101159824235, 2.246356415563910858, 393.6093895621746128 ) ) ;
#923 = CARTESIAN_POINT ( 'NONE',  ( -22.19604184606556174, -1.265139277336742696, 9.691147502404813707 ) ) ;
#924 = CARTESIAN_POINT ( 'NONE',  ( -2.484004827240778646, 22.09080431489223884, 392.8259979632804857 ) ) ;
#925 = CARTESIAN_POINT ( 'NONE',  ( -2.390441421007488465, 22.10119133540116465, 8.304535826325443182 ) ) ;
#926 = CARTESIAN_POINT ( 'NONE',  ( 25.32120309012880810, 2.001278518900574177, 9.030571851874420020 ) ) ;
#927 = EDGE_CURVE ( 'NONE', #1844, #547, #1561, .T. ) ;
#928 = ORIENTED_EDGE ( 'NONE', *, *, #1455, .F. ) ;
#929 = CARTESIAN_POINT ( 'NONE',  ( 1.866462067820640280, 25.33159358946705453, 5.848875810292163635 ) ) ;
#930 = CARTESIAN_POINT ( 'NONE',  ( 2.500059018132899880, 25.27666324714141410, 392.3377380984060778 ) ) ;
#931 = FILL_AREA_STYLE ('',( #789 ) ) ;
#932 = CARTESIAN_POINT ( 'NONE',  ( -1.651249363599271103, -25.34653299993163955, 394.3841255258736851 ) ) ;
#933 = CARTESIAN_POINT ( 'NONE',  ( 22.09486441973512427, 2.450694210350740310, 6.838394899251485803 ) ) ;
#934 = CARTESIAN_POINT ( 'NONE',  ( -2.265024262810356515, 25.29888597957751983, 8.607585533298408365 ) ) ;
#935 = CARTESIAN_POINT ( 'NONE',  ( -2.482109832092164847, -25.27843212692927821, 7.666954872022368583 ) ) ;
#936 = CARTESIAN_POINT ( 'NONE',  ( 0.000000000000000000, 0.000000000000000000, 400.0000000000000000 ) ) ;
#937 = CIRCLE ( 'NONE', #1850, 25.39999999999999858 ) ;
#938 = CARTESIAN_POINT ( 'NONE',  ( -22.23000000000000043, 0.1631681611832912770, 394.9999999999998863 ) ) ;
#939 = ORIENTED_EDGE ( 'NONE', *, *, #387, .T. ) ;
#940 = EDGE_CURVE ( 'NONE', #1435, #1010, #277, .T. ) ;
#941 = DIRECTION ( 'NONE',  ( -0.000000000000000000, 1.000000000000000000, -0.000000000000000000 ) ) ;
#942 = CARTESIAN_POINT ( 'NONE',  ( 2.484061767589682113, 25.27826096906024489, 392.8263681017926388 ) ) ;
#943 = PRESENTATION_STYLE_ASSIGNMENT (( #611 ) ) ;
#944 = EDGE_CURVE ( 'NONE', #1201, #1852, #638, .T. ) ;
#945 = CARTESIAN_POINT ( 'NONE',  ( -2.245817766799778514, -22.11635584405555832, 393.6104668535737687 ) ) ;
#946 = CARTESIAN_POINT ( 'NONE',  ( 25.27830135490464869, -2.483649021420955894, 392.8289197312540182 ) ) ;
#947 = CARTESIAN_POINT ( 'NONE',  ( -22.22999999999999687, 0.000000000000000000, 400.0000000000000000 ) ) ;
#948 = CARTESIAN_POINT ( 'NONE',  ( -25.37650748890184715, 1.102486958570192410, 5.259106658004411905 ) ) ;
#949 = CARTESIAN_POINT ( 'NONE',  ( -2.188455400829849129, 22.12220249592964549, 8.750918048750321532 ) ) ;
#950 = CARTESIAN_POINT ( 'NONE',  ( 22.23000000000000398, -0.1643926162624905762, 5.001231712819843800 ) ) ;
#951 = ORIENTED_EDGE ( 'NONE', *, *, #1661, .F. ) ;
#952 = CARTESIAN_POINT ( 'NONE',  ( -2.482106318591443817, -22.09099473175529837, 7.667090814815939126 ) ) ;
#953 = CARTESIAN_POINT ( 'NONE',  ( -22.23000000000000043, -0.1657244812356933328, 4.998885135533459589 ) ) ;
#954 = DIRECTION ( 'NONE',  ( 0.000000000000000000, 0.000000000000000000, 1.000000000000000000 ) ) ;
#955 = CARTESIAN_POINT ( 'NONE',  ( -22.14131543177696315, -1.985819224177142850, 390.9724198621687492 ) ) ;
#956 = CARTESIAN_POINT ( 'NONE',  ( 25.38778168038814798, -0.8019670673143729500, 5.132594252816518043 ) ) ;
#957 = CARTESIAN_POINT ( 'NONE',  ( 25.32948493229826425, 1.894928916996772683, 5.840764440648933409 ) ) ;
#958 = CARTESIAN_POINT ( 'NONE',  ( -22.19499813272168609, 1.254329204413215715, 394.6686766173551746 ) ) ;
#959 = EDGE_LOOP ( 'NONE', ( #1038, #1011, #1422, #1112, #1334, #48 ) ) ;
#960 = CARTESIAN_POINT ( 'NONE',  ( -22.08695842539866305, -2.517770345903456608, 7.168100919139403615 ) ) ;
#961 = CARTESIAN_POINT ( 'NONE',  ( 1.108232989393068024, -25.37626404276796421, 394.7469264647754699 ) ) ;
#962 = CARTESIAN_POINT ( 'NONE',  ( -1.651267604853513982, -22.16888796644206394, 394.3841090800847269 ) ) ;
#963 = ADVANCED_FACE ( 'NONE', ( #1658 ), #1680, .F. ) ;
#964 = CARTESIAN_POINT ( 'NONE',  ( -25.39225761725687747, -0.6471270493059576578, 390.0797220210577620 ) ) ;
#965 = CARTESIAN_POINT ( 'NONE',  ( -2.517892495162282973, 22.08694450117740615, 7.663383156290004550 ) ) ;
#966 = CARTESIAN_POINT ( 'NONE',  ( 22.20314680718354339, -1.102633453176610656, 5.259177258704867519 ) ) ;
#967 = AXIS2_PLACEMENT_3D ( 'NONE', #1438, #1301, #722 ) ;
#968 = ORIENTED_EDGE ( 'NONE', *, *, #1866, .F. ) ;
#969 = CARTESIAN_POINT ( 'NONE',  ( -25.39841139013055482, -0.3271473756413052492, 9.986277070894178820 ) ) ;
#970 = CARTESIAN_POINT ( 'NONE',  ( 22.11472195981806266, 2.261864330711498283, 8.614063707313453833 ) ) ;
#971 = DIRECTION ( 'NONE',  ( 1.000000000000000000, 0.000000000000000000, 0.000000000000000000 ) ) ;
#972 = CARTESIAN_POINT ( 'NONE',  ( -1.653864568098684984, -22.16869347968698989, 390.6181718863391552 ) ) ;
#973 = DIRECTION ( 'NONE',  ( 0.000000000000000000, 0.000000000000000000, 1.000000000000000000 ) ) ;
#974 = CARTESIAN_POINT ( 'NONE',  ( -22.14120917652536136, 1.987001554001984971, 390.9739450063238451 ) ) ;
#975 = B_SPLINE_CURVE_WITH_KNOTS ( 'NONE', 3,
 ( #1087, #683, #1107, #510, #1237, #1848, #249, #674, #533, #1406, #955, #1227, #241, #1416, #810, #552 ),
 .UNSPECIFIED., .F., .F.,
 ( 4, 2, 2, 2, 2, 2, 2, 4 ),
 ( 0.01173438476765117748, 0.01222293532295042236, 0.01271148587824966550, 0.01320003643354891038, 0.01368858698884815525, 0.01417713754414739839, 0.01466568809944664327, 0.01564278921004513129 ),
 .UNSPECIFIED. ) ;
#976 = CARTESIAN_POINT ( 'NONE',  ( 25.38751463075897163, 0.8106049149088100370, 9.876589704799348723 ) ) ;
#977 = VERTEX_POINT ( 'NONE', #647 ) ;
#978 = CARTESIAN_POINT ( 'NONE',  ( -22.08695842539866305, -2.517770345903457052, 7.500000000000000000 ) ) ;
#979 = LINE ( 'NONE', #681, #98 ) ;
#980 = CARTESIAN_POINT ( 'NONE',  ( 1.988070594209768505, -25.32223959592408491, 394.0244983223745976 ) ) ;
#981 = CARTESIAN_POINT ( 'NONE',  ( -25.27666908435523041, -2.500000000000090594, 392.5000000000000000 ) ) ;
#982 = CARTESIAN_POINT ( 'NONE',  ( 0.000000000000000000, 0.000000000000000000, 0.000000000000000000 ) ) ;
#983 = CARTESIAN_POINT ( 'NONE',  ( -22.22113920217477911, 0.6476468941947490787, 390.0798498638052934 ) ) ;
#984 = CARTESIAN_POINT ( 'NONE',  ( 0.7877503162696739558, 22.21655478021513019, 5.127662345076134720 ) ) ;
#985 = EDGE_LOOP ( 'NONE', ( #627, #1835, #361, #183, #415, #844 ) ) ;
#986 = CARTESIAN_POINT ( 'NONE',  ( -22.22999999999999687, -0.1632442019044398340, 395.0000000000000000 ) ) ;
#987 = CARTESIAN_POINT ( 'NONE',  ( 2.419892635971418127, -25.28448436314650749, 393.1487339817261386 ) ) ;
#988 = CARTESIAN_POINT ( 'NONE',  ( -25.38781890000287333, 0.8008191340517542001, 9.867813319929709337 ) ) ;
#989 = CARTESIAN_POINT ( 'NONE',  ( 25.28446696177538655, -2.420075810157693574, 391.8516953821180664 ) ) ;
#990 = B_SPLINE_CURVE_WITH_KNOTS ( 'NONE', 3,
 ( #1109, #1709, #388, #964, #413, #685, #1841, #250, #1260, #554, #1820, #1127, #831, #1118, #524, #243 ),
 .UNSPECIFIED., .F., .F.,
 ( 4, 2, 2, 2, 2, 2, 2, 4 ),
 ( 0.01173228243413822550, 0.01222073550516480749, 0.01270918857619138774, 0.01319764164721796973, 0.01368609471824455172, 0.01417454778927113371, 0.01466300086029771396, 0.01563990700235103060 ),
 .UNSPECIFIED. ) ;
#991 = DIRECTION ( 'NONE',  ( 0.000000000000000000, 0.000000000000000000, 1.000000000000000000 ) ) ;
#992 = ORIENTED_EDGE ( 'NONE', *, *, #408, .F. ) ;
#993 = CARTESIAN_POINT ( 'NONE',  ( 22.10313582108896924, -2.372395317809851800, 393.3053420679648298 ) ) ;
#994 = B_SPLINE_CURVE_WITH_KNOTS ( 'NONE', 3,
 ( #531, #540, #1114, #1694, #393, #970, #1549, #690, #1265, #1846, #549, #1124, #1274, #1713, #1867, #1731 ),
 .UNSPECIFIED., .F., .F.,
 ( 4, 2, 2, 2, 2, 2, 2, 4 ),
 ( 0.000000000000000000, 0.0004912360675544897096, 0.0009824721351089794191, 0.001473708202663468912, 0.001964944270217958838, 0.002947416405326941727, 0.003438652472881431870, 0.003929888540435922013 ),
 .UNSPECIFIED. ) ;
#995 = EDGE_CURVE ( 'NONE', #703, #678, #1133, .T. ) ;
#996 = AXIS2_PLACEMENT_3D ( 'NONE', #1234, #518, #1224 ) ;
#997 = CARTESIAN_POINT ( 'NONE',  ( -25.34654780829318810, 1.651120260542868756, 394.3844199682202998 ) ) ;
#998 = CARTESIAN_POINT ( 'NONE',  ( 1.524385457287371848, 22.17808994153118718, 394.4881984052308326 ) ) ;
#999 = CARTESIAN_POINT ( 'NONE',  ( 0.8232990880398665112, -22.21526586469392583, 9.872334623507066809 ) ) ;
#1000 = CARTESIAN_POINT ( 'NONE',  ( 0.3112583842939161682, 22.22839920146835624, 5.016360473563746147 ) ) ;
#1001 = VERTEX_POINT ( 'NONE', #780 ) ;
#1002 = ORIENTED_EDGE ( 'NONE', *, *, #691, .T. ) ;
#1003 = CARTESIAN_POINT ( 'NONE',  ( -22.09976393311623255, 2.402988926713098383, 6.854430220794785811 ) ) ;
#1004 = CARTESIAN_POINT ( 'NONE',  ( -25.39999999999999858, -3.758843327287599152E-23, 395.0000000000000000 ) ) ;
#1005 = CARTESIAN_POINT ( 'NONE',  ( 0.8064351308597886847, -22.21588428679789118, 390.1279727708063092 ) ) ;
#1006 = CARTESIAN_POINT ( 'NONE',  ( 25.40000000000000568, 0.1632099372893615064, 395.0000000000001137 ) ) ;
#1007 = EDGE_CURVE ( 'NONE', #547, #270, #469, .T. ) ;
#1008 = CARTESIAN_POINT ( 'NONE',  ( 22.14120917652536136, -1.987001554001874615, 390.9739450063237882 ) ) ;
#1009 = CARTESIAN_POINT ( 'NONE',  ( 2.482169983062641805, 22.09098757816789416, 7.664111371155146735 ) ) ;
#1010 = VERTEX_POINT ( 'NONE', #1339 ) ;
#1011 = ORIENTED_EDGE ( 'NONE', *, *, #349, .T. ) ;
#1012 = CARTESIAN_POINT ( 'NONE',  ( -25.40100000000026270, -2.660613524638660533E-13, 392.5000000000000000 ) ) ;
#1013 = B_SPLINE_CURVE_WITH_KNOTS ( 'NONE', 3,
 ( #74, #827, #1403, #1675, #115, #215, #1264, #548, #227, #787, #1094, #1366, #651, #373, #86, #507, #952, #1528, #1084, #1179, #1753, #735, #1592, #303, #1450, #1311, #20, #27, #615, #1190, #1471, #1018 ),
 .UNSPECIFIED., .F., .F.,
 ( 4, 2, 2, 2, 2, 2, 2, 2, 2, 2, 2, 2, 2, 2, 2, 4 ),
 ( 0.007822470844011122915, 0.008311240581867948909, 0.008800010319724774904, 0.009288780057581599164, 0.009777549795438425159, 0.01026631953329524942, 0.01075508927115207368, 0.01124385900900889967, 0.01173262874686572393, 0.01222139848472254819, 0.01271016822257937419, 0.01319893796043619845, 0.01368770769829302271, 0.01417647743614984870, 0.01466524717400667296, 0.01564278664972032148 ),
 .UNSPECIFIED. ) ;
#1014 = CARTESIAN_POINT ( 'NONE',  ( 0.000000000000000000, 25.40099999999999980, 390.0000000000000000 ) ) ;
#1015 = CARTESIAN_POINT ( 'NONE',  ( 2.247248623541645340, -22.11621000952041172, 393.6075790529585561 ) ) ;
#1016 = CARTESIAN_POINT ( 'NONE',  ( 0.8242090827176984380, -22.21523200040070023, 5.127974095800664323 ) ) ;
#1017 = ADVANCED_FACE ( 'NONE', ( #500 ), #1499, .F. ) ;
#1018 = CARTESIAN_POINT ( 'NONE',  ( 0.01777034590337918038, -22.22999289731794548, 4.999999999999998224 ) ) ;
#1019 = CARTESIAN_POINT ( 'NONE',  ( -2.484007355943762541, 25.27826574545846583, 392.8259619455817528 ) ) ;
#1020 = ORIENTED_EDGE ( 'NONE', *, *, #1866, .T. ) ;
#1021 = ORIENTED_EDGE ( 'NONE', *, *, #375, .F. ) ;
#1022 = CARTESIAN_POINT ( 'NONE',  ( 22.09084506003926052, -2.483646540275517900, 392.8289569542300796 ) ) ;
#1023 = CARTESIAN_POINT ( 'NONE',  ( -25.39999999999999858, 0.1631344169307399061, 394.9999999999998863 ) ) ;
#1024 = VECTOR ( 'NONE', #1295, 1000.000000000000000 ) ;
#1025 = CARTESIAN_POINT ( 'NONE',  ( 1.246441527914020942E-14, -22.22999999999999687, 390.0000000000000000 ) ) ;
#1026 = CARTESIAN_POINT ( 'NONE',  ( 25.27666908435521620, 2.500000000000266454, 392.6653268036553754 ) ) ;
#1027 = VECTOR ( 'NONE', #1393, 1000.000000000000000 ) ;
#1028 = CARTESIAN_POINT ( 'NONE',  ( 25.40100000000008151, 2.500000000000090594, 392.5000000000000000 ) ) ;
#1029 = CARTESIAN_POINT ( 'NONE',  ( -1.989514500401419417, 22.14098035139177867, 394.0226626387869828 ) ) ;
#1030 = VERTEX_POINT ( 'NONE', #913 ) ;
#1031 = DIRECTION ( 'NONE',  ( -0.000000000000000000, -1.000000000000000000, -0.000000000000000000 ) ) ;
#1032 = DIRECTION ( 'NONE',  ( -0.000000000000000000, -0.000000000000000000, -1.000000000000000000 ) ) ;
#1033 = DIRECTION ( 'NONE',  ( -0.000000000000000000, 1.000000000000000000, -0.000000000000000000 ) ) ;
#1034 = CARTESIAN_POINT ( 'NONE',  ( 0.000000000000000000, -25.40099999999999980, 395.0000000000000000 ) ) ;
#1035 = CARTESIAN_POINT ( 'NONE',  ( 25.35449310500930409, 1.525917332699610274, 394.4871117561047527 ) ) ;
#1036 = CARTESIAN_POINT ( 'NONE',  ( 25.37625482086617978, 1.108433048740610882, 390.2531780195317310 ) ) ;
#1037 = CARTESIAN_POINT ( 'NONE',  ( -1.255219019282153070, 25.36933392566352552, 394.6682734886010735 ) ) ;
#1038 = ORIENTED_EDGE ( 'NONE', *, *, #740, .F. ) ;
#1039 = CARTESIAN_POINT ( 'NONE',  ( 22.08897688893712896, 2.500000000000233591, 392.5000000000000000 ) ) ;
#1040 = EDGE_CURVE ( 'NONE', #1444, #826, #840, .T. ) ;
#1041 = CARTESIAN_POINT ( 'NONE',  ( 2.151172352851548730, 25.30890640651188406, 8.753925737573931443 ) ) ;
#1042 = CYLINDRICAL_SURFACE ( 'NONE', #1513, 2.500000000000000444 ) ;
#1043 = CARTESIAN_POINT ( 'NONE',  ( 0.6474759419405462513, -25.39224947422620104, 390.0798069441360099 ) ) ;
#1044 = CARTESIAN_POINT ( 'NONE',  ( -25.27666908435524817, 2.499999999999913847, 392.3367474130801611 ) ) ;
#1045 = CARTESIAN_POINT ( 'NONE',  ( 25.30048929200632912, -2.247043620072342929, 393.6079894728540580 ) ) ;
#1046 = CARTESIAN_POINT ( 'NONE',  ( -22.17739056653757146, -1.546160641542829506, 9.505296665877375872 ) ) ;
#1047 = CARTESIAN_POINT ( 'NONE',  ( -0.1631884861490838223, 22.22999999999999687, 390.0000000000000000 ) ) ;
#1048 = ORIENTED_EDGE ( 'NONE', *, *, #1545, .T. ) ;
#1049 = CARTESIAN_POINT ( 'NONE',  ( 2.437655297784421471, -25.28277823361008458, 6.851013278962602371 ) ) ;
#1050 = FACE_BOUND ( 'NONE', #1639, .T. ) ;
#1051 = CARTESIAN_POINT ( 'NONE',  ( -25.28180946497916182, -2.450734853554506376, 6.838539528320180416 ) ) ;
#1052 = EDGE_CURVE ( 'NONE', #1394, #1475, #77, .T. ) ;
#1053 = CARTESIAN_POINT ( 'NONE',  ( -22.15133697160602466, 1.872063884221107921, 9.144828549738150514 ) ) ;
#1054 = CARTESIAN_POINT ( 'NONE',  ( -2.169010201139967009, -25.30738413245682494, 393.7538220178822144 ) ) ;
#1055 = CARTESIAN_POINT ( 'NONE',  ( -0.01777034590337914222, -25.40099999999999980, 10.00000000000000000 ) ) ;
#1056 = AXIS2_PLACEMENT_3D ( 'NONE', #1012, #133, #1588 ) ;
#1057 = VECTOR ( 'NONE', #67, 1000.000000000000000 ) ;
#1058 = CARTESIAN_POINT ( 'NONE',  ( -0.01777034590337883690, 25.39999378375527073, 4.999999999999998224 ) ) ;
#1059 = CARTESIAN_POINT ( 'NONE',  ( 22.22815987831021900, -0.3274137337631758959, 9.981391639922630787 ) ) ;
#1060 = ORIENTED_EDGE ( 'NONE', *, *, #879, .F. ) ;
#1061 = CARTESIAN_POINT ( 'NONE',  ( 25.28282181844197041, 2.437203429828538770, 8.150506649895204347 ) ) ;
#1062 = CARTESIAN_POINT ( 'NONE',  ( 1.969717566591676183, 25.32367466804751643, 9.025297998267451050 ) ) ;
#1063 = B_SPLINE_CURVE_WITH_KNOTS ( 'NONE', 3,
 ( #1775, #41, #607, #1794, #322, #205, #1474, #896, #786, #475, #908, #618, #1049, #1495, #1082, #777, #628, #1484, #314, #1183, #756, #1354, #1222, #767, #1335, #887, #1462, #173, #1764, #1785, #1344, #50 ),
 .UNSPECIFIED., .F., .F.,
 ( 4, 2, 2, 2, 2, 2, 2, 2, 2, 2, 2, 2, 2, 2, 2, 4 ),
 ( 1.752797970983642018E-05, 0.0005063532819560808470, 0.0009951785842023253958, 0.001484003886448569945, 0.001972829188694814277, 0.002950479793187301206, 0.003439305095433545754, 0.003928130397679790303, 0.004416955699926034852, 0.004905781002172278533, 0.005394606304418523082, 0.005883431606664767631, 0.006372256908911013047, 0.006861082211157256729, 0.007349907513403501277, 0.007838732815649744959 ),
 .UNSPECIFIED. ) ;
#1064 = CARTESIAN_POINT ( 'NONE',  ( 1.254426700869095468, 25.36936710464441802, 390.3313770919016861 ) ) ;
#1065 = CARTESIAN_POINT ( 'NONE',  ( 2.419869479322443784, 22.09792218830325794, 391.8511764856747277 ) ) ;
#1066 = CARTESIAN_POINT ( 'NONE',  ( 3.061616809865627822E-16, -25.39999999999999858, 395.0000000000000000 ) ) ;
#1067 = CARTESIAN_POINT ( 'NONE',  ( 22.22105305957171950, 0.6507843067681813309, 5.075942346704255037 ) ) ;
#1068 = DIRECTION ( 'NONE',  ( 1.000000000000000000, 0.000000000000000000, 0.000000000000000000 ) ) ;
#1069 = CARTESIAN_POINT ( 'NONE',  ( 22.09281849219667038, -2.466026781706073034, 7.827454331122358333 ) ) ;
#1070 = ORIENTED_EDGE ( 'NONE', *, *, #1545, .F. ) ;
#1071 = CARTESIAN_POINT ( 'NONE',  ( 25.29916549728991981, 2.261917674293087543, 8.613957012143456993 ) ) ;
#1072 = ORIENTED_EDGE ( 'NONE', *, *, #64, .F. ) ;
#1073 = CARTESIAN_POINT ( 'NONE',  ( 0.000000000000000000, 25.40099999999999980, 392.5000000000000000 ) ) ;
#1074 = CARTESIAN_POINT ( 'NONE',  ( -25.38753313675986689, -0.8102040325350254868, 5.123204467086254432 ) ) ;
#1075 =( NAMED_UNIT ( * ) SI_UNIT ( $, .STERADIAN. ) SOLID_ANGLE_UNIT ( ) );
#1076 = CARTESIAN_POINT ( 'NONE',  ( -25.35457494143918566, 1.524482411234404422, 390.5118721990911581 ) ) ;
#1077 = CYLINDRICAL_SURFACE ( 'NONE', #1175, 2.500000000000002220 ) ;
#1078 = FACE_OUTER_BOUND ( 'NONE', #1375, .T. ) ;
#1079 = CARTESIAN_POINT ( 'NONE',  ( -0.6375658073338662524, -25.39378183700886638, 9.934454559273380170 ) ) ;
#1080 = EDGE_CURVE ( 'NONE', #1001, #1182, #975, .T. ) ;
#1081 = CARTESIAN_POINT ( 'NONE',  ( -1.124570494570949375, 22.20204754989121909, 5.252444964084320489 ) ) ;
#1082 = CARTESIAN_POINT ( 'NONE',  ( 2.517703983106791110, -25.27491180316696529, 7.335743978792470976 ) ) ;
#1083 = VERTEX_POINT ( 'NONE', #1808 ) ;
#1084 = CARTESIAN_POINT ( 'NONE',  ( -2.466234945390305633, -22.09279521040585337, 7.174006936854095073 ) ) ;
#1085 = CARTESIAN_POINT ( 'NONE',  ( -22.14111969239331046, -1.987971437403035946, 394.0246856377420954 ) ) ;
#1086 = CARTESIAN_POINT ( 'NONE',  ( 1.884659937816077768, 22.15027433940323220, 390.8491567051223115 ) ) ;
#1087 = CARTESIAN_POINT ( 'NONE',  ( -22.22999999999999687, 2.302427296192277585E-16, 390.0000000000000000 ) ) ;
#1088 = CARTESIAN_POINT ( 'NONE',  ( 3.061616744181124549E-16, 22.22999999999999687, 390.0000000000000000 ) ) ;
#1089 = CARTESIAN_POINT ( 'NONE',  ( -2.517836298089798142, 25.27489862255517394, 7.662229669426457335 ) ) ;
#1090 = CARTESIAN_POINT ( 'NONE',  ( -1.864104175878084080, -25.33176829528856189, 9.153820680157256362 ) ) ;
#1091 = CARTESIAN_POINT ( 'NONE',  ( -2.389284567427089279, 22.10131700484553363, 6.692067679234622979 ) ) ;
#1092 = CARTESIAN_POINT ( 'NONE',  ( 22.14239987624918271, -1.973654102701968505, 5.979793854816850995 ) ) ;
#1093 = AXIS2_PLACEMENT_3D ( 'NONE', #417, #1031, #444 ) ;
#1094 = CARTESIAN_POINT ( 'NONE',  ( -1.969684846370916675, -22.14275386941178425, 9.025345243590155775 ) ) ;
#1095 = CARTESIAN_POINT ( 'NONE',  ( -22.14011918038844584, -1.999146695885750669, 5.966589234374152895 ) ) ;
#1096 = CARTESIAN_POINT ( 'NONE',  ( 22.15046023871020253, 1.882382479876342218, 390.8467742308309312 ) ) ;
#1097 = CARTESIAN_POINT ( 'NONE',  ( -25.30054595529420070, -2.246408490344748987, 393.6092848604740198 ) ) ;
#1098 = CARTESIAN_POINT ( 'NONE',  ( 0.000000000000000000, 0.000000000000000000, 0.000000000000000000 ) ) ;
#1099 = CARTESIAN_POINT ( 'NONE',  ( -2.353814541225081491, -25.29077980664006020, 8.307742615171166634 ) ) ;
#1100 = CARTESIAN_POINT ( 'NONE',  ( 25.38753313675986334, 0.8102040325350724492, 5.123204467086209135 ) ) ;
#1101 = CARTESIAN_POINT ( 'NONE',  ( -22.20287857353767436, 1.108169822268877169, 394.7469550052041427 ) ) ;
#1102 = ORIENTED_EDGE ( 'NONE', *, *, #192, .F. ) ;
#1103 = CARTESIAN_POINT ( 'NONE',  ( -25.38751463075897519, -0.8106049149087639627, 9.876589704799306091 ) ) ;
#1104 = CARTESIAN_POINT ( 'NONE',  ( -22.22112610842993519, -0.6484833594193695205, 394.9200333138469432 ) ) ;
#1105 = EDGE_CURVE ( 'NONE', #636, #391, #1174, .T. ) ;
#1106 = CARTESIAN_POINT ( 'NONE',  ( 2.371823195662775774, -25.28909594710600572, 391.6931757117000075 ) ) ;
#1107 = CARTESIAN_POINT ( 'NONE',  ( -22.22815944593492787, -0.3276617573294585695, 390.0162188953903524 ) ) ;
#1108 = CARTESIAN_POINT ( 'NONE',  ( 22.21588476861638384, 0.8062529301945523530, 394.8720198381851674 ) ) ;
#1109 = CARTESIAN_POINT ( 'NONE',  ( -25.39999999999999858, 0.000000000000000000, 390.0000000000000000 ) ) ;
#1110 = CARTESIAN_POINT ( 'NONE',  ( -1.899627857714472068, 22.14898855157724711, 5.846167073319003649 ) ) ;
#1111 = CARTESIAN_POINT ( 'NONE',  ( 25.39999999999999858, 3.164736031904780536E-15, 9.999936842163512196 ) ) ;
#1112 = ORIENTED_EDGE ( 'NONE', *, *, #10, .T. ) ;
#1113 = CARTESIAN_POINT ( 'NONE',  ( -25.27490519240951272, -2.517770345903468154, 7.666079245618313109 ) ) ;
#1114 = CARTESIAN_POINT ( 'NONE',  ( 22.08884439851426151, 2.501378916807506236, 7.829410629958337253 ) ) ;
#1115 = CARTESIAN_POINT ( 'NONE',  ( 22.16883229075598649, 1.652007097915208611, 390.6165479053537979 ) ) ;
#1116 = CARTESIAN_POINT ( 'NONE',  ( -1.252213783097111843, -22.19512555923563468, 394.6700131306380399 ) ) ;
#1117 = CARTESIAN_POINT ( 'NONE',  ( 22.17798743872878120, 1.525953247893124365, 394.4870838567863984 ) ) ;
#1118 = CARTESIAN_POINT ( 'NONE',  ( -25.28346279976356925, -2.433561625799632200, 391.8414639011471650 ) ) ;
#1119 = CARTESIAN_POINT ( 'NONE',  ( 1.109153856176161801, 22.20282932393995168, 394.7464702356475641 ) ) ;
#1120 = CARTESIAN_POINT ( 'NONE',  ( -25.39999999999999858, 0.000000000000000000, 390.0000000000000000 ) ) ;
#1121 = VECTOR ( 'NONE', #644, 1000.000000000000000 ) ;
#1122 = EDGE_LOOP ( 'NONE', ( #1170, #253 ) ) ;
#1123 = CARTESIAN_POINT ( 'NONE',  ( -25.29916549728993758, -2.261917674292932112, 8.613957012143409031 ) ) ;
#1124 = CARTESIAN_POINT ( 'NONE',  ( 22.21572934517600828, 0.8107141405719644478, 9.876553028147478486 ) ) ;
#1125 = CARTESIAN_POINT ( 'NONE',  ( 22.11631067509201287, 2.246250511767099223, 391.3905719952408617 ) ) ;
#1126 = CARTESIAN_POINT ( 'NONE',  ( -1.255175212011395480, -22.19495761180988680, 390.3316970242750017 ) ) ;
#1127 = CARTESIAN_POINT ( 'NONE',  ( -25.30742191554880449, -2.168593937657862458, 391.2453443441533523 ) ) ;
#1128 = EDGE_CURVE ( 'NONE', #587, #1296, #1538, .T. ) ;
#1129 = CARTESIAN_POINT ( 'NONE',  ( -1.987446583779005627, 25.32228964681121397, 390.9746374261177948 ) ) ;
#1130 = ORIENTED_EDGE ( 'NONE', *, *, #408, .T. ) ;
#1131 = CYLINDRICAL_SURFACE ( 'NONE', #850, 2.500000000000001332 ) ;
#1132 = CARTESIAN_POINT ( 'NONE',  ( 22.08897688893712896, 2.500000000000233591, 392.5000000000000000 ) ) ;
#1133 = B_SPLINE_CURVE_WITH_KNOTS ( 'NONE', 3,
 ( #803, #1811, #1079, #358, #1821, #525, #1670, #1090, #1372, #379, #369, #1099, #1381, #82, #935, #91, #665, #1240, #623, #490, #654, #1479, #1798, #190, #761, #1216, #66, #1644, #790, #335 ),
 .UNSPECIFIED., .F., .F.,
 ( 4, 2, 2, 2, 2, 2, 2, 2, 2, 2, 2, 2, 2, 2, 4 ),
 ( 0.007838732815649744959, 0.008816071745445071967, 0.009304741210342736338, 0.009793410675240400709, 0.01028208014013806508, 0.01077074960503572945, 0.01125941906993339382, 0.01174808853483105819, 0.01223675799972872257, 0.01272542746462638694, 0.01321409692952405131, 0.01370276639442171568, 0.01419143585931938005, 0.01468010532421704442, 0.01565744425401237316 ),
 .UNSPECIFIED. ) ;
#1134 = CARTESIAN_POINT ( 'NONE',  ( -25.39839031701450622, 0.3273441761036980369, 9.981400492783347289 ) ) ;
#1135 = CARTESIAN_POINT ( 'NONE',  ( 25.27666908435525528, -2.499999999999737099, 392.3367474130801611 ) ) ;
#1136 = CARTESIAN_POINT ( 'NONE',  ( -0.01777034590337883690, 22.22999289731794548, 4.999999999999998224 ) ) ;
#1137 = ORIENTED_EDGE ( 'NONE', *, *, #1812, .F. ) ;
#1138 = ORIENTED_EDGE ( 'NONE', *, *, #1254, .F. ) ;
#1139 = CARTESIAN_POINT ( 'NONE',  ( -22.11777411645759983, 2.231776962527645569, 6.397351036096248222 ) ) ;
#1140 = CARTESIAN_POINT ( 'NONE',  ( -25.36937675633816269, 1.254231230499917471, 394.6687349747751909 ) ) ;
#1141 = CARTESIAN_POINT ( 'NONE',  ( 25.39838878393157984, -0.3277466860220095146, 390.0162217641491225 ) ) ;
#1142 = CARTESIAN_POINT ( 'NONE',  ( 1.865562633838426132, 22.15188324959125055, 9.152154037762064931 ) ) ;
#1143 = ORIENTED_EDGE ( 'NONE', *, *, #135, .T. ) ;
#1144 = EDGE_LOOP ( 'NONE', ( #1748, #1163, #296, #776, #1463, #1305 ) ) ;
#1145 = CARTESIAN_POINT ( 'NONE',  ( -22.22123812727490844, 0.6440245611674358939, 5.083727530877217404 ) ) ;
#1146 = AXIS2_PLACEMENT_3D ( 'NONE', #374, #697, #108 ) ;
#1147 = EDGE_CURVE ( 'NONE', #287, #1793, #274, .T. ) ;
#1148 = VECTOR ( 'NONE', #1207, 1000.000000000000000 ) ;
#1149 = CARTESIAN_POINT ( 'NONE',  ( -22.08897688893714673, -2.500000000000079492, 392.5000000000000000 ) ) ;
#1150 = CARTESIAN_POINT ( 'NONE',  ( 1.986762075820742490, 22.14123076671155133, 394.0263673322695013 ) ) ;
#1151 = CARTESIAN_POINT ( 'NONE',  ( 25.38765052527921995, 0.8061468459761343963, 394.8720561730089003 ) ) ;
#1152 = CARTESIAN_POINT ( 'NONE',  ( 22.17808134916550955, -1.524508823399098434, 390.5118973912735214 ) ) ;
#1153 = CARTESIAN_POINT ( 'NONE',  ( 1.090510229456551627, 22.20375293283845863, 5.253099100441398939 ) ) ;
#1154 = VERTEX_POINT ( 'NONE', #1283 ) ;
#1155 = EDGE_LOOP ( 'NONE', ( #556, #1102, #1070, #106, #1673, #711 ) ) ;
#1156 = CARTESIAN_POINT ( 'NONE',  ( 22.21592132542062714, -0.8054172638867901357, 394.8723722687285544 ) ) ;
#1157 = FACE_OUTER_BOUND ( 'NONE', #305, .T. ) ;
#1158 = EDGE_CURVE ( 'NONE', #391, #1475, #871, .T. ) ;
#1159 = CARTESIAN_POINT ( 'NONE',  ( 1.524385457287371848, -22.17808994153118718, 390.5118015947691106 ) ) ;
#1160 = CARTESIAN_POINT ( 'NONE',  ( 25.39999999999999858, 3.110602869834267793E-15, 390.0000000000000000 ) ) ;
#1161 = CARTESIAN_POINT ( 'NONE',  ( 22.20282166229104703, -1.109311463088273886, 390.2536048637293220 ) ) ;
#1162 = CARTESIAN_POINT ( 'NONE',  ( 0.6298017613157693706, 22.22165198272759312, 9.920168819336213417 ) ) ;
#1163 = ORIENTED_EDGE ( 'NONE', *, *, #602, .T. ) ;
#1164 = FACE_OUTER_BOUND ( 'NONE', #1693, .T. ) ;
#1165 = CARTESIAN_POINT ( 'NONE',  ( -25.27842036093877098, 2.482229654096533178, 7.662430837943911222 ) ) ;
#1166 = CYLINDRICAL_SURFACE ( 'NONE', #907, 2.500000000000000444 ) ;
#1167 = CARTESIAN_POINT ( 'NONE',  ( 25.30731799923475833, -2.169807391203559810, 391.2474105234596209 ) ) ;
#1168 = CARTESIAN_POINT ( 'NONE',  ( 25.39999999999999858, 0.1650817034453374854, 389.9999999999999432 ) ) ;
#1169 = CARTESIAN_POINT ( 'NONE',  ( 22.16966562302285837, -1.640816558791239332, 9.377770980433703940 ) ) ;
#1170 = ORIENTED_EDGE ( 'NONE', *, *, #666, .F. ) ;
#1171 = CARTESIAN_POINT ( 'NONE',  ( 25.38781890000287333, -0.8008191340517064605, 9.867813319929666704 ) ) ;
#1172 = CARTESIAN_POINT ( 'NONE',  ( 25.39999999999999858, 3.110602869834276865E-15, 400.0000000000000000 ) ) ;
#1173 = VECTOR ( 'NONE', #216, 1000.000000000000000 ) ;
#1174 = B_SPLINE_CURVE_WITH_KNOTS ( 'NONE', 3,
 ( #1830, #1267, #1687, #386, #693, #118, #1116, #265, #962, #89, #1666, #365, #945, #1521, #821, #1541, #1397, #838, #663, #230, #1678, #110, #1258, #395, #1696, #972, #1551, #1126, #522, #257, #830, #405 ),
 .UNSPECIFIED., .F., .F.,
 ( 4, 2, 2, 2, 2, 2, 2, 2, 2, 2, 2, 2, 2, 2, 2, 4 ),
 ( 0.007822323890848605771, 0.008311103338636547863, 0.008799882786424488221, 0.009288662234212430313, 0.009777441682000372405, 0.01026622112978831450, 0.01075500057757625486, 0.01124378002536419695, 0.01173255947315213904, 0.01222133892094007940, 0.01271011836872802149, 0.01319889781651596358, 0.01368767726430390394, 0.01417645671209184603, 0.01466523615987978812, 0.01564279505545566884 ),
 .UNSPECIFIED. ) ;
#1175 = AXIS2_PLACEMENT_3D ( 'NONE', #1667, #45, #1656 ) ;
#1176 = CARTESIAN_POINT ( 'NONE',  ( 2.169516523561064503, -22.12407108704654846, 391.2469162705809822 ) ) ;
#1177 = CARTESIAN_POINT ( 'NONE',  ( 25.28445893226599850, 2.420156488424929808, 393.1476220836038351 ) ) ;
#1178 = AXIS2_PLACEMENT_3D ( 'NONE', #936, #676, #350 ) ;
#1179 = CARTESIAN_POINT ( 'NONE',  ( -2.402899625312928222, -22.09977349217559706, 6.854313810860174883 ) ) ;
#1180 = CARTESIAN_POINT ( 'NONE',  ( -0.6481654546358377456, 22.22113470261725965, 390.0798882183653404 ) ) ;
#1181 = ADVANCED_FACE ( 'NONE', ( #1157 ), #590, .F. ) ;
#1182 = VERTEX_POINT ( 'NONE', #1149 ) ;
#1183 = CARTESIAN_POINT ( 'NONE',  ( 2.265024262810356515, -25.29888597957751983, 8.607585533298408365 ) ) ;
#1184 = ORIENTED_EDGE ( 'NONE', *, *, #375, .T. ) ;
#1185 = CYLINDRICAL_SURFACE ( 'NONE', #100, 2.500000000000002220 ) ;
#1186 = CARTESIAN_POINT ( 'NONE',  ( 0.1632117686316671978, 25.40000000000000568, 390.0000000000000568 ) ) ;
#1187 = CARTESIAN_POINT ( 'NONE',  ( -22.22815987831021545, 0.3274137337631914391, 9.981391639922652104 ) ) ;
#1188 = CARTESIAN_POINT ( 'NONE',  ( -25.39224898397764818, 0.6475046298104394360, 390.0798119970839366 ) ) ;
#1189 = CARTESIAN_POINT ( 'NONE',  ( 25.27490519240948785, 2.517770345903644902, 7.500000000000000000 ) ) ;
#1190 = CARTESIAN_POINT ( 'NONE',  ( -0.6412061795309541568, -22.22278766383293913, 5.066537401431610910 ) ) ;
#1191 = CARTESIAN_POINT ( 'NONE',  ( -0.3305647260796903408, 22.22999999999999332, 394.9999999999998863 ) ) ;
#1192 = ORIENTED_EDGE ( 'NONE', *, *, #825, .T. ) ;
#1193 = EDGE_CURVE ( 'NONE', #1615, #1201, #293, .T. ) ;
#1194 = DIRECTION ( 'NONE',  ( 0.000000000000000000, 0.000000000000000000, 1.000000000000000000 ) ) ;
#1195 = CARTESIAN_POINT ( 'NONE',  ( 2.229730638374337381, 25.30202072542378033, 6.392951133096675065 ) ) ;
#1196 = DIRECTION ( 'NONE',  ( -0.000000000000000000, -1.000000000000000000, -0.000000000000000000 ) ) ;
#1197 = CARTESIAN_POINT ( 'NONE',  ( -2.170732315814430269, -25.30723571274323191, 391.2491672693070655 ) ) ;
#1198 = CARTESIAN_POINT ( 'NONE',  ( 22.22813875415359419, 0.3294947895383317227, 5.014121874992310879 ) ) ;
#1199 = DIRECTION ( 'NONE',  ( 0.000000000000000000, 0.000000000000000000, 1.000000000000000000 ) ) ;
#1200 = CARTESIAN_POINT ( 'NONE',  ( 22.22999999999999687, -0.1624896858844945002, 9.998781813814300534 ) ) ;
#1201 = VERTEX_POINT ( 'NONE', #1715 ) ;
#1202 = CARTESIAN_POINT ( 'NONE',  ( -22.09098087329586235, 2.482229654096545168, 7.500000000000000000 ) ) ;
#1203 = CARTESIAN_POINT ( 'NONE',  ( -25.36911891458748158, -1.259584871310267085, 5.324050774919575346 ) ) ;
#1204 = EDGE_CURVE ( 'NONE', #410, #1306, #1668, .T. ) ;
#1205 = CARTESIAN_POINT ( 'NONE',  ( -22.22118214580552831, 0.6460304727413697101, 9.915745225122007511 ) ) ;
#1206 = CARTESIAN_POINT ( 'NONE',  ( 25.40100000000008862, 8.868711748795475366E-14, 392.5000000000000000 ) ) ;
#1207 = DIRECTION ( 'NONE',  ( -0.000000000000000000, 1.000000000000000000, -0.000000000000000000 ) ) ;
#1208 = VECTOR ( 'NONE', #585, 1000.000000000000000 ) ;
#1209 = CARTESIAN_POINT ( 'NONE',  ( -2.437694574983945373, 25.28277425111789967, 8.148593699674544055 ) ) ;
#1210 = CARTESIAN_POINT ( 'NONE',  ( -1.109912696139425448, 22.20278426418273554, 394.7460166545662901 ) ) ;
#1211 = ORIENTED_EDGE ( 'NONE', *, *, #1519, .F. ) ;
#1212 = CARTESIAN_POINT ( 'NONE',  ( 25.27655257497556462, 2.501385533249459669, 7.829349283183385744 ) ) ;
#1213 = CARTESIAN_POINT ( 'NONE',  ( 1.092226394884303842, 25.37695146469959440, 5.254024718719660036 ) ) ;
#1214 = CARTESIAN_POINT ( 'NONE',  ( 2.419849959020722086, 25.28448865729625084, 393.1491572836346791 ) ) ;
#1215 = CARTESIAN_POINT ( 'NONE',  ( 1.525164986083714203, 22.17803323650461067, 390.5124440548975713 ) ) ;
#1216 = CARTESIAN_POINT ( 'NONE',  ( -1.237339222966969299, -25.37021295837051227, 5.331650823923559379 ) ) ;
#1217 = LINE ( 'NONE', #1055, #1148 ) ;
#1218 = EDGE_CURVE ( 'NONE', #1296, #1444, #72, .T. ) ;
#1219 = CARTESIAN_POINT ( 'NONE',  ( -1.902276243376803899, 25.32893610173401555, 9.151007336313419671 ) ) ;
#1220 = CARTESIAN_POINT ( 'NONE',  ( 25.40100000000008862, 8.868711748795475366E-14, 392.5000000000000000 ) ) ;
#1221 = CARTESIAN_POINT ( 'NONE',  ( -25.40100000000029112, 2.499999999999736211, 392.5000000000000000 ) ) ;
#1222 = CARTESIAN_POINT ( 'NONE',  ( 1.902276243376804121, -25.32893610173401555, 9.151007336313419671 ) ) ;
#1223 = VERTEX_POINT ( 'NONE', #51 ) ;
#1224 = DIRECTION ( 'NONE',  ( 0.000000000000000000, 0.000000000000000000, -1.000000000000000000 ) ) ;
#1225 = CARTESIAN_POINT ( 'NONE',  ( -22.11630101159824591, -2.246356415563783848, 393.6093895621744423 ) ) ;
#1226 = CARTESIAN_POINT ( 'NONE',  ( 1.988031524472448019, 22.14111309401511463, 390.9754531564856848 ) ) ;
#1227 = CARTESIAN_POINT ( 'NONE',  ( -22.12415967671747552, -2.168613759908554872, 391.2453711987431006 ) ) ;
#1228 = CARTESIAN_POINT ( 'NONE',  ( 22.08897688893712541, 2.500000000000234479, 392.6653601774274307 ) ) ;
#1229 = CARTESIAN_POINT ( 'NONE',  ( -0.3453096126459964110, 25.39815611965855879, 5.016194242692078475 ) ) ;
#1230 = CARTESIAN_POINT ( 'NONE',  ( -25.38778168038814798, 0.8019670673144191353, 5.132594252816471858 ) ) ;
#1231 = CARTESIAN_POINT ( 'NONE',  ( 25.30615147399143794, 2.183400706731486451, 6.240147637677085690 ) ) ;
#1232 = CARTESIAN_POINT ( 'NONE',  ( 25.39841139013054772, 0.3271473756413231238, 9.986277070894193031 ) ) ;
#1233 = EDGE_LOOP ( 'NONE', ( #147, #114 ) ) ;
#1234 = CARTESIAN_POINT ( 'NONE',  ( 0.01777034590337914222, 25.40099999999999980, 7.500000000000000000 ) ) ;
#1235 = DIRECTION ( 'NONE',  ( 1.000000000000000000, 1.047444401652940007E-14, -0.000000000000000000 ) ) ;
#1236 = CARTESIAN_POINT ( 'NONE',  ( 22.21590261432699975, 0.8059154422807204288, 390.1278031694643573 ) ) ;
#1237 = CARTESIAN_POINT ( 'NONE',  ( -22.21590261432699620, -0.8059154422806873441, 390.1278031694643573 ) ) ;
#1238 = CARTESIAN_POINT ( 'NONE',  ( -0.6650775950364919975, 25.39179483218379119, 5.079759033378286937 ) ) ;
#1239 = AXIS2_PLACEMENT_3D ( 'NONE', #1616, #1194, #1322 ) ;
#1240 = CARTESIAN_POINT ( 'NONE',  ( -2.402954720949433298, -25.28609933990118463, 6.854521736398361043 ) ) ;
#1241 = ORIENTED_EDGE ( 'NONE', *, *, #1594, .T. ) ;
#1242 = CARTESIAN_POINT ( 'NONE',  ( -22.11623333001008973, 2.247019350611708433, 393.6080340375536935 ) ) ;
#1243 = ORIENTED_EDGE ( 'NONE', *, *, #275, .F. ) ;
#1244 = VECTOR ( 'NONE', #1033, 1000.000000000000000 ) ;
#1245 = CARTESIAN_POINT ( 'NONE',  ( -25.32120309012881876, -2.001278518900441394, 9.030571851874364953 ) ) ;
#1246 = CARTESIAN_POINT ( 'NONE',  ( -22.17749471538887818, -1.533101153703299024, 5.504846076962855328 ) ) ;
#1247 = CARTESIAN_POINT ( 'NONE',  ( 3.061616809865627822E-16, -25.39999999999999858, 395.0000000000000000 ) ) ;
#1248 = B_SPLINE_CURVE_WITH_KNOTS ( 'NONE', 3,
 ( #698, #404, #1530, #809, #820, #1550, #256, #1405, #1257, #1839, #1275, #1854, #1714, #411, #1214, #942, #198, #930, #759, #488, #33, #911, #1367, #1497, #353, #343, #621, #1064, #63, #1767, #1356, #1787, #1186, #42 ),
 .UNSPECIFIED., .F., .F.,
 ( 4, 2, 2, 2, 2, 2, 2, 2, 2, 2, 2, 2, 2, 2, 2, 2, 4 ),
 ( 1.204663958177038889E-18, 0.0004888044539512037935, 0.0009776089079024065029, 0.001466413361853609321, 0.001955217815804811705, 0.002444022269756013655, 0.002932826723707215606, 0.003421631177658418423, 0.003910435631609619940, 0.004399240085560822758, 0.004888044539512024708, 0.005376848993463227526, 0.005865653447414429476, 0.006354457901365633161, 0.006843262355316835979, 0.007332066809268037930, 0.007820871263219241615 ),
 .UNSPECIFIED. ) ;
#1249 = CARTESIAN_POINT ( 'NONE',  ( -1.528147908295423241, -25.35435746747611674, 390.5146162390837503 ) ) ;
#1250 = CARTESIAN_POINT ( 'NONE',  ( 25.29062896006419692, -2.355405826241861345, 6.697296951930161946 ) ) ;
#1251 = CARTESIAN_POINT ( 'NONE',  ( 25.28180946497914405, 2.450734853554677350, 6.838539528320152883 ) ) ;
#1252 = CARTESIAN_POINT ( 'NONE',  ( -22.21592132542062714, 0.8054172638868355438, 394.8723722687285544 ) ) ;
#1253 = ORIENTED_EDGE ( 'NONE', *, *, #242, .T. ) ;
#1254 = EDGE_CURVE ( 'NONE', #977, #678, #1641, .T. ) ;
#1255 = DIRECTION ( 'NONE',  ( -1.000000000000000000, 0.000000000000000000, 0.000000000000000000 ) ) ;
#1256 = FACE_OUTER_BOUND ( 'NONE', #1765, .T. ) ;
#1257 = CARTESIAN_POINT ( 'NONE',  ( 1.652877865144506409, 25.34642652750949665, 394.3827006263283579 ) ) ;
#1258 = CARTESIAN_POINT ( 'NONE',  ( -2.170692652710652037, -22.12395245600323790, 391.2490951809459148 ) ) ;
#1259 = CARTESIAN_POINT ( 'NONE',  ( 22.23000000000000398, 0.1632442019044497983, 395.0000000000000568 ) ) ;
#1260 = CARTESIAN_POINT ( 'NONE',  ( -25.34648491297640049, -1.651981925120525885, 390.6165209757608068 ) ) ;
#1261 = CARTESIAN_POINT ( 'NONE',  ( -0.8237006586814786813, 22.21524457281031317, 5.127872992543216490 ) ) ;
#1262 = CARTESIAN_POINT ( 'NONE',  ( -22.22999999999999687, -3.395099563890190608E-23, 395.0000000000000000 ) ) ;
#1263 = EDGE_LOOP ( 'NONE', ( #843, #1060 ) ) ;
#1264 = CARTESIAN_POINT ( 'NONE',  ( -1.234442153713390722, -22.19612104388462726, 9.670014123797670891 ) ) ;
#1265 = CARTESIAN_POINT ( 'NONE',  ( 22.14940820987601455, 1.894784214581901383, 9.159402555224399833 ) ) ;
#1266 = CARTESIAN_POINT ( 'NONE',  ( 2.372640597576871624, -25.28902006529638058, 393.3046281631454235 ) ) ;
#1267 = CARTESIAN_POINT ( 'NONE',  ( -0.1631884861490838223, -22.22999999999999687, 395.0000000000001137 ) ) ;
#1268 = EDGE_CURVE ( 'NONE', #1288, #237, #898, .T. ) ;
#1269 = B_SPLINE_CURVE_WITH_KNOTS ( 'NONE', 3,
 ( #539, #1113, #1517, #1548, #392, #1123, #238, #1245, #807, #1385, #530, #1103, #1684, #969, #1704, #402 ),
 .UNSPECIFIED., .F., .F.,
 ( 4, 2, 2, 2, 2, 2, 2, 4 ),
 ( 0.000000000000000000, 0.0004911423809012928961, 0.0009822847618025857923, 0.001473427142703878688, 0.001964569523605171585, 0.002946854285407760413, 0.003437996666309055694, 0.003929139047210351843 ),
 .UNSPECIFIED. ) ;
#1270 = DIRECTION ( 'NONE',  ( 0.000000000000000000, 0.000000000000000000, 1.000000000000000000 ) ) ;
#1271 = B_SPLINE_CURVE_WITH_KNOTS ( 'NONE', 3,
 ( #832, #120, #137, #1162, #433, #1579, #709, #268, #1747, #1142, #1285, #285, #1419, #1562, #1434, #295, #1009, #866, #1863, #1304, #414, #567, #586, #717, #1442, #145, #1718, #859, #1153, #984, #578, #1000, #407, #1136 ),
 .UNSPECIFIED., .F., .F.,
 ( 4, 2, 2, 2, 2, 2, 2, 2, 2, 2, 2, 2, 2, 2, 2, 2, 4 ),
 ( 2.202285662861180882E-19, 0.0004888862143964736728, 0.0009777724287929471288, 0.001466658643189420585, 0.001955544857585894258, 0.002444431071982367931, 0.002933317286378841170, 0.003422203500775314843, 0.003911089715171787648, 0.004399975929568257851, 0.004888862143964729789, 0.005377748358361199993, 0.005866634572757671064, 0.006355520787154141267, 0.006844407001550613205, 0.007333293215947083409, 0.007822179430343554479 ),
 .UNSPECIFIED. ) ;
#1272 = CARTESIAN_POINT ( 'NONE',  ( 22.21603564003524056, -0.8020530618936323464, 5.132621531962720418 ) ) ;
#1273 = EDGE_LOOP ( 'NONE', ( #1211, #85, #1755, #1253, #719, #868 ) ) ;
#1274 = CARTESIAN_POINT ( 'NONE',  ( 22.22103863719536676, 0.6516701804899593942, 9.923935188273929953 ) ) ;
#1275 = CARTESIAN_POINT ( 'NONE',  ( 1.986790219210516018, 25.32234330918066334, 394.0263312064234924 ) ) ;
#1276 = CARTESIAN_POINT ( 'NONE',  ( -25.34649815823307506, -1.651785400781054181, 394.3836622817147486 ) ) ;
#1277 = ADVANCED_FACE ( 'NONE', ( #1609 ), #1185, .F. ) ;
#1278 = DIRECTION ( 'NONE',  ( -0.000000000000000000, -0.000000000000000000, -1.000000000000000000 ) ) ;
#1279 = DIRECTION ( 'NONE',  ( 1.000000000000000000, 0.000000000000000000, 0.000000000000000000 ) ) ;
#1280 = ORIENTED_EDGE ( 'NONE', *, *, #479, .F. ) ;
#1281 = ORIENTED_EDGE ( 'NONE', *, *, #1007, .F. ) ;
#1282 = CARTESIAN_POINT ( 'NONE',  ( 25.35511588995078824, -1.515319110925857915, 9.481387958223329804 ) ) ;
#1283 = CARTESIAN_POINT ( 'NONE',  ( 25.39999999999999858, 3.064717935851204788E-15, 5.000063157836488692 ) ) ;
#1284 = CARTESIAN_POINT ( 'NONE',  ( 25.30054595529418648, 2.246408490344922182, 393.6092848604739629 ) ) ;
#1285 = CARTESIAN_POINT ( 'NONE',  ( 1.969000974863893472, 22.14281728521969228, 9.026355496424450564 ) ) ;
#1286 = EDGE_CURVE ( 'NONE', #425, #1083, #1598, .T. ) ;
#1287 = B_SPLINE_CURVE_WITH_KNOTS ( 'NONE', 3,
 ( #1593, #1728, #6, #1427, #1738, #155, #21, #727, #15, #441, #1129, #842, #1570, #278, #702, #1858, #851, #561, #1019, #304, #876, #1451, #164, #736, #1312, #28, #1754, #1037, #885, #604, #1783, #1502 ),
 .UNSPECIFIED., .F., .F.,
 ( 4, 2, 2, 2, 2, 2, 2, 2, 2, 2, 2, 2, 2, 2, 2, 4 ),
 ( 0.007820871263219241615, 0.008309561210844492937, 0.008798251158469744260, 0.009286941106094997317, 0.009775631053720248639, 0.01026432100134549996, 0.01075301094897075302, 0.01124170089659600434, 0.01173039084422125566, 0.01221908079184650699, 0.01270777073947175831, 0.01319646068709701137, 0.01368515063472226269, 0.01417384058234751401, 0.01466253052997276707, 0.01563991042522326971 ),
 .UNSPECIFIED. ) ;
#1288 = VERTEX_POINT ( 'NONE', #315 ) ;
#1289 = EDGE_LOOP ( 'NONE', ( #928, #1192, #452, #1138 ) ) ;
#1290 = CARTESIAN_POINT ( 'NONE',  ( 25.40000000000000213, -0.1624556971408374628, 9.998782055417093417 ) ) ;
#1291 = CARTESIAN_POINT ( 'NONE',  ( -25.40000000000000213, -0.1632099372893498490, 395.0000000000000000 ) ) ;
#1292 = DIRECTION ( 'NONE',  ( 0.000000000000000000, 0.000000000000000000, 1.000000000000000000 ) ) ;
#1293 = CARTESIAN_POINT ( 'NONE',  ( 25.37630887179756556, 1.107077221387570143, 394.7474214671645996 ) ) ;
#1294 = CARTESIAN_POINT ( 'NONE',  ( 22.11620116995950625, -2.247326146518815460, 391.3927238765011225 ) ) ;
#1295 = DIRECTION ( 'NONE',  ( -1.000000000000000000, -3.491481338843133355E-15, -0.000000000000000000 ) ) ;
#1296 = VERTEX_POINT ( 'NONE', #889 ) ;
#1297 = ORIENTED_EDGE ( 'NONE', *, *, #1052, .T. ) ;
#1298 = ADVANCED_FACE ( 'NONE', ( #1464, #1050, #739 ), #332, .T. ) ;
#1299 = CARTESIAN_POINT ( 'NONE',  ( 22.22108661169173871, -0.6495575975900071963, 394.9196696616872373 ) ) ;
#1300 = VECTOR ( 'NONE', #1278, 1000.000000000000000 ) ;
#1301 = DIRECTION ( 'NONE',  ( -1.000000000000000000, -3.491481338843133355E-15, -0.000000000000000000 ) ) ;
#1302 = CARTESIAN_POINT ( 'NONE',  ( 1.670675375377100425, -22.16743337053187091, 5.617326438008261036 ) ) ;
#1303 = CARTESIAN_POINT ( 'NONE',  ( 22.22113920217477911, -0.6476468941947212121, 390.0798498638054070 ) ) ;
#1304 = CARTESIAN_POINT ( 'NONE',  ( 2.402101544915732578, 22.09986066137026128, 6.851186298521158236 ) ) ;
#1305 = ORIENTED_EDGE ( 'NONE', *, *, #262, .F. ) ;
#1306 = VERTEX_POINT ( 'NONE', #1172 ) ;
#1307 = CARTESIAN_POINT ( 'NONE',  ( 22.12414426784810217, -2.168731795998906531, 393.7542315803754605 ) ) ;
#1308 = CARTESIAN_POINT ( 'NONE',  ( -25.28002599783896187, 2.466028979691134548, 7.827419213203290482 ) ) ;
#1309 = CARTESIAN_POINT ( 'NONE',  ( 2.247089091666986782, 22.11622527290034057, 393.6077453375822870 ) ) ;
#1310 = CARTESIAN_POINT ( 'NONE',  ( 25.39224898397764818, -0.6475046298103974696, 390.0798119970838798 ) ) ;
#1311 = CARTESIAN_POINT ( 'NONE',  ( -1.636100528606184268, -22.17001155294294534, 5.618177215179528616 ) ) ;
#1312 = CARTESIAN_POINT ( 'NONE',  ( -1.884166392548799918, 25.33028316716469419, 394.1512060367878121 ) ) ;
#1313 = VERTEX_POINT ( 'NONE', #1757 ) ;
#1314 = CARTESIAN_POINT ( 'NONE',  ( 22.15028735627895529, -1.884505588805613696, 394.1510151817151382 ) ) ;
#1315 = CARTESIAN_POINT ( 'NONE',  ( 2.153075301812700904, 25.30874418544636129, 6.249351762324783621 ) ) ;
#1316 = CARTESIAN_POINT ( 'NONE',  ( 0.3278540843778874336, -22.22815736285206967, 390.0162370203637465 ) ) ;
#1317 = CARTESIAN_POINT ( 'NONE',  ( 0.3456291476992047751, -22.22788810271695681, 5.016237627869133853 ) ) ;
#1318 = EDGE_CURVE ( 'NONE', #1154, #878, #1777, .T. ) ;
#1319 = CARTESIAN_POINT ( 'NONE',  ( 25.39999999999999858, 3.110602869834267793E-15, 390.0000000000000000 ) ) ;
#1320 = CARTESIAN_POINT ( 'NONE',  ( -2.245817766799778514, 22.11635584405555832, 391.3895331464262313 ) ) ;
#1321 = ORIENTED_EDGE ( 'NONE', *, *, #80, .T. ) ;
#1322 = DIRECTION ( 'NONE',  ( 1.000000000000000000, 0.000000000000000000, 0.000000000000000000 ) ) ;
#1323 = PRODUCT_DEFINITION_CONTEXT ( 'detailed design', #1768, 'design' ) ;
#1324 = ORIENTED_EDGE ( 'NONE', *, *, #1455, .T. ) ;
#1325 = CARTESIAN_POINT ( 'NONE',  ( 1.864104175878084080, 25.33176829528856189, 9.153820680157256362 ) ) ;
#1326 = AXIS2_PLACEMENT_3D ( 'NONE', #599, #323, #899 ) ;
#1327 = CARTESIAN_POINT ( 'NONE',  ( 0.8064351308597886847, 22.21588428679789118, 394.8720272291938045 ) ) ;
#1328 = CARTESIAN_POINT ( 'NONE',  ( -2.420691887800403119, -25.28440749605849547, 391.8544037494784789 ) ) ;
#1329 = FACE_OUTER_BOUND ( 'NONE', #1572, .T. ) ;
#1330 = B_SPLINE_CURVE_WITH_KNOTS ( 'NONE', 3,
 ( #501, #1228, #1809, #201, #1350, #922, #1500, #210, #781, #126, #1117, #266, #684, #1108, #839, #1407, #1259, #1688 ),
 .UNSPECIFIED., .F., .F.,
 ( 4, 2, 2, 2, 2, 2, 2, 2, 4 ),
 ( 0.000000000000000000, 0.0004890089784782374310, 0.0009780179569564748619, 0.001467026935434712510, 0.001956035913912949724, 0.002445044892391186938, 0.002934053870869425019, 0.003423062849347661800, 0.003912071827825898580 ),
 .UNSPECIFIED. ) ;
#1331 = ADVANCED_FACE ( 'NONE', ( #187, #758, #1336 ), #176, .F. ) ;
#1332 = CARTESIAN_POINT ( 'NONE',  ( 25.30055367953232093, 2.246310718155839048, 391.3906933911161445 ) ) ;
#1333 = CARTESIAN_POINT ( 'NONE',  ( 22.09980296708060266, -2.402628942107830845, 8.146638845636889670 ) ) ;
#1334 = ORIENTED_EDGE ( 'NONE', *, *, #1147, .F. ) ;
#1335 = CARTESIAN_POINT ( 'NONE',  ( 1.542966143382021649, -25.35345417851881322, 9.487536696558137805 ) ) ;
#1336 = FACE_BOUND ( 'NONE', #1233, .T. ) ;
#1337 = CARTESIAN_POINT ( 'NONE',  ( -0.01777034590337914222, -25.40099999999999980, 7.500000000000000000 ) ) ;
#1338 = CARTESIAN_POINT ( 'NONE',  ( -22.22999999999999687, -5.588924662915351493E-17, 9.999936842163512196 ) ) ;
#1339 = CARTESIAN_POINT ( 'NONE',  ( 22.09098087329588012, -2.482229654096390181, 7.500000000000000000 ) ) ;
#1340 = CARTESIAN_POINT ( 'NONE',  ( 22.17749471538886041, 1.533101153703382957, 5.504846076962802037 ) ) ;
#1341 = CARTESIAN_POINT ( 'NONE',  ( -0.01777034590337914222, 25.39999378375527073, 10.00000000000000000 ) ) ;
#1342 = CARTESIAN_POINT ( 'NONE',  ( 22.22999999999999687, 2.775196261564005585E-15, 9.999936842163512196 ) ) ;
#1343 = ORIENTED_EDGE ( 'NONE', *, *, #570, .T. ) ;
#1344 = CARTESIAN_POINT ( 'NONE',  ( 0.1809237827670072130, -25.39987963833330653, 10.00000000000000000 ) ) ;
#1345 = ADVANCED_FACE ( 'NONE', ( #95, #1537, #671 ), #1836, .T. ) ;
#1346 = CARTESIAN_POINT ( 'NONE',  ( -25.27666908435524817, 2.499999999999913847, 392.5000000000000000 ) ) ;
#1347 = CARTESIAN_POINT ( 'NONE',  ( 22.08695842539864884, 2.517770345903611151, 7.500000000000000000 ) ) ;
#1348 = CARTESIAN_POINT ( 'NONE',  ( 1.524316148467306453, -25.35458481154348220, 390.5117476523233790 ) ) ;
#1349 = CARTESIAN_POINT ( 'NONE',  ( -2.245869490700230120, -25.30059388086111838, 393.6103562222468213 ) ) ;
#1350 = CARTESIAN_POINT ( 'NONE',  ( 22.10318204175996470, 2.371967792822291976, 393.3066170939304129 ) ) ;
#1351 = CARTESIAN_POINT ( 'NONE',  ( -22.22103863719536676, -0.6516701804899296402, 9.923935188273894425 ) ) ;
#1352 = CARTESIAN_POINT ( 'NONE',  ( -25.27842036093876743, 2.482229654096533622, 7.500000000000000000 ) ) ;
#1353 = ORIENTED_EDGE ( 'NONE', *, *, #656, .T. ) ;
#1354 = CARTESIAN_POINT ( 'NONE',  ( 2.005900791374509495, -25.32083337119612310, 9.024417683019301251 ) ) ;
#1355 = CARTESIAN_POINT ( 'NONE',  ( 1.636234936255107408, 25.34750578786638187, 5.618296143023979283 ) ) ;
#1356 = CARTESIAN_POINT ( 'NONE',  ( 0.6495564513643509175, 25.39219911179346667, 390.0803327972187162 ) ) ;
#1357 = CARTESIAN_POINT ( 'NONE',  ( 1.651338207618361142, 22.16888988010212458, 390.6157736894124923 ) ) ;
#1358 = CARTESIAN_POINT ( 'NONE',  ( -25.27825089184695884, 2.484163504453742455, 392.1744274464603564 ) ) ;
#1359 = CARTESIAN_POINT ( 'NONE',  ( 22.11472879887089249, 2.261786707930498519, 6.385953085889637393 ) ) ;
#1360 = VECTOR ( 'NONE', #699, 1000.000000000000000 ) ;
#1361 = LINE ( 'NONE', #947, #1510 ) ;
#1362 = CARTESIAN_POINT ( 'NONE',  ( 3.061616809865627822E-16, 25.39999999999999858, 390.0000000000000000 ) ) ;
#1363 = LINE ( 'NONE', #1221, #751 ) ;
#1364 = CARTESIAN_POINT ( 'NONE',  ( 25.27842036093878875, -2.482229654096357763, 7.662430837943904116 ) ) ;
#1365 = ORIENTED_EDGE ( 'NONE', *, *, #105, .F. ) ;
#1366 = CARTESIAN_POINT ( 'NONE',  ( -2.151189092944886472, -22.12585801278153141, 8.753902390966777247 ) ) ;
#1367 = CARTESIAN_POINT ( 'NONE',  ( 2.169041771107757643, 25.30738035902051308, 391.2462944453843079 ) ) ;
#1368 = CARTESIAN_POINT ( 'NONE',  ( -22.20318837637324449, 1.101817290103760394, 9.741240801883563449 ) ) ;
#1369 = CARTESIAN_POINT ( 'NONE',  ( -25.27666908435524817, 2.499999999999913847, 392.5000000000000000 ) ) ;
#1370 = CARTESIAN_POINT ( 'NONE',  ( -25.39999999999999858, 5.513308049033149200E-17, 5.000063157836486916 ) ) ;
#1371 = CARTESIAN_POINT ( 'NONE',  ( -22.13992918057309822, -2.001223413735489842, 9.030642188979777885 ) ) ;
#1372 = CARTESIAN_POINT ( 'NONE',  ( -1.969717566591676183, -25.32367466804751643, 9.025297998267451050 ) ) ;
#1373 = CARTESIAN_POINT ( 'NONE',  ( 25.39999999999999858, 3.064717935851204788E-15, 5.000063157836488692 ) ) ;
#1374 = CARTESIAN_POINT ( 'NONE',  ( 22.09276221702859289, -2.466531837054711573, 7.175841922003151296 ) ) ;
#1375 = EDGE_LOOP ( 'NONE', ( #1763, #1865 ) ) ;
#1376 = CARTESIAN_POINT ( 'NONE',  ( 0.000000000000000000, 0.000000000000000000, 400.0000000000000000 ) ) ;
#1377 = DIRECTION ( 'NONE',  ( -1.110223024625155909E-14, 1.000000000000000000, 0.000000000000000000 ) ) ;
#1378 = CARTESIAN_POINT ( 'NONE',  ( -22.09098087329586235, 2.482229654096545168, 7.500000000000000000 ) ) ;
#1379 = CARTESIAN_POINT ( 'NONE',  ( -1.989593478400403459, -25.32212029033062350, 390.9774432365917392 ) ) ;
#1380 = CARTESIAN_POINT ( 'NONE',  ( -22.21572934517602604, -0.8107141405719239247, 9.876553028147437630 ) ) ;
#1381 = CARTESIAN_POINT ( 'NONE',  ( -2.401982215102153262, -25.28619203328380394, 8.149101068644595713 ) ) ;
#1382 = CARTESIAN_POINT ( 'NONE',  ( -1.127683898607010127, 22.20188877927445859, 9.746016103205572989 ) ) ;
#1383 = CARTESIAN_POINT ( 'NONE',  ( -22.16889802637094675, 1.651227293965725540, 394.3843197361798047 ) ) ;
#1384 = ORIENTED_EDGE ( 'NONE', *, *, #135, .F. ) ;
#1385 = CARTESIAN_POINT ( 'NONE',  ( -25.35397052395582307, -1.546119302420435160, 9.505339732816247889 ) ) ;
#1386 = CARTESIAN_POINT ( 'NONE',  ( -22.09486441973514914, -2.450694210350591984, 6.838394899251511561 ) ) ;
#1387 = CARTESIAN_POINT ( 'NONE',  ( 22.08897688893712896, 2.500000000000233591, 392.1695896800999321 ) ) ;
#1388 = CARTESIAN_POINT ( 'NONE',  ( -1.653830339039422448, -25.34636410874801626, 390.6181366732922129 ) ) ;
#1389 = CARTESIAN_POINT ( 'NONE',  ( -22.21588103081698407, 0.8065306653971072715, 390.1280026736578748 ) ) ;
#1390 = PRESENTATION_LAYER_ASSIGNMENT (  '', '', ( #423 ) ) ;
#1391 = ADVANCED_FACE ( 'NONE', ( #1805 ), #107, .F. ) ;
#1392 = CARTESIAN_POINT ( 'NONE',  ( -2.263580969328875536, 22.11454488087222003, 6.389518581183944335 ) ) ;
#1393 = DIRECTION ( 'NONE',  ( -1.000000000000000000, -3.491481338843133355E-15, -0.000000000000000000 ) ) ;
#1394 = VERTEX_POINT ( 'NONE', #1816 ) ;
#1395 = CYLINDRICAL_SURFACE ( 'NONE', #1146, 2.500000000000002220 ) ;
#1396 = DIRECTION ( 'NONE',  ( -1.000000000000000000, -3.491481338843133355E-15, -0.000000000000000000 ) ) ;
#1397 = CARTESIAN_POINT ( 'NONE',  ( -2.499876568324554515, -22.08899085876039692, 392.6670954344600091 ) ) ;
#1398 =( NAMED_UNIT ( * ) PLANE_ANGLE_UNIT ( ) SI_UNIT ( $, .RADIAN. ) );
#1399 = CARTESIAN_POINT ( 'NONE',  ( 25.37650748890185426, -1.102486958570124242, 5.259106658004465196 ) ) ;
#1400 = CARTESIAN_POINT ( 'NONE',  ( -1.671628315604220427, 22.16736111518209640, 9.381833699232233315 ) ) ;
#1401 = CARTESIAN_POINT ( 'NONE',  ( -22.22999999999999687, 0.000000000000000000, 400.0000000000000000 ) ) ;
#1402 = VERTEX_POINT ( 'NONE', #246 ) ;
#1403 = CARTESIAN_POINT ( 'NONE',  ( -0.3076919728186156555, -22.22845632009188677, 9.984176608621208260 ) ) ;
#1404 = CARTESIAN_POINT ( 'NONE',  ( -22.19510689975971474, -1.252553334355780423, 394.6698261942493673 ) ) ;
#1405 = CARTESIAN_POINT ( 'NONE',  ( 1.524316148467306453, 25.35458481154348220, 394.4882523476765641 ) ) ;
#1406 = CARTESIAN_POINT ( 'NONE',  ( -22.15046023871021319, -1.882382479876234305, 390.8467742308311017 ) ) ;
#1407 = CARTESIAN_POINT ( 'NONE',  ( 22.22820194906537239, 0.3255983810730461170, 394.9841653732824511 ) ) ;
#1408 = B_SPLINE_CURVE_WITH_KNOTS ( 'NONE', 3,
 ( #1338, #1643, #1187, #1205, #1788, #1368, #1520, #1654, #1478, #1053, #354, #1507, #912, #771, #1633, #229, #76, #1378 ),
 .UNSPECIFIED., .F., .F.,
 ( 4, 2, 2, 2, 2, 2, 2, 2, 4 ),
 ( 0.003929888540435768490, 0.004416442752998231067, 0.004902996965560694510, 0.005389551178123157087, 0.005876105390685619663, 0.006362659603248082239, 0.006849213815810545683, 0.007335768028373008259, 0.007822322240935470836 ),
 .UNSPECIFIED. ) ;
#1409 = CARTESIAN_POINT ( 'NONE',  ( -22.08897688893716804, 2.499999999999924949, 392.5000000000000000 ) ) ;
#1410 = CARTESIAN_POINT ( 'NONE',  ( -22.22999999999999687, 0.000000000000000000, 0.000000000000000000 ) ) ;
#1411 = VERTEX_POINT ( 'NONE', #818 ) ;
#1412 = CARTESIAN_POINT ( 'NONE',  ( 25.28346279976356925, 2.433561625799800066, 391.8414639011472786 ) ) ;
#1413 = CARTESIAN_POINT ( 'NONE',  ( -25.39999999999999858, 0.000000000000000000, 0.000000000000000000 ) ) ;
#1414 = EDGE_CURVE ( 'NONE', #1844, #906, #679, .T. ) ;
#1415 = CARTESIAN_POINT ( 'NONE',  ( 1.652877865144506409, -25.34642652750949665, 390.6172993736716990 ) ) ;
#1416 = CARTESIAN_POINT ( 'NONE',  ( -22.09675599801260404, -2.433522409904243400, 391.8413224476864798 ) ) ;
#1417 = APPLICATION_PROTOCOL_DEFINITION ( 'draft international standard', 'automotive_design', 1998, #1470 ) ;
#1418 = CARTESIAN_POINT ( 'NONE',  ( -22.22999999999999687, 2.302427296192277585E-16, 390.0000000000000000 ) ) ;
#1419 = CARTESIAN_POINT ( 'NONE',  ( 2.229325896620332870, 22.11802285339460994, 8.607730720374412670 ) ) ;
#1420 = VECTOR ( 'NONE', #1032, 1000.000000000000000 ) ;
#1421 = EDGE_LOOP ( 'NONE', ( #1143, #886 ) ) ;
#1422 = ORIENTED_EDGE ( 'NONE', *, *, #1636, .T. ) ;
#1423 = B_SPLINE_CURVE_WITH_KNOTS ( 'NONE', 3,
 ( #1480, #750, #36, #614, #470, #346, #1790, #491, #366, #762, #1771, #1781, #1045, #336, #1799, #946, #1489, #791 ),
 .UNSPECIFIED., .F., .F.,
 ( 4, 2, 2, 2, 2, 2, 2, 2, 4 ),
 ( 0.003911339821328421729, 0.004400031067529260390, 0.004888722313730099051, 0.005377413559930936844, 0.005866104806131776372, 0.006354796052332615033, 0.006843487298533451960, 0.007332178544734290621, 0.007820869790935129282 ),
 .UNSPECIFIED. ) ;
#1424 = CARTESIAN_POINT ( 'NONE',  ( -22.22999999999999687, 4.724404275217281513E-17, 5.000063157836486916 ) ) ;
#1425 = CARTESIAN_POINT ( 'NONE',  ( -25.35511588995079890, 1.515319110925954726, 9.481387958223395529 ) ) ;
#1426 = CARTESIAN_POINT ( 'NONE',  ( 25.35514493753716181, -1.514886888446001167, 5.518222376099579662 ) ) ;
#1427 = CARTESIAN_POINT ( 'NONE',  ( -0.6479939950610403843, 25.39224542159844944, 390.0798465332206320 ) ) ;
#1428 = ORIENTED_EDGE ( 'NONE', *, *, #1827, .T. ) ;
#1429 = CARTESIAN_POINT ( 'NONE',  ( 25.36974292808441689, -1.246690644740359843, 9.662729739651668481 ) ) ;
#1430 = CARTESIAN_POINT ( 'NONE',  ( -25.30048929200630425, 2.247043620072515679, 393.6079894728540012 ) ) ;
#1431 = CARTESIAN_POINT ( 'NONE',  ( 1.254502061394640489, -22.19498842198922262, 394.6685782087914163 ) ) ;
#1432 = CARTESIAN_POINT ( 'NONE',  ( 2.390373395380181343, -22.10119877784235598, 8.304743972729738744 ) ) ;
#1433 = EDGE_CURVE ( 'NONE', #60, #1615, #1269, .T. ) ;
#1434 = CARTESIAN_POINT ( 'NONE',  ( 2.402063929712580315, 22.09986498755189643, 8.149216771240780588 ) ) ;
#1435 = VERTEX_POINT ( 'NONE', #254 ) ;
#1436 = VERTEX_POINT ( 'NONE', #798 ) ;
#1437 = CARTESIAN_POINT ( 'NONE',  ( 22.23000000000000043, -0.1631681611832822010, 394.9999999999998863 ) ) ;
#1438 = CARTESIAN_POINT ( 'NONE',  ( 25.40100000000008862, -0.01777034590329045621, 7.500000000000000000 ) ) ;
#1439 = CARTESIAN_POINT ( 'NONE',  ( 1.126925038438251869, -22.20193445178600911, 5.253530281874421171 ) ) ;
#1440 = B_SPLINE_CURVE_WITH_KNOTS ( 'NONE', 3,
 ( #849, #822, #102, #1690, #1250, #111, #1533, #675, #1426, #1832, #1399, #956, #535, #258, #1849, #136 ),
 .UNSPECIFIED., .F., .F.,
 ( 4, 2, 2, 2, 2, 2, 2, 4 ),
 ( 0.007820870472451519478, 0.008307597921149486447, 0.008794325369847453416, 0.009767780267243390824, 0.01025450771594135779, 0.01074123516463932476, 0.01122796261333729173, 0.01171469006203525870 ),
 .UNSPECIFIED. ) ;
#1441 = CARTESIAN_POINT ( 'NONE',  ( -22.10139630069250316, -2.388564248736109175, 8.310204928950364334 ) ) ;
#1442 = CARTESIAN_POINT ( 'NONE',  ( 1.866899029603852789, 22.15177832576782890, 5.849167205067188569 ) ) ;
#1443 = ORIENTED_EDGE ( 'NONE', *, *, #1745, .T. ) ;
#1444 = VERTEX_POINT ( 'NONE', #1505 ) ;
#1445 = CARTESIAN_POINT ( 'NONE',  ( -22.09098087329586946, 2.482229654096545168, 7.337470207463426597 ) ) ;
#1446 = AXIS2_PLACEMENT_3D ( 'NONE', #445, #1734, #1575 ) ;
#1447 = CARTESIAN_POINT ( 'NONE',  ( -25.32329796696589597, 1.974508081126585823, 9.018911004321727987 ) ) ;
#1448 = CARTESIAN_POINT ( 'NONE',  ( 1.988031524472448019, -22.14111309401511463, 394.0245468435142584 ) ) ;
#1449 = CARTESIAN_POINT ( 'NONE',  ( 2.389550998091999112, -22.10128676243424906, 6.693051479404088511 ) ) ;
#1450 = CARTESIAN_POINT ( 'NONE',  ( -1.866356279079655289, -22.15181598508052119, 5.848754190300382128 ) ) ;
#1451 = CARTESIAN_POINT ( 'NONE',  ( -2.247421886745165853, 25.30045560640613189, 393.6072294845716328 ) ) ;
#1452 = ORIENTED_EDGE ( 'NONE', *, *, #666, .T. ) ;
#1453 = ORIENTED_EDGE ( 'NONE', *, *, #127, .T. ) ;
#1454 = LINE ( 'NONE', #298, #184 ) ;
#1455 = EDGE_CURVE ( 'NONE', #148, #977, #1013, .T. ) ;
#1456 = CARTESIAN_POINT ( 'NONE',  ( -25.35454583281894259, 1.524919209688189392, 394.4877446451437777 ) ) ;
#1457 = CARTESIAN_POINT ( 'NONE',  ( 0.6475773482106668144, -22.22114109640731883, 390.0798325641106885 ) ) ;
#1458 = CARTESIAN_POINT ( 'NONE',  ( 1.669101647223332208, -22.16755957511210440, 9.384232122380742780 ) ) ;
#1459 = CARTESIAN_POINT ( 'NONE',  ( 22.23000000000000043, -0.1653371022816724767, 390.0000000000001137 ) ) ;
#1460 = CARTESIAN_POINT ( 'NONE',  ( -1.252213783097111843, 22.19512555923563468, 390.3299868693620169 ) ) ;
#1461 = VERTEX_POINT ( 'NONE', #978 ) ;
#1462 = CARTESIAN_POINT ( 'NONE',  ( 1.125836632747913013, -25.37548846134316705, 9.746999312684740957 ) ) ;
#1463 = ORIENTED_EDGE ( 'NONE', *, *, #80, .F. ) ;
#1464 = FACE_BOUND ( 'NONE', #172, .T. ) ;
#1465 = EDGE_CURVE ( 'NONE', #1402, #1313, #473, .T. ) ;
#1466 = CARTESIAN_POINT ( 'NONE',  ( 1.109153856176161801, -22.20282932393995168, 390.2535297643522654 ) ) ;
#1467 = B_SPLINE_CURVE_WITH_KNOTS ( 'NONE', 3,
 ( #1373, #794, #1681, #1833, #1100, #83, #1842, #686, #380, #957, #659, #1231, #70, #1251, #1659, #1534 ),
 .UNSPECIFIED., .F., .F.,
 ( 4, 2, 2, 2, 2, 2, 2, 4 ),
 ( 0.01171469006203525870, 0.01220534267339127253, 0.01269599528474728636, 0.01318664789610330020, 0.01367730050745931403, 0.01416795311881532786, 0.01465860573017134169, 0.01563991095288336935 ),
 .UNSPECIFIED. ) ;
#1468 = CARTESIAN_POINT ( 'NONE',  ( -0.8058227016472985227, -25.38766063484968782, 394.8721633376103455 ) ) ;
#1469 = CARTESIAN_POINT ( 'NONE',  ( 1.542930153344280075, -22.17680442283860387, 9.487559735793530180 ) ) ;
#1470 = APPLICATION_CONTEXT ( 'automotive_design' ) ;
#1471 = CARTESIAN_POINT ( 'NONE',  ( -0.3127879754694471992, -22.23025714102414696, 4.999999999999999112 ) ) ;
#1472 = CARTESIAN_POINT ( 'NONE',  ( 22.14232291956086840, -1.974475513883645617, 9.018952235967647724 ) ) ;
#1473 = VERTEX_POINT ( 'NONE', #1556 ) ;
#1474 = CARTESIAN_POINT ( 'NONE',  ( 1.270181494507526931, -25.36858640337957027, 5.330164155972673790 ) ) ;
#1475 = VERTEX_POINT ( 'NONE', #170 ) ;
#1476 = CARTESIAN_POINT ( 'NONE',  ( 25.39999999999999858, 3.110602869834276865E-15, 400.0000000000000000 ) ) ;
#1477 = LINE ( 'NONE', #779, #1173 ) ;
#1478 = CARTESIAN_POINT ( 'NONE',  ( -22.16966562302285126, 1.640816558791331259, 9.377770980433762560 ) ) ;
#1479 = CARTESIAN_POINT ( 'NONE',  ( -1.971846136567108498, -25.32350860985393126, 5.977463270298632558 ) ) ;
#1480 = CARTESIAN_POINT ( 'NONE',  ( 25.39999999999999858, 3.110602907422651762E-15, 395.0000000000000000 ) ) ;
#1481 = CARTESIAN_POINT ( 'NONE',  ( -2.437655297784421471, 25.28277823361008458, 6.851013278962603259 ) ) ;
#1482 = CARTESIAN_POINT ( 'NONE',  ( -1.653864568098684984, 22.16869347968698989, 394.3818281136608448 ) ) ;
#1483 = ORIENTED_EDGE ( 'NONE', *, *, #1583, .T. ) ;
#1484 = CARTESIAN_POINT ( 'NONE',  ( 2.437694574983945373, -25.28277425111789967, 8.148593699674544055 ) ) ;
#1485 = CARTESIAN_POINT ( 'NONE',  ( -0.01777034590337914222, 25.39999378375527073, 10.00000000000000000 ) ) ;
#1486 = DIRECTION ( 'NONE',  ( 0.000000000000000000, 0.000000000000000000, 1.000000000000000000 ) ) ;
#1487 = CARTESIAN_POINT ( 'NONE',  ( 2.372606970928363257, 22.10311307763508282, 391.6952678109678345 ) ) ;
#1488 = CARTESIAN_POINT ( 'NONE',  ( -25.33032856090449769, 1.883560887196613409, 390.8480984626532404 ) ) ;
#1489 = CARTESIAN_POINT ( 'NONE',  ( 25.27666908435526949, -2.499999999999737099, 392.6631740088298557 ) ) ;
#1490 = B_SPLINE_CURVE_WITH_KNOTS ( 'NONE', 3,
 ( #403, #953, #263, #247, #1817, #383, #1529, #1246, #808, #1539, #1095, #239, #271, #1386, #960, #520 ),
 .UNSPECIFIED., .F., .F.,
 ( 4, 2, 2, 2, 2, 2, 2, 4 ),
 ( 0.01171678235865710772, 0.01220753385755041394, 0.01269828535644372015, 0.01318903685533702637, 0.01367978835423033258, 0.01417053985312363880, 0.01466129135201694501, 0.01564279434980355571 ),
 .UNSPECIFIED. ) ;
#1491 = CARTESIAN_POINT ( 'NONE',  ( -25.39999999999999858, 0.000000000000000000, 400.0000000000000000 ) ) ;
#1492 = CARTESIAN_POINT ( 'NONE',  ( -2.168951545723969421, 22.12412388757189063, 391.2460840922416310 ) ) ;
#1493 = ADVANCED_FACE ( 'NONE', ( #1761 ), #743, .F. ) ;
#1494 = ORIENTED_EDGE ( 'NONE', *, *, #1812, .T. ) ;
#1495 = CARTESIAN_POINT ( 'NONE',  ( 2.501803308410533333, -25.27651120638983784, 7.173492441739676373 ) ) ;
#1496 = CARTESIAN_POINT ( 'NONE',  ( 2.228057708297823680, 25.30216877998662994, 8.610459076320470473 ) ) ;
#1497 = CARTESIAN_POINT ( 'NONE',  ( 1.988070594209768505, 25.32223959592408491, 390.9755016776252887 ) ) ;
#1498 = CARTESIAN_POINT ( 'NONE',  ( 2.500059460634436181, 22.08897015926485352, 392.3377109587265750 ) ) ;
#1499 = CYLINDRICAL_SURFACE ( 'NONE', #723, 2.500000000000002220 ) ;
#1500 = CARTESIAN_POINT ( 'NONE',  ( 22.12406928000405060, 2.169509198505054304, 393.7529671055020799 ) ) ;
#1501 = CARTESIAN_POINT ( 'NONE',  ( -2.501536547330557525, 25.27653741271273091, 7.828043470285098948 ) ) ;
#1502 = CARTESIAN_POINT ( 'NONE',  ( -1.239718926791467374E-15, 25.39999999999999858, 395.0000000000000000 ) ) ;
#1503 = CARTESIAN_POINT ( 'NONE',  ( -1.272941176085787163, 22.19394581212949547, 9.668305444296285245 ) ) ;
#1504 = CARTESIAN_POINT ( 'NONE',  ( 25.32949360220403534, 1.894816722704182776, 9.159369275828769474 ) ) ;
#1505 = CARTESIAN_POINT ( 'NONE',  ( -25.27666908435524817, 2.499999999999913847, 392.5000000000000000 ) ) ;
#1506 = LINE ( 'NONE', #770, #367 ) ;
#1507 = CARTESIAN_POINT ( 'NONE',  ( -22.12559048434516029, 2.153894971462523067, 8.749051324141767338 ) ) ;
#1508 = CARTESIAN_POINT ( 'NONE',  ( -2.499872360301227392, -25.27668170861166175, 392.6670612361849635 ) ) ;
#1509 = CARTESIAN_POINT ( 'NONE',  ( 22.14939976954468293, 1.894878133575979895, 5.840712835001611758 ) ) ;
#1510 = VECTOR ( 'NONE', #222, 1000.000000000000000 ) ;
#1511 = LINE ( 'NONE', #1491, #448 ) ;
#1512 = CARTESIAN_POINT ( 'NONE',  ( -25.34710128586775468, 1.642432686934182096, 5.623817973636699996 ) ) ;
#1513 = AXIS2_PLACEMENT_3D ( 'NONE', #1337, #188, #1486 ) ;
#1514 = CARTESIAN_POINT ( 'NONE',  ( 25.40100000000008862, -0.01777034590329045621, 7.500000000000000000 ) ) ;
#1515 = CARTESIAN_POINT ( 'NONE',  ( 22.09098087329588012, -2.482229654096390181, 7.500000000000000000 ) ) ;
#1516 = VERTEX_POINT ( 'NONE', #440 ) ;
#1517 = CARTESIAN_POINT ( 'NONE',  ( -25.27655257497557173, -2.501385533249284254, 7.829349283183373309 ) ) ;
#1518 = CARTESIAN_POINT ( 'NONE',  ( -22.08897688893714673, -2.500000000000079492, 392.5000000000000000 ) ) ;
#1519 = EDGE_CURVE ( 'NONE', #1223, #1444, #594, .T. ) ;
#1520 = CARTESIAN_POINT ( 'NONE',  ( -22.19541695086362409, 1.246784272875642863, 9.662673418263409530 ) ) ;
#1521 = CARTESIAN_POINT ( 'NONE',  ( -2.371518886060377529, -22.10323033937851278, 393.3079184659473526 ) ) ;
#1522 = CARTESIAN_POINT ( 'NONE',  ( 22.14011918038843518, 1.999146695885866576, 5.966589234374102269 ) ) ;
#1523 = CARTESIAN_POINT ( 'NONE',  ( -2.202469543444536271, 25.30464015155455115, 6.241769742631866791 ) ) ;
#1524 = CARTESIAN_POINT ( 'NONE',  ( -25.32332707643946534, 1.985351527630048851, 5.969367717268552198 ) ) ;
#1525 = CARTESIAN_POINT ( 'NONE',  ( -2.007275170491001681, 22.13937728804195260, 9.022675318415913637 ) ) ;
#1526 = DIRECTION ( 'NONE',  ( 1.000000000000000000, 0.000000000000000000, -0.000000000000000000 ) ) ;
#1527 = ORIENTED_EDGE ( 'NONE', *, *, #1698, .T. ) ;
#1528 = CARTESIAN_POINT ( 'NONE',  ( -2.482351612241879835, -22.09096716960197071, 7.336620464924357599 ) ) ;
#1529 = CARTESIAN_POINT ( 'NONE',  ( -22.19470678109206929, -1.259627683060903891, 5.324073303664381029 ) ) ;
#1530 = CARTESIAN_POINT ( 'NONE',  ( 0.3277946219303644604, 25.39838792409010892, 394.9837693550081781 ) ) ;
#1531 = CARTESIAN_POINT ( 'NONE',  ( -1.255219019282153070, -25.36933392566352552, 390.3317265113990402 ) ) ;
#1532 = EDGE_CURVE ( 'NONE', #766, #94, #101, .T. ) ;
#1533 = CARTESIAN_POINT ( 'NONE',  ( 25.32332707643946534, -1.985351527629915180, 5.969367717268608153 ) ) ;
#1534 = CARTESIAN_POINT ( 'NONE',  ( 25.27490519240948785, 2.517770345903644902, 7.500000000000000000 ) ) ;
#1535 = CARTESIAN_POINT ( 'NONE',  ( -22.22999999999999687, -3.395099563890190608E-23, 395.0000000000000000 ) ) ;
#1536 = ORIENTED_EDGE ( 'NONE', *, *, #1838, .F. ) ;
#1537 = FACE_BOUND ( 'NONE', #1122, .T. ) ;
#1538 = B_SPLINE_CURVE_WITH_KNOTS ( 'NONE', 3,
 ( #981, #1559, #377, #801, #1819, #1097, #572, #428, #1724, #1276, #582, #1589, #706, #732, #150, #308, #1291, #1004 ),
 .UNSPECIFIED., .F., .F.,
 ( 4, 2, 2, 2, 2, 2, 2, 2, 4 ),
 ( 0.000000000000000000, 0.0004889174776660309236, 0.0009778349553320618472, 0.001466752432998092662, 0.001955669910664123694, 0.002444587388330154726, 0.002933504865996185325, 0.003422422343662216357, 0.003911339821328247389 ),
 .UNSPECIFIED. ) ;
#1539 = CARTESIAN_POINT ( 'NONE',  ( -22.14939976954469714, -1.894878133575870871, 5.840712835001663272 ) ) ;
#1540 = CARTESIAN_POINT ( 'NONE',  ( 1.883340846397678403, -25.33034484976096934, 390.8478516586724254 ) ) ;
#1541 = CARTESIAN_POINT ( 'NONE',  ( -2.483534966165831470, -22.09085746963572561, 392.8295498330220994 ) ) ;
#1542 = PRODUCT_CONTEXT ( 'NONE', #1470, 'mechanical' ) ;
#1543 = DIRECTION ( 'NONE',  ( 0.000000000000000000, 0.000000000000000000, 1.000000000000000000 ) ) ;
#1544 = CARTESIAN_POINT ( 'NONE',  ( -2.265139941222284570, 22.11438467780551775, 8.607328238831193801 ) ) ;
#1545 = EDGE_CURVE ( 'NONE', #1461, #8, #1701, .T. ) ;
#1546 = CARTESIAN_POINT ( 'NONE',  ( 0.000000000000000000, 0.000000000000000000, 0.000000000000000000 ) ) ;
#1547 = VERTEX_POINT ( 'NONE', #193 ) ;
#1548 = CARTESIAN_POINT ( 'NONE',  ( -25.28282181844198462, -2.437203429828368240, 8.150506649895174149 ) ) ;
#1549 = CARTESIAN_POINT ( 'NONE',  ( 22.12261178679491991, 2.184355054298093624, 8.758118549393620000 ) ) ;
#1550 = CARTESIAN_POINT ( 'NONE',  ( 1.109049164714746016, 25.37622813758147799, 394.7465222723662919 ) ) ;
#1551 = CARTESIAN_POINT ( 'NONE',  ( -1.528194484426146804, -22.17783194590163731, 390.5146475816231373 ) ) ;
#1552 = CARTESIAN_POINT ( 'NONE',  ( -22.15035989616064782, 1.883566165830401706, 390.8481052661882700 ) ) ;
#1553 = CARTESIAN_POINT ( 'NONE',  ( -22.10313582108895858, 2.372395317810008564, 393.3053420679648298 ) ) ;
#1554 = ADVANCED_FACE ( 'NONE', ( #1078, #56 ), #202, .T. ) ;
#1555 = ORIENTED_EDGE ( 'NONE', *, *, #619, .F. ) ;
#1556 = CARTESIAN_POINT ( 'NONE',  ( -0.01777034590337883690, 22.22999289731794548, 4.999999999999998224 ) ) ;
#1557 = CARTESIAN_POINT ( 'NONE',  ( -22.20292218421468888, -1.107170412175174201, 394.7473752643014109 ) ) ;
#1558 = CARTESIAN_POINT ( 'NONE',  ( 0.6495564513643509175, -25.39219911179346667, 394.9196672027814543 ) ) ;
#1559 = CARTESIAN_POINT ( 'NONE',  ( -25.27666908435523041, -2.500000000000090150, 392.6653268036553186 ) ) ;
#1560 = CARTESIAN_POINT ( 'NONE',  ( -22.22815701287071377, 0.3278867992997952507, 390.0162400622990617 ) ) ;
#1561 = B_SPLINE_CURVE_WITH_KNOTS ( 'NONE', 3,
 ( #1625, #1047, #212, #1180, #450, #1614, #1460, #1762, #484, #783, #754, #1492, #1320, #328, #595, #38, #616, #203, #924, #472, #171, #905, #626, #1029, #47, #1482, #1605, #461, #1210, #194, #1191, #1773 ),
 .UNSPECIFIED., .F., .F.,
 ( 4, 2, 2, 2, 2, 2, 2, 2, 2, 2, 2, 2, 2, 2, 2, 4 ),
 ( 0.007822323890848605771, 0.008311103338636547863, 0.008799882786424488221, 0.009288662234212430313, 0.009777441682000372405, 0.01026622112978831450, 0.01075500057757625486, 0.01124378002536419695, 0.01173255947315213904, 0.01222133892094007940, 0.01271011836872802149, 0.01319889781651596358, 0.01368767726430390394, 0.01417645671209184603, 0.01466523615987978812, 0.01564279505545566884 ),
 .UNSPECIFIED. ) ;
#1562 = CARTESIAN_POINT ( 'NONE',  ( 2.354019805709308244, 22.10509940377913551, 8.306920286483407523 ) ) ;
#1563 = EDGE_LOOP ( 'NONE', ( #579, #806, #1297, #443 ) ) ;
#1564 = ORIENTED_EDGE ( 'NONE', *, *, #1147, .T. ) ;
#1565 = CARTESIAN_POINT ( 'NONE',  ( -22.22820194906536884, -0.3255983810730310735, 394.9841653732824511 ) ) ;
#1566 = CARTESIAN_POINT ( 'NONE',  ( 1.884749238413567340, -25.33024686383670598, 394.1507477237228727 ) ) ;
#1567 = CARTESIAN_POINT ( 'NONE',  ( -25.30740325352696019, 2.168774223024787506, 393.7541602000711123 ) ) ;
#1568 = CARTESIAN_POINT ( 'NONE',  ( 25.28907547853507154, -2.372041235126096659, 391.6938021296653005 ) ) ;
#1569 = VECTOR ( 'NONE', #1396, 1000.000000000000000 ) ;
#1570 = CARTESIAN_POINT ( 'NONE',  ( -2.245869490700230120, 25.30059388086111838, 391.3896437777531219 ) ) ;
#1571 = PRODUCT_DEFINITION_FORMATION_WITH_SPECIFIED_SOURCE ( 'ANY', '', #398, .NOT_KNOWN. ) ;
#1572 = EDGE_LOOP ( 'NONE', ( #640, #1711, #1683, #869, #1527, #485, #1739, #939, #528, #186, #1130, #1048, #1815, #1595, #260, #608 ) ) ;
#1573 = ORIENTED_EDGE ( 'NONE', *, *, #1254, .T. ) ;
#1574 = CARTESIAN_POINT ( 'NONE',  ( 22.08897688893718225, -2.499999999999770850, 392.5000000000000000 ) ) ;
#1575 = DIRECTION ( 'NONE',  ( 1.000000000000000000, 0.000000000000000000, 0.000000000000000000 ) ) ;
#1576 = EDGE_CURVE ( 'NONE', #1852, #409, #1511, .T. ) ;
#1577 = CARTESIAN_POINT ( 'NONE',  ( 1.884659937816077768, -22.15027433940323220, 394.1508432948775749 ) ) ;
#1578 = CARTESIAN_POINT ( 'NONE',  ( 2.187277220549205481, -22.12232227935674800, 6.246899805669337447 ) ) ;
#1579 = CARTESIAN_POINT ( 'NONE',  ( 1.091382385842681213, 22.20370995117982460, 9.746470893013013281 ) ) ;
#1580 = CARTESIAN_POINT ( 'NONE',  ( -22.20314680718354339, 1.102633453176670386, 5.259177258704820446 ) ) ;
#1581 = B_SPLINE_CURVE_WITH_KNOTS ( 'NONE', 3,
 ( #1722, #1290, #738, #598, #1171, #705, #1429, #1282, #1860, #563, #712, #918, #496, #639, #185, #649, #1364, #330 ),
 .UNSPECIFIED., .F., .F.,
 ( 4, 2, 2, 2, 2, 2, 2, 2, 4 ),
 ( 0.003929139047210527050, 0.004415605475365650887, 0.004902071903520774723, 0.005388538331675899427, 0.005875004759831023264, 0.006361471187986147101, 0.006847937616141271805, 0.007334404044296395642, 0.007820870472451519478 ),
 .UNSPECIFIED. ) ;
#1582 = CARTESIAN_POINT ( 'NONE',  ( -25.39220170306701263, 0.6494624736853146230, 394.9196943631252452 ) ) ;
#1583 = EDGE_CURVE ( 'NONE', #1001, #8, #1361, .T. ) ;
#1584 = CARTESIAN_POINT ( 'NONE',  ( 25.39999999999999858, 3.110602907422651762E-15, 395.0000000000000000 ) ) ;
#1585 = CARTESIAN_POINT ( 'NONE',  ( 25.35463676353187168, 1.523443513843332875, 390.5110913861330459 ) ) ;
#1586 = CARTESIAN_POINT ( 'NONE',  ( 0.000000000000000000, 0.000000000000000000, 0.000000000000000000 ) ) ;
#1587 = ORIENTED_EDGE ( 'NONE', *, *, #1318, .F. ) ;
#1588 = DIRECTION ( 'NONE',  ( -1.110223024625155594E-14, 1.000000000000000000, 0.000000000000000000 ) ) ;
#1589 = CARTESIAN_POINT ( 'NONE',  ( -25.36946923995084546, -1.252507405720504563, 394.6698529987299935 ) ) ;
#1590 = CARTESIAN_POINT ( 'NONE',  ( -0.01777034590337883690, -25.40099999999999980, 4.999999999999999112 ) ) ;
#1591 = CARTESIAN_POINT ( 'NONE',  ( 25.36945355158230342, -1.252734440065672805, 390.3303559744550171 ) ) ;
#1592 = CARTESIAN_POINT ( 'NONE',  ( -2.152929738039490282, -22.12568803412868945, 6.249108118996148598 ) ) ;
#1593 = CARTESIAN_POINT ( 'NONE',  ( 3.061616809865627822E-16, 25.39999999999999858, 390.0000000000000000 ) ) ;
#1594 = EDGE_CURVE ( 'NONE', #237, #1288, #1599, .T. ) ;
#1595 = ORIENTED_EDGE ( 'NONE', *, *, #1080, .T. ) ;
#1596 = ORIENTED_EDGE ( 'NONE', *, *, #1800, .T. ) ;
#1597 = CARTESIAN_POINT ( 'NONE',  ( 22.08897688893718936, -2.499999999999770406, 392.6631891298210348 ) ) ;
#1598 = CIRCLE ( 'NONE', #752, 22.22999999999999687 ) ;
#1599 = B_SPLINE_CURVE_WITH_KNOTS ( 'NONE', 3,
 ( #1058, #231, #1229, #1238, #357, #1657, #657, #792, #915, #802, #1523, #493, #1481, #368, #68, #1089, #1501, #1209, #1669, #934, #211, #90, #1219, #81, #502, #347, #1791, #646, #763, #46, #664, #1341 ),
 .UNSPECIFIED., .F., .F.,
 ( 4, 2, 2, 2, 2, 2, 2, 2, 2, 2, 2, 2, 2, 2, 2, 4 ),
 ( 1.752797970983611863E-05, 0.0005063532819560804133, 0.0009951785842023247453, 0.001484003886448569077, 0.001972829188694813409, 0.002950479793187300772, 0.003439305095433545321, 0.003928130397679790303, 0.004416955699926034852, 0.004905781002172278533, 0.005394606304418523082, 0.005883431606664767631, 0.006372256908911012180, 0.006861082211157255861, 0.007349907513403501277, 0.007838732815649744959 ),
 .UNSPECIFIED. ) ;
#1600 = CARTESIAN_POINT ( 'NONE',  ( -25.38768246826219510, 0.8053077170186423439, 394.8724077905286549 ) ) ;
#1601 = CARTESIAN_POINT ( 'NONE',  ( 2.484054330458402404, -22.09079939612198018, 392.1735712188749972 ) ) ;
#1602 = CARTESIAN_POINT ( 'NONE',  ( 25.35457494143919277, -1.524482411234306278, 390.5118721990912150 ) ) ;
#1603 = B_SPLINE_CURVE_WITH_KNOTS ( 'NONE', 3,
 ( #1515, #225, #1374, #537, #815, #245, #695, #1092, #795, #235, #84, #371, #966, #1272, #1682, #687, #950, #104 ),
 .UNSPECIFIED., .F., .F.,
 ( 4, 2, 2, 2, 2, 2, 2, 2, 4 ),
 ( 0.007822322240935474305, 0.008309129755650660268, 0.008795937270365846231, 0.009282744785081033928, 0.009769552299796219891, 0.01025635981451140585, 0.01074316732922659182, 0.01122997484394177778, 0.01171678235865696374 ),
 .UNSPECIFIED. ) ;
#1604 = CARTESIAN_POINT ( 'NONE',  ( 22.08897688893718225, -2.499999999999770406, 392.3367351717138263 ) ) ;
#1605 = CARTESIAN_POINT ( 'NONE',  ( -1.528194484426146804, 22.17783194590163731, 394.4853524183770332 ) ) ;
#1606 = ORIENTED_EDGE ( 'NONE', *, *, #940, .F. ) ;
#1607 = EDGE_CURVE ( 'NONE', #1306, #410, #937, .T. ) ;
#1608 = CARTESIAN_POINT ( 'NONE',  ( 22.16889802637095386, -1.651227293965647158, 394.3843197361797479 ) ) ;
#1609 = FACE_OUTER_BOUND ( 'NONE', #1563, .T. ) ;
#1610 = CARTESIAN_POINT ( 'NONE',  ( 1.883324313028972297, -22.15038027814425803, 390.8478362796406600 ) ) ;
#1611 = CARTESIAN_POINT ( 'NONE',  ( -25.28907547853506088, 2.372041235126256087, 391.6938021296653574 ) ) ;
#1612 = CARTESIAN_POINT ( 'NONE',  ( 25.36946923995085257, 1.252507405720589606, 394.6698529987298798 ) ) ;
#1613 = CARTESIAN_POINT ( 'NONE',  ( 25.36949281400544365, 1.251926479725832042, 390.3299037570774317 ) ) ;
#1614 = CARTESIAN_POINT ( 'NONE',  ( -1.106798175137045703, 22.20294059061598446, 390.2524438842013410 ) ) ;
#1615 = VERTEX_POINT ( 'NONE', #1810 ) ;
#1616 = CARTESIAN_POINT ( 'NONE',  ( 0.000000000000000000, 0.000000000000000000, 0.000000000000000000 ) ) ;
#1617 = CARTESIAN_POINT ( 'NONE',  ( 1.507577575971890349, 25.35558930233861119, 9.487531186053704602 ) ) ;
#1618 = CARTESIAN_POINT ( 'NONE',  ( -25.34579603187071228, -1.662584147284761116, 5.610191940638137531 ) ) ;
#1619 = PRODUCT_RELATED_PRODUCT_CATEGORY ( 'part', '', ( #398 ) ) ;
#1620 = ADVANCED_FACE ( 'NONE', ( #1801 ), #1624, .F. ) ;
#1621 = CARTESIAN_POINT ( 'NONE',  ( 2.484054330458402404, 22.09079939612198018, 392.8264287811249460 ) ) ;
#1622 = CARTESIAN_POINT ( 'NONE',  ( -2.372741979496059361, -25.28901054860562070, 391.6956631506247959 ) ) ;
#1623 = CARTESIAN_POINT ( 'NONE',  ( 22.23000000000000398, 0.1657244812357011043, 4.998885135533451596 ) ) ;
#1624 = CYLINDRICAL_SURFACE ( 'NONE', #32, 2.500000000000002220 ) ;
#1625 = CARTESIAN_POINT ( 'NONE',  ( 3.061616744181124549E-16, 22.22999999999999687, 390.0000000000000000 ) ) ;
#1626 = ORIENTED_EDGE ( 'NONE', *, *, #1007, .T. ) ;
#1627 = CARTESIAN_POINT ( 'NONE',  ( 0.01777034590337914222, -25.39999378375527073, 4.999999999999998224 ) ) ;
#1628 = EDGE_LOOP ( 'NONE', ( #1729, #182, #1428, #269 ) ) ;
#1629 = CARTESIAN_POINT ( 'NONE',  ( 2.353814541225081491, 25.29077980664006020, 8.307742615171166634 ) ) ;
#1630 = VECTOR ( 'NONE', #196, 1000.000000000000000 ) ;
#1631 = CARTESIAN_POINT ( 'NONE',  ( -22.08897688893714673, -2.500000000000079492, 392.6653601774272602 ) ) ;
#1632 = VECTOR ( 'NONE', #941, 1000.000000000000000 ) ;
#1633 = CARTESIAN_POINT ( 'NONE',  ( -22.09980296708058489, 2.402628942107979171, 8.146638845636912762 ) ) ;
#1634 = CARTESIAN_POINT ( 'NONE',  ( -0.1631735349784707023, -25.39999999999999503, 394.9999999999998863 ) ) ;
#1635 = LINE ( 'NONE', #191, #1057 ) ;
#1636 = EDGE_CURVE ( 'NONE', #1547, #1154, #1440, .T. ) ;
#1637 = CARTESIAN_POINT ( 'NONE',  ( 0.000000000000000000, -25.40099999999999980, 392.5000000000000000 ) ) ;
#1638 = CARTESIAN_POINT ( 'NONE',  ( 22.21607735167511066, -0.8009260402033104853, 9.867778079572358862 ) ) ;
#1639 = EDGE_LOOP ( 'NONE', ( #204, #833 ) ) ;
#1640 = CARTESIAN_POINT ( 'NONE',  ( 25.28751876989784009, 2.388606473785223283, 8.310082410099447259 ) ) ;
#1641 = LINE ( 'NONE', #456, #872 ) ;
#1642 = LINE ( 'NONE', #498, #128 ) ;
#1643 = CARTESIAN_POINT ( 'NONE',  ( -22.22999999999999687, 0.1624896858845031877, 9.998781813814311192 ) ) ;
#1644 = CARTESIAN_POINT ( 'NONE',  ( -0.6412970816224833337, -25.39368493564307983, 5.066561888869840047 ) ) ;
#1645 = FACE_BOUND ( 'NONE', #1421, .T. ) ;
#1646 = CARTESIAN_POINT ( 'NONE',  ( -22.14940820987601100, -1.894784214581792581, 9.159402555224341214 ) ) ;
#1647 = CARTESIAN_POINT ( 'NONE',  ( -25.30743737594834286, 2.170025960715710855, 6.247507832191084631 ) ) ;
#1648 = CARTESIAN_POINT ( 'NONE',  ( -0.3432436039715026088, 22.22793582361013520, 5.015824687762260758 ) ) ;
#1649 = CARTESIAN_POINT ( 'NONE',  ( 25.30606236406530840, 2.184410508077389235, 8.758024353401651751 ) ) ;
#1650 = VERTEX_POINT ( 'NONE', #708 ) ;
#1651 = DIRECTION ( 'NONE',  ( -0.000000000000000000, -1.000000000000000000, -0.000000000000000000 ) ) ;
#1652 = B_SPLINE_CURVE_WITH_KNOTS ( 'NONE', 3,
 ( #1756, #1445, #159, #1003, #571, #1139, #307, #854, #730, #139, #281, #23, #1580, #721, #1145, #288, #16, #1424 ),
 .UNSPECIFIED., .F., .F.,
 ( 4, 2, 2, 2, 2, 2, 2, 2, 4 ),
 ( 0.007822322240935470836, 0.008309129755650675880, 0.008795937270365880925, 0.009282744785081085970, 0.009769552299796289280, 0.01025635981451149432, 0.01074316732922669937, 0.01122997484394190268, 0.01171678235865710772 ),
 .UNSPECIFIED. ) ;
#1653 = CARTESIAN_POINT ( 'NONE',  ( -25.27490519240950917, -2.517770345903467710, 7.500000000000000000 ) ) ;
#1654 = CARTESIAN_POINT ( 'NONE',  ( -22.17869820442746231, 1.515371440505869360, 9.481345744867443415 ) ) ;
#1655 = CARTESIAN_POINT ( 'NONE',  ( -1.252030121268578267, -25.36949269757244707, 394.6701247449300354 ) ) ;
#1656 = DIRECTION ( 'NONE',  ( 0.000000000000000000, 0.000000000000000000, 1.000000000000000000 ) ) ;
#1657 = CARTESIAN_POINT ( 'NONE',  ( -1.126608579791944509, 25.37545399377580679, 5.253382542637440089 ) ) ;
#1658 = FACE_OUTER_BOUND ( 'NONE', #1273, .T. ) ;
#1659 = CARTESIAN_POINT ( 'NONE',  ( 25.27490519240949141, 2.517770345903644014, 7.168172738808960887 ) ) ;
#1660 = CARTESIAN_POINT ( 'NONE',  ( -22.15028735627895173, 1.884505588805710730, 394.1510151817153087 ) ) ;
#1661 = EDGE_CURVE ( 'NONE', #826, #587, #990, .T. ) ;
#1662 = ORIENTED_EDGE ( 'NONE', *, *, #1732, .T. ) ;
#1663 = DIRECTION ( 'NONE',  ( -0.000000000000000000, -0.000000000000000000, -1.000000000000000000 ) ) ;
#1664 = CARTESIAN_POINT ( 'NONE',  ( -22.15045958430964035, -1.882396975137542006, 394.1532237654975006 ) ) ;
#1665 = AXIS2_PLACEMENT_3D ( 'NONE', #123, #828, #1377 ) ;
#1666 = CARTESIAN_POINT ( 'NONE',  ( -1.987446880914168323, -22.14116671487462185, 394.0253559607424449 ) ) ;
#1667 = CARTESIAN_POINT ( 'NONE',  ( 0.000000000000000000, -25.40099999999999980, 392.5000000000000000 ) ) ;
#1668 = CIRCLE ( 'NONE', #1446, 25.39999999999999858 ) ;
#1669 = CARTESIAN_POINT ( 'NONE',  ( -2.390457978869896749, 25.28734223618689114, 8.304518040191403827 ) ) ;
#1670 = CARTESIAN_POINT ( 'NONE',  ( -1.633401142402625128, -25.34768963934801889, 9.384199372160855646 ) ) ;
#1671 = CARTESIAN_POINT ( 'NONE',  ( -2.437516778807918616, 22.09598248279611710, 6.850864422324164593 ) ) ;
#1672 = CARTESIAN_POINT ( 'NONE',  ( -22.22814499235346730, 0.3289156059001574484, 394.9836547401907296 ) ) ;
#1673 = ORIENTED_EDGE ( 'NONE', *, *, #1433, .T. ) ;
#1674 = EDGE_CURVE ( 'NONE', #696, #617, #130, .T. ) ;
#1675 = CARTESIAN_POINT ( 'NONE',  ( -0.6303876787071365229, -22.22164611586873662, 9.920113699573150257 ) ) ;
#1676 = LINE ( 'NONE', #836, #1727 ) ;
#1677 = CARTESIAN_POINT ( 'NONE',  ( 22.09675599801258628, 2.433522409904386397, 391.8413224476863093 ) ) ;
#1678 = CARTESIAN_POINT ( 'NONE',  ( -2.372675349957050539, -22.10310565292097351, 391.6954769224291226 ) ) ;
#1679 = CARTESIAN_POINT ( 'NONE',  ( -22.09790401751672917, 2.420036916762186241, 391.8515351932748558 ) ) ;
#1680 = CYLINDRICAL_SURFACE ( 'NONE', #637, 2.500000000000002220 ) ;
#1681 = CARTESIAN_POINT ( 'NONE',  ( 25.39837061938650820, 0.3295079372241663251, 5.014125782372063966 ) ) ;
#1682 = CARTESIAN_POINT ( 'NONE',  ( 22.22123812727490844, -0.6440245611674029202, 5.083727530877252931 ) ) ;
#1683 = ORIENTED_EDGE ( 'NONE', *, *, #553, .T. ) ;
#1684 = CARTESIAN_POINT ( 'NONE',  ( -25.39215919957868905, -0.6515962944599144047, 9.923953895337131570 ) ) ;
#1685 = CARTESIAN_POINT ( 'NONE',  ( -25.39999999999999858, 0.000000000000000000, 400.0000000000000000 ) ) ;
#1686 = CARTESIAN_POINT ( 'NONE',  ( 2.247136495431941050, -25.30048016667500477, 391.3923501119159596 ) ) ;
#1687 = CARTESIAN_POINT ( 'NONE',  ( -0.3254678401338991778, -22.22820318004771067, 394.9841759553681300 ) ) ;
#1688 = CARTESIAN_POINT ( 'NONE',  ( 22.22999999999999687, 2.722389868455606450E-15, 395.0000000000000000 ) ) ;
#1689 = EDGE_CURVE ( 'NONE', #1223, #1001, #812, .T. ) ;
#1690 = CARTESIAN_POINT ( 'NONE',  ( 25.28609258222599721, -2.403027164200240762, 6.854588502085189994 ) ) ;
#1691 = CARTESIAN_POINT ( 'NONE',  ( -2.501304486785381531, 22.08885252319346293, 7.170442768502527819 ) ) ;
#1692 = CARTESIAN_POINT ( 'NONE',  ( -22.08897688893716804, 2.499999999999924949, 392.5000000000000000 ) ) ;
#1693 = EDGE_LOOP ( 'NONE', ( #897, #1864, #968, #1321, #1443, #462 ) ) ;
#1694 = CARTESIAN_POINT ( 'NONE',  ( 22.09602027473354013, 2.437176925417713136, 8.150611020196175005 ) ) ;
#1695 = CARTESIAN_POINT ( 'NONE',  ( 2.169041771107757643, -25.30738035902051308, 393.7537055546157490 ) ) ;
#1696 = CARTESIAN_POINT ( 'NONE',  ( -1.884117817787059002, -22.15031238277749637, 390.8487443845140206 ) ) ;
#1697 = APPLICATION_PROTOCOL_DEFINITION ( 'draft international standard', 'automotive_design', 1998, #1768 ) ;
#1698 = EDGE_CURVE ( 'NONE', #1313, #1435, #129, .T. ) ;
#1699 = CARTESIAN_POINT ( 'NONE',  ( -22.09078729496272331, 2.484161293995885256, 392.1743806678563260 ) ) ;
#1700 = AXIS2_PLACEMENT_3D ( 'NONE', #1826, #1663, #1255 ) ;
#1701 = B_SPLINE_CURVE_WITH_KNOTS ( 'NONE', 3,
 ( #5, #577, #432, #865, #1441, #904, #782, #1371, #1646, #1046, #923, #1380, #1351, #625, #338, #1782 ),
 .UNSPECIFIED., .F., .F.,
 ( 4, 2, 2, 2, 2, 2, 2, 4 ),
 ( 0.000000000000000000, 0.0004912360675544710613, 0.0009824721351089421226, 0.001473708202663413184, 0.001964944270217884245, 0.002947416405326826368, 0.003438652472881297429, 0.003929888540435768490 ),
 .UNSPECIFIED. ) ;
#1702 = FACE_BOUND ( 'NONE', #1720, .T. ) ;
#1703 = EDGE_LOOP ( 'NONE', ( #455, #495 ) ) ;
#1704 = CARTESIAN_POINT ( 'NONE',  ( -25.40000000000000568, -0.1640172338044443845, 10.00110272880900020 ) ) ;
#1705 = CARTESIAN_POINT ( 'NONE',  ( -25.40100000000026270, 0.01777034590311307727, 7.500000000000000000 ) ) ;
#1706 = B_SPLINE_CURVE_WITH_KNOTS ( 'NONE', 3,
 ( #1025, #446, #1316, #1457, #1005, #1466, #316, #1159, #283, #1610, #161, #1176, #300, #151, #1758, #1601, #873, #724, #856, #457, #1743, #1015, #583, #1448, #1577, #714, #591, #1431, #309, #437, #890, #1725, #290, #177 ),
 .UNSPECIFIED., .F., .F.,
 ( 4, 2, 2, 2, 2, 2, 2, 2, 2, 2, 2, 2, 2, 2, 2, 2, 4 ),
 ( 1.211162028669041150E-17, 0.0004888952431780491364, 0.0009777904863560861297, 0.001466685729534122906, 0.001955580972712160116, 0.002444476215890197326, 0.002933371459068233669, 0.003422266702246270879, 0.003911161945424308090, 0.004400057188602345300, 0.004888952431780382510, 0.005377847674958419720, 0.005866742918136455195, 0.006355638161314493273, 0.006844533404492531350, 0.007333428647670568561, 0.007822323890848605771 ),
 .UNSPECIFIED. ) ;
#1707 = CARTESIAN_POINT ( 'NONE',  ( 0.000000000000000000, 0.000000000000000000, 0.000000000000000000 ) ) ;
#1708 = CARTESIAN_POINT ( 'NONE',  ( -1.884166392548799918, -25.33028316716469419, 390.8487939632121311 ) ) ;
#1709 = CARTESIAN_POINT ( 'NONE',  ( -25.39999999999999858, -0.1650817034453190557, 389.9999999999999432 ) ) ;
#1710 = CARTESIAN_POINT ( 'NONE',  ( 25.39999999999999858, 3.110602869834276865E-15, 0.000000000000000000 ) ) ;
#1711 = ORIENTED_EDGE ( 'NONE', *, *, #680, .T. ) ;
#1712 = ORIENTED_EDGE ( 'NONE', *, *, #691, .F. ) ;
#1713 = CARTESIAN_POINT ( 'NONE',  ( 22.22818411105355452, 0.3272052337225983543, 9.986270469486701273 ) ) ;
#1714 = CARTESIAN_POINT ( 'NONE',  ( 2.247136495431941050, 25.30048016667500477, 393.6076498880842678 ) ) ;
#1715 = CARTESIAN_POINT ( 'NONE',  ( -25.27842036093876743, 2.482229654096533622, 7.500000000000000000 ) ) ;
#1716 =( LENGTH_UNIT ( ) NAMED_UNIT ( * ) SI_UNIT ( .MILLI., .METRE. ) );
#1717 = CARTESIAN_POINT ( 'NONE',  ( 25.27825089184698015, -2.484163504453565263, 392.1744274464603564 ) ) ;
#1718 = CARTESIAN_POINT ( 'NONE',  ( 1.507399518314038289, 22.17924777348028087, 5.512447616371958681 ) ) ;
#1719 = ORIENTED_EDGE ( 'NONE', *, *, #1286, .T. ) ;
#1720 = EDGE_LOOP ( 'NONE', ( #1740, #340 ) ) ;
#1721 = EDGE_CURVE ( 'NONE', #852, #766, #427, .T. ) ;
#1722 = CARTESIAN_POINT ( 'NONE',  ( 25.39999999999999858, 3.164736031904780536E-15, 9.999936842163512196 ) ) ;
#1723 = B_SPLINE_CURVE_WITH_KNOTS ( 'NONE', 3,
 ( #88, #248, #837, #662, #1236, #682, #521, #240, #1115, #1096, #124, #1818, #1125, #1677, #1387, #1132 ),
 .UNSPECIFIED., .F., .F.,
 ( 4, 2, 2, 2, 2, 2, 2, 4 ),
 ( 0.01173438476765102309, 0.01222293532295028531, 0.01271148587824954927, 0.01320003643354881323, 0.01368858698884807545, 0.01417713754414733941, 0.01466568809944660337, 0.01564278921004513129 ),
 .UNSPECIFIED. ) ;
#1724 = CARTESIAN_POINT ( 'NONE',  ( -25.33041298239414019, -1.882429822571038525, 394.1531898151403084 ) ) ;
#1725 = CARTESIAN_POINT ( 'NONE',  ( 0.3290334593588676304, -22.22814321510657720, 394.9836389205657952 ) ) ;
#1726 = CARTESIAN_POINT ( 'NONE',  ( 2.264852138767587952, -22.11441329353672458, 6.392239740211639543 ) ) ;
#1727 = VECTOR ( 'NONE', #672, 1000.000000000000000 ) ;
#1728 = CARTESIAN_POINT ( 'NONE',  ( -0.1631735349784707023, 25.39999999999999503, 389.9999999999998863 ) ) ;
#1729 = ORIENTED_EDGE ( 'NONE', *, *, #127, .F. ) ;
#1730 = ORIENTED_EDGE ( 'NONE', *, *, #158, .F. ) ;
#1731 = CARTESIAN_POINT ( 'NONE',  ( 22.22999999999999687, 2.775196261564005585E-15, 9.999936842163512196 ) ) ;
#1732 = EDGE_CURVE ( 'NONE', #977, #148, #835, .T. ) ;
#1733 =( GEOMETRIC_REPRESENTATION_CONTEXT ( 3 ) GLOBAL_UNCERTAINTY_ASSIGNED_CONTEXT ( ( #796 ) ) GLOBAL_UNIT_ASSIGNED_CONTEXT ( ( #1807, #499, #1075 ) ) REPRESENTATION_CONTEXT ( 'NONE', 'WORKASPACE' ) );
#1734 = DIRECTION ( 'NONE',  ( 0.000000000000000000, 0.000000000000000000, 1.000000000000000000 ) ) ;
#1735 = CARTESIAN_POINT ( 'NONE',  ( 0.6475773482106668144, 22.22114109640731883, 394.9201674358894820 ) ) ;
#1736 = CARTESIAN_POINT ( 'NONE',  ( 25.39223564193790850, 0.6484134124171487823, 394.9200514815891552 ) ) ;
#1737 = DIRECTION ( 'NONE',  ( -0.000000000000000000, -1.000000000000000000, -0.000000000000000000 ) ) ;
#1738 = CARTESIAN_POINT ( 'NONE',  ( -0.8058227016472985227, 25.38766063484968782, 390.1278366623898251 ) ) ;
#1739 = ORIENTED_EDGE ( 'NONE', *, *, #740, .T. ) ;
#1740 = ORIENTED_EDGE ( 'NONE', *, *, #1674, .T. ) ;
#1741 = CARTESIAN_POINT ( 'NONE',  ( 22.20287857353768146, -1.108169822268816107, 394.7469550052040290 ) ) ;
#1742 = CARTESIAN_POINT ( 'NONE',  ( -25.33118223057720542, 1.872071861737639953, 9.144826966726427031 ) ) ;
#1743 = CARTESIAN_POINT ( 'NONE',  ( 2.372606970928363257, -22.10311307763508282, 393.3047321890321655 ) ) ;
#1744 = CARTESIAN_POINT ( 'NONE',  ( 25.38764646799218738, -0.8064420063437242048, 390.1279751921456409 ) ) ;
#1745 = EDGE_CURVE ( 'NONE', #94, #424, #232, .T. ) ;
#1746 = CARTESIAN_POINT ( 'NONE',  ( 22.22815701287071732, -0.3278867992997829273, 390.0162400622990617 ) ) ;
#1747 = CARTESIAN_POINT ( 'NONE',  ( 1.635148710881451750, 22.17008218608127024, 9.382661591681886293 ) ) ;
#1748 = ORIENTED_EDGE ( 'NONE', *, *, #1465, .F. ) ;
#1749 = CARTESIAN_POINT ( 'NONE',  ( 22.19499813272168609, -1.254329204413151100, 394.6686766173550041 ) ) ;
#1750 = B_SPLINE_CURVE_WITH_KNOTS ( 'NONE', 3,
 ( #800, #1769, #468, #1043, #43, #760, #199, #1348, #1415, #1540, #532, #692, #1686, #1106, #117, #264, #829, #384, #273, #987, #1266, #394, #1695, #980, #1566, #846, #558, #109, #961, #376, #1558, #97, #1847, #1247 ),
 .UNSPECIFIED., .F., .F.,
 ( 4, 2, 2, 2, 2, 2, 2, 2, 2, 2, 2, 2, 2, 2, 2, 2, 4 ),
 ( 1.204663958177038889E-18, 0.0004888044539512037935, 0.0009776089079024065029, 0.001466413361853609321, 0.001955217815804811705, 0.002444022269756013655, 0.002932826723707215606, 0.003421631177658418423, 0.003910435631609619940, 0.004399240085560822758, 0.004888044539512024708, 0.005376848993463227526, 0.005865653447414429476, 0.006354457901365633161, 0.006843262355316835979, 0.007332066809268037930, 0.007820871263219241615 ),
 .UNSPECIFIED. ) ;
#1751 = CARTESIAN_POINT ( 'NONE',  ( -25.27842036093876743, 2.482229654096533622, 7.500000000000000000 ) ) ;
#1752 = CARTESIAN_POINT ( 'NONE',  ( 0.1810004077930552069, -22.22986241348581515, 10.00000000000000000 ) ) ;
#1753 = CARTESIAN_POINT ( 'NONE',  ( -2.354909211145337355, -22.10500553328168394, 6.695489462850789053 ) ) ;
#1754 = CARTESIAN_POINT ( 'NONE',  ( -1.528147908295423241, 25.35435746747611674, 394.4853837609163065 ) ) ;
#1755 = ORIENTED_EDGE ( 'NONE', *, *, #399, .F. ) ;
#1756 = CARTESIAN_POINT ( 'NONE',  ( -22.09098087329586235, 2.482229654096545168, 7.500000000000000000 ) ) ;
#1757 = CARTESIAN_POINT ( 'NONE',  ( 22.22999999999999687, 2.492147104742599229E-15, 390.0000000000000000 ) ) ;
#1758 = CARTESIAN_POINT ( 'NONE',  ( 2.419830448462351402, -22.09792670087099253, 391.8507679409406137 ) ) ;
#1759 = CARTESIAN_POINT ( 'NONE',  ( -25.36945355158230342, 1.252734440065752963, 390.3303559744550171 ) ) ;
#1760 = CARTESIAN_POINT ( 'NONE',  ( 2.265012581010173331, -22.11439780764801455, 8.607592176201910306 ) ) ;
#1761 = FACE_OUTER_BOUND ( 'NONE', #1289, .T. ) ;
#1762 = CARTESIAN_POINT ( 'NONE',  ( -1.525452219609056081, 22.17802140576347014, 390.5125413535346297 ) ) ;
#1763 = ORIENTED_EDGE ( 'NONE', *, *, #1204, .T. ) ;
#1764 = CARTESIAN_POINT ( 'NONE',  ( 0.6674107706857028699, -25.39173677284631481, 9.919651826511703518 ) ) ;
#1765 = EDGE_LOOP ( 'NONE', ( #474, #1606, #597, #1564, #1002, #720 ) ) ;
#1766 = DIRECTION ( 'NONE',  ( 0.000000000000000000, 0.000000000000000000, 1.000000000000000000 ) ) ;
#1767 = CARTESIAN_POINT ( 'NONE',  ( 0.8054158842457185274, 25.38767934216245692, 390.1276247872032172 ) ) ;
#1768 = APPLICATION_CONTEXT ( 'automotive_design' ) ;
#1769 = CARTESIAN_POINT ( 'NONE',  ( 0.1652884690309706917, -25.39999999999999858, 390.0000000000000568 ) ) ;
#1770 = CARTESIAN_POINT ( 'NONE',  ( -1.525402695227773275, -25.35452397056858587, 394.4875028177370950 ) ) ;
#1771 = CARTESIAN_POINT ( 'NONE',  ( 25.32225904809605410, -1.987822368372208715, 394.0248152903541836 ) ) ;
#1772 = CARTESIAN_POINT ( 'NONE',  ( 22.22999999999999687, 2.492147104742599229E-15, 390.0000000000000000 ) ) ;
#1773 = CARTESIAN_POINT ( 'NONE',  ( 1.246441527914020942E-14, 22.22999999999999687, 395.0000000000000000 ) ) ;
#1774 = EDGE_LOOP ( 'NONE', ( #40, #568 ) ) ;
#1775 = CARTESIAN_POINT ( 'NONE',  ( 0.01777034590337914222, -25.39999378375527073, 4.999999999999998224 ) ) ;
#1776 = ADVANCED_FACE ( 'NONE', ( #55 ), #1077, .F. ) ;
#1777 = LINE ( 'NONE', #1476, #1420 ) ;
#1778 = CARTESIAN_POINT ( 'NONE',  ( -25.32136984140757363, -1.999192443315493506, 5.966654211706542199 ) ) ;
#1779 = CARTESIAN_POINT ( 'NONE',  ( 2.168986625212338204, 22.12411931363402218, 391.2462019939337097 ) ) ;
#1780 = DIRECTION ( 'NONE',  ( 4.163336342344333082E-15, -1.000000000000000000, 0.000000000000000000 ) ) ;
#1781 = CARTESIAN_POINT ( 'NONE',  ( 25.30740325352697795, -2.168774223024640069, 393.7541602000711123 ) ) ;
#1782 = CARTESIAN_POINT ( 'NONE',  ( -22.22999999999999687, -5.588924662915351493E-17, 9.999936842163512196 ) ) ;
#1783 = CARTESIAN_POINT ( 'NONE',  ( -0.3304994977884015972, 25.40000000000000213, 395.0000000000000568 ) ) ;
#1784 = ORIENTED_EDGE ( 'NONE', *, *, #192, .T. ) ;
#1785 = CARTESIAN_POINT ( 'NONE',  ( 0.3466415428662357190, -25.39814113511267024, 9.983664908730849774 ) ) ;
#1786 = CARTESIAN_POINT ( 'NONE',  ( 0.6375658073338662524, 25.39378183700886638, 9.934454559273380170 ) ) ;
#1787 = CARTESIAN_POINT ( 'NONE',  ( 0.3289958139639900803, 25.39837516596028522, 390.0163585785949181 ) ) ;
#1788 = CARTESIAN_POINT ( 'NONE',  ( -22.21607735167511066, 0.8009260402033516746, 9.867778079572396166 ) ) ;
#1789 = CARTESIAN_POINT ( 'NONE',  ( -1.881856871405790166, -25.33045546951244376, 394.1538343851724449 ) ) ;
#1790 = CARTESIAN_POINT ( 'NONE',  ( 25.36937675633816625, -1.254231230499834870, 394.6687349747751341 ) ) ;
#1791 = CARTESIAN_POINT ( 'NONE',  ( -1.125836632747913013, 25.37548846134316705, 9.746999312684740957 ) ) ;
#1792 = CARTESIAN_POINT ( 'NONE',  ( -25.28609258222597589, 2.403027164200409072, 6.854588502085160684 ) ) ;
#1793 = VERTEX_POINT ( 'NONE', #1189 ) ;
#1794 = CARTESIAN_POINT ( 'NONE',  ( 0.6650775950364926636, -25.39179483218379829, 5.079759033378288713 ) ) ;
#1795 = ORIENTED_EDGE ( 'NONE', *, *, #1636, .F. ) ;
#1796 = CARTESIAN_POINT ( 'NONE',  ( -0.01777034590337883690, 25.39999378375527073, 4.999999999999998224 ) ) ;
#1797 = CARTESIAN_POINT ( 'NONE',  ( 3.061616744181124549E-16, 22.22999999999999687, 390.0000000000000000 ) ) ;
#1798 = CARTESIAN_POINT ( 'NONE',  ( -1.866462067820640280, -25.33159358946705453, 5.848875810292163635 ) ) ;
#1799 = CARTESIAN_POINT ( 'NONE',  ( 25.28450244364348265, -2.419704120004402270, 393.1494094416061671 ) ) ;
#1800 = EDGE_CURVE ( 'NONE', #1411, #287, #768, .T. ) ;
#1801 = FACE_OUTER_BOUND ( 'NONE', #917, .T. ) ;
#1802 = CARTESIAN_POINT ( 'NONE',  ( -25.36982679301487664, 1.245048425052681207, 5.336260297467021019 ) ) ;
#1803 = CARTESIAN_POINT ( 'NONE',  ( -0.6767589973863313846, 22.22173356489678397, 9.933458378224779395 ) ) ;
#1804 = DIRECTION ( 'NONE',  ( -0.000000000000000000, -0.000000000000000000, -1.000000000000000000 ) ) ;
#1805 = FACE_OUTER_BOUND ( 'NONE', #174, .T. ) ;
#1806 = CARTESIAN_POINT ( 'NONE',  ( -22.12406928000406836, -2.169509198504897096, 393.7529671055020799 ) ) ;
#1807 =( LENGTH_UNIT ( ) NAMED_UNIT ( * ) SI_UNIT ( .MILLI., .METRE. ) );
#1808 = CARTESIAN_POINT ( 'NONE',  ( -22.22999999999999687, 0.000000000000000000, 400.0000000000000000 ) ) ;
#1809 = CARTESIAN_POINT ( 'NONE',  ( 22.09083256210042734, 2.483755463896477611, 392.8279297573118924 ) ) ;
#1810 = CARTESIAN_POINT ( 'NONE',  ( -25.39999999999999858, -4.488501521713153438E-17, 9.999936842163512196 ) ) ;
#1811 = CARTESIAN_POINT ( 'NONE',  ( -0.3084325012978513247, -25.40022200182015766, 10.00000000000000000 ) ) ;
#1812 = EDGE_CURVE ( 'NONE', #766, #1436, #1635, .T. ) ;
#1813 = CARTESIAN_POINT ( 'NONE',  ( -1.543218112977702061, 22.17679230532224466, 5.512538212653629088 ) ) ;
#1814 = CARTESIAN_POINT ( 'NONE',  ( 0.01777034590337944753, -25.39999378375527073, 10.00000000000000000 ) ) ;
#1815 = ORIENTED_EDGE ( 'NONE', *, *, #1583, .F. ) ;
#1816 = CARTESIAN_POINT ( 'NONE',  ( 3.061616809865627822E-16, -25.39999999999999858, 395.0000000000000000 ) ) ;
#1817 = CARTESIAN_POINT ( 'NONE',  ( -22.21574861404073786, -0.8103567855625321004, 5.123258862874981112 ) ) ;
#1818 = CARTESIAN_POINT ( 'NONE',  ( 22.12415967671746131, 2.168613759908676997, 391.2453711987429301 ) ) ;
#1819 = CARTESIAN_POINT ( 'NONE',  ( -25.28907965923395906, -2.372009007226972166, 393.3064969167974709 ) ) ;
#1820 = CARTESIAN_POINT ( 'NONE',  ( -25.32241584449908700, -1.985864918947775060, 390.9724853503527697 ) ) ;
#1821 = CARTESIAN_POINT ( 'NONE',  ( -1.234487589235646610, -25.37035158227935128, 9.669980774612200847 ) ) ;
#1822 = LINE ( 'NONE', #741, #30 ) ;
#1823 = CARTESIAN_POINT ( 'NONE',  ( -22.09794325511780499, 2.419677560601184663, 393.1495177576346691 ) ) ;
#1824 = UNCERTAINTY_MEASURE_WITH_UNIT (LENGTH_MEASURE( 1.000000000000000082E-05 ), #1716, 'distance_accuracy_value', 'NONE');
#1825 = ORIENTED_EDGE ( 'NONE', *, *, #903, .F. ) ;
#1826 = CARTESIAN_POINT ( 'NONE',  ( 0.000000000000000000, 0.000000000000000000, 400.0000000000000000 ) ) ;
#1827 = EDGE_CURVE ( 'NONE', #1650, #1288, #1217, .T. ) ;
#1828 = DIRECTION ( 'NONE',  ( -1.110223024625155909E-14, 1.000000000000000000, 0.000000000000000000 ) ) ;
#1829 = CARTESIAN_POINT ( 'NONE',  ( 25.40100000000009928, -2.499999999999913847, 392.5000000000000000 ) ) ;
#1830 = CARTESIAN_POINT ( 'NONE',  ( 3.061616744181124549E-16, -22.22999999999999687, 395.0000000000000000 ) ) ;
#1831 =( NAMED_UNIT ( * ) SI_UNIT ( $, .STERADIAN. ) SOLID_ANGLE_UNIT ( ) );
#1832 = CARTESIAN_POINT ( 'NONE',  ( 25.36982679301488730, -1.245048425052605046, 5.336260297467081415 ) ) ;
#1833 = CARTESIAN_POINT ( 'NONE',  ( 25.39217114288052812, 0.6507305518219490548, 5.075930626109581567 ) ) ;
#1834 = CARTESIAN_POINT ( 'NONE',  ( -22.08897688893716804, 2.499999999999925393, 392.6631891298209212 ) ) ;
#1835 = ORIENTED_EDGE ( 'NONE', *, *, #1519, .T. ) ;
#1836 = CYLINDRICAL_SURFACE ( 'NONE', #785, 25.39999999999999858 ) ;
#1837 = DIRECTION ( 'NONE',  ( -0.000000000000000000, -0.000000000000000000, -1.000000000000000000 ) ) ;
#1838 = EDGE_CURVE ( 'NONE', #424, #852, #1423, .T. ) ;
#1839 = CARTESIAN_POINT ( 'NONE',  ( 1.883340846397678403, 25.33034484976096934, 394.1521483413277451 ) ) ;
#1840 = CARTESIAN_POINT ( 'NONE',  ( -0.6588514679724376544, -25.39323584099884101, 390.0665024439468880 ) ) ;
#1841 = CARTESIAN_POINT ( 'NONE',  ( -25.36949281400546141, -1.251926479725750552, 390.3299037570774885 ) ) ;
#1842 = CARTESIAN_POINT ( 'NONE',  ( 25.36911891458748158, 1.259584871310346132, 5.324050774919517615 ) ) ;
#1843 = CARTESIAN_POINT ( 'NONE',  ( -22.17804637548204383, 1.524973059280291254, 394.4877014846743464 ) ) ;
#1844 = VERTEX_POINT ( 'NONE', #1088 ) ;
#1845 = DIRECTION ( 'NONE',  ( -0.000000000000000000, -0.000000000000000000, -1.000000000000000000 ) ) ;
#1846 = CARTESIAN_POINT ( 'NONE',  ( 22.17739056653755370, 1.546160641542913661, 9.505296665877429163 ) ) ;
#1847 = CARTESIAN_POINT ( 'NONE',  ( 0.1632117686316671978, -25.40000000000000568, 395.0000000000000000 ) ) ;
#1848 = CARTESIAN_POINT ( 'NONE',  ( -22.20286250115864135, -1.108478878468613926, 390.2532040415518964 ) ) ;
#1849 = CARTESIAN_POINT ( 'NONE',  ( 25.40000000000000568, -0.1643015092259056398, 5.001231065202064840 ) ) ;
#1850 = AXIS2_PLACEMENT_3D ( 'NONE', #471, #1199, #1068 ) ;
#1851 = CARTESIAN_POINT ( 'NONE',  ( -22.12414426784809152, 2.168731795999060630, 393.7542315803754605 ) ) ;
#1852 = VERTEX_POINT ( 'NONE', #1370 ) ;
#1853 = CARTESIAN_POINT ( 'NONE',  ( 25.39999999999999858, 3.110602907422651762E-15, 395.0000000000000000 ) ) ;
#1854 = CARTESIAN_POINT ( 'NONE',  ( 2.169544393816534633, 25.30734049967354693, 393.7530360929009134 ) ) ;
#1855 = CARTESIAN_POINT ( 'NONE',  ( -25.40100000000029112, 2.517770345903114215, 7.500000000000000000 ) ) ;
#1856 = CARTESIAN_POINT ( 'NONE',  ( 25.27666908435526238, -2.499999999999737099, 392.5000000000000000 ) ) ;
#1857 = ADVANCED_FACE ( 'NONE', ( #1645, #79, #1329 ), #326, .F. ) ;
#1858 = CARTESIAN_POINT ( 'NONE',  ( -2.483545481477213546, 25.27831141776692547, 392.1705318829145881 ) ) ;
#1859 = ORIENTED_EDGE ( 'NONE', *, *, #1532, .F. ) ;
#1860 = CARTESIAN_POINT ( 'NONE',  ( 25.34721905042685108, -1.640711023885274011, 9.377870833235167680 ) ) ;
#1861 = CARTESIAN_POINT ( 'NONE',  ( -25.39999999999999858, -4.488501521713153438E-17, 9.999936842163512196 ) ) ;
#1862 = CARTESIAN_POINT ( 'NONE',  ( 2.517710426647929989, -22.08696525580562309, 7.335879625740179932 ) ) ;
#1863 = CARTESIAN_POINT ( 'NONE',  ( 2.465998289936245147, 22.09282203608445982, 7.171925997947852238 ) ) ;
#1864 = ORIENTED_EDGE ( 'NONE', *, *, #553, .F. ) ;
#1865 = ORIENTED_EDGE ( 'NONE', *, *, #1607, .T. ) ;
#1866 = EDGE_CURVE ( 'NONE', #661, #1516, #1330, .T. ) ;
#1867 = CARTESIAN_POINT ( 'NONE',  ( 22.23000000000000398, 0.1640532385727156706, 10.00110298474235115 ) ) ;
ENDSEC;
END-ISO-10303-21;
